"id";"data_inversa";"dia_semana";"horario";"uf";"br";"km";"municipio";"causa_acidente";"tipo_acidente";"classificacao_acidente";"fase_dia";"sentido_via";"condicao_metereologica";"tipo_pista";"tracado_via";"uso_solo";"pessoas";"mortos";"feridos_leves";"feridos_graves";"ilesos";"ignorados";"feridos";"veiculos";"latitude";"longitude";"regional";"delegacia";"uop"
655125;2025-01-14;"terça-feira";"20:10:00";"RS";290;119;"ELDORADO DO SUL";"Pedestre andava na pista";"Atropelamento de Pedestre";"Com Vítimas Feridas";"Plena Noite";"Crescente";"Céu Claro";"Simples";"Reta";"Não";2;0;1;0;1;0;1;2;-30,049431;-51,398045;"SPRF-RS";"DEL02-RS";"UOP01-DEL02-RS"
655134;2025-01-14;"terça-feira";"14:48:00";"MT";364;471;"ACORIZAL";"Ausência de reação do condutor";"Saída de leito carroçável";"Com Vítimas Feridas";"Pleno dia";"Decrescente";"Nublado";"Simples";"Reta";"Não";2;0;1;0;0;1;1;2;-15,40465;-56,37271;"SPRF-MT";"DEL01-MT";"UOP02-DEL01-MT"
655135;2025-01-14;"terça-feira";"19:50:00";"BA";101;725;"EUNAPOLIS";"Curva acentuada";"Saída de leito carroçável";"Com Vítimas Feridas";"Plena Noite";"Crescente";"Chuva";"Simples";"Curva;Declive";"Não";1;0;0;1;0;0;1;1;-16,41550326;-39,58614349;"SPRF-BA";"DEL09-BA";"UOP01-DEL09-BA"
655136;2025-01-14;"terça-feira";"22:25:00";"MG";50;153;"UBERABA";"Reação tardia ou ineficiente do condutor";"Colisão traseira";"Com Vítimas Feridas";"Plena Noite";"Crescente";"Nublado";"Dupla";"Reta;Aclive";"Não";3;0;1;0;1;1;1;3;-19,59125905;-48,02849514;"SPRF-MG";"DEL13-MG";"UOP01-DEL13-MG"
655143;2025-01-14;"terça-feira";"20:00:00";"BA";242;629;"MUQUEM DE SAO FRANCISCO";"Chuva";"Colisão frontal";"Com Vítimas Fatais";"Plena Noite";"Crescente";"Chuva";"Simples";"Reta";"Não";2;1;0;0;1;0;0;2;-12,16930899;-43,38947902;"SPRF-BA";"DEL10-BA";"UOP01-DEL10-BA"
655146;2025-01-14;"terça-feira";"23:30:00";"GO";40;127,8;"CRISTALINA";"Reação tardia ou ineficiente do condutor";"Tombamento";"Com Vítimas Feridas";"Plena Noite";"Crescente";"Nublado";"Dupla";"Reta";"Não";1;0;1;0;0;0;1;1;-16,886701;-47,365804;"SPRF-DF";"DEL01-DF";"UOP02-DEL01-DF"
655147;2025-01-15;"quarta-feira";"01:50:00";"MG";381;364;"SAO GONCALO DO RIO ABAIXO";"Transitar na contramão";"Colisão frontal";"Com Vítimas Feridas";"Plena Noite";"Crescente";"Chuva";"Simples";"Curva";"Não";2;0;1;0;1;0;1;2;-19,84955579;-43,25424839;"SPRF-MG";"DEL03-MG";"UOP01-DEL03-MG"
655157;2025-01-15;"quarta-feira";"03:40:00";"BA";101;482;"URUCUCA";"Demais Fenômenos da natureza";"Colisão com objeto";"Com Vítimas Feridas";"Plena Noite";"Crescente";"Chuva";"Simples";"Curva";"Não";1;0;1;0;0;0;1;1;-14,639;-39,337;"SPRF-BA";"DEL05-BA";"UOP01-DEL05-BA"
655160;2025-01-14;"terça-feira";"21:30:00";"MG";251;204;"CACHOEIRA DE PAJEU";"Demais falhas mecânicas ou elétricas";"Incêndio";"Sem Vítimas";"Plena Noite";"Crescente";"Chuva";"Simples";"Declive;Reta";"Não";2;0;0;0;1;2;0;3;-15,86747511;-41,51345492;"SPRF-MG";"DEL12-MG";"UOP02-DEL12-MG"
655161;2025-01-15;"quarta-feira";"05:30:00";"ES";101;321,4;"GUARAPARI";"Problema com o freio";"Saída de leito carroçável";"Com Vítimas Feridas";"Amanhecer";"Decrescente";"Chuva";"Dupla";"Curva;Declive";"Não";2;0;0;1;0;1;1;2;-20,520908;-40,478306;"SPRF-ES";"DEL03-ES";"UOP01-DEL03-ES"
655163;2025-01-15;"quarta-feira";"06:00:00";"DF";60;8,9;"BRASILIA";"Manobra de mudança de faixa";"Colisão lateral mesmo sentido";"Com Vítimas Feridas";"Amanhecer";"Crescente";"Chuva";"Dupla";"Curva;Declive";"Sim";3;0;1;0;1;2;1;4;-15,90324;-48,130695;"SPRF-DF";"DEL03-DF";"UOP01-DEL03-DF"
655165;2025-01-14;"terça-feira";"18:18:00";"MT";364;587;"DIAMANTINO";"Condutor deixou de manter distância do veículo da frente";"Colisão traseira";"Com Vítimas Feridas";"Anoitecer";"Crescente";"Nublado";"Dupla";"Aclive;Reta";"Não";5;0;2;0;2;2;2;4;-14,61012536;-56,25164264;"SPRF-MT";"DEL01-MT";"UOP01-DEL01-MT"
655167;2025-01-15;"quarta-feira";"07:00:00";"GO";153;526;"HIDROLANDIA";"Demais falhas mecânicas ou elétricas";"Colisão traseira";"Com Vítimas Feridas";"Pleno dia";"Crescente";"Nublado";"Dupla";"Reta";"Não";3;0;0;1;1;1;1;3;-16,9376;-49,2532;"SPRF-GO";"DEL01-GO";"UOP03-DEL01-GO"
655170;2025-01-14;"terça-feira";"23:55:00";"CE";222;163,2;"IRAUCUBA";"Velocidade Incompatível";"Tombamento";"Sem Vítimas";"Plena Noite";"Crescente";"Chuva";"Simples";"Curva";"Não";1;0;0;0;1;0;0;1;-3,72958214;-39,90925312;"SPRF-CE";"DEL04-CE";"UOP03-DEL04-CE"
655171;2025-01-15;"quarta-feira";"06:51:00";"PB";101;55,3;"SANTA RITA";"Condutor Dormindo";"Saída de leito carroçável";"Com Vítimas Feridas";"Pleno dia";"Crescente";"Céu Claro";"Dupla";"Curva";"Não";2;0;1;0;0;1;1;2;-6,96193314;-35,08636026;"SPRF-PB";"DEL01-PB";"UOP04-DEL01-PB"
655178;2025-01-15;"quarta-feira";"07:00:00";"MS";376;125,4;"IVINHEMA";"Manobra de mudança de faixa";"Colisão lateral sentido oposto";"Com Vítimas Feridas";"Pleno dia";"Crescente";"Céu Claro";"Simples";"Reta";"Não";6;0;1;0;4;1;1;3;-22,3464942;-53,7333601;"SPRF-MS";"DEL04-MS";"UOP04-DEL04-MS"
655180;2025-01-15;"quarta-feira";"08:00:00";"PB";230;27;"JOAO PESSOA";"Condutor deixou de manter distância do veículo da frente";"Colisão traseira";"Com Vítimas Feridas";"Pleno dia";"Crescente";"Céu Claro";"Simples";"Reta";"Sim";3;0;1;0;2;0;1;3;-7,1677;-34,8855;"SPRF-PB";"DEL01-PB";"UOP01-DEL01-PB"
655185;2025-01-14;"terça-feira";"14:45:00";"CE";222;207,5;"FORQUILHA";"Chuva";"Colisão frontal";"Com Vítimas Feridas";"Pleno dia";"Crescente";"Chuva";"Simples";"Curva";"Não";7;0;1;0;6;0;1;2;-3,78975803;-40,24374596;"SPRF-CE";"DEL04-CE";"UOP01-DEL04-CE"
655186;2025-01-01;"quarta-feira";"14:30:00";"GO";153;703,5;"ITUMBIARA";"Demais falhas na via";"Saída de leito carroçável";"Com Vítimas Feridas";"Pleno dia";"Decrescente";"Nublado";"Simples";"Ponte";"Sim";2;0;1;0;0;1;1;2;-18,411018;-49,195927;"SPRF-GO";"DEL03-GO";"UOP02-DEL03-GO"
655187;2025-01-15;"quarta-feira";"08:15:00";"SP";116;224;"GUARULHOS";"Problema com o freio";"Engavetamento";"Com Vítimas Feridas";"Pleno dia";"Crescente";"Sol";"Múltipla";"Em Obras;Reta";"Sim";5;0;1;0;3;1;1;4;-23,48071896;-46,53271603;"SPRF-SP";"DEL01-SP";"UOP01-DEL01-SP"
655188;2025-01-07;"terça-feira";"12:20:00";"PR";376;326,5;"ORTIGUEIRA";"Velocidade Incompatível";"Colisão lateral sentido oposto";"Com Vítimas Feridas";"Pleno dia";"Decrescente";"Céu Claro";"Simples";"Declive;Curva";"Não";6;0;0;2;3;3;2;6;-24,09427565;-51,04402976;"SPRF-PR";"DEL07-PR";"UOP02-DEL07-PR"
655190;2025-01-15;"quarta-feira";"08:15:00";"MS";262;483;"ANASTACIO";"Ultrapassagem Indevida";"Colisão lateral mesmo sentido";"Com Vítimas Feridas";"Pleno dia";"Crescente";"Céu Claro";"Simples";"Reta";"Não";4;0;2;0;1;2;2;4;-20,50337535;-55,74932002;"SPRF-MS";"DEL03-MS";"UOP01-DEL03-MS"
655195;2025-01-15;"quarta-feira";"08:30:00";"MG";40;421;"CURVELO";"Chuva";"Saída de leito carroçável";"Com Vítimas Feridas";"Pleno dia";"Decrescente";"Chuva";"Simples";"Reta";"Não";1;0;1;0;0;0;1;1;-19,15478812;-44,55712798;"SPRF-MG";"DEL02-MG";"UOP01-DEL02-MG"
655201;2025-01-15;"quarta-feira";"08:30:00";"MT";163;1040;"MATUPA";"Acessar a via sem observar a presença dos outros veículos";"Colisão transversal";"Com Vítimas Fatais";"Pleno dia";"Decrescente";"Céu Claro";"Simples";"Declive;Reta";"Sim";3;1;0;0;1;1;0;3;-10,1711179;-54,9391247;"SPRF-MT";"DEL06-MT";"UOP03-DEL06-MT"
655206;2025-01-15;"quarta-feira";"09:35:00";"CE";222;163;"IRAUCUBA";"Chuva";"Colisão frontal";"Com Vítimas Feridas";"Pleno dia";"Crescente";"Chuva";"Simples";"Curva";"Não";3;0;0;1;1;2;1;4;-3,72962497;-39,91024017;"SPRF-CE";"DEL04-CE";"UOP03-DEL04-CE"
655209;2025-01-15;"quarta-feira";"09:40:00";"RJ";116;177;"SAO JOAO DE MERITI";"Reação tardia ou ineficiente do condutor";"Colisão lateral mesmo sentido";"Com Vítimas Feridas";"Pleno dia";"Decrescente";"Céu Claro";"Dupla";"Reta";"Sim";3;0;1;0;2;0;1;2;-22,78055198;-43,39208599;"SPRF-RJ";"DEL06-RJ";"UOP01-DEL06-RJ"
655210;2025-01-15;"quarta-feira";"10:25:00";"DF";20;19;"BRASILIA";"Problema com o freio";"Colisão traseira";"Com Vítimas Feridas";"Pleno dia";"Crescente";"Garoa/Chuvisco";"Dupla";"Reta;Declive;Retorno Regulamentado;Interseção de Vias";"Não";8;0;2;0;6;0;2;5;-15,612175;-47,700928;"SPRF-DF";"DEL02-DF";"UOP01-DEL02-DF"
655212;2025-01-15;"quarta-feira";"07:50:00";"MS";163;316,5;"RIO BRILHANTE";"Ausência de reação do condutor";"Saída de leito carroçável";"Com Vítimas Feridas";"Pleno dia";"Crescente";"Céu Claro";"Simples";"Rotatória";"Não";2;0;1;0;0;2;1;3;-21,84371195;-54,53746389;"SPRF-MS";"DEL02-MS";"UOP02-DEL02-MS"
655214;2025-01-15;"quarta-feira";"11:00:00";"TO";153;145,2;"ARAGUAINA";"Acessar a via sem observar a presença dos outros veículos";"Colisão lateral mesmo sentido";"Sem Vítimas";"Pleno dia";"Decrescente";"Nublado";"Dupla";"Retorno Regulamentado;Rotatória";"Sim";4;0;0;0;4;0;0;2;-7,20503614;-48,24035166;"SPRF-TO";"DEL02-TO";"UOP01-DEL02-TO"
655219;2025-01-15;"quarta-feira";"09:30:00";"MT";364;166,5;"PEDRA PRETA";"Reação tardia ou ineficiente do condutor";"Colisão lateral mesmo sentido";"Com Vítimas Feridas";"Pleno dia";"Crescente";"Sol";"Simples";"Reta";"Não";5;0;3;0;1;3;3;5;-16,671022;-54,306168;"SPRF-MT";"DEL02-MT";"UOP01-DEL02-MT"
655230;2025-01-15;"quarta-feira";"13:25:00";"SP";116;285;"ITAPECERICA DA SERRA";"Velocidade Incompatível";"Colisão traseira";"Com Vítimas Feridas";"Pleno dia";"Decrescente";"Céu Claro";"Dupla";"Reta";"Não";3;0;1;0;1;1;1;3;-23,70407794;-46,87249709;"SPRF-SP";"DEL04-SP";"UOP01-DEL04-SP"
655234;2025-01-15;"quarta-feira";"07:50:00";"PR";476;179;"CONTENDA";"Velocidade Incompatível";"Tombamento";"Com Vítimas Feridas";"Pleno dia";"Decrescente";"Sol";"Simples";"Curva";"Não";5;0;1;1;2;2;2;6;-25,702982;-49,582001;"SPRF-PR";"DEL01-PR";"UOP06-DEL01-PR"
655235;2025-01-15;"quarta-feira";"13:40:00";"BA";101;709,7;"EUNAPOLIS";"Acessar a via sem observar a presença dos outros veículos";"Saída de leito carroçável";"Com Vítimas Feridas";"Pleno dia";"Decrescente";"Chuva";"Simples";"Interseção de Vias;Reta";"Não";2;0;2;0;0;0;2;2;-16,318828;-39,597342;"SPRF-BA";"DEL09-BA";"UOP01-DEL09-BA"
655237;2025-01-15;"quarta-feira";"13:00:00";"GO";40;76;"CRISTALINA";"Condutor Dormindo";"Colisão frontal";"Sem Vítimas";"Pleno dia";"Crescente";"Garoa/Chuvisco";"Simples";"Reta";"Não";3;0;0;0;2;2;0;4;-16,644545;-47,739479;"SPRF-DF";"DEL01-DF";"UOP02-DEL01-DF"
655240;2025-01-15;"quarta-feira";"13:37:00";"SC";101;196,8;"BIGUACU";"Mal súbito do condutor";"Colisão lateral mesmo sentido";"Com Vítimas Feridas";"Pleno dia";"Crescente";"Céu Claro";"Dupla";"Aclive";"Não";3;0;2;0;1;0;2;2;-27,51101091;-48,64322292;"SPRF-SC";"DEL01-SC";"UOP01-DEL01-SC"
655241;2025-01-15;"quarta-feira";"14:10:00";"RS";386;246;"SOLEDADE";"Condutor deixou de manter distância do veículo da frente";"Engavetamento";"Com Vítimas Feridas";"Pleno dia";"Crescente";"Céu Claro";"Simples";"Reta;Em Obras";"Sim";5;0;2;0;3;0;2;3;-28,808382;-52,502323;"SPRF-RS";"DEL04-RS";"UOP03-DEL04-RS"
655246;2025-01-15;"quarta-feira";"12:30:00";"SP";381;76;"SAO PAULO";"Ausência de reação do condutor";"Atropelamento de Pedestre";"Com Vítimas Feridas";"Pleno dia";"Crescente";"Nublado";"Dupla";"Curva";"Não";3;0;1;0;1;1;1;3;-23,38372401;-46,56502116;"SPRF-SP";"DEL03-SP";"UOP01-DEL03-SP"
655248;2025-01-15;"quarta-feira";"10:49:00";"RO";364;437,6;"JARU";"Reação tardia ou ineficiente do condutor";"Saída de leito carroçável";"Com Vítimas Feridas";"Pleno dia";"Decrescente";"Chuva";"Simples";"Declive";"Não";2;0;2;0;0;0;2;1;-10,368047;-62,563125;"SPRF-RO";"DEL03-RO";"UOP02-DEL03-RO"
655256;2025-01-15;"quarta-feira";"14:30:00";"GO";153;200;"URUACU";"Acessar a via sem observar a presença dos outros veículos";"Colisão transversal";"Com Vítimas Feridas";"Pleno dia";"Decrescente";"Chuva";"Simples";"Reta;Retorno Regulamentado;Interseção de Vias";"Sim";2;0;0;1;1;0;1;2;-14,532895;-49,160758;"SPRF-GO";"DEL07-GO";"UOP02-DEL07-GO"
655263;2025-01-15;"quarta-feira";"15:00:00";"SE";101;115,2;"ITAPORANGA DAJUDA";"Reação tardia ou ineficiente do condutor";"Saída de leito carroçável";"Sem Vítimas";"Pleno dia";"Decrescente";"Nublado";"Dupla";"Declive;Retorno Regulamentado";"Não";2;0;0;0;1;1;0;2;-11,00451077;-37,30888444;"SPRF-SE";"DEL02-SE";"UOP01-DEL02-SE"
655265;2025-01-15;"quarta-feira";"14:45:00";"MT";364;573;"NOBRES";"Chuva";"Saída de leito carroçável";"Com Vítimas Feridas";"Pleno dia";"Decrescente";"Chuva";"Dupla";"Declive";"Não";6;0;2;0;4;0;2;1;-14,70707506;-56,32215373;"SPRF-MT";"DEL01-MT";"UOP01-DEL01-MT"
655266;2025-01-15;"quarta-feira";"15:40:00";"PR";376;262;"MARILANDIA DO SUL";"Velocidade Incompatível";"Tombamento";"Sem Vítimas";"Pleno dia";"Decrescente";"Céu Claro";"Dupla";"Curva";"Não";2;0;0;0;1;2;0;3;-23,71590684;-51,31665496;"SPRF-PR";"DEL07-PR";"UOP03-DEL07-PR"
655267;2025-01-15;"quarta-feira";"13:46:00";"MG";262;448,3;"NOVA SERRANA";"Velocidade Incompatível";"Colisão lateral sentido oposto";"Com Vítimas Feridas";"Pleno dia";"Decrescente";"Nublado";"Simples";"Reta";"Não";3;0;0;1;1;1;1;3;-19,85612311;-45,01659393;"SPRF-MG";"DEL08-MG";"UOP03-DEL08-MG"
655268;2025-01-15;"quarta-feira";"14:45:00";"PR";373;390;"CANDOI";"Transitar na contramão";"Colisão lateral sentido oposto";"Com Vítimas Feridas";"Pleno dia";"Decrescente";"Céu Claro";"Simples";"Reta";"Não";3;0;0;1;1;1;1;3;-25,52493827;-51,98455811;"SPRF-PR";"DEL08-PR";"UOP01-DEL08-PR"
655269;2025-01-15;"quarta-feira";"12:30:00";"MG";262;438,4;"NOVA SERRANA";"Acessar a via sem observar a presença dos outros veículos";"Colisão lateral mesmo sentido";"Com Vítimas Feridas";"Pleno dia";"Decrescente";"Nublado";"Simples";"Reta";"Não";3;0;1;0;1;3;1;5;-19,89280962;-44,878453;"SPRF-MG";"DEL08-MG";"UOP03-DEL08-MG"
655270;2025-01-15;"quarta-feira";"17:03:00";"SP";153;256;"MARILIA";"Reação tardia ou ineficiente do condutor";"Colisão traseira";"Sem Vítimas";"Pleno dia";"Decrescente";"Nublado";"Simples";"Curva;Interseção de Vias;Rotatória";"Sim";3;0;0;0;2;1;0;3;-22,23151675;-49,91831303;"SPRF-SP";"DEL07-SP";"UOP02-DEL07-SP"
655271;2025-01-15;"quarta-feira";"17:15:00";"SC";470;25,8;"ILHOTA";"Velocidade Incompatível";"Tombamento";"Com Vítimas Feridas";"Pleno dia";"Crescente";"Sol";"Dupla";"Curva;Retorno Regulamentado";"Não";1;0;1;0;0;0;1;1;-26,883764;-48,865986;"SPRF-SC";"DEL04-SC";"UOP04-DEL04-SC"
655272;2025-01-09;"quinta-feira";"19:10:00";"AC";317;207;"XAPURI";"Ausência de sinalização";"Atropelamento de Pedestre";"Com Vítimas Fatais";"Plena Noite";"Crescente";"Céu Claro";"Simples";"Reta";"Não";5;1;0;0;3;1;0;5;-10,70209372;-68,164876;"SPRF-AC";"DEL01-AC";"UOP02-DEL01-AC"
655274;2025-01-15;"quarta-feira";"16:15:00";"GO";70;315;"JUSSARA";"Manobra de mudança de faixa";"Colisão transversal";"Sem Vítimas";"Pleno dia";"Crescente";"Nublado";"Dupla";"Reta";"Sim";2;0;0;0;1;1;0;2;-15,868327;-50,854579;"SPRF-GO";"DEL04-GO";"UOP02-DEL04-GO"
655275;2025-01-15;"quarta-feira";"17:40:00";"SP";153;53,8;"SAO JOSE DO RIO PRETO";"Ausência de reação do condutor";"Colisão com objeto";"Com Vítimas Feridas";"Pleno dia";"Crescente";"Céu Claro";"Dupla";"Reta";"Sim";2;0;0;1;1;0;1;2;-20,73603199;-49,33803779;"SPRF-SP";"DEL09-SP";"UOP01-DEL09-SP"
655279;2025-01-15;"quarta-feira";"06:30:00";"BA";116;696;"JEQUIE";"Reação tardia ou ineficiente do condutor";"Tombamento";"Com Vítimas Feridas";"Pleno dia";"Crescente";"Nublado";"Simples";"Curva";"Não";3;0;1;1;0;1;2;2;-13,99324878;-40,17891829;"SPRF-BA";"DEL03-BA";"UOP01-DEL03-BA"
655283;2025-01-15;"quarta-feira";"16:22:00";"PB";230;159;"CAMPINA GRANDE";"Acessar a via sem observar a presença dos outros veículos";"Colisão transversal";"Com Vítimas Feridas";"Plena Noite";"Decrescente";"Céu Claro";"Simples";"Reta";"Sim";5;0;2;0;3;0;2;2;-7,24400242;-35,93730927;"SPRF-PB";"DEL02-PB";"UOP01-DEL02-PB"
655308;2025-01-15;"quarta-feira";"19:34:00";"MG";116;701,8;"MURIAE";"Retorno proibido";"Colisão transversal";"Com Vítimas Feridas";"Plena Noite";"Decrescente";"Nublado";"Simples";"Interseção de Vias";"Sim";2;0;1;0;1;0;1;2;-21,11883833;-42,3801279;"SPRF-MG";"DEL07-MG";"UOP02-DEL07-MG"
655310;2025-01-15;"quarta-feira";"20:45:00";"CE";116;495,8;"MILAGRES";"Transitar na contramão";"Colisão frontal";"Com Vítimas Feridas";"Plena Noite";"Crescente";"Nublado";"Simples";"Reta";"Não";2;0;1;0;1;0;1;2;-7,40167384;-38,96238817;"SPRF-CE";"DEL05-CE";"UOP03-DEL05-CE"
655311;2025-01-15;"quarta-feira";"18:10:00";"PE";232;261,9;"ARCOVERDE";"Ingestão de álcool pelo condutor";"Colisão frontal";"Com Vítimas Feridas";"Plena Noite";"Crescente";"Chuva";"Simples";"Reta";"Não";3;0;0;2;1;0;2;2;-8,40930624;-37,13788894;"SPRF-PE";"DEL04-PE";"UOP02-DEL04-PE"
655312;2025-01-15;"quarta-feira";"20:00:00";"PR";476;182;"LAPA";"Reação tardia ou ineficiente do condutor";"Saída de leito carroçável";"Com Vítimas Feridas";"Plena Noite";"Decrescente";"Nublado";"Simples";"Curva";"Não";1;0;0;1;0;0;1;1;-25,714262;-49,608009;"SPRF-PR";"DEL01-PR";"UOP06-DEL01-PR"
655313;2025-01-15;"quarta-feira";"19:50:00";"PR";116;62;"CAMPINA GRANDE DO SUL";"Acessar a via sem observar a presença dos outros veículos";"Colisão transversal";"Com Vítimas Feridas";"Plena Noite";"Crescente";"Chuva";"Dupla";"Aclive;Retorno Regulamentado";"Não";6;0;0;1;3;2;1;5;-25,30561332;-48,9732999;"SPRF-PR";"DEL01-PR";"UOP02-DEL01-PR"
655321;2025-01-15;"quarta-feira";"16:00:00";"BA";116;788;"PLANALTO";"Acessar a via sem observar a presença dos outros veículos";"Colisão transversal";"Com Vítimas Feridas";"Pleno dia";"Decrescente";"Nublado";"Simples";"Reta";"Não";3;0;1;0;1;1;1;3;-14,67523642;-40,49817291;"SPRF-BA";"DEL08-BA";"UOP02-DEL08-BA"
655329;2025-01-15;"quarta-feira";"17:40:00";"MA";135;159;"MATOES DO NORTE";"Manobra de mudança de faixa";"Colisão frontal";"Com Vítimas Feridas";"Pleno dia";"Decrescente";"Chuva";"Simples";"Reta";"Não";4;0;1;0;2;1;1;2;-3,83869814;-44,50986831;"SPRF-MA";"DEL03-MA";"UOP01-DEL03-MA"
655333;2025-01-15;"quarta-feira";"17:00:00";"GO";158;194;"CAIAPONIA";"Ausência de reação do condutor";"Colisão traseira";"Com Vítimas Fatais";"Pleno dia";"Decrescente";"Céu Claro";"Simples";"Aclive;Reta";"Não";5;3;0;0;1;1;0;3;-17,269193;-51,893138;"SPRF-GO";"DEL05-GO";"UOP01-DEL05-GO"
655334;2025-01-15;"quarta-feira";"20:40:00";"MG";381;863,3;"POUSO ALEGRE";"Demais falhas mecânicas ou elétricas";"Eventos atípicos";"Sem Vítimas";"Plena Noite";"Crescente";"Céu Claro";"Dupla";"Reta";"Não";2;0;0;0;1;1;0;2;-22,34156;-45,9259;"SPRF-MG";"DEL16-MG";"UOP01-DEL16-MG"
655336;2025-01-15;"quarta-feira";"21:20:00";"PR";277;125;"CAMPO LARGO";"Pedestre cruzava a pista fora da faixa";"Atropelamento de Pedestre";"Com Vítimas Feridas";"Plena Noite";"Decrescente";"Nublado";"Dupla";"Reta";"Sim";3;0;0;1;1;1;1;3;-25,43532998;-49,53688145;"SPRF-PR";"DEL03-PR";"UOP03-DEL03-PR"
655340;2025-01-15;"quarta-feira";"20:44:00";"PR";277;436,1;"VIRMOND";"Velocidade Incompatível";"Tombamento";"Com Vítimas Feridas";"Plena Noite";"Decrescente";"Céu Claro";"Simples";"Declive;Curva";"Não";5;0;1;0;3;1;1;2;-25,37702748;-52,25432396;"SPRF-PR";"DEL04-PR";"UOP02-DEL04-PR"
655349;2025-01-15;"quarta-feira";"17:40:00";"MA";135;104;"ITAPECURU MIRIM";"Transitar na contramão";"Colisão frontal";"Com Vítimas Fatais";"Anoitecer";"Crescente";"Garoa/Chuvisco";"Simples";"Reta";"Não";5;1;4;0;0;0;4;2;-3,394735;-44,501588;"SPRF-MA";"DEL01-MA";"UOP02-DEL01-MA"
655350;2025-01-15;"quarta-feira";"19:10:00";"RO";435;76;"COLORADO DO OESTE";"Ultrapassagem Indevida";"Colisão transversal";"Com Vítimas Feridas";"Plena Noite";"Crescente";"Céu Claro";"Simples";"Declive;Reta";"Não";4;0;1;0;2;1;1;3;-13,10814097;-60,45269601;"SPRF-RO";"DEL04-RO";"UOP02-DEL04-RO"
655357;2025-01-15;"quarta-feira";"18:08:00";"RO";364;287,5;"PRESIDENTE MEDICI";"Frear bruscamente";"Colisão lateral sentido oposto";"Com Vítimas Feridas";"Anoitecer";"Decrescente";"Chuva";"Simples";"Reta";"Não";3;0;1;0;0;2;1;3;-11,33551016;-61,87009318;"SPRF-RO";"DEL02-RO";"UOP01-DEL02-RO"
655360;2025-01-16;"quinta-feira";"04:30:00";"MG";40;634,6;"CONSELHEIRO LAFAIETE";"Condutor Dormindo";"Saída de leito carroçável";"Com Vítimas Feridas";"Plena Noite";"Decrescente";"Nublado";"Simples";"Curva";"Não";1;0;1;0;0;0;1;1;-20,699327;-43,792782;"SPRF-MG";"DEL05-MG";"UOP02-DEL05-MG"
655364;2025-01-16;"quinta-feira";"05:41:00";"PB";101;91;"JOAO PESSOA";"Velocidade Incompatível";"Colisão traseira";"Com Vítimas Feridas";"Pleno dia";"Decrescente";"Nublado";"Dupla";"Reta";"Sim";4;0;2;0;2;0;2;2;-7,18826412;-34,90308264;"SPRF-PB";"DEL01-PB";"UOP02-DEL01-PB"
655370;2025-01-16;"quinta-feira";"06:50:00";"ES";101;128,1;"SOORETAMA";"Reação tardia ou ineficiente do condutor";"Colisão lateral sentido oposto";"Com Vítimas Feridas";"Pleno dia";"Decrescente";"Céu Claro";"Simples";"Reta";"Não";7;0;2;0;4;4;2;8;-19,21191395;-40,09457556;"SPRF-ES";"DEL04-ES";"UOP01-DEL04-ES"
655371;2025-01-15;"quarta-feira";"17:40:00";"MG";262;548;"LUZ";"Velocidade Incompatível";"Tombamento";"Sem Vítimas";"Pleno dia";"Decrescente";"Nublado";"Simples";"Curva";"Não";2;0;0;0;1;2;0;3;-19,73163489;-45,8631039;"SPRF-MG";"DEL08-MG";"UOP02-DEL08-MG"
655373;2025-01-16;"quinta-feira";"06:40:00";"RJ";40;83;"PETROPOLIS";"Demais falhas mecânicas ou elétricas";"Saída de leito carroçável";"Com Vítimas Feridas";"Amanhecer";"Decrescente";"Nublado";"Dupla";"Reta";"Não";1;0;1;0;0;0;1;1;-22,51910302;-43,22873364;"SPRF-RJ";"DEL01-RJ";"UOP01-DEL01-RJ"
655379;2025-01-16;"quinta-feira";"07:30:00";"RS";153;48,4;"ERECHIM";"Ultrapassagem Indevida";"Colisão lateral mesmo sentido";"Com Vítimas Feridas";"Pleno dia";"Decrescente";"Céu Claro";"Dupla";"Reta";"Sim";3;0;0;1;1;1;1;3;-27,65118001;-52,257248;"SPRF-RS";"DEL08-RS";"UOP04-DEL08-RS"
655389;2025-01-16;"quinta-feira";"07:50:00";"RO";319;57;"PORTO VELHO";"Ultrapassagem Indevida";"Colisão traseira";"Sem Vítimas";"Pleno dia";"Decrescente";"Nublado";"Dupla";"Interseção de Vias;Reta";"Sim";3;0;0;0;3;0;0;3;-8,7426448;-63,90230816;"SPRF-RO";"DEL01-RO";"UOP01-DEL01-RO"
655390;2025-01-16;"quinta-feira";"09:20:00";"SP";116;218;"GUARULHOS";"Trafegar com motocicleta (ou similar) entre as faixas";"Colisão lateral mesmo sentido";"Com Vítimas Feridas";"Pleno dia";"Decrescente";"Nublado";"Múltipla";"Reta";"Sim";4;0;1;0;2;1;1;3;-23,457972;-46,479927;"SPRF-SP";"DEL01-SP";"UOP01-DEL01-SP"
655391;2025-01-16;"quinta-feira";"08:30:00";"SC";101;199,5;"BIGUACU";"Problema com o freio";"Saída de leito carroçável";"Com Vítimas Feridas";"Pleno dia";"Crescente";"Chuva";"Dupla";"Reta";"Não";2;0;0;1;1;0;1;1;-27,53413705;-48,63003205;"SPRF-SC";"DEL01-SC";"UOP01-DEL01-SC"
655393;2025-01-04;"sábado";"19:40:00";"PR";163;19,5;"BOM JESUS DO SUL";"Ingestão de álcool pelo condutor";"Colisão lateral mesmo sentido";"Com Vítimas Feridas";"Anoitecer";"Decrescente";"Céu Claro";"Simples";"Aclive;Reta";"Não";3;0;1;0;1;1;1;3;-26,176423;-53,666655;"SPRF-PR";"DEL02-PR";"UOP02-DEL02-PR"