"id";"data_inversa";"dia_semana";"horario";"uf";"br";"km";"municipio";"causa_acidente";"tipo_acidente";"classificacao_acidente";"fase_dia";"sentido_via";"condicao_metereologica";"tipo_pista";"tracado_via";"uso_solo";"pessoas";"mortos";"feridos_leves";"feridos_graves";"ilesos";"ignorados";"feridos";"veiculos";"latitude";"longitude";"regional";"delegacia";"uop"
656526;2025-01-21;"terça-feira";"17:33:00";"MG";40;476;"SETE LAGOAS";"Carga excessiva e/ou mal acondicionada";"Tombamento";"Com Vítimas Feridas";"Pleno dia";"Crescente";"Céu Claro";"Dupla";"Reta;Declive";"Não";1;0;1;0;0;0;1;1;-19,51363098;-44,27021397;"SPRF-MG";"DEL02-MG";"UOP01-DEL02-MG"
656528;2025-01-21;"terça-feira";"17:30:00";"SC";153;91,7;"CONCORDIA";"Transitar na contramão";"Colisão lateral sentido oposto";"Sem Vítimas";"Pleno dia";"Decrescente";"Sol";"Simples";"Reta";"Sim";2;0;0;0;1;1;0;2;-27,183498;-51,922295;"SPRF-SC";"DEL07-SC";"UOP04-DEL07-SC"
656530;2025-01-21;"terça-feira";"15:00:00";"SC";470;198,5;"PONTE ALTA";"Condutor Dormindo";"Colisão lateral sentido oposto";"Com Vítimas Feridas";"Pleno dia";"Decrescente";"Céu Claro";"Simples";"Aclive;Curva";"Não";5;0;0;1;3;3;1;7;-27,309549;-50,118202;"SPRF-SC";"DEL05-SC";"UOP03-DEL05-SC"
656542;2025-01-21;"terça-feira";"19:00:00";"SP";381;79;"SAO PAULO";"Velocidade Incompatível";"Capotamento";"Com Vítimas Feridas";"Plena Noite";"Crescente";"Nublado";"Dupla";"Curva;Declive";"Sim";4;0;2;0;1;1;2;3;-23,40319901;-46,57564699;"SPRF-SP";"DEL03-SP";"UOP01-DEL03-SP"
656543;2025-01-21;"terça-feira";"19:30:00";"PR";116;112,7;"CURITIBA";"Trafegar com motocicleta (ou similar) entre as faixas";"Colisão lateral mesmo sentido";"Com Vítimas Feridas";"Plena Noite";"Decrescente";"Nublado";"Múltipla";"Reta";"Sim";3;0;1;0;1;1;1;3;-25,56730763;-49,23706792;"SPRF-PR";"DEL01-PR";"UOP03-DEL01-PR"
656552;2025-01-21;"terça-feira";"17:43:00";"MG";116;549,3;"SANTA BARBARA DO LESTE";"Reação tardia ou ineficiente do condutor";"Colisão traseira";"Com Vítimas Feridas";"Anoitecer";"Decrescente";"Nublado";"Simples";"Reta";"Não";2;0;0;1;1;0;1;2;-19,960735;-42,13329299;"SPRF-MG";"DEL06-MG";"UOP02-DEL06-MG"
656563;2025-01-21;"terça-feira";"22:15:00";"GO";60;71;"ABADIANIA";"Ausência de reação do condutor";"Colisão traseira";"Com Vítimas Feridas";"Plena Noite";"Crescente";"Céu Claro";"Dupla";"Aclive";"Não";3;0;0;1;1;1;1;3;-16,2551;-48,7628;"SPRF-GO";"DEL02-GO";"UOP01-DEL02-GO"
656567;2025-01-21;"terça-feira";"20:30:00";"PR";376;535;"PALMEIRA";"Condutor Dormindo";"Saída de leito carroçável";"Com Vítimas Feridas";"Plena Noite";"Crescente";"Céu Claro";"Dupla";"Reta";"Não";3;0;1;0;1;2;1;4;-25,38045417;-49,80922117;"SPRF-PR";"DEL03-PR";"UOP03-DEL03-PR"
656576;2025-01-21;"terça-feira";"20:10:00";"MG";365;386,7;"PATOS DE MINAS";"Pedestre - Ingestão de álcool/ substâncias psicoativas";"Atropelamento de Pedestre";"Com Vítimas Fatais";"Plena Noite";"Crescente";"Nublado";"Simples";"Aclive;Reta";"Não";2;1;0;0;0;1;0;2;-18,60051001;-46,28239399;"SPRF-MG";"DEL10-MG";"UOP01-DEL10-MG"
656579;2025-01-22;"quarta-feira";"01:30:00";"MG";262;539;"LUZ";"Velocidade Incompatível";"Tombamento";"Com Vítimas Feridas";"Plena Noite";"Crescente";"Nublado";"Simples";"Curva";"Não";2;0;0;1;0;1;1;2;-19,74624261;-45,82727909;"SPRF-MG";"DEL08-MG";"UOP02-DEL08-MG"
656584;2025-01-22;"quarta-feira";"00:05:00";"MG";365;31,5;"MONTES CLAROS";"Ausência de reação do condutor";"Colisão traseira";"Com Vítimas Feridas";"Plena Noite";"Decrescente";"Nublado";"Simples";"Reta";"Não";3;0;2;0;0;1;2;2;-16,85025469;-44,11000723;"SPRF-MG";"DEL12-MG";"UOP01-DEL12-MG"
656588;2025-01-22;"quarta-feira";"03:50:00";"SP";116;414;"JUQUIA";"Acessar a via sem observar a presença dos outros veículos";"Colisão transversal";"Com Vítimas Feridas";"Plena Noite";"Crescente";"Céu Claro";"Dupla";"Reta";"Sim";3;0;0;1;0;2;1;2;-24,33164;-47,632774;"SPRF-SP";"DEL05-SP";"UOP01-DEL05-SP"
656590;2025-01-22;"quarta-feira";"05:30:00";"PE";232;44;"VITORIA DE SANTO ANTAO";"Chuva";"Tombamento";"Com Vítimas Feridas";"Pleno dia";"Crescente";"Garoa/Chuvisco";"Dupla";"Reta";"Não";1;0;1;0;0;0;1;1;-8,12337542;-35,27098583;"SPRF-PE";"DEL01-PE";"UOP01-DEL01-PE"
656600;2025-01-22;"quarta-feira";"06:50:00";"MG";381;361;"JOAO MONLEVADE";"Transitar na contramão";"Colisão frontal";"Com Vítimas Fatais";"Amanhecer";"Decrescente";"Sol";"Simples";"Curva";"Sim";6;3;0;0;1;3;0;5;-19,85881293;-43,234108;"SPRF-MG";"DEL03-MG";"UOP01-DEL03-MG"
656601;2025-01-22;"quarta-feira";"05:10:00";"GO";153;620;"MORRINHOS";"Velocidade Incompatível";"Colisão traseira";"Com Vítimas Feridas";"Plena Noite";"Decrescente";"Ignorado";"Dupla";"Reta;Aclive";"Não";6;0;2;2;1;5;4;7;-17,7218;-49,1547;"SPRF-GO";"DEL03-GO";"UOP01-DEL03-GO"
656606;2025-01-22;"quarta-feira";"06:50:00";"MG";50;28,5;"ARAGUARI";"Velocidade Incompatível";"Tombamento";"Com Vítimas Feridas";"Pleno dia";"Decrescente";"Céu Claro";"Dupla";"Curva;Declive";"Não";3;0;0;1;1;2;1;4;-18,61851284;-48,1028889;"SPRF-MG";"DEL15-MG";"UOP02-DEL15-MG"
656608;2025-01-22;"quarta-feira";"02:45:00";"SC";282;451,8;"PONTE SERRADA";"Velocidade Incompatível";"Colisão com objeto";"Com Vítimas Feridas";"Plena Noite";"Crescente";"Céu Claro";"Simples";"Curva";"Não";2;0;0;1;0;1;1;2;-26,920655;-51,953208;"SPRF-SC";"DEL07-SC";"UOP04-DEL07-SC"
656612;2025-01-22;"quarta-feira";"08:00:00";"GO";60;385;"RIO VERDE";"Ultrapassagem Indevida";"Queda de ocupante de veículo";"Com Vítimas Feridas";"Pleno dia";"Crescente";"Céu Claro";"Dupla";"Declive";"Sim";2;0;1;0;0;1;1;2;-17,7964;-50,914;"SPRF-GO";"DEL04-GO";"UOP02-DEL04-GO"
656615;2025-01-18;"sábado";"23:07:00";"RJ";40;94;"PETROPOLIS";"Demais falhas mecânicas ou elétricas";"Colisão com objeto";"Com Vítimas Feridas";"Plena Noite";"Crescente";"Céu Claro";"Dupla";"Curva;Declive";"Sim";1;0;1;0;0;0;1;1;-22,55763285;-43,26574352;"SPRF-RJ";"DEL01-RJ";"UOP01-DEL01-RJ"
656620;2025-01-22;"quarta-feira";"06:45:00";"SC";101;117,3;"ITAJAI";"Demais falhas mecânicas ou elétricas";"Incêndio";"Sem Vítimas";"Pleno dia";"Decrescente";"Sol";"Múltipla";"Reta;Viaduto";"Sim";2;0;0;0;1;2;0;3;-26,88747187;-48,72252969;"SPRF-SC";"DEL04-SC";"UOP04-DEL04-SC"
656622;2025-01-22;"quarta-feira";"08:10:00";"MG";40;38,8;"PARACATU";"Condutor deixou de manter distância do veículo da frente";"Colisão traseira";"Com Vítimas Feridas";"Pleno dia";"Decrescente";"Céu Claro";"Simples";"Reta";"Sim";3;0;1;0;2;0;1;3;-17,21050388;-46,89942099;"SPRF-MG";"DEL14-MG";"UOP01-DEL14-MG"
656624;2025-01-22;"quarta-feira";"08:00:00";"RS";290;204,5;"PANTANO GRANDE";"Condutor Dormindo";"Colisão traseira";"Com Vítimas Feridas";"Pleno dia";"Crescente";"Céu Claro";"Simples";"Reta;Em Obras";"Não";2;0;1;0;1;0;1;2;-30,174364;-52,258057;"SPRF-RS";"DEL02-RS";"UOP03-DEL02-RS"
656625;2025-01-22;"quarta-feira";"08:20:00";"RJ";465;2,4;"SEROPEDICA";"Conversão proibida";"Colisão lateral mesmo sentido";"Com Vítimas Feridas";"Pleno dia";"Decrescente";"Céu Claro";"Simples";"Reta";"Não";2;0;1;0;1;0;1;2;-22,727266;-43,718712;"SPRF-RJ";"DEL06-RJ";"UOP02-DEL06-RJ"
656629;2025-01-22;"quarta-feira";"09:43:00";"SC";470;133,5;"RIO DO SUL";"Conversão proibida";"Colisão transversal";"Com Vítimas Feridas";"Pleno dia";"Crescente";"Céu Claro";"Simples";"Reta";"Não";2;0;0;1;1;0;1;2;-27,1770418;-49,59312201;"SPRF-SC";"DEL04-SC";"UOP02-DEL04-SC"
656633;2025-01-22;"quarta-feira";"06:30:00";"MG";116;555,2;"MANHUACU";"Reação tardia ou ineficiente do condutor";"Tombamento";"Com Vítimas Feridas";"Pleno dia";"Crescente";"Céu Claro";"Simples";"Curva;Declive";"Não";2;0;0;1;0;1;1;2;-20,00911074;-42,14328403;"SPRF-MG";"DEL06-MG";"UOP02-DEL06-MG"
656644;2025-01-22;"quarta-feira";"09:30:00";"CE";116;97;"MORADA NOVA";"Demais falhas mecânicas ou elétricas";"Colisão com objeto";"Sem Vítimas";"Pleno dia";"Crescente";"Nublado";"Simples";"Reta";"Não";3;0;0;0;2;2;0;4;-4,51448052;-38,34346321;"SPRF-CE";"DEL03-CE";"UOP02-DEL03-CE"
656645;2025-01-22;"quarta-feira";"11:00:00";"RS";290;583;"ALEGRETE";"Velocidade Incompatível";"Tombamento";"Com Vítimas Feridas";"Pleno dia";"Crescente";"Céu Claro";"Simples";"Interseção de Vias;Rotatória";"Sim";1;0;1;0;0;0;1;1;-29,813101;-55,806679;"SPRF-RS";"DEL13-RS";"UOP02-DEL13-RS"
656647;2025-01-22;"quarta-feira";"11:20:00";"BA";242;874;"BARREIRAS";"Transitar na contramão";"Colisão frontal";"Com Vítimas Fatais";"Pleno dia";"Crescente";"Céu Claro";"Simples";"Reta";"Não";2;1;0;0;1;0;0;2;-12,07674923;-45,50620103;"SPRF-BA";"DEL10-BA";"UOP01-DEL10-BA"
656655;2025-01-22;"quarta-feira";"11:20:00";"SC";101;389,1;"CRICIUMA";"Reação tardia ou ineficiente do condutor";"Colisão traseira";"Com Vítimas Feridas";"Pleno dia";"Crescente";"Céu Claro";"Dupla";"Reta";"Sim";3;0;0;1;1;8;1;10;-28,8026668;-49,36745167;"SPRF-SC";"DEL02-SC";"UOP02-DEL02-SC"
656657;2025-01-22;"quarta-feira";"08:30:00";"GO";452;75,5;"MAURILANDIA";"Condutor Dormindo";"Colisão lateral sentido oposto";"Com Vítimas Feridas";"Pleno dia";"Crescente";"Céu Claro";"Simples";"Reta";"Não";4;0;0;2;1;4;2;7;-18,04547914;-50,25746004;"SPRF-GO";"DEL04-GO";"UOP01-DEL04-GO"
656658;2025-01-22;"quarta-feira";"09:13:00";"SP";116;125,2;"CACAPAVA";"Problema com o freio";"Colisão com objeto";"Com Vítimas Feridas";"Pleno dia";"Crescente";"Sol";"Dupla";"Reta;Declive";"Não";3;0;1;0;0;3;1;4;-23,09872598;-45,68608201;"SPRF-SP";"DEL02-SP";"UOP02-DEL02-SP"
656664;2025-01-22;"quarta-feira";"12:00:00";"MA";316;617;"TIMON";"Acessar a via sem observar a presença dos outros veículos";"Colisão lateral mesmo sentido";"Sem Vítimas";"Pleno dia";"Decrescente";"Céu Claro";"Simples";"Interseção de Vias;Reta";"Sim";3;0;0;0;2;1;0;3;-5,102445;-42,829098;"SPRF-MA";"DEL03-MA";"UOP02-DEL03-MA"
656670;2025-01-22;"quarta-feira";"12:30:00";"MG";40;22,7;"PARACATU";"Reação tardia ou ineficiente do condutor";"Saída de leito carroçável";"Com Vítimas Feridas";"Pleno dia";"Crescente";"Céu Claro";"Simples";"Reta;Declive";"Não";3;0;2;0;0;1;2;2;-17,113941;-46,992677;"SPRF-MG";"DEL14-MG";"UOP01-DEL14-MG"
656672;2025-01-22;"quarta-feira";"12:05:00";"MT";163;720;"SORRISO";"Manobra de mudança de faixa";"Colisão lateral sentido oposto";"Com Vítimas Feridas";"Pleno dia";"Crescente";"Céu Claro";"Simples";"Reta";"Não";8;0;4;1;2;3;5;6;-12,810135;-55,8302;"SPRF-MT";"DEL06-MT";"UOP01-DEL06-MT"
656676;2025-01-22;"quarta-feira";"15:00:00";"CE";222;152;"IRAUCUBA";"Ausência de reação do condutor";"Colisão com objeto";"Com Vítimas Fatais";"Pleno dia";"Crescente";"Sol";"Simples";"Reta";"Não";3;1;0;0;1;3;0;5;-3,73891788;-39,80610692;"SPRF-CE";"DEL04-CE";"UOP03-DEL04-CE"
656677;2025-01-22;"quarta-feira";"13:30:00";"BA";116;704;"MANOEL VITORINO";"Reação tardia ou ineficiente do condutor";"Colisão traseira";"Com Vítimas Fatais";"Pleno dia";"Decrescente";"Chuva";"Simples";"Reta";"Não";3;1;0;0;1;2;0;4;-14,06331897;-40,20550622;"SPRF-BA";"DEL03-BA";"UOP01-DEL03-BA"
656679;2025-01-22;"quarta-feira";"15:57:00";"RJ";101;81;"CAMPOS DOS GOYTACAZES";"Transitar na contramão";"Colisão lateral sentido oposto";"Com Vítimas Feridas";"Pleno dia";"Decrescente";"Céu Claro";"Dupla";"Reta";"Não";6;0;4;0;1;2;4;5;-21,83221147;-41,44729712;"SPRF-RJ";"DEL08-RJ";"UOP02-DEL08-RJ"
656680;2025-01-22;"quarta-feira";"13:30:00";"GO";60;420;"RIO VERDE";"Ingestão de substâncias psicoativas pelo condutor";"Colisão lateral mesmo sentido";"Com Vítimas Feridas";"Pleno dia";"Crescente";"Sol";"Dupla";"Curva";"Não";3;0;1;0;1;1;1;3;-17,82191552;-51,25396729;"SPRF-GO";"DEL04-GO";"UOP02-DEL04-GO"
656687;2025-01-22;"quarta-feira";"16:00:00";"PR";277;156;"PALMEIRA";"Reação tardia ou ineficiente do condutor";"Colisão traseira";"Com Vítimas Feridas";"Pleno dia";"Crescente";"Céu Claro";"Simples";"Aclive;Reta";"Não";6;0;1;0;4;1;1;2;-25,47298;-49,82104;"SPRF-PR";"DEL03-PR";"UOP03-DEL03-PR"
656691;2025-01-22;"quarta-feira";"11:25:00";"MT";163;897;"CLAUDIA";"Reação tardia ou ineficiente do condutor";"Colisão traseira";"Com Vítimas Feridas";"Pleno dia";"Crescente";"Nublado";"Múltipla";"Reta";"Não";4;0;1;0;2;1;1;3;-11,339;-55,331;"SPRF-MT";"DEL06-MT";"UOP02-DEL06-MT"
656692;2025-01-22;"quarta-feira";"15:51:00";"MG";381;942;"EXTREMA";"Reação tardia ou ineficiente do condutor";"Colisão lateral mesmo sentido";"Com Vítimas Feridas";"Pleno dia";"Crescente";"Nublado";"Dupla";"Interseção de Vias;Curva";"Não";2;0;1;0;1;0;1;2;-22,86605937;-46,34940386;"SPRF-MG";"DEL16-MG";"UOP03-DEL16-MG"
656693;2025-01-22;"quarta-feira";"17:15:00";"BA";324;609;"SIMOES FILHO";"Condutor deixou de manter distância do veículo da frente";"Engavetamento";"Com Vítimas Feridas";"Pleno dia";"Decrescente";"Céu Claro";"Dupla";"Reta";"Sim";14;0;11;0;3;0;11;3;-12,838656;-38,414324;"SPRF-BA";"DEL01-BA";"UOP01-DEL01-BA"
656706;2025-01-22;"quarta-feira";"17:30:00";"SC";101;327;"CAPIVARI DE BAIXO";"Reação tardia ou ineficiente do condutor";"Tombamento";"Com Vítimas Feridas";"Pleno dia";"Decrescente";"Céu Claro";"Dupla";"Reta";"Sim";3;0;1;0;1;1;1;3;-28,4322229;-48,95524979;"SPRF-SC";"DEL02-SC";"UOP01-DEL02-SC"
656707;2025-01-22;"quarta-feira";"16:58:00";"PR";116;42,1;"CAMPINA GRANDE DO SUL";"Curva acentuada";"Colisão com objeto";"Com Vítimas Feridas";"Pleno dia";"Crescente";"Chuva";"Dupla";"Reta;Ponte";"Não";1;0;1;0;0;0;1;1;-25,17611697;-48,874256;"SPRF-PR";"DEL01-PR";"UOP02-DEL01-PR"
656710;2025-01-22;"quarta-feira";"16:20:00";"RS";158;193,7;"CRUZ ALTA";"Demais falhas mecânicas ou elétricas";"Eventos atípicos";"Com Vítimas Fatais";"Pleno dia";"Crescente";"Céu Claro";"Simples";"Reta;Declive";"Não";2;1;0;0;0;2;0;3;-28,63924139;-53,57206643;"SPRF-RS";"DEL10-RS";"UOP02-DEL10-RS"
656711;2025-01-22;"quarta-feira";"17:30:00";"AL";104;90;"RIO LARGO";"Avarias e/ou desgaste excessivo no pneu";"Engavetamento";"Com Vítimas Feridas";"Anoitecer";"Crescente";"Céu Claro";"Dupla";"Reta";"Sim";10;0;2;0;8;0;2;6;-9,50898856;-35,80777135;"SPRF-AL";"DEL01-AL";"UOP01-DEL01-AL"
656720;2025-01-22;"quarta-feira";"16:50:00";"MG";262;43,5;"MANHUACU";"Condutor deixou de manter distância do veículo da frente";"Colisão traseira";"Com Vítimas Feridas";"Pleno dia";"Decrescente";"Chuva";"Simples";"Reta;Declive";"Não";4;0;1;0;3;0;1;2;-20,26409492;-42,07800593;"SPRF-MG";"DEL06-MG";"UOP03-DEL06-MG"
656723;2025-01-22;"quarta-feira";"18:30:00";"MG";40;468;"SETE LAGOAS";"Chuva";"Saída de leito carroçável";"Com Vítimas Feridas";"Plena Noite";"Decrescente";"Chuva";"Dupla";"Declive;Reta";"Sim";1;0;1;0;0;0;1;1;-19,45630182;-44,30941888;"SPRF-MG";"DEL02-MG";"UOP01-DEL02-MG"
656728;2025-01-22;"quarta-feira";"18:30:00";"GO";153;574,9;"PROFESSOR JAMIL";"Reação tardia ou ineficiente do condutor";"Saída de leito carroçável";"Com Vítimas Feridas";"Anoitecer";"Decrescente";"Chuva";"Dupla";"Curva";"Não";2;0;1;0;0;1;1;2;-17,3387;-49,2399;"SPRF-GO";"DEL03-GO";"UOP01-DEL03-GO"
656737;2025-01-22;"quarta-feira";"19:30:00";"CE";116;41;"HORIZONTE";"Entrada inopinada do pedestre";"Colisão transversal";"Sem Vítimas";"Plena Noite";"Decrescente";"Céu Claro";"Dupla";"Reta";"Sim";2;0;0;0;1;1;0;2;-4,1024351;-38,50001011;"SPRF-CE";"DEL01-CE";"UOP02-DEL01-CE"
656739;2025-01-22;"quarta-feira";"18:15:00";"SC";101;85,1;"BARRA VELHA";"Velocidade Incompatível";"Colisão transversal";"Sem Vítimas";"Pleno dia";"Crescente";"Céu Claro";"Simples";"Reta;Interseção de Vias";"Não";3;0;0;0;2;1;0;3;-26,63288885;-48,70235503;"SPRF-SC";"DEL03-SC";"UOP02-DEL03-SC"
656741;2025-01-22;"quarta-feira";"15:40:00";"MT";70;507,8;"CUIABA";"Condutor deixou de manter distância do veículo da frente";"Colisão traseira";"Com Vítimas Feridas";"Pleno dia";"Crescente";"Céu Claro";"Simples";"Em Obras;Reta;Declive";"Não";3;0;1;0;1;3;1;5;-15,700802;-56,079807;"SPRF-MT";"DEL01-MT";"UOP02-DEL01-MT"
656749;2025-01-22;"quarta-feira";"21:30:00";"SC";101;138;"BALNEARIO CAMBORIU";"Condutor deixou de manter distância do veículo da frente";"Colisão traseira";"Com Vítimas Feridas";"Plena Noite";"Crescente";"Céu Claro";"Dupla";"Reta";"Sim";2;0;1;0;0;1;1;2;-27,02397426;-48,60761649;"SPRF-SC";"DEL04-SC";"UOP03-DEL04-SC"
656750;2025-01-22;"quarta-feira";"18:40:00";"RJ";116;272;"BARRA MANSA";"Condutor deixou de manter distância do veículo da frente";"Colisão traseira";"Com Vítimas Feridas";"Plena Noite";"Decrescente";"Céu Claro";"Dupla";"Reta;Em Obras";"Não";2;0;1;0;1;0;1;2;-22,55606865;-44,13021704;"SPRF-RJ";"DEL07-RJ";"UOP02-DEL07-RJ"
656758;2025-01-22;"quarta-feira";"16:00:00";"BA";110;375;"CATU";"Velocidade Incompatível";"Tombamento";"Com Vítimas Feridas";"Pleno dia";"Decrescente";"Céu Claro";"Simples";"Aclive;Curva";"Não";2;0;1;0;0;1;1;2;-12,41306752;-38,4670231;"SPRF-BA";"DEL01-BA";"UOP01-DEL01-BA"
656763;2025-01-23;"quinta-feira";"01:30:00";"PR";277;124;"CAMPO LARGO";"Reação tardia ou ineficiente do condutor";"Colisão com objeto";"Com Vítimas Feridas";"Plena Noite";"Crescente";"Nublado";"Dupla";"Reta";"Não";2;0;1;0;1;0;1;2;-25,435;-49,5239;"SPRF-PR";"DEL03-PR";"UOP03-DEL03-PR"
656764;2025-01-23;"quinta-feira";"01:40:00";"ES";101;271,2;"SERRA";"Conversão proibida";"Colisão transversal";"Com Vítimas Feridas";"Plena Noite";"Crescente";"Céu Claro";"Múltipla";"Reta";"Sim";2;0;0;1;1;0;1;2;-20,23267;-40,27658;"SPRF-ES";"DEL02-ES";"UOP01-DEL02-ES"
656768;2025-01-23;"quinta-feira";"00:25:00";"MG";262;575,5;"CORREGO DANTA";"Condutor Dormindo";"Tombamento";"Com Vítimas Feridas";"Plena Noite";"Decrescente";"Céu Claro";"Simples";"Curva";"Não";2;0;1;0;0;1;1;2;-19,69297478;-46,03637682;"SPRF-MG";"DEL08-MG";"UOP02-DEL08-MG"
656771;2025-01-22;"quarta-feira";"20:50:00";"BA";324;562;"SAO SEBASTIAO DO PASSE";"Avarias e/ou desgaste excessivo no pneu";"Tombamento";"Sem Vítimas";"Plena Noite";"Decrescente";"Céu Claro";"Simples";"Reta";"Não";2;0;0;0;1;1;0;2;-12,503202;-38,639217;"SPRF-BA";"DEL01-BA";"UOP01-DEL01-BA"
656773;2025-01-23;"quinta-feira";"05:00:00";"PR";116;133;"FAZENDA RIO GRANDE";"Reação tardia ou ineficiente do condutor";"Colisão traseira";"Com Vítimas Feridas";"Amanhecer";"Decrescente";"Nevoeiro/Neblina";"Dupla";"Reta;Aclive";"Sim";3;0;1;0;1;1;1;3;-25,704212;-49,319861;"SPRF-PR";"DEL01-PR";"UOP03-DEL01-PR"
656774;2025-01-22;"quarta-feira";"14:05:00";"MG";365;25,3;"MONTES CLAROS";"Velocidade Incompatível";"Colisão frontal";"Com Vítimas Feridas";"Pleno dia";"Decrescente";"Chuva";"Simples";"Reta;Declive";"Não";52;0;41;8;1;2;49;4;-16,8557147;-44,06141289;"SPRF-MG";"DEL12-MG";"UOP01-DEL12-MG"
656783;2025-01-23;"quinta-feira";"06:45:00";"GO";364;259;"JATAI";"Velocidade Incompatível";"Saída de leito carroçável";"Com Vítimas Feridas";"Amanhecer";"Crescente";"Chuva";"Simples";"Curva";"Não";5;0;3;0;1;3;3;4;-17,673866;-52,216778;"SPRF-GO";"DEL05-GO";"UOP01-DEL05-GO"
656792;2025-01-23;"quinta-feira";"07:15:00";"PR";376;628;"SAO JOSE DOS PINHAIS";"Manobra de mudança de faixa";"Colisão lateral mesmo sentido";"Sem Vítimas";"Pleno dia";"Decrescente";"Céu Claro";"Dupla";"Reta";"Não";2;0;0;0;2;0;0;2;-25,67832409;-49,14963231;"SPRF-PR";"DEL01-PR";"UOP04-DEL01-PR"
656799;2025-01-23;"quinta-feira";"02:40:00";"MS";262;618,9;"MIRANDA";"Condutor Dormindo";"Tombamento";"Com Vítimas Feridas";"Plena Noite";"Crescente";"Céu Claro";"Simples";"Reta";"Não";2;0;1;0;0;1;1;2;-19,96733704;-56,83601909;"SPRF-MS";"DEL03-MS";"UOP02-DEL03-MS"
656804;2025-01-23;"quinta-feira";"08:50:00";"PR";116;111;"CURITIBA";"Ausência de reação do condutor";"Colisão traseira";"Com Vítimas Feridas";"Pleno dia";"Decrescente";"Céu Claro";"Dupla";"Reta";"Não";2;0;0;1;1;0;1;2;-25,5575675;-49,2703943;"SPRF-PR";"DEL01-PR";"UOP03-DEL01-PR"
656814;2025-01-23;"quinta-feira";"06:15:00";"RS";287;369,4;"SANTIAGO";"Velocidade Incompatível";"Tombamento";"Com Vítimas Feridas";"Amanhecer";"Crescente";"Céu Claro";"Simples";"Aclive;Curva";"Não";2;0;1;0;0;1;1;2;-29,38874098;-54,74526309;"SPRF-RS";"DEL12-RS";"UOP02-DEL12-RS"
656815;2025-01-23;"quinta-feira";"09:45:00";"MG";381;924;"CAMANDUCAIA";"Velocidade Incompatível";"Tombamento";"Com Vítimas Feridas";"Pleno dia";"Decrescente";"Céu Claro";"Dupla";"Curva";"Não";2;0;1;0;0;1;1;2;-22,77050246;-46,23490598;"SPRF-MG";"DEL16-MG";"UOP03-DEL16-MG"
656818;2025-01-23;"quinta-feira";"08:40:00";"MT";70;511;"CUIABA";"Ausência de reação do condutor";"Colisão traseira";"Com Vítimas Feridas";"Pleno dia";"Crescente";"Céu Claro";"Simples";"Reta";"Não";2;0;1;0;1;0;1;2;-15,65051022;-55,99823809;"SPRF-MT";"DEL01-MT";"UOP02-DEL01-MT"
656821;2025-01-23;"quinta-feira";"10:00:00";"SP";116;64;"GUARATINGUETA";"Acessar a via sem observar a presença dos outros veículos";"Colisão transversal";"Com Vítimas Feridas";"Pleno dia";"Crescente";"Céu Claro";"Dupla";"Reta";"Sim";3;0;1;0;1;1;1;3;-22,81942006;-45,18421298;"SPRF-SP";"DEL08-SP";"UOP01-DEL08-SP"
656823;2025-01-23;"quinta-feira";"10:20:00";"SC";280;55,5;"GUARAMIRIM";"Acessar a via sem observar a presença dos outros veículos";"Colisão transversal";"Com Vítimas Feridas";"Pleno dia";"Crescente";"Céu Claro";"Dupla";"Interseção de Vias;Rotatória";"Sim";2;0;1;0;1;0;1;2;-26,47584353;-48,9937858;"SPRF-SC";"DEL03-SC";"UOP03-DEL03-SC"
656826;2025-01-15;"quarta-feira";"13:27:00";"MS";163;530;"JARAGUARI";"Reação tardia ou ineficiente do condutor";"Tombamento";"Com Vítimas Feridas";"Pleno dia";"Crescente";"Céu Claro";"Simples";"Reta";"Não";2;0;1;0;0;1;1;2;-20,08519991;-54,43235422;"SPRF-MS";"DEL01-MS";"UOP02-DEL01-MS"
656828;2025-01-23;"quinta-feira";"11:10:00";"RS";116;37;"VACARIA";"Acessar a via sem observar a presença dos outros veículos";"Colisão transversal";"Com Vítimas Feridas";"Pleno dia";"Decrescente";"Céu Claro";"Simples";"Reta;Rotatória";"Sim";4;0;1;0;2;1;1;3;-28,49871957;-50,9176864;"SPRF-RS";"DEL05-RS";"UOP03-DEL05-RS"
656831;2025-01-23;"quinta-feira";"07:30:00";"MG";251;335;"RUBELITA";"Ausência de reação do condutor";"Colisão lateral sentido oposto";"Com Vítimas Feridas";"Pleno dia";"Crescente";"Céu Claro";"Simples";"Aclive;Curva";"Não";9;0;5;0;3;6;5;9;-16,25584596;-42,43923797;"SPRF-MG";"DEL12-MG";"UOP02-DEL12-MG"
656837;2025-01-23;"quinta-feira";"11:40:00";"RS";471;164;"RIO PARDO";"Avarias e/ou desgaste excessivo no pneu";"Tombamento";"Com Vítimas Feridas";"Pleno dia";"Decrescente";"Sol";"Dupla";"Aclive";"Não";4;0;1;1;1;2;2;4;-29,939951;-52,385185;"SPRF-RS";"DEL02-RS";"UOP03-DEL02-RS"
656840;2025-01-23;"quinta-feira";"11:00:00";"MG";381;506,5;"SAO JOAQUIM DE BICAS";"Ausência de reação do condutor";"Colisão lateral mesmo sentido";"Com Vítimas Feridas";"Pleno dia";"Crescente";"Céu Claro";"Dupla";"Viaduto";"Sim";3;0;0;1;1;1;1;3;-20,05039397;-44,27962502;"SPRF-MG";"DEL01-MG";"UOP03-DEL01-MG"
656844;2025-01-23;"quinta-feira";"14:00:00";"RS";116;452,2;"SAO LOURENCO DO SUL";"Reação tardia ou ineficiente do condutor";"Colisão traseira";"Com Vítimas Feridas";"Pleno dia";"Decrescente";"Sol";"Dupla";"Reta;Aclive";"Não";3;0;2;0;1;0;2;2;-31,21427515;-52,01780939;"SPRF-RS";"DEL02-RS";"UOP02-DEL02-RS"