"id";"data_inversa";"dia_semana";"horario";"uf";"br";"km";"municipio";"causa_acidente";"tipo_acidente";"classificacao_acidente";"fase_dia";"sentido_via";"condicao_metereologica";"tipo_pista";"tracado_via";"uso_solo";"pessoas";"mortos";"feridos_leves";"feridos_graves";"ilesos";"ignorados";"feridos";"veiculos";"latitude";"longitude";"regional";"delegacia";"uop"
656845;2025-01-23;"quinta-feira";"11:30:00";"BA";135;130;"RIACHAO DAS NEVES";"Condutor deixou de manter distância do veículo da frente";"Colisão lateral mesmo sentido";"Com Vítimas Feridas";"Pleno dia";"Crescente";"Céu Claro";"Simples";"Reta";"Não";3;0;2;0;1;0;2;2;-11,79675758;-44,88154169;"SPRF-BA";"DEL10-BA";"UOP01-DEL10-BA"
656846;2025-01-23;"quinta-feira";"12:15:00";"RJ";116;304,8;"PORTO REAL";"Reação tardia ou ineficiente do condutor";"Engavetamento";"Com Vítimas Feridas";"Pleno dia";"Decrescente";"Nublado";"Dupla";"Reta";"Não";5;0;1;0;3;3;1;7;-22,45478167;-44,38316833;"SPRF-RJ";"DEL07-RJ";"UOP02-DEL07-RJ"
656850;2025-01-23;"quinta-feira";"13:50:00";"SC";470;10;"NAVEGANTES";"Ausência de reação do condutor";"Colisão lateral mesmo sentido";"Com Vítimas Feridas";"Pleno dia";"Crescente";"Céu Claro";"Dupla";"Em Obras;Retorno Regulamentado;Reta";"Não";2;0;0;1;1;0;1;2;-26,833693;-48,73724;"SPRF-SC";"DEL04-SC";"UOP04-DEL04-SC"
656855;2025-01-23;"quinta-feira";"08:20:00";"PR";277;206;"PALMEIRA";"Demais falhas mecânicas ou elétricas";"Incêndio";"Sem Vítimas";"Pleno dia";"Decrescente";"Céu Claro";"Simples";"Reta";"Não";2;0;0;0;1;1;0;2;-25,46468901;-50,25988;"SPRF-PR";"DEL08-PR";"UOP02-DEL08-PR"
656856;2025-01-23;"quinta-feira";"09:55:00";"SC";101;138;"BALNEARIO CAMBORIU";"Reação tardia ou ineficiente do condutor";"Colisão lateral mesmo sentido";"Sem Vítimas";"Pleno dia";"Crescente";"Céu Claro";"Múltipla";"Reta";"Sim";2;0;0;0;2;0;0;2;-27,02397426;-48,60761649;"SPRF-SC";"DEL04-SC";"UOP03-DEL04-SC"
656857;2025-01-23;"quinta-feira";"14:38:00";"MG";381;553;"ITAGUARA";"Demais falhas mecânicas ou elétricas";"Incêndio";"Sem Vítimas";"Pleno dia";"Crescente";"Nublado";"Dupla";"Reta";"Não";2;0;0;0;1;1;0;2;-20,34694817;-44,44253979;"SPRF-MG";"DEL04-MG";"UOP03-DEL04-MG"
656860;2025-01-23;"quinta-feira";"15:00:00";"PB";230;27,5;"JOAO PESSOA";"Manobra de mudança de faixa";"Colisão lateral mesmo sentido";"Sem Vítimas";"Pleno dia";"Crescente";"Sol";"Dupla";"Curva";"Sim";3;0;0;0;2;1;0;3;-7,1677;-34,8855;"SPRF-PB";"DEL01-PB";"UOP01-DEL01-PB"
656863;2025-01-23;"quinta-feira";"15:20:00";"MG";381;487,8;"BETIM";"Reação tardia ou ineficiente do condutor";"Colisão com objeto";"Com Vítimas Feridas";"Pleno dia";"Crescente";"Céu Claro";"Múltipla";"Curva";"Sim";3;0;2;0;1;0;2;2;-19,95586853;-44,14609501;"SPRF-MG";"DEL01-MG";"UOP03-DEL01-MG"
656868;2025-01-23;"quinta-feira";"14:50:00";"MG";116;275;"TEOFILO OTONI";"Velocidade Incompatível";"Colisão lateral mesmo sentido";"Com Vítimas Feridas";"Pleno dia";"Crescente";"Céu Claro";"Simples";"Reta";"Sim";3;0;1;0;1;1;1;3;-17,84235093;-41,51410418;"SPRF-MG";"DEL11-MG";"UOP01-DEL11-MG"
656877;2025-01-23;"quinta-feira";"16:00:00";"CE";116;64;"CHOROZINHO";"Acessar a via sem observar a presença dos outros veículos";"Colisão transversal";"Sem Vítimas";"Pleno dia";"Decrescente";"Céu Claro";"Simples";"Reta";"Sim";3;0;0;0;1;2;0;3;-4,29766043;-38,50128341;"SPRF-CE";"DEL01-CE";"UOP02-DEL01-CE"
656879;2025-01-23;"quinta-feira";"16:40:00";"MG";381;451;"SABARA";"Reação tardia ou ineficiente do condutor";"Colisão traseira";"Sem Vítimas";"Pleno dia";"Decrescente";"Sol";"Simples";"Viaduto;Declive;Reta";"Sim";2;0;0;0;2;0;0;2;-19,83832024;-43,8806931;"SPRF-MG";"DEL01-MG";"UOP01-DEL01-MG"
656885;2025-01-23;"quinta-feira";"17:20:00";"TO";153;767,3;"ALVORADA";"Condutor deixou de manter distância do veículo da frente";"Colisão traseira";"Com Vítimas Feridas";"Pleno dia";"Crescente";"Céu Claro";"Simples";"Reta";"Não";3;0;1;0;1;1;1;3;-12,53201395;-49,10193689;"SPRF-TO";"DEL01-TO";"UOP02-DEL01-TO"
656886;2025-01-23;"quinta-feira";"16:45:00";"SP";116;218;"GUARULHOS";"Trafegar com motocicleta (ou similar) entre as faixas";"Colisão lateral mesmo sentido";"Com Vítimas Feridas";"Pleno dia";"Decrescente";"Céu Claro";"Dupla";"Reta;Em Obras";"Sim";3;0;2;0;1;0;2;2;-23,457972;-46,479927;"SPRF-SP";"DEL01-SP";"UOP01-DEL01-SP"
656888;2025-01-23;"quinta-feira";"16:25:00";"RJ";101;157;"MACAE";"Demais falhas mecânicas ou elétricas";"Colisão lateral sentido oposto";"Sem Vítimas";"Pleno dia";"Crescente";"Céu Claro";"Simples";"Reta;Ponte";"Não";3;0;0;0;2;2;0;4;-22,26664642;-41,85839687;"SPRF-RJ";"DEL08-RJ";"UOP04-DEL08-RJ"
656890;2025-01-23;"quinta-feira";"16:30:00";"PR";376;302,9;"MAUA DA SERRA";"Velocidade Incompatível";"Tombamento";"Com Vítimas Feridas";"Pleno dia";"Crescente";"Nublado";"Dupla";"Curva;Declive";"Não";1;0;1;0;0;0;1;1;-23,93576347;-51,14095497;"SPRF-PR";"DEL07-PR";"UOP02-DEL07-PR"
656895;2025-01-23;"quinta-feira";"12:30:00";"PR";487;171;"CAMPO MOURAO";"Demais falhas mecânicas ou elétricas";"Saída de leito carroçável";"Com Vítimas Feridas";"Pleno dia";"Decrescente";"Céu Claro";"Simples";"Declive";"Não";2;0;1;0;0;1;1;2;-24,014101;-52,46035;"SPRF-PR";"DEL09-PR";"UOP03-DEL09-PR"
656897;2025-01-23;"quinta-feira";"16:50:00";"RJ";116;332;"ITATIAIA";"Ausência de reação do condutor";"Colisão traseira";"Com Vítimas Feridas";"Pleno dia";"Decrescente";"Nublado";"Dupla";"Reta";"Não";7;0;4;1;1;3;5;5;-22,50082905;-44,63502202;"SPRF-RJ";"DEL07-RJ";"UOP02-DEL07-RJ"
656898;2025-01-23;"quinta-feira";"16:10:00";"RJ";116;331;"ITATIAIA";"Reação tardia ou ineficiente do condutor";"Colisão com objeto";"Com Vítimas Feridas";"Pleno dia";"Decrescente";"Chuva";"Múltipla";"Reta";"Não";2;0;0;1;0;1;1;2;-22,50439667;-44,62493;"SPRF-RJ";"DEL07-RJ";"UOP02-DEL07-RJ"
656899;2025-01-23;"quinta-feira";"17:55:00";"BA";324;520;"FEIRA DE SANTANA";"Reação tardia ou ineficiente do condutor";"Engavetamento";"Sem Vítimas";"Anoitecer";"Decrescente";"Céu Claro";"Dupla";"Reta";"Sim";5;0;0;0;4;2;0;5;-12,27376054;-38,93366564;"SPRF-BA";"DEL01-BA";"UOP03-DEL01-BA"
656901;2025-01-23;"quinta-feira";"18:35:00";"PR";369;154;"LONDRINA";"Manobra de mudança de faixa";"Colisão lateral mesmo sentido";"Sem Vítimas";"Pleno dia";"Crescente";"Céu Claro";"Dupla";"Reta";"Sim";2;0;0;0;2;0;0;2;-23,29749851;-51,20010429;"SPRF-PR";"DEL07-PR";"UOP01-DEL07-PR"
656915;2025-01-23;"quinta-feira";"20:02:00";"PE";101;51;"PAULISTA";"Trafegar com motocicleta (ou similar) entre as faixas";"Colisão lateral mesmo sentido";"Com Vítimas Fatais";"Plena Noite";"Decrescente";"Céu Claro";"Múltipla";"Reta";"Sim";5;1;1;0;1;2;1;3;-7,9169968;-34,89689272;"SPRF-PE";"DEL01-PE";"UOP02-DEL01-PE"
656917;2025-01-23;"quinta-feira";"16:50:00";"RJ";393;255;"BARRA DO PIRAI";"Acessar a via sem observar a presença dos outros veículos";"Colisão transversal";"Com Vítimas Feridas";"Pleno dia";"Crescente";"Nublado";"Dupla";"Interseção de Vias";"Sim";12;0;1;8;2;1;9;3;-22,45630908;-43,83881807;"SPRF-RJ";"DEL05-RJ";"UOP04-DEL05-RJ"
656919;2025-01-23;"quinta-feira";"19:40:00";"PE";232;212;"PESQUEIRA";"Transitar na contramão";"Colisão lateral sentido oposto";"Com Vítimas Fatais";"Plena Noite";"Decrescente";"Céu Claro";"Simples";"Reta";"Sim";4;1;0;0;1;3;0;5;-8,36899532;-36,70578682;"SPRF-PE";"DEL03-PE";"UOP02-DEL03-PE"
656924;2025-01-23;"quinta-feira";"20:30:00";"GO";50;283;"CATALAO";"Declive acentuado";"Tombamento";"Com Vítimas Feridas";"Pleno dia";"Decrescente";"Céu Claro";"Simples";"Em Obras;Rotatória";"Não";2;0;1;0;0;1;1;2;-18,1965;-47,9567;"SPRF-GO";"DEL06-GO";"UOP01-DEL06-GO"
656928;2025-01-23;"quinta-feira";"20:30:00";"MT";163;834,9;"SINOP";"Manobra de mudança de faixa";"Colisão com objeto";"Com Vítimas Feridas";"Plena Noite";"Decrescente";"Céu Claro";"Simples";"Reta";"Sim";3;0;1;0;1;1;1;2;-11,86194;-55,49559;"SPRF-MT";"DEL06-MT";"UOP02-DEL06-MT"
656931;2025-01-23;"quinta-feira";"19:42:00";"SE";101;59;"ROSARIO DO CATETE";"Acessar a via sem observar a presença dos outros veículos";"Colisão transversal";"Com Vítimas Feridas";"Plena Noite";"Decrescente";"Céu Claro";"Simples";"Interseção de Vias;Reta";"Não";2;0;2;0;0;0;2;2;-10,659681;-37,02849;"SPRF-SE";"DEL02-SE";"UOP02-DEL02-SE"
656932;2025-01-23;"quinta-feira";"15:10:00";"MG";364;32,8;"FRUTAL";"Velocidade Incompatível";"Colisão com objeto";"Com Vítimas Feridas";"Pleno dia";"Crescente";"Chuva";"Simples";"Reta;Ponte;Declive";"Sim";3;0;1;0;1;2;1;4;-20,025185;-48,94096;"SPRF-MG";"DEL13-MG";"UOP02-DEL13-MG"
656939;2025-01-23;"quinta-feira";"21:31:00";"SC";101;36,8;"PALHOCA";"Ultrapassagem Indevida";"Colisão lateral mesmo sentido";"Com Vítimas Feridas";"Plena Noite";"Decrescente";"Nublado";"Dupla";"Túnel;Curva";"Não";5;0;1;1;2;1;2;3;-27,6427;-48,6695;"SPRF-SC";"DEL01-SC";"UOP02-DEL01-SC"
656944;2025-01-23;"quinta-feira";"23:40:00";"PB";230;153,3;"CAMPINA GRANDE";"Condutor usando celular";"Colisão frontal";"Com Vítimas Feridas";"Plena Noite";"Crescente";"Céu Claro";"Simples";"Curva;Em Obras";"Sim";2;0;1;0;1;0;1;2;-7,2763;-35,8887;"SPRF-PB";"DEL02-PB";"UOP01-DEL02-PB"
656948;2025-01-24;"sexta-feira";"01:00:00";"SP";116;228;"SAO PAULO";"Ausência de reação do condutor";"Colisão traseira";"Com Vítimas Feridas";"Plena Noite";"Decrescente";"Nublado";"Múltipla";"Reta";"Não";6;0;4;0;1;1;4;3;-23,50343484;-46,56638712;"SPRF-SP";"DEL01-SP";"UOP01-DEL01-SP"
656950;2025-01-24;"sexta-feira";"00:15:00";"MG";50;189,5;"UBERABA";"Condutor Dormindo";"Colisão traseira";"Com Vítimas Feridas";"Plena Noite";"Decrescente";"Céu Claro";"Dupla";"Reta";"Não";2;0;1;0;0;1;1;2;-19,84808;-47,874971;"SPRF-MG";"DEL13-MG";"UOP01-DEL13-MG"
656952;2025-01-24;"sexta-feira";"01:15:00";"RN";304;67,3;"MOSSORO";"Manobra de mudança de faixa";"Colisão lateral sentido oposto";"Com Vítimas Feridas";"Plena Noite";"Crescente";"Céu Claro";"Simples";"Reta";"Não";2;0;0;1;1;0;1;2;-5,37857529;-37,23882451;"SPRF-RN";"DEL04-RN";"UOP01-DEL04-RN"
656953;2025-01-23;"quinta-feira";"22:00:00";"BA";110;104;"ANTAS";"Problema com o freio";"Atropelamento de Pedestre";"Com Vítimas Feridas";"Plena Noite";"Crescente";"Céu Claro";"Simples";"Aclive";"Não";2;0;0;1;0;1;1;2;-10,33353685;-38,31563227;"SPRF-BA";"DEL07-BA";"UOP01-DEL07-BA"
656962;2025-01-23;"quinta-feira";"20:00:00";"GO";452;19,8;"RIO VERDE";"Ausência de reação do condutor";"Saída de leito carroçável";"Sem Vítimas";"Plena Noite";"Crescente";"Céu Claro";"Simples";"Reta;Declive";"Não";2;0;0;0;1;3;0;4;-17,8687406;-50,73337771;"SPRF-GO";"DEL04-GO";"UOP01-DEL04-GO"
656963;2025-01-24;"sexta-feira";"05:10:00";"SP";116;123;"CACAPAVA";"Reação tardia ou ineficiente do condutor";"Colisão traseira";"Sem Vítimas";"Amanhecer";"Crescente";"Céu Claro";"Dupla";"Reta";"Não";3;0;0;0;2;2;0;4;-23,08754228;-45,66969781;"SPRF-SP";"DEL02-SP";"UOP02-DEL02-SP"
656967;2025-01-23;"quinta-feira";"21:03:00";"MG";365;465,2;"PATROCINIO";"Velocidade Incompatível";"Colisão traseira";"Com Vítimas Feridas";"Plena Noite";"Decrescente";"Nublado";"Simples";"Reta";"Não";3;0;1;0;2;0;1;3;-18,89880313;-46,95118193;"SPRF-MG";"DEL10-MG";"UOP01-DEL10-MG"
656969;2025-01-24;"sexta-feira";"06:20:00";"PR";153;468,9;"PORTO VITORIA";"Ausência de reação do condutor";"Tombamento";"Com Vítimas Feridas";"Pleno dia";"Crescente";"Garoa/Chuvisco";"Simples";"Curva";"Não";2;0;0;1;0;1;1;2;-26,3133464;-51,2185315;"SPRF-PR";"DEL02-PR";"UOP03-DEL02-PR"
656970;2025-01-24;"sexta-feira";"05:46:00";"PR";277;442,2;"LARANJEIRAS DO SUL";"Reação tardia ou ineficiente do condutor";"Tombamento";"Com Vítimas Feridas";"Amanhecer";"Decrescente";"Céu Claro";"Simples";"Curva";"Não";2;0;1;0;0;1;1;2;-25,37458072;-52,2742009;"SPRF-PR";"DEL04-PR";"UOP02-DEL04-PR"
656977;2025-01-24;"sexta-feira";"05:30:00";"PR";153;398;"MALLET";"Pista Escorregadia";"Saída de leito carroçável";"Com Vítimas Feridas";"Amanhecer";"Crescente";"Céu Claro";"Simples";"Curva";"Não";2;0;1;0;1;0;1;1;-25,927489;-50,854918;"SPRF-PR";"DEL08-PR";"UOP02-DEL08-PR"
656981;2025-01-24;"sexta-feira";"08:30:00";"SE";101;144,2;"ESTANCIA";"Transitar no Acostamento";"Colisão com objeto";"Com Vítimas Fatais";"Pleno dia";"Crescente";"Céu Claro";"Dupla";"Aclive;Reta";"Não";4;1;0;0;1;2;0;4;-11,20044883;-37,40968738;"SPRF-SE";"DEL02-SE";"UOP01-DEL02-SE"
656983;2025-01-24;"sexta-feira";"08:18:00";"SP";116;285;"ITAPECERICA DA SERRA";"Manobra de mudança de faixa";"Colisão traseira";"Com Vítimas Feridas";"Pleno dia";"Decrescente";"Céu Claro";"Dupla";"Reta";"Não";2;0;1;0;1;0;1;2;-23,70407794;-46,87249709;"SPRF-SP";"DEL04-SP";"UOP01-DEL04-SP"
656986;2025-01-20;"segunda-feira";"15:30:00";"PE";232;62,8;"GRAVATA";"Demais falhas mecânicas ou elétricas";"Saída de leito carroçável";"Sem Vítimas";"Pleno dia";"Crescente";"Sol";"Dupla";"Reta";"Não";2;0;0;0;1;1;0;2;-8,15598579;-35,42308007;"SPRF-PE";"DEL02-PE";"UOP02-DEL02PE"
656996;2025-01-24;"sexta-feira";"11:00:00";"TO";153;498;"PARAISO DO TOCANTINS";"Acessar a via sem observar a presença dos outros veículos";"Colisão frontal";"Com Vítimas Feridas";"Pleno dia";"Crescente";"Sol";"Simples";"Curva;Declive";"Não";2;0;0;1;1;0;1;2;-10,18390502;-48,88017144;"SPRF-TO";"DEL01-TO";"UOP01-DEL01-TO"
656997;2025-01-24;"sexta-feira";"08:40:00";"BA";116;672;"JEQUIE";"Acessar a via sem observar a presença dos outros veículos";"Colisão traseira";"Com Vítimas Feridas";"Pleno dia";"Decrescente";"Chuva";"Dupla";"Interseção de Vias";"Sim";3;0;2;0;1;0;2;2;-13,79970305;-40,11130458;"SPRF-BA";"DEL03-BA";"UOP01-DEL03-BA"
657000;2025-01-24;"sexta-feira";"10:00:00";"BA";407;119;"SENHOR DO BONFIM";"Transitar na contramão";"Colisão frontal";"Com Vítimas Feridas";"Pleno dia";"Decrescente";"Céu Claro";"Simples";"Reta";"Sim";4;0;2;0;1;2;2;4;-10,39518217;-40,17775944;"SPRF-BA";"DEL04-BA";"UOP01-DEL04-BA"
657001;2025-01-24;"sexta-feira";"11:20:00";"MG";381;456;"BELO HORIZONTE";"Transitar no Acostamento";"Colisão lateral mesmo sentido";"Com Vítimas Feridas";"Pleno dia";"Decrescente";"Céu Claro";"Simples";"Reta";"Sim";3;0;1;0;1;1;1;3;-19,85862954;-43,91292495;"SPRF-MG";"DEL01-MG";"UOP01-DEL01-MG"
657002;2025-01-24;"sexta-feira";"11:15:00";"MG";262;386,5;"FLORESTAL";"Manobra de mudança de faixa";"Tombamento";"Com Vítimas Feridas";"Pleno dia";"Decrescente";"Céu Claro";"Dupla";"Aclive;Curva";"Não";2;0;1;0;0;1;1;2;-19,93407809;-44,42855871;"SPRF-MG";"DEL01-MG";"UOP03-DEL01-MG"
657015;2025-01-24;"sexta-feira";"11:55:00";"BA";101;399;"IBIRAPITANGA";"Velocidade Incompatível";"Colisão frontal";"Com Vítimas Fatais";"Pleno dia";"Crescente";"Garoa/Chuvisco";"Simples";"Curva";"Não";4;3;0;0;1;0;0;2;-13,99468;-39,453937;"SPRF-BA";"DEL05-BA";"UOP03-DEL05-BA"
657019;2025-01-24;"sexta-feira";"12:45:00";"SC";101;156,6;"PORTO BELO";"Reação tardia ou ineficiente do condutor";"Colisão com objeto";"Com Vítimas Feridas";"Pleno dia";"Decrescente";"Nublado";"Dupla";"Reta";"Sim";3;0;0;1;1;1;1;3;-27,172272;-48,61170204;"SPRF-SC";"DEL04-SC";"UOP03-DEL04-SC"
657025;2025-01-24;"sexta-feira";"13:45:00";"SC";101;127,1;"ITAJAI";"Demais falhas mecânicas ou elétricas";"Tombamento";"Com Vítimas Feridas";"Pleno dia";"Decrescente";"Nublado";"Dupla";"Reta";"Não";3;0;0;1;1;1;1;3;-26,9639319;-48,68328024;"SPRF-SC";"DEL04-SC";"UOP04-DEL04-SC"
657034;2025-01-24;"sexta-feira";"15:00:00";"MG";40;498,9;"ESMERALDAS";"Manobra de mudança de faixa";"Colisão traseira";"Com Vítimas Feridas";"Pleno dia";"Decrescente";"Céu Claro";"Dupla";"Reta";"Sim";3;0;1;0;0;2;1;3;-19,68467685;-44,18191183;"SPRF-MG";"DEL02-MG";"UOP01-DEL02-MG"
657036;2025-01-24;"sexta-feira";"13:57:00";"PR";277;280,7;"PRUDENTOPOLIS";"Ausência de reação do condutor";"Saída de leito carroçável";"Sem Vítimas";"Pleno dia";"Decrescente";"Céu Claro";"Simples";"Reta";"Não";1;0;0;0;1;0;0;1;-25,35860715;-50,91749114;"SPRF-PR";"DEL08-PR";"UOP02-DEL08-PR"
657040;2025-01-24;"sexta-feira";"14:10:00";"MG";381;726,1;"CARMO DA CACHOEIRA";"Ausência de reação do condutor";"Colisão traseira";"Com Vítimas Feridas";"Pleno dia";"Crescente";"Sol";"Dupla";"Reta;Aclive";"Não";3;0;2;0;1;0;2;2;-21,50846497;-45,21540331;"SPRF-MG";"DEL04-MG";"UOP02-DEL04-MG"
657041;2025-01-24;"sexta-feira";"16:05:00";"RN";226;38;"MACAIBA";"Avarias e/ou desgaste excessivo no pneu";"Tombamento";"Com Vítimas Feridas";"Pleno dia";"Crescente";"Céu Claro";"Simples";"Reta";"Não";1;0;1;0;0;0;1;1;-5,91608218;-35,52760191;"SPRF-RN";"DEL01-RN";"UOP02-DEL01-RN"
657044;2025-01-24;"sexta-feira";"16:20:00";"PR";277;634;"CEU AZUL";"Condutor deixou de manter distância do veículo da frente";"Colisão traseira";"Com Vítimas Feridas";"Pleno dia";"Decrescente";"Céu Claro";"Simples";"Reta";"Não";2;0;2;0;0;0;2;2;-25,13216493;-53,8249287;"SPRF-PR";"DEL05-PR";"UOP02-DEL05-PR"
657055;2025-01-24;"sexta-feira";"16:20:00";"SP";116;220;"GUARULHOS";"Ingestão de álcool pelo condutor";"Colisão traseira";"Sem Vítimas";"Pleno dia";"Decrescente";"Ignorado";"Múltipla";"Reta";"Sim";3;0;0;0;2;1;0;3;-23,46472809;-46,49793962;"SPRF-SP";"DEL01-SP";"UOP01-DEL01-SP"
657057;2025-01-24;"sexta-feira";"17:10:00";"SC";280;128,7;"RIO NEGRINHO";"Ausência de reação do condutor";"Colisão traseira";"Com Vítimas Feridas";"Pleno dia";"Crescente";"Chuva";"Simples";"Reta";"Sim";6;0;4;0;2;0;4;2;-26,24317941;-49,51320018;"SPRF-SC";"DEL06-SC";"UOP03-DEL06-SC"
657069;2025-01-24;"sexta-feira";"08:00:00";"BA";101;435;"MARAU";"Objeto estático sobre o leito carroçável";"Colisão com objeto";"Com Vítimas Feridas";"Amanhecer";"Crescente";"Garoa/Chuvisco";"Simples";"Reta";"Não";2;0;1;0;0;2;1;3;-14,229733;-39,319136;"SPRF-BA";"DEL05-BA";"UOP01-DEL05-BA"
657072;2025-01-24;"sexta-feira";"17:00:00";"RO";364;347,5;"JI-PARANA";"Reação tardia ou ineficiente do condutor";"Colisão traseira";"Com Vítimas Feridas";"Pleno dia";"Decrescente";"Céu Claro";"Simples";"Reta";"Não";6;0;1;0;5;0;1;2;-10,86070186;-61,9761549;"SPRF-RO";"DEL02-RO";"UOP01-DEL02-RO"
657073;2025-01-18;"sábado";"13:00:00";"MT";70;695;"CACERES";"Pista Escorregadia";"Colisão frontal";"Com Vítimas Feridas";"Pleno dia";"Crescente";"Chuva";"Simples";"Curva";"Não";45;0;19;0;25;1;19;3;-16,24747707;-57,47060716;"SPRF-MT";"DEL03-MT";"UOP01-DEL03-MT"
657078;2025-01-24;"sexta-feira";"17:20:00";"SP";116;23,9;"LAVRINHAS";"Ingestão de álcool pelo condutor";"Colisão traseira";"Sem Vítimas";"Pleno dia";"Crescente";"Céu Claro";"Múltipla";"Reta";"Não";3;0;0;0;2;2;0;4;-22,58978112;-44,88535587;"SPRF-SP";"DEL08-SP";"UOP02-DEL08-SP"
657081;2025-01-03;"sexta-feira";"12:55:00";"PI";316;259;"IPIRANGA DO PIAUI";"Acessar a via sem observar a presença dos outros veículos";"Colisão frontal";"Com Vítimas Feridas";"Pleno dia";"Crescente";"Sol";"Simples";"Reta";"Sim";2;0;0;1;1;0;1;2;-6,81961598;-41,73781153;"SPRF-PI";"DEL04-PI";"UOP02-DEL04-PI"
657083;2025-01-24;"sexta-feira";"18:15:00";"AL";101;138;"SAO MIGUEL DOS CAMPOS";"Reação tardia ou ineficiente do condutor";"Colisão transversal";"Sem Vítimas";"Plena Noite";"Crescente";"Céu Claro";"Dupla";"Desvio Temporário;Em Obras";"Sim";3;0;0;0;2;1;0;3;-9,80975158;-36,11701903;"SPRF-AL";"DEL02-AL";"UOP01-DEL02-AL"
657088;2025-01-24;"sexta-feira";"14:10:00";"RJ";101;576;"PARATY";"Reação tardia ou ineficiente do condutor";"Tombamento";"Com Vítimas Feridas";"Pleno dia";"Crescente";"Céu Claro";"Simples";"Curva";"Não";2;0;1;0;0;1;1;2;-23,090246;-44,693758;"SPRF-RJ";"DEL03-RJ";"UOP04-DEL03-RJ"
657092;2025-01-24;"sexta-feira";"19:25:00";"PI";343;332;"TERESINA";"Ausência de reação do condutor";"Colisão lateral mesmo sentido";"Com Vítimas Feridas";"Plena Noite";"Decrescente";"Céu Claro";"Dupla";"Reta";"Não";2;0;0;1;0;1;1;2;-5,058209;-42,66679;"SPRF-PI";"DEL01-PI";"UOP01-DEL01-PI"
657098;2025-01-24;"sexta-feira";"17:15:00";"SC";282;542;"CHAPECO";"Reação tardia ou ineficiente do condutor";"Tombamento";"Sem Vítimas";"Pleno dia";"Decrescente";"Céu Claro";"Simples";"Curva;Declive";"Não";2;0;0;0;1;3;0;4;-27,001301;-52,707569;"SPRF-SC";"DEL07-SC";"UOP01-DEL07-SC"
657100;2025-01-24;"sexta-feira";"15:55:00";"MG";262;13,1;"MARTINS SOARES";"Acessar a via sem observar a presença dos outros veículos";"Colisão transversal";"Sem Vítimas";"Pleno dia";"Decrescente";"Céu Claro";"Simples";"Reta";"Não";5;0;0;0;5;0;0;2;-20,25771509;-41,86161294;"SPRF-MG";"DEL06-MG";"UOP03-DEL06-MG"
657101;2025-01-24;"sexta-feira";"21:21:00";"ES";101;263;"SERRA";"Frear bruscamente";"Colisão com objeto";"Com Vítimas Feridas";"Plena Noite";"Decrescente";"Céu Claro";"Dupla";"Reta;Declive";"Não";2;0;1;0;1;0;1;1;-20,16554736;-40,27301648;"SPRF-ES";"DEL02-ES";"UOP01-DEL02-ES"
657102;2025-01-24;"sexta-feira";"14:40:00";"MT";163;691;"LUCAS DO RIO VERDE";"Ultrapassagem Indevida";"Colisão traseira";"Com Vítimas Fatais";"Pleno dia";"Crescente";"Céu Claro";"Simples";"Curva";"Não";3;1;0;0;1;1;0;3;-13,15077404;-55,97136391;"SPRF-MT";"DEL06-MT";"UOP01-DEL06-MT"
657105;2025-01-24;"sexta-feira";"19:19:00";"RS";290;352,2;"SAO SEPE";"Velocidade Incompatível";"Colisão frontal";"Com Vítimas Fatais";"Pleno dia";"Decrescente";"Chuva";"Simples";"Declive;Reta";"Não";8;1;0;3;1;3;3;4;-30,372091;-53,692841;"SPRF-RS";"DEL09-RS";"UOP02-DEL09-RS"
657112;2025-01-24;"sexta-feira";"20:15:00";"SC";282;439;"IRANI";"Ausência de reação do condutor";"Colisão traseira";"Com Vítimas Feridas";"Plena Noite";"Decrescente";"Nublado";"Simples";"Reta";"Não";3;0;1;0;1;1;1;3;-26,945671;-51,861717;"SPRF-SC";"DEL07-SC";"UOP04-DEL07-SC"
657117;2025-01-24;"sexta-feira";"20:25:00";"SC";280;187,2;"MAFRA";"Ausência de reação do condutor";"Colisão com objeto";"Com Vítimas Fatais";"Plena Noite";"Crescente";"Chuva";"Simples";"Declive;Interseção de Vias;Reta;Rotatória";"Não";2;1;0;0;0;1;0;2;-26,16790438;-49,95451995;"SPRF-SC";"DEL06-SC";"UOP01-DEL06-SC"
657124;2025-01-24;"sexta-feira";"22:40:00";"SP";116;218;"GUARULHOS";"Participar de racha";"Colisão traseira";"Com Vítimas Feridas";"Plena Noite";"Decrescente";"Nublado";"Múltipla";"Reta;Em Obras";"Sim";3;0;1;0;0;2;1;3;-23,457972;-46,479927;"SPRF-SP";"DEL01-SP";"UOP01-DEL01-SP"
657131;2025-01-24;"sexta-feira";"21:40:00";"PR";376;383,9;"IMBAU";"Acessar a via sem observar a presença dos outros veículos";"Colisão frontal";"Com Vítimas Fatais";"Plena Noite";"Decrescente";"Nublado";"Dupla";"Reta";"Sim";2;1;0;0;1;0;0;2;-24,43001144;-50,76598763;"SPRF-PR";"DEL03-PR";"UOP02-DEL03-PR"
657133;2025-01-24;"sexta-feira";"22:27:00";"PB";230;249;"JUAZEIRINHO";"Ausência de reação do condutor";"Colisão traseira";"Sem Vítimas";"Plena Noite";"Crescente";"Céu Claro";"Simples";"Reta";"Não";2;0;0;0;2;0;0;2;-7,0661;-36,6441;"SPRF-PB";"DEL02-PB";"UOP02-DEL02-PB"