"id";"data_inversa";"dia_semana";"horario";"uf";"br";"km";"municipio";"causa_acidente";"tipo_acidente";"classificacao_acidente";"fase_dia";"sentido_via";"condicao_metereologica";"tipo_pista";"tracado_via";"uso_solo";"pessoas";"mortos";"feridos_leves";"feridos_graves";"ilesos";"ignorados";"feridos";"veiculos";"latitude";"longitude";"regional";"delegacia";"uop"
657522;2025-01-26;"domingo";"17:20:00";"RJ";116;196;"QUEIMADOS";"Reação tardia ou ineficiente do condutor";"Colisão traseira";"Com Vítimas Feridas";"Anoitecer";"Decrescente";"Garoa/Chuvisco";"Dupla";"Curva";"Sim";8;0;4;0;3;1;4;3;-22,73336575;-43,55659479;"SPRF-RJ";"DEL06-RJ";"UOP01-DEL06-RJ"
657524;2025-01-26;"domingo";"17:00:00";"MS";262;311;"CAMPO GRANDE";"Ingestão de álcool pelo condutor";"Colisão lateral sentido oposto";"Sem Vítimas";"Pleno dia";"Decrescente";"Céu Claro";"Simples";"Reta";"Não";3;0;0;0;2;3;0;5;-20,47415591;-54,39129199;"SPRF-MS";"DEL01-MS";"UOP01-DEL01-MS"
657527;2025-01-26;"domingo";"15:30:00";"RJ";40;92;"PETROPOLIS";"Reação tardia ou ineficiente do condutor";"Tombamento";"Com Vítimas Feridas";"Pleno dia";"Crescente";"Chuva";"Simples";"Curva;Declive";"Não";2;0;1;0;1;0;1;1;-22,55191954;-43,25068815;"SPRF-RJ";"DEL01-RJ";"UOP01-DEL01-RJ"
657532;2025-01-26;"domingo";"03:30:00";"BA";407;227;"CAPIM GROSSO";"Ausência de reação do condutor";"Colisão traseira";"Com Vítimas Feridas";"Plena Noite";"Decrescente";"Garoa/Chuvisco";"Simples";"Reta";"Sim";2;0;0;1;0;1;1;2;-11,33058004;-40,01665726;"SPRF-BA";"DEL04-BA";"UOP02-DEL04-BA"
657536;2025-01-26;"domingo";"18:39:00";"GO";20;11;"FORMOSA";"Reação tardia ou ineficiente do condutor";"Colisão frontal";"Com Vítimas Feridas";"Pleno dia";"Crescente";"Céu Claro";"Simples";"Reta";"Não";4;0;0;2;1;1;2;3;-15,562011;-47,257778;"SPRF-DF";"DEL02-DF";"UOP02-DEL02-DF"
657539;2025-01-26;"domingo";"15:45:00";"GO";70;320;"JUSSARA";"Acumulo de água sobre o pavimento";"Colisão lateral sentido oposto";"Com Vítimas Fatais";"Pleno dia";"Crescente";"Chuva";"Simples";"Declive;Ponte;Curva";"Sim";7;1;1;2;1;2;3;4;-15,87794115;-50,88363469;"SPRF-GO";"DEL04-GO";"UOP02-DEL04-GO"
657545;2025-01-26;"domingo";"19:00:00";"MG";381;515,9;"IGARAPE";"Velocidade Incompatível";"Saída de leito carroçável";"Com Vítimas Feridas";"Plena Noite";"Decrescente";"Nublado";"Dupla";"Curva;Declive";"Não";4;0;3;1;0;0;4;1;-20,09734;-44,3159;"SPRF-MG";"DEL01-MG";"UOP03-DEL01-MG"
657550;2025-01-26;"domingo";"17:46:00";"MA";10;294,1;"IMPERATRIZ";"Transitar na contramão";"Colisão frontal";"Com Vítimas Fatais";"Pleno dia";"Crescente";"Céu Claro";"Simples";"Reta";"Não";3;1;1;0;0;1;1;3;-5,165295;-47,534004;"SPRF-MA";"DEL04-MA";"UOP01-DEL04-MA"
657557;2025-01-26;"domingo";"19:27:00";"MG";365;637;"UBERLANDIA";"Reação tardia ou ineficiente do condutor";"Tombamento";"Com Vítimas Feridas";"Plena Noite";"Crescente";"Chuva";"Dupla";"Declive";"Não";8;0;6;0;0;2;6;4;-18,889801;-48,43735;"SPRF-MG";"DEL15-MG";"UOP01-DEL15-MG"
657558;2025-01-26;"domingo";"20:20:00";"MG";381;516,1;"IGARAPE";"Velocidade Incompatível";"Colisão lateral mesmo sentido";"Com Vítimas Feridas";"Plena Noite";"Decrescente";"Céu Claro";"Dupla";"Reta;Declive";"Não";5;0;1;0;3;1;1;4;-20,10866993;-44,31488799;"SPRF-MG";"DEL01-MG";"UOP03-DEL01-MG"
657574;2025-01-26;"domingo";"20:50:00";"RS";153;50;"ERECHIM";"Retorno proibido";"Colisão transversal";"Sem Vítimas";"Plena Noite";"Decrescente";"Céu Claro";"Simples";"Reta;Interseção de Vias";"Sim";4;0;0;0;4;0;0;3;-27,65623359;-52,27554709;"SPRF-RS";"DEL08-RS";"UOP04-DEL08-RS"
657585;2025-01-26;"domingo";"21:30:00";"MG";40;462;"SETE LAGOAS";"Chuva";"Saída de leito carroçável";"Com Vítimas Feridas";"Plena Noite";"Crescente";"Chuva";"Dupla";"Declive";"Não";2;0;1;0;0;1;1;2;-19,4136917;-44,33879427;"SPRF-MG";"DEL02-MG";"UOP01-DEL02-MG"
657587;2025-01-26;"domingo";"19:15:00";"RS";116;70,5;"CAMPESTRE DA SERRA";"Acessar a via sem observar a presença dos outros veículos";"Colisão traseira";"Sem Vítimas";"Anoitecer";"Decrescente";"Céu Claro";"Simples";"Reta";"Não";3;0;0;0;1;2;0;3;-28,71784397;-51,08742966;"SPRF-RS";"DEL05-RS";"UOP03-DEL05-RS"
657589;2025-01-26;"domingo";"19:00:00";"MG";381;586,3;"CARMOPOLIS DE MINAS";"Reação tardia ou ineficiente do condutor";"Colisão lateral mesmo sentido";"Com Vítimas Feridas";"Plena Noite";"Crescente";"Chuva";"Dupla";"Curva";"Sim";3;0;1;0;1;2;1;4;-20,54431144;-44,64751868;"SPRF-MG";"DEL04-MG";"UOP01-DEL04-MG"
657592;2025-01-26;"domingo";"08:40:00";"MT";364;1;"ALTO ARAGUAIA";"Demais falhas mecânicas ou elétricas";"Incêndio";"Sem Vítimas";"Pleno dia";"Decrescente";"Céu Claro";"Dupla";"Reta";"Sim";3;0;0;0;1;2;0;3;-17,31227325;-53,21828343;"SPRF-MT";"DEL02-MT";"UOP02-DEL02-MT"
657605;2025-01-27;"segunda-feira";"00:50:00";"SC";282;340;"CAMPOS NOVOS";"Ingestão de álcool pelo condutor";"Colisão lateral sentido oposto";"Com Vítimas Feridas";"Plena Noite";"Decrescente";"Céu Claro";"Simples";"Reta";"Não";3;0;1;0;1;1;1;2;-27,388266;-51,203793;"SPRF-SC";"DEL07-SC";"UOP06-DEL07-SC"
657610;2025-01-27;"segunda-feira";"02:30:00";"PR";277;338;"GUARAPUAVA";"Ausência de reação do condutor";"Colisão traseira";"Com Vítimas Fatais";"Plena Noite";"Crescente";"Chuva";"Múltipla";"Reta";"Sim";5;1;0;0;3;1;0;3;-25,339917;-51,430278;"SPRF-PR";"DEL08-PR";"UOP01-DEL08-PR"
657613;2025-01-27;"segunda-feira";"03:00:00";"AL";101;179,4;"JUNQUEIRO";"Transitar na contramão";"Colisão frontal";"Com Vítimas Fatais";"Plena Noite";"Decrescente";"Céu Claro";"Dupla";"Reta;Declive";"Não";2;1;0;0;0;1;0;2;-9,88842574;-36,39977803;"SPRF-AL";"DEL02-AL";"UOP02-DEL02-AL"
657619;2025-01-27;"segunda-feira";"05:08:00";"PB";230;145;"CAMPINA GRANDE";"Conversão proibida";"Colisão transversal";"Com Vítimas Feridas";"Amanhecer";"Decrescente";"Nublado";"Dupla";"Aclive;Reta";"Sim";6;0;2;2;2;0;4;2;-7,2512;-35,8399;"SPRF-PB";"DEL02-PB";"UOP01-DEL02-PB"
657623;2025-01-27;"segunda-feira";"04:00:00";"SP";116;545;"BARRA DO TURVO";"Reação tardia ou ineficiente do condutor";"Colisão com objeto";"Com Vítimas Feridas";"Plena Noite";"Crescente";"Nublado";"Simples";"Curva;Declive";"Não";2;0;1;0;0;1;1;2;-24,97035013;-48,49691597;"SPRF-SP";"DEL05-SP";"UOP02-DEL05-SP"
657625;2025-01-27;"segunda-feira";"06:05:00";"PE";101;54,4;"PAULISTA";"Velocidade Incompatível";"Tombamento";"Com Vítimas Feridas";"Pleno dia";"Decrescente";"Nublado";"Múltipla";"Reta";"Sim";3;0;1;0;2;0;1;3;-7,94575087;-34,90439057;"SPRF-PE";"DEL01-PE";"UOP02-DEL01-PE"
657627;2025-01-27;"segunda-feira";"06:30:00";"MG";116;276;"TEOFILO OTONI";"Reação tardia ou ineficiente do condutor";"Colisão lateral mesmo sentido";"Com Vítimas Feridas";"Pleno dia";"Decrescente";"Céu Claro";"Dupla";"Curva";"Sim";3;0;2;0;1;0;2;2;-17,85105696;-41,51454492;"SPRF-MG";"DEL11-MG";"UOP01-DEL11-MG"
657633;2025-01-27;"segunda-feira";"00:30:00";"BA";242;477;"IBITIARA";"Ausência de reação do condutor";"Colisão com objeto";"Com Vítimas Feridas";"Plena Noite";"Crescente";"Céu Claro";"Simples";"Reta;Aclive";"Não";8;0;5;1;1;2;6;5;-12,47317295;-42,2897659;"SPRF-BA";"DEL06-BA";"UOP01-DEL06-BA"
657637;2025-01-27;"segunda-feira";"06:49:00";"PR";369;184,8;"ARAPONGAS";"Desrespeitar a preferência no cruzamento";"Colisão transversal";"Com Vítimas Fatais";"Pleno dia";"Decrescente";"Nublado";"Simples";"Reta;Interseção de Vias";"Sim";3;1;0;0;1;1;0;3;-23,4055189;-51,42840207;"SPRF-PR";"DEL07-PR";"UOP03-DEL07-PR"
657638;2025-01-27;"segunda-feira";"01:00:00";"MT";364;349;"SANTO ANTONIO DO LEVERGER";"Reação tardia ou ineficiente do condutor";"Tombamento";"Sem Vítimas";"Plena Noite";"Crescente";"Céu Claro";"Dupla";"Curva";"Não";1;0;0;0;0;1;0;1;-15,80502622;-55,5546431;"SPRF-MT";"DEL05-MT";"UOP02-DEL05-MT"
657643;2025-01-27;"segunda-feira";"06:30:00";"RJ";116;293;"BARRA MANSA";"Demais falhas na via";"Tombamento";"Com Vítimas Feridas";"Pleno dia";"Decrescente";"Nublado";"Dupla";"Reta";"Não";2;0;1;0;0;1;1;2;-22,45745983;-44,29161274;"SPRF-RJ";"DEL07-RJ";"UOP02-DEL07-RJ"
657645;2025-01-27;"segunda-feira";"07:35:00";"SC";101;119;"ITAJAI";"Trafegar com motocicleta (ou similar) entre as faixas";"Colisão lateral mesmo sentido";"Com Vítimas Feridas";"Pleno dia";"Crescente";"Céu Claro";"Dupla";"Reta";"Sim";4;0;1;0;1;4;1;6;-26,9043179;-48,71555481;"SPRF-SC";"DEL04-SC";"UOP04-DEL04-SC"
657646;2025-01-27;"segunda-feira";"07:53:00";"BA";324;621;"SALVADOR";"Acesso irregular";"Colisão lateral mesmo sentido";"Sem Vítimas";"Pleno dia";"Crescente";"Céu Claro";"Dupla";"Reta";"Não";2;0;0;0;2;0;0;2;-12,91233708;-38,45956983;"SPRF-BA";"DEL01-BA";"UOP01-DEL01-BA"
657656;2025-01-27;"segunda-feira";"06:50:00";"BA";324;420;"RIACHAO DO JACUIPE";"Pedestre cruzava a pista fora da faixa";"Atropelamento de Pedestre";"Com Vítimas Feridas";"Pleno dia";"Decrescente";"Céu Claro";"Simples";"Reta";"Não";2;0;1;0;1;0;1;2;-11,70700787;-39,52362288;"SPRF-BA";"DEL04-BA";"UOP02-DEL04-BA"
657659;2025-01-27;"segunda-feira";"09:38:00";"MG";40;526,9;"CONTAGEM";"Manobra de mudança de faixa";"Colisão lateral mesmo sentido";"Sem Vítimas";"Pleno dia";"Decrescente";"Céu Claro";"Dupla";"Aclive";"Não";6;0;0;0;5;1;0;4;-19,89255399;-44,04985478;"SPRF-MG";"DEL01-MG";"UOP02-DEL01-MG"
657671;2025-01-27;"segunda-feira";"09:40:00";"RS";290;365,7;"VILA NOVA DO SUL";"Reação tardia ou ineficiente do condutor";"Tombamento";"Com Vítimas Feridas";"Pleno dia";"Crescente";"Céu Claro";"Simples";"Reta";"Não";3;0;0;1;0;2;1;3;-30,360786;-53,817539;"SPRF-RS";"DEL09-RS";"UOP02-DEL09-RS"
657673;2025-01-27;"segunda-feira";"07:45:00";"CE";116;494,4;"MILAGRES";"Acessar a via sem observar a presença dos outros veículos";"Colisão transversal";"Com Vítimas Feridas";"Pleno dia";"Crescente";"Céu Claro";"Simples";"Reta;Interseção de Vias;Declive";"Não";4;0;0;1;1;2;1;3;-7,39283437;-38,96067552;"SPRF-CE";"DEL05-CE";"UOP03-DEL05-CE"
657681;2025-01-27;"segunda-feira";"10:25:00";"MG";381;889;"CAMBUI";"Velocidade Incompatível";"Saída de leito carroçável";"Com Vítimas Feridas";"Pleno dia";"Crescente";"Céu Claro";"Dupla";"Curva";"Não";2;0;1;0;0;1;1;2;-22,57874206;-46,04473491;"SPRF-MG";"DEL16-MG";"UOP01-DEL16-MG"
657696;2025-01-27;"segunda-feira";"11:10:00";"SC";280;26;"ARAQUARI";"Manobra de mudança de faixa";"Colisão traseira";"Sem Vítimas";"Pleno dia";"Crescente";"Céu Claro";"Simples";"Reta";"Não";4;0;0;0;3;1;0;3;-26,38972308;-48,73411593;"SPRF-SC";"DEL03-SC";"UOP03-DEL03-SC"
657697;2025-01-27;"segunda-feira";"13:40:00";"PR";116;2;"CAMPINA GRANDE DO SUL";"Reação tardia ou ineficiente do condutor";"Colisão transversal";"Com Vítimas Feridas";"Pleno dia";"Crescente";"Céu Claro";"Dupla";"Reta";"Não";2;0;0;1;1;0;1;2;-25,3562;-49,0677;"SPRF-PR";"DEL01-PR";"UOP02-DEL01-PR"
657703;2025-01-27;"segunda-feira";"14:05:00";"AL";316;228;"ATALAIA";"Velocidade Incompatível";"Colisão lateral sentido oposto";"Com Vítimas Feridas";"Pleno dia";"Crescente";"Chuva";"Simples";"Curva";"Não";5;0;0;1;4;0;1;3;-9,49417338;-36,13686798;"SPRF-AL";"DEL01-AL";"UOP01-DEL01-AL"
657704;2025-01-27;"segunda-feira";"13:40:00";"RS";158;444,7;"ROSARIO DO SUL";"Velocidade Incompatível";"Tombamento";"Com Vítimas Feridas";"Pleno dia";"Decrescente";"Céu Claro";"Simples";"Rotatória";"Não";2;0;1;0;0;1;1;2;-30,22973447;-54,7298776;"SPRF-RS";"DEL11-RS";"UOP02-DEL11-RS"
657705;2025-01-14;"terça-feira";"21:54:00";"CE";222;221;"SOBRAL";"Condutor deixou de manter distância do veículo da frente";"Colisão traseira";"Com Vítimas Feridas";"Plena Noite";"Decrescente";"Chuva";"Simples";"Reta";"Sim";2;0;1;0;1;0;1;2;-3,72703784;-40,32233965;"SPRF-CE";"DEL04-CE";"UOP01-DEL04-CE"
657708;2025-01-27;"segunda-feira";"13:50:00";"SC";116;212;"CORREIA PINTO";"Reação tardia ou ineficiente do condutor";"Tombamento";"Com Vítimas Feridas";"Pleno dia";"Decrescente";"Céu Claro";"Simples";"Curva";"Não";2;0;1;0;0;1;1;2;-27,51804376;-50,36466561;"SPRF-SC";"DEL05-SC";"UOP03-DEL05-SC"
657714;2025-01-27;"segunda-feira";"14:30:00";"SC";101;134,3;"BALNEARIO CAMBORIU";"Demais falhas mecânicas ou elétricas";"Incêndio";"Sem Vítimas";"Pleno dia";"Decrescente";"Nublado";"Dupla";"Reta";"Sim";2;0;0;0;1;1;0;2;-27,00218;-48,636433;"SPRF-SC";"DEL04-SC";"UOP03-DEL04-SC"
657719;2025-01-21;"terça-feira";"13:00:00";"MG";116;417;"GOVERNADOR VALADARES";"Condutor deixou de manter distância do veículo da frente";"Colisão traseira";"Com Vítimas Feridas";"Pleno dia";"Decrescente";"Céu Claro";"Simples";"Reta";"Não";3;0;1;0;2;0;1;3;-18,90130308;-41,94492414;"SPRF-MG";"DEL06-MG";"UOP01-DEL06-MG"
657723;2025-01-27;"segunda-feira";"15:30:00";"PR";277;2,8;"PARANAGUA";"Acessar a via sem observar a presença dos outros veículos";"Colisão lateral mesmo sentido";"Com Vítimas Feridas";"Pleno dia";"Crescente";"Céu Claro";"Simples";"Interseção de Vias;Reta";"Sim";3;0;1;0;1;2;1;4;-25,568198;-48,615292;"SPRF-PR";"DEL01-PR";"UOP05-DEL01-PR"
657725;2025-01-27;"segunda-feira";"14:22:00";"AL";101;171;"TEOTONIO VILELA";"Ausência de reação do condutor";"Colisão traseira";"Com Vítimas Fatais";"Pleno dia";"Crescente";"Céu Claro";"Dupla";"Curva;Declive";"Sim";3;1;0;0;1;2;0;4;-9,90913698;-36,33473799;"SPRF-AL";"DEL02-AL";"UOP02-DEL02-AL"
657735;2025-01-27;"segunda-feira";"16:00:00";"PR";163;174,8;"LINDOESTE";"Ausência de reação do condutor";"Saída de leito carroçável";"Com Vítimas Feridas";"Pleno dia";"Crescente";"Chuva";"Dupla";"Em Obras;Declive;Curva";"Não";2;0;1;0;0;1;1;2;-25,21734703;-53,59537645;"SPRF-PR";"DEL05-PR";"UOP05-DEL05-PR"
657736;2025-01-27;"segunda-feira";"16:50:00";"MG";116;662,7;"SAO FRANCISCO DO GLORIA";"Velocidade Incompatível";"Colisão lateral sentido oposto";"Com Vítimas Feridas";"Pleno dia";"Crescente";"Chuva";"Simples";"Curva";"Não";5;0;2;0;2;1;2;4;-20,79792691;-42,30837166;"SPRF-MG";"DEL07-MG";"UOP02-DEL07-MG"
657740;2025-01-27;"segunda-feira";"16:50:00";"MG";262;360;"BETIM";"Condutor deixou de manter distância do veículo da frente";"Colisão traseira";"Sem Vítimas";"Pleno dia";"Crescente";"Nublado";"Dupla";"Declive;Reta";"Sim";2;0;0;0;2;0;0;2;-19,9830204;-44,20924834;"SPRF-MG";"DEL01-MG";"UOP03-DEL01-MG"
657741;2025-01-27;"segunda-feira";"16:10:00";"RO";364;705;"PORTO VELHO";"Manobra de mudança de faixa";"Colisão lateral mesmo sentido";"Com Vítimas Feridas";"Pleno dia";"Crescente";"Céu Claro";"Dupla";"Retorno Regulamentado;Reta";"Sim";5;0;2;0;2;2;2;5;-8,80030041;-63,81926358;"SPRF-RO";"DEL01-RO";"UOP01-DEL01-RO"
657742;2025-01-27;"segunda-feira";"17:00:00";"SC";101;19,5;"BIGUACU";"Manobra de mudança de faixa";"Colisão lateral mesmo sentido";"Com Vítimas Feridas";"Pleno dia";"Crescente";"Nublado";"Dupla";"Curva";"Não";2;0;1;0;1;0;1;2;-27,4946;-48,6561;"SPRF-SC";"DEL01-SC";"UOP01-DEL01-SC"
657744;2025-01-27;"segunda-feira";"16:10:00";"MS";376;172;"NOVA ANDRADINA";"Manobra de mudança de faixa";"Colisão lateral mesmo sentido";"Com Vítimas Feridas";"Pleno dia";"Decrescente";"Garoa/Chuvisco";"Dupla";"Rotatória";"Sim";4;0;2;0;1;1;2;3;-22,26664627;-53,3635872;"SPRF-MS";"DEL04-MS";"UOP04-DEL04-MS"
657745;2025-01-27;"segunda-feira";"17:10:00";"MG";40;452;"CAETANOPOLIS";"Pista Escorregadia";"Colisão traseira";"Com Vítimas Feridas";"Anoitecer";"Decrescente";"Chuva";"Dupla";"Reta";"Não";4;0;1;1;1;1;2;3;-19,33382121;-44,36107939;"SPRF-MG";"DEL02-MG";"UOP01-DEL02-MG"
657751;2025-01-27;"segunda-feira";"17:00:00";"AL";101;3;"NOVO LINO";"Velocidade Incompatível";"Saída de leito carroçável";"Sem Vítimas";"Pleno dia";"Decrescente";"Chuva";"Dupla";"Reta;Declive";"Não";3;0;0;0;2;1;0;3;-8,91012942;-35,63471317;"SPRF-AL";"DEL01-AL";"UOP02-DEL01-AL"
657756;2025-01-27;"segunda-feira";"18:05:00";"MA";135;21;"SAO LUIS";"Reação tardia ou ineficiente do condutor";"Colisão lateral mesmo sentido";"Com Vítimas Feridas";"Plena Noite";"Decrescente";"Céu Claro";"Dupla";"Reta";"Sim";2;0;0;1;1;0;1;2;-2,53073;-44,3068;"SPRF-MA";"DEL01-MA";"UOP01-DEL01-MA"
657757;2025-01-27;"segunda-feira";"17:30:00";"SC";282;614;"MARAVILHA";"Frear bruscamente";"Queda de ocupante de veículo";"Com Vítimas Feridas";"Anoitecer";"Crescente";"Chuva";"Simples";"Curva";"Não";3;0;2;0;1;0;2;2;-26,76932;-53,264568;"SPRF-SC";"DEL07-SC";"UOP02-DEL07-SC"
657758;2025-01-27;"segunda-feira";"18:10:00";"PR";116;45;"CAMPINA GRANDE DO SUL";"Reação tardia ou ineficiente do condutor";"Saída de leito carroçável";"Com Vítimas Feridas";"Anoitecer";"Crescente";"Chuva";"Múltipla";"Curva;Declive";"Não";1;0;1;0;0;0;1;1;-25,19502698;-48,89003802;"SPRF-PR";"DEL01-PR";"UOP02-DEL01-PR"
657760;2025-01-27;"segunda-feira";"18:25:00";"MS";262;487;"ANASTACIO";"Demais falhas mecânicas ou elétricas";"Atropelamento de Pedestre";"Com Vítimas Feridas";"Plena Noite";"Decrescente";"Céu Claro";"Simples";"Reta";"Sim";3;0;0;1;1;1;1;3;-20,50040494;-55,79686761;"SPRF-MS";"DEL03-MS";"UOP01-DEL03-MS"
657763;2025-01-27;"segunda-feira";"19:25:00";"SC";282;16,1;"PALHOCA";"Conversão proibida";"Colisão lateral sentido oposto";"Com Vítimas Feridas";"Plena Noite";"Decrescente";"Chuva";"Simples";"Reta";"Sim";3;0;0;1;2;0;1;3;-27,658611;-48,681847;"SPRF-SC";"DEL01-SC";"UOP02-DEL01-SC"
657768;2025-01-27;"segunda-feira";"18:28:00";"RS";386;333,8;"MARQUES DE SOUZA";"Acumulo de água sobre o pavimento";"Colisão transversal";"Com Vítimas Feridas";"Anoitecer";"Decrescente";"Chuva";"Simples";"Curva";"Não";3;0;1;0;1;2;1;4;-29,355341;-52,069054;"SPRF-RS";"DEL04-RS";"UOP01-DEL04-RS"
657770;2025-01-27;"segunda-feira";"18:10:00";"MS";163;484,3;"CAMPO GRANDE";"Acessar a via sem observar a presença dos outros veículos";"Colisão transversal";"Com Vítimas Fatais";"Anoitecer";"Decrescente";"Nublado";"Simples";"Interseção de Vias;Reta";"Sim";6;1;0;0;5;0;0;3;-20,45104898;-54,5403266;"SPRF-MS";"DEL01-MS";"UOP02-DEL01-MS"
657779;2025-01-27;"segunda-feira";"19:30:00";"RS";470;221;"GARIBALDI";"Reação tardia ou ineficiente do condutor";"Saída de leito carroçável";"Com Vítimas Feridas";"Amanhecer";"Crescente";"Chuva";"Simples";"Rotatória";"Não";1;0;1;0;0;0;1;1;-29,20881423;-51,51823997;"SPRF-RS";"DEL06-RS";"UOP01-DEL06-RS"
657782;2025-01-27;"segunda-feira";"20:24:00";"SP";116;316;"SAO LOURENCO DA SERRA";"Reação tardia ou ineficiente do condutor";"Tombamento";"Com Vítimas Feridas";"Plena Noite";"Decrescente";"Nublado";"Dupla";"Reta";"Não";1;0;1;0;0;0;1;1;-23,91054997;-46,99149375;"SPRF-SP";"DEL04-SP";"UOP03-DEL04-SP"
657787;2025-01-27;"segunda-feira";"18:20:00";"MG";40;404;"CURVELO";"Demais falhas mecânicas ou elétricas";"Colisão frontal";"Com Vítimas Feridas";"Plena Noite";"Crescente";"Nublado";"Simples";"Reta";"Não";3;0;0;2;0;2;2;4;-19,06535102;-44,65313827;"SPRF-MG";"DEL02-MG";"UOP01-DEL02-MG"
657795;2025-01-27;"segunda-feira";"19:35:00";"SC";280;230;"CANOINHAS";"Mal súbito do condutor";"Colisão frontal";"Com Vítimas Feridas";"Plena Noite";"Crescente";"Céu Claro";"Simples";"Reta;Declive";"Sim";3;0;1;0;1;2;1;4;-26,18756479;-50,36192211;"SPRF-SC";"DEL06-SC";"UOP04-DEL06-SC"
657796;2025-01-27;"segunda-feira";"15:20:00";"RJ";101;295;"ITABORAI";"Demais falhas mecânicas ou elétricas";"Tombamento";"Com Vítimas Feridas";"Pleno dia";"Decrescente";"Sol";"Dupla";"Reta";"Sim";1;0;1;0;0;0;1;1;-22,76365068;-42,90223623;"SPRF-RJ";"DEL02-RJ";"UOP02-DEL02-RJ"
657797;2025-01-27;"segunda-feira";"08:25:00";"MG";116;591;"MANHUACU";"Reação tardia ou ineficiente do condutor";"Tombamento";"Com Vítimas Feridas";"Pleno dia";"Crescente";"Nublado";"Simples";"Curva";"Não";2;0;1;0;0;1;1;2;-20,26350393;-42,14180594;"SPRF-MG";"DEL06-MG";"UOP03-DEL06-MG"
657799;2025-01-27;"segunda-feira";"22:00:00";"PE";232;66,6;"GRAVATA";"Demais falhas mecânicas ou elétricas";"Incêndio";"Sem Vítimas";"Plena Noite";"Crescente";"Nublado";"Dupla";"Reta;Aclive";"Não";1;0;0;0;1;0;0;1;-8,166517;-35,461524;"SPRF-PE";"DEL02-PE";"UOP02-DEL02PE"
657802;2025-01-27;"segunda-feira";"23:45:00";"RJ";116;318;"ITATIAIA";"Reação tardia ou ineficiente do condutor";"Tombamento";"Com Vítimas Fatais";"Plena Noite";"Crescente";"Nublado";"Dupla";"Curva";"Não";3;1;0;0;1;1;0;3;-22,46797868;-44,51030403;"SPRF-RJ";"DEL07-RJ";"UOP02-DEL07-RJ"
657803;2025-01-27;"segunda-feira";"23:15:00";"RS";290;138;"ELDORADO DO SUL";"Ausência de reação do condutor";"Colisão lateral sentido oposto";"Com Vítimas Feridas";"Plena Noite";"Crescente";"Nublado";"Simples";"Reta";"Não";2;0;0;1;1;0;1;2;-30,075125;-51,590378;"SPRF-RS";"DEL02-RS";"UOP01-DEL02-RS"
657804;2025-01-27;"segunda-feira";"23:00:00";"PR";376;651,5;"TIJUCAS DO SUL";"Reação tardia ou ineficiente do condutor";"Colisão lateral mesmo sentido";"Sem Vítimas";"Plena Noite";"Decrescente";"Garoa/Chuvisco";"Dupla";"Reta;Declive";"Não";2;0;0;0;2;0;0;2;-25,845243;-49,078578;"SPRF-PR";"DEL01-PR";"UOP04-DEL01-PR"
657806;2025-01-27;"segunda-feira";"19:30:00";"RS";470;169,9;"VILA FLORES";"Frear bruscamente";"Colisão transversal";"Sem Vítimas";"Anoitecer";"Crescente";"Chuva";"Simples";"Declive;Reta";"Não";3;0;0;0;3;0;0;2;-28,87532452;-51,5493536;"SPRF-RS";"DEL06-RS";"UOP02-DEL06-RS"
657807;2025-01-27;"segunda-feira";"18:55:00";"RO";364;846;"PORTO VELHO";"Ausência de reação do condutor";"Colisão lateral mesmo sentido";"Com Vítimas Feridas";"Plena Noite";"Crescente";"Céu Claro";"Simples";"Reta";"Não";2;0;0;1;1;0;1;2;-9,44578532;-64,72839082;"SPRF-RO";"DEL01-RO";"UOP02-DEL01-RO"
657808;2025-01-27;"segunda-feira";"22:10:00";"MG";40;580;"ITABIRITO";"Sinalização mal posicionada";"Colisão com objeto";"Com Vítimas Feridas";"Plena Noite";"Crescente";"Céu Claro";"Dupla";"Curva";"Não";4;0;2;0;1;1;2;2;-20,29439498;-43,93886497;"SPRF-MG";"DEL01-MG";"UOP02-DEL01-MG"
657810;2025-01-28;"terça-feira";"01:30:00";"SC";101;149,5;"ITAPEMA";"Ingestão de álcool pelo condutor";"Colisão lateral mesmo sentido";"Com Vítimas Feridas";"Plena Noite";"Crescente";"Nublado";"Dupla";"Reta";"Sim";5;0;2;0;2;2;2;4;-27,1089649;-48,61277586;"SPRF-SC";"DEL04-SC";"UOP03-DEL04-SC"
657811;2025-01-28;"terça-feira";"02:10:00";"SP";116;156,4;"SAO JOSE DOS CAMPOS";"Sinalização mal posicionada";"Colisão traseira";"Com Vítimas Feridas";"Plena Noite";"Decrescente";"Céu Claro";"Dupla";"Em Obras;Reta";"Não";5;0;0;2;1;2;2;3;-23,25044084;-45,93572909;"SPRF-SP";"DEL02-SP";"UOP01-DEL02-SP"
657812;2025-01-28;"terça-feira";"02:25:00";"SP";116;156,4;"SAO JOSE DOS CAMPOS";"Condutor Dormindo";"Colisão com objeto";"Com Vítimas Feridas";"Plena Noite";"Decrescente";"Garoa/Chuvisco";"Dupla";"Em Obras;Reta";"Não";4;0;0;2;2;0;2;3;-23,25044084;-45,93572909;"SPRF-SP";"DEL02-SP";"UOP01-DEL02-SP"
657813;2025-01-28;"terça-feira";"02:54:00";"TO";153;560;"FATIMA";"Entrada inopinada do pedestre";"Atropelamento de Pedestre";"Com Vítimas Fatais";"Plena Noite";"Decrescente";"Céu Claro";"Simples";"Reta";"Não";5;1;0;0;2;2;0;4;-10,74245889;-48,90320815;"SPRF-TO";"DEL01-TO";"UOP01-DEL01-TO"