"id";"data_inversa";"dia_semana";"horario";"uf";"br";"km";"municipio";"causa_acidente";"tipo_acidente";"classificacao_acidente";"fase_dia";"sentido_via";"condicao_metereologica";"tipo_pista";"tracado_via";"uso_solo";"pessoas";"mortos";"feridos_leves";"feridos_graves";"ilesos";"ignorados";"feridos";"veiculos";"latitude";"longitude";"regional";"delegacia";"uop"
657814;2025-01-28;"terça-feira";"03:57:00";"PR";277;675;"MEDIANEIRA";"Ausência de reação do condutor";"Colisão traseira";"Com Vítimas Feridas";"Plena Noite";"Crescente";"Nevoeiro/Neblina";"Dupla";"Reta";"Não";2;0;0;1;1;0;1;2;-25,29891949;-54,12338731;"SPRF-PR";"DEL05-PR";"UOP01-DEL05-PR"
657818;2025-01-27;"segunda-feira";"18:40:00";"MG";153;114;"PRATA";"Demais falhas mecânicas ou elétricas";"Saída de leito carroçável";"Com Vítimas Feridas";"Pleno dia";"Decrescente";"Ignorado";"Simples";"Reta";"Não";1;0;1;0;0;0;1;1;-19,34920801;-48,89751704;"SPRF-MG";"DEL15-MG";"UOP03-DEL15-MG"
657825;2025-01-28;"terça-feira";"06:20:00";"BA";116;862,4;"VITORIA DA CONQUISTA";"Condutor Dormindo";"Saída de leito carroçável";"Com Vítimas Fatais";"Pleno dia";"Decrescente";"Céu Claro";"Simples";"Reta";"Não";2;1;0;0;0;1;0;2;-15,14539915;-41,04786428;"SPRF-BA";"DEL08-BA";"UOP01-DEL08-BA"
657826;2025-01-27;"segunda-feira";"14:40:00";"MT";364;488;"JANGADA";"Chuva";"Saída de leito carroçável";"Com Vítimas Feridas";"Pleno dia";"Crescente";"Chuva";"Simples";"Curva";"Não";2;0;1;0;0;1;1;2;-15,34178206;-56,41893614;"SPRF-MT";"DEL01-MT";"UOP02-DEL01-MT"
657839;2025-01-28;"terça-feira";"08:10:00";"BA";116;348;"SERRINHA";"Ultrapassagem Indevida";"Colisão lateral sentido oposto";"Com Vítimas Feridas";"Pleno dia";"Crescente";"Céu Claro";"Simples";"Reta";"Não";3;0;1;0;1;1;1;3;-11,573424;-38,98784001;"SPRF-BA";"DEL02-BA";"UOP01-DEL02-BA"
657843;2025-01-28;"terça-feira";"06:50:00";"PR";369;463,8;"CORBELIA";"Ausência de reação do condutor";"Colisão frontal";"Com Vítimas Fatais";"Pleno dia";"Crescente";"Céu Claro";"Simples";"Reta";"Não";3;1;1;0;0;1;1;3;-24,588702;-53,20224;"SPRF-PR";"DEL04-PR";"UOP03-DEL04-PR"
657851;2025-01-28;"terça-feira";"08:50:00";"ES";393;0;"CACHOEIRO DE ITAPEMIRIM";"Ultrapassagem Indevida";"Colisão lateral mesmo sentido";"Com Vítimas Feridas";"Pleno dia";"Crescente";"Céu Claro";"Simples";"Reta";"Sim";2;0;0;1;1;0;1;2;-20,841324;-41,15929;"SPRF-ES";"DEL03-ES";"UOP02-DEL03-ES"
657852;2025-01-28;"terça-feira";"08:48:00";"SC";101;222;"PALHOCA";"Reação tardia ou ineficiente do condutor";"Colisão traseira";"Com Vítimas Feridas";"Pleno dia";"Decrescente";"Nublado";"Dupla";"Reta";"Não";7;0;3;0;3;1;3;5;-27,70865409;-48,65586407;"SPRF-SC";"DEL01-SC";"UOP02-DEL01-SC"
657857;2025-01-28;"terça-feira";"08:30:00";"MS";163;487;"CAMPO GRANDE";"Acessar a via sem observar a presença dos outros veículos";"Colisão transversal";"Com Vítimas Feridas";"Pleno dia";"Crescente";"Céu Claro";"Simples";"Reta;Aclive";"Sim";4;0;2;0;2;0;2;3;-20,4205581;-54,54628821;"SPRF-MS";"DEL01-MS";"UOP02-DEL01-MS"
657858;2025-01-02;"quinta-feira";"13:55:00";"PR";153;124,8;"IBAITI";"Velocidade Incompatível";"Tombamento";"Com Vítimas Feridas";"Pleno dia";"Crescente";"Céu Claro";"Simples";"Declive";"Não";2;0;1;0;0;2;1;3;-23,95615418;-50,23736625;"SPRF-PR";"DEL07-PR";"UOP04-DEL07-PR"
657873;2025-01-28;"terça-feira";"11:55:00";"RS";153;46,8;"ERECHIM";"Reação tardia ou ineficiente do condutor";"Queda de ocupante de veículo";"Com Vítimas Feridas";"Pleno dia";"Crescente";"Céu Claro";"Simples";"Interseção de Vias";"Sim";3;0;1;0;1;1;1;3;-27,64277505;-52,24611163;"SPRF-RS";"DEL08-RS";"UOP04-DEL08-RS"
657877;2025-01-28;"terça-feira";"10:20:00";"RJ";393;272;"BARRA DO PIRAI";"Transitar na contramão";"Colisão lateral sentido oposto";"Com Vítimas Feridas";"Pleno dia";"Crescente";"Sol";"Simples";"Reta";"Não";3;0;1;1;0;1;2;3;-22,48328327;-43,96042792;"SPRF-RJ";"DEL05-RJ";"UOP04-DEL05-RJ"
657884;2025-01-28;"terça-feira";"10:00:00";"RJ";116;100,7;"GUAPIMIRIM";"Velocidade Incompatível";"Saída de leito carroçável";"Com Vítimas Fatais";"Pleno dia";"Crescente";"Nublado";"Simples";"Curva;Declive";"Não";2;1;0;0;0;1;0;2;-22,48909312;-43,00437599;"SPRF-RJ";"DEL04-RJ";"UOP01-DEL04-RJ"
657886;2025-01-28;"terça-feira";"12:05:00";"SC";470;114,5;"IBIRAMA";"Ultrapassagem Indevida";"Saída de leito carroçável";"Com Vítimas Feridas";"Pleno dia";"Crescente";"Nublado";"Simples";"Reta";"Sim";5;0;3;0;1;1;3;3;-27,08097464;-49,48457837;"SPRF-SC";"DEL04-SC";"UOP02-DEL04-SC"
657887;2025-01-28;"terça-feira";"12:30:00";"PE";101;80;"JABOATAO DOS GUARARAPES";"Manobra de mudança de faixa";"Colisão lateral mesmo sentido";"Sem Vítimas";"Pleno dia";"Crescente";"Sol";"Múltipla";"Reta";"Sim";4;0;0;0;3;2;0;4;-8,15112589;-34,9428866;"SPRF-PE";"DEL01-PE";"UOP01-DEL01-PE"
657888;2025-01-28;"terça-feira";"11:40:00";"MG";50;12;"ARAGUARI";"Ausência de reação do condutor";"Colisão com objeto";"Com Vítimas Feridas";"Pleno dia";"Decrescente";"Sol";"Dupla";"Reta;Aclive";"Não";2;0;1;0;1;0;1;2;-18,526694;-48,04132;"SPRF-MG";"DEL15-MG";"UOP02-DEL15-MG"
657892;2025-01-28;"terça-feira";"12:00:00";"PR";376;614;"SAO JOSE DOS PINHAIS";"Velocidade Incompatível";"Saída de leito carroçável";"Sem Vítimas";"Pleno dia";"Crescente";"Céu Claro";"Simples";"Curva";"Não";2;0;0;0;1;1;0;2;-25,56746628;-49,18078065;"SPRF-PR";"DEL01-PR";"UOP03-DEL01-PR"
657894;2025-01-28;"terça-feira";"13:50:00";"MG";381;942;"EXTREMA";"Chuva";"Colisão com objeto";"Com Vítimas Feridas";"Pleno dia";"Crescente";"Chuva";"Dupla";"Curva;Declive";"Não";2;0;1;0;0;1;1;2;-22,86605937;-46,34940386;"SPRF-MG";"DEL16-MG";"UOP03-DEL16-MG"
657897;2025-01-28;"terça-feira";"14:15:00";"DF";20;32;"BRASILIA";"Ingestão de álcool pelo condutor";"Saída de leito carroçável";"Sem Vítimas";"Pleno dia";"Decrescente";"Nublado";"Dupla";"Declive";"Não";2;0;0;0;1;2;0;3;-15,590174;-47,585899;"SPRF-DF";"DEL02-DF";"UOP01-DEL02-DF"
657900;2025-01-28;"terça-feira";"14:25:00";"RS";386;306,2;"POUSO NOVO";"Velocidade Incompatível";"Colisão frontal";"Com Vítimas Feridas";"Pleno dia";"Crescente";"Chuva";"Simples";"Curva;Declive";"Não";6;0;3;1;2;0;4;3;-29,194696;-52,185722;"SPRF-RS";"DEL04-RS";"UOP01-DEL04-RS"
657901;2025-01-28;"terça-feira";"14:50:00";"GO";60;133;"GOIANIA";"Ausência de reação do condutor";"Colisão traseira";"Com Vítimas Feridas";"Pleno dia";"Crescente";"Sol";"Dupla";"Curva;Declive";"Não";4;0;2;0;1;1;2;4;-16,5815;-49,1772;"SPRF-GO";"DEL01-GO";"UOP01-DEL01-GO"
657903;2025-01-28;"terça-feira";"14:30:00";"SP";381;10,5;"VARGEM";"Ausência de reação do condutor";"Colisão traseira";"Com Vítimas Feridas";"Pleno dia";"Decrescente";"Céu Claro";"Dupla";"Aclive;Reta";"Não";2;0;0;1;1;0;1;2;-22,92388856;-46,4495427;"SPRF-SP";"DEL03-SP";"UOP02-DEL03-SP"
657910;2025-01-28;"terça-feira";"16:00:00";"MG";381;492;"BETIM";"Ausência de reação do condutor";"Engavetamento";"Com Vítimas Feridas";"Pleno dia";"Decrescente";"Céu Claro";"Dupla";"Reta";"Não";8;0;1;0;6;2;1;9;-19,97490091;-44,19004301;"SPRF-MG";"DEL01-MG";"UOP03-DEL01-MG"
657911;2025-01-28;"terça-feira";"15:20:00";"SP";116;141,3;"SAO JOSE DOS CAMPOS";"Condutor deixou de manter distância do veículo da frente";"Colisão traseira";"Sem Vítimas";"Pleno dia";"Crescente";"Céu Claro";"Dupla";"Reta";"Sim";3;0;0;0;3;0;0;3;-23,17004717;-45,82091491;"SPRF-SP";"DEL02-SP";"UOP01-DEL02-SP"
657913;2025-01-28;"terça-feira";"16:10:00";"RS";285;129,4;"VACARIA";"Acessar a via sem observar a presença dos outros veículos";"Colisão transversal";"Com Vítimas Feridas";"Pleno dia";"Crescente";"Céu Claro";"Simples";"Reta";"Não";2;0;1;0;1;0;1;2;-28,456049;-50,984863;"SPRF-RS";"DEL05-RS";"UOP03-DEL05-RS"
657919;2025-01-28;"terça-feira";"16:00:00";"SP";116;134,9;"SAO JOSE DOS CAMPOS";"Ausência de reação do condutor";"Colisão traseira";"Com Vítimas Feridas";"Pleno dia";"Crescente";"Céu Claro";"Dupla";"Reta";"Não";3;0;1;0;1;2;1;4;-23,1402216;-45,7617252;"SPRF-SP";"DEL02-SP";"UOP01-DEL02-SP"
657930;2025-01-28;"terça-feira";"15:10:00";"MG";251;314;"SALINAS";"Transitar na contramão";"Colisão traseira";"Com Vítimas Feridas";"Pleno dia";"Decrescente";"Sol";"Simples";"Declive;Curva";"Sim";7;0;1;1;3;6;2;9;-16,14308284;-42,29973435;"SPRF-MG";"DEL12-MG";"UOP02-DEL12-MG"
657936;2025-01-28;"terça-feira";"17:05:00";"PR";376;462,9;"PONTA GROSSA";"Ingestão de álcool pelo condutor";"Saída de leito carroçável";"Sem Vítimas";"Pleno dia";"Crescente";"Nublado";"Dupla";"Curva";"Não";2;0;0;0;1;2;0;3;-24,97223658;-50,38357973;"SPRF-PR";"DEL03-PR";"UOP01-DEL03-PR"
657944;2025-01-28;"terça-feira";"18:30:00";"MG";40;771,9;"JUIZ DE FORA";"Demais falhas mecânicas ou elétricas";"Saída de leito carroçável";"Com Vítimas Feridas";"Plena Noite";"Crescente";"Chuva";"Simples";"Reta";"Não";4;0;1;0;1;2;1;4;-21,60932712;-43,45892723;"SPRF-MG";"DEL05-MG";"UOP01-DEL05-MG"
657945;2025-01-28;"terça-feira";"17:35:00";"RS";116;31,8;"VACARIA";"Transitar na contramão";"Colisão lateral sentido oposto";"Com Vítimas Fatais";"Pleno dia";"Decrescente";"Céu Claro";"Simples";"Aclive;Reta";"Não";2;1;0;0;1;0;0;2;-28,45993852;-50,88772774;"SPRF-RS";"DEL05-RS";"UOP03-DEL05-RS"
657955;2025-01-28;"terça-feira";"14:40:00";"SC";280;92;"CORUPA";"Velocidade Incompatível";"Capotamento";"Com Vítimas Fatais";"Pleno dia";"Crescente";"Nublado";"Simples";"Curva;Aclive";"Não";1;1;0;0;0;0;0;1;-26,39448258;-49,2950379;"SPRF-SC";"DEL06-SC";"UOP03-DEL06-SC"
657959;2025-01-28;"terça-feira";"15:00:00";"BA";349;901;"CORRENTINA";"Problema com o freio";"Saída de leito carroçável";"Com Vítimas Feridas";"Pleno dia";"Decrescente";"Chuva";"Simples";"Reta";"Não";1;0;1;0;0;0;1;1;-13,40412145;-44,35012658;"SPRF-BA";"DEL10-BA";"UOP02-DEL10-BA"
657964;2025-01-28;"terça-feira";"21:30:00";"SC";470;52,6;"BLUMENAU";"Ausência de reação do condutor";"Colisão transversal";"Com Vítimas Feridas";"Plena Noite";"Crescente";"Céu Claro";"Simples";"Interseção de Vias";"Sim";9;0;0;7;1;1;7;3;-26,862286;-49,093903;"SPRF-SC";"DEL04-SC";"UOP01-DEL04-SC"
657965;2025-01-28;"terça-feira";"21:18:00";"PI";343;504;"AMARANTE";"Acessar a via sem observar a presença dos outros veículos";"Colisão transversal";"Com Vítimas Feridas";"Plena Noite";"Crescente";"Céu Claro";"Simples";"Reta";"Não";2;0;0;1;1;0;1;2;-6,246172;-42,838028;"SPRF-PI";"DEL03-PI";"UOP01-DEL03-PI"
657966;2025-01-28;"terça-feira";"21:30:00";"RJ";116;187;"NOVA IGUACU";"Suicídio (presumido)";"Atropelamento de Pedestre";"Com Vítimas Fatais";"Plena Noite";"Crescente";"Céu Claro";"Múltipla";"Reta";"Sim";3;1;0;0;1;1;0;3;-22,73883756;-43,47245197;"SPRF-RJ";"DEL06-RJ";"UOP01-DEL06-RJ"
657967;2025-01-28;"terça-feira";"21:15:00";"ES";101;293,8;"CARIACICA";"Condutor deixou de manter distância do veículo da frente";"Colisão lateral mesmo sentido";"Com Vítimas Feridas";"Plena Noite";"Crescente";"Nublado";"Múltipla";"Curva";"Sim";3;0;1;0;1;1;1;3;-20,31526144;-40,39567044;"SPRF-ES";"DEL01-ES";"UOP01-DEL01-ES"
657972;2025-01-28;"terça-feira";"19:50:00";"PR";153;31,4;"SANTO ANTONIO DA PLATINA";"Acessar a via sem observar a presença dos outros veículos";"Colisão transversal";"Com Vítimas Feridas";"Plena Noite";"Crescente";"Nublado";"Simples";"Reta";"Não";3;0;1;0;1;3;1;5;-23,22599415;-50,02669573;"SPRF-PR";"DEL07-PR";"UOP04-DEL07-PR"
657973;2025-01-28;"terça-feira";"17:53:00";"MG";116;414,1;"GOVERNADOR VALADARES";"Reação tardia ou ineficiente do condutor";"Colisão lateral sentido oposto";"Com Vítimas Feridas";"Pleno dia";"Decrescente";"Céu Claro";"Simples";"Reta";"Não";4;0;1;1;1;1;2;3;-18,88434898;-41,94851182;"SPRF-MG";"DEL06-MG";"UOP01-DEL06-MG"
657980;2025-01-29;"quarta-feira";"01:00:00";"PR";476;310;"PAULO FRONTIN";"Ausência de reação do condutor";"Saída de leito carroçável";"Com Vítimas Feridas";"Plena Noite";"Decrescente";"Nublado";"Simples";"Reta";"Não";1;0;1;0;0;0;1;1;-26,02055;-50,652287;"SPRF-PR";"DEL02-PR";"UOP03-DEL02-PR"
657984;2025-01-28;"terça-feira";"21:00:00";"MG";40;620,5;"CONGONHAS";"Restrição de visibilidade em curvas horizontais";"Colisão lateral sentido oposto";"Com Vítimas Feridas";"Plena Noite";"Decrescente";"Chuva";"Simples";"Curva";"Não";2;0;1;0;1;0;1;2;-20,5862286;-43,80721092;"SPRF-MG";"DEL05-MG";"UOP02-DEL05-MG"
657985;2025-01-29;"quarta-feira";"04:25:00";"RJ";101;120;"CAMPOS DOS GOYTACAZES";"Ausência de reação do condutor";"Colisão traseira";"Com Vítimas Fatais";"Plena Noite";"Decrescente";"Céu Claro";"Dupla";"Reta";"Não";3;1;0;0;1;1;0;3;-22,02621833;-41,69171397;"SPRF-RJ";"DEL08-RJ";"UOP02-DEL08-RJ"
657986;2025-01-29;"quarta-feira";"03:15:00";"RJ";116;292,5;"BARRA MANSA";"Objeto estático sobre o leito carroçável";"Tombamento";"Com Vítimas Feridas";"Amanhecer";"Decrescente";"Nublado";"Dupla";"Reta";"Não";1;0;1;0;0;0;1;1;-22,46511993;-44,28491095;"SPRF-RJ";"DEL07-RJ";"UOP02-DEL07-RJ"
657989;2025-01-29;"quarta-feira";"04:20:00";"SC";470;87,9;"ASCURRA";"Ausência de reação do condutor";"Saída de leito carroçável";"Com Vítimas Feridas";"Plena Noite";"Decrescente";"Garoa/Chuvisco";"Simples";"Rotatória;Aclive";"Sim";3;0;1;0;1;2;1;4;-26,95480985;-49,37269807;"SPRF-SC";"DEL04-SC";"UOP01-DEL04-SC"
657995;2025-01-28;"terça-feira";"23:20:00";"RJ";116;269,5;"BARRA MANSA";"Reação tardia ou ineficiente do condutor";"Tombamento";"Com Vítimas Feridas";"Plena Noite";"Decrescente";"Nublado";"Dupla";"Curva";"Não";2;0;2;0;0;0;2;1;-22,57510092;-44,11542461;"SPRF-RJ";"DEL07-RJ";"UOP02-DEL07-RJ"
657996;2025-01-29;"quarta-feira";"07:15:00";"GO";60;98,9;"ANAPOLIS";"Velocidade Incompatível";"Colisão traseira";"Com Vítimas Feridas";"Pleno dia";"Crescente";"Chuva";"Dupla";"Reta";"Sim";4;0;2;0;2;0;2;4;-16,3846;-48,9541;"SPRF-GO";"DEL02-GO";"UOP01-DEL02-GO"
657997;2025-01-29;"quarta-feira";"07:05:00";"PB";101;114;"CAAPORA";"Acumulo de água sobre o pavimento";"Tombamento";"Sem Vítimas";"Pleno dia";"Decrescente";"Chuva";"Dupla";"Reta";"Não";1;0;0;0;1;0;0;1;-7,38738901;-34,9567891;"SPRF-PB";"DEL01-PB";"UOP02-DEL01-PB"
658002;2025-01-29;"quarta-feira";"06:25:00";"GO";50;279,7;"CATALAO";"Desrespeitar a preferência no cruzamento";"Colisão transversal";"Sem Vítimas";"Pleno dia";"Crescente";"Céu Claro";"Dupla";"Desvio Temporário;Em Obras;Reta";"Sim";3;0;0;0;2;1;0;3;-18,1739;-47,9289;"SPRF-GO";"DEL06-GO";"UOP01-DEL06-GO"
658007;2025-01-29;"quarta-feira";"07:10:00";"MG";40;567,7;"NOVA LIMA";"Ausência de reação do condutor";"Colisão lateral mesmo sentido";"Com Vítimas Feridas";"Pleno dia";"Decrescente";"Nublado";"Simples";"Curva";"Não";3;0;1;0;1;1;1;3;-20,19426426;-43,97320747;"SPRF-MG";"DEL01-MG";"UOP02-DEL01-MG"
658008;2025-01-29;"quarta-feira";"07:25:00";"CE";116;12;"FORTALEZA";"Reação tardia ou ineficiente do condutor";"Colisão com objeto";"Sem Vítimas";"Pleno dia";"Crescente";"Céu Claro";"Múltipla";"Reta";"Sim";1;0;0;0;1;0;0;1;-3,852077;-38,495525;"SPRF-CE";"DEL01-CE";"UOP02-DEL01-CE"
658010;2025-01-29;"quarta-feira";"07:30:00";"PR";277;63,5;"SAO JOSE DOS PINHAIS";"Mal súbito do condutor";"Saída de leito carroçável";"Com Vítimas Fatais";"Pleno dia";"Crescente";"Nublado";"Dupla";"Reta";"Sim";3;1;0;0;0;4;0;5;-25,53879404;-49,06643074;"SPRF-PR";"DEL01-PR";"UOP01-DEL01-PR"
658011;2025-01-29;"quarta-feira";"04:00:00";"RJ";40;99;"DUQUE DE CAXIAS";"Afundamento ou ondulação no pavimento";"Saída de leito carroçável";"Com Vítimas Feridas";"Plena Noite";"Crescente";"Céu Claro";"Simples";"Reta";"Não";2;0;1;0;1;0;1;1;-22,58585204;-43,27716391;"SPRF-RJ";"DEL01-RJ";"UOP01-DEL01-RJ"
658016;2025-01-29;"quarta-feira";"03:10:00";"PR";153;121,5;"IBAITI";"Velocidade Incompatível";"Tombamento";"Com Vítimas Feridas";"Plena Noite";"Crescente";"Céu Claro";"Simples";"Curva";"Não";2;0;1;0;0;2;1;3;-23,93119102;-50,23840265;"SPRF-PR";"DEL07-PR";"UOP04-DEL07-PR"
658019;2025-01-29;"quarta-feira";"06:00:00";"AL";104;9;"SAO JOSE DA LAJE";"Velocidade Incompatível";"Tombamento";"Com Vítimas Feridas";"Pleno dia";"Crescente";"Céu Claro";"Simples";"Curva;Declive";"Não";2;0;1;0;0;1;1;2;-8,97108463;-36,01804588;"SPRF-AL";"DEL01-AL";"UOP02-DEL01-AL"
658021;2025-01-29;"quarta-feira";"08:20:00";"BA";116;1,9;"VITORIA DA CONQUISTA";"Condutor deixou de manter distância do veículo da frente";"Colisão traseira";"Com Vítimas Feridas";"Pleno dia";"Crescente";"Céu Claro";"Simples";"Aclive;Reta";"Não";3;0;0;1;1;2;1;4;-14,825193;-40,851287;"SPRF-BA";"DEL08-BA";"UOP01-DEL08-BA"
658024;2025-01-29;"quarta-feira";"08:15:00";"RJ";116;171;"RIO DE JANEIRO";"Reação tardia ou ineficiente do condutor";"Queda de ocupante de veículo";"Com Vítimas Fatais";"Pleno dia";"Decrescente";"Céu Claro";"Dupla";"Reta";"Sim";2;1;0;0;1;0;0;2;-22,8060415;-43,34289573;"SPRF-RJ";"DEL06-RJ";"UOP01-DEL06-RJ"
658027;2025-01-29;"quarta-feira";"06:00:00";"MG";262;575;"CORREGO DANTA";"Velocidade Incompatível";"Tombamento";"Com Vítimas Feridas";"Amanhecer";"Decrescente";"Céu Claro";"Simples";"Curva";"Não";2;0;1;0;0;1;1;2;-19,67291838;-46,04352951;"SPRF-MG";"DEL08-MG";"UOP02-DEL08-MG"
658032;2025-01-29;"quarta-feira";"10:40:00";"GO";153;644;"MORRINHOS";"Condutor Dormindo";"Colisão traseira";"Com Vítimas Feridas";"Pleno dia";"Decrescente";"Céu Claro";"Dupla";"Reta";"Não";3;0;1;0;1;2;1;4;-17,9146;-49,2398;"SPRF-GO";"DEL03-GO";"UOP01-DEL03-GO"
658037;2025-01-29;"quarta-feira";"10:50:00";"ES";101;125;"LINHARES";"Pedestre cruzava a pista fora da faixa";"Atropelamento de Pedestre";"Sem Vítimas";"Pleno dia";"Crescente";"Céu Claro";"Simples";"Reta";"Sim";3;0;0;0;2;1;0;3;-19,18496498;-40,09429827;"SPRF-ES";"DEL04-ES";"UOP01-DEL04-ES"
658039;2025-01-08;"quarta-feira";"15:35:00";"SE";235;29;"LARANJEIRAS";"Condutor deixou de manter distância do veículo da frente";"Colisão traseira";"Com Vítimas Feridas";"Pleno dia";"Crescente";"Céu Claro";"Simples";"Aclive;Curva";"Não";9;0;6;2;1;0;8;2;-10,790907;-37,284542;"SPRF-SE";"DEL01-SE";"UOP02-DEL01-SE"
658043;2025-01-29;"quarta-feira";"09:45:00";"CE";222;256,7;"SOBRAL";"Condutor Dormindo";"Colisão traseira";"Com Vítimas Feridas";"Pleno dia";"Decrescente";"Céu Claro";"Simples";"Reta";"Não";5;0;3;1;1;0;4;2;-3,751717;-40,625637;"SPRF-CE";"DEL04-CE";"UOP02-DEL04-CE"
658044;2025-01-29;"quarta-feira";"09:30:00";"PR";153;513,9;"GENERAL CARNEIRO";"Ausência de reação do condutor";"Colisão frontal";"Com Vítimas Feridas";"Pleno dia";"Decrescente";"Céu Claro";"Simples";"Curva";"Não";3;0;0;1;1;2;1;4;-26,54967;-51,43451;"SPRF-PR";"DEL02-PR";"UOP03-DEL02-PR"
658049;2025-01-29;"quarta-feira";"12:15:00";"RS";290;182;"MINAS DO LEAO";"Acessar a via sem observar a presença dos outros veículos";"Colisão transversal";"Com Vítimas Feridas";"Pleno dia";"Decrescente";"Céu Claro";"Simples";"Reta;Rotatória";"Sim";2;0;1;0;1;0;1;2;-30,14445918;-52,04631329;"SPRF-RS";"DEL02-RS";"UOP03-DEL02-RS"
658060;2025-01-29;"quarta-feira";"06:10:00";"SC";282;57;"AGUAS MORNAS";"Velocidade Incompatível";"Tombamento";"Sem Vítimas";"Amanhecer";"Decrescente";"Céu Claro";"Simples";"Curva;Declive";"Não";1;0;0;0;1;0;0;1;-27,688864;-48,998455;"SPRF-SC";"DEL01-SC";"UOP03-DEL01-SC"
658062;2025-01-29;"quarta-feira";"14:40:00";"PE";101;38;"IGARASSU";"Demais falhas mecânicas ou elétricas";"Saída de leito carroçável";"Com Vítimas Feridas";"Pleno dia";"Decrescente";"Céu Claro";"Dupla";"Declive";"Não";1;0;1;0;0;0;1;1;-7,80600806;-34,92522908;"SPRF-PE";"DEL01-PE";"UOP02-DEL01-PE"
658067;2025-01-29;"quarta-feira";"11:50:00";"RJ";116;188;"NOVA IGUACU";"Ausência de reação do condutor";"Engavetamento";"Com Vítimas Fatais";"Pleno dia";"Decrescente";"Nublado";"Múltipla";"Reta";"Sim";8;1;0;2;4;3;2;9;-22,7380709;-43,48213999;"SPRF-RJ";"DEL06-RJ";"UOP01-DEL06-RJ"
658069;2025-01-29;"quarta-feira";"15:20:00";"ES";262;157;"IBATIBA";"Reação tardia ou ineficiente do condutor";"Colisão frontal";"Com Vítimas Feridas";"Pleno dia";"Crescente";"Céu Claro";"Simples";"Reta";"Sim";2;0;0;1;1;0;1;2;-20,23102878;-41,48810903;"SPRF-ES";"DEL01-ES";"UOP02-DEL01-ES"
658072;2025-01-29;"quarta-feira";"13:00:00";"BA";110;122;"ANTAS";"Ultrapassagem Indevida";"Colisão frontal";"Com Vítimas Fatais";"Pleno dia";"Crescente";"Céu Claro";"Simples";"Reta";"Não";10;6;0;1;2;2;1;5;-10,47304004;-38,37725019;"SPRF-BA";"DEL07-BA";"UOP02-DEL07-BA"
658074;2025-01-29;"quarta-feira";"16:40:00";"GO";153;502,6;"APARECIDA DE GOIANIA";"Trafegar com motocicleta (ou similar) entre as faixas";"Queda de ocupante de veículo";"Com Vítimas Feridas";"Pleno dia";"Crescente";"Nublado";"Dupla";"Reta";"Sim";4;0;1;1;2;0;2;4;-16,7287;-49,2424;"SPRF-GO";"DEL01-GO";"UOP01-DEL01-GO"
658077;2025-01-29;"quarta-feira";"16:15:00";"SC";282;39,1;"AGUAS MORNAS";"Conversão proibida";"Colisão traseira";"Com Vítimas Feridas";"Pleno dia";"Crescente";"Céu Claro";"Simples";"Reta";"Não";5;0;1;0;4;0;1;2;-27,712439;-48,860607;"SPRF-SC";"DEL01-SC";"UOP03-DEL01-SC"
658084;2025-01-29;"quarta-feira";"11:00:00";"MS";262;733,3;"CORUMBA";"Reação tardia ou ineficiente do condutor";"Colisão com objeto";"Sem Vítimas";"Pleno dia";"Decrescente";"Nublado";"Simples";"Curva";"Não";2;0;0;0;1;1;0;2;-19,349623;-57,570744;"SPRF-MS";"DEL03-MS";"UOP03-DEL03-MS"
658092;2025-01-29;"quarta-feira";"17:10:00";"PR";153;50,9;"SANTO ANTONIO DA PLATINA";"Reação tardia ou ineficiente do condutor";"Colisão traseira";"Com Vítimas Feridas";"Pleno dia";"Crescente";"Nublado";"Simples";"Reta";"Não";5;0;1;0;3;2;1;5;-23,36290402;-50,06502594;"SPRF-PR";"DEL07-PR";"UOP04-DEL07-PR"
658095;2025-01-29;"quarta-feira";"18:30:00";"SC";101;130;"BALNEARIO CAMBORIU";"Manobra de mudança de faixa";"Colisão lateral mesmo sentido";"Com Vítimas Feridas";"Anoitecer";"Crescente";"Céu Claro";"Dupla";"Reta";"Sim";3;0;1;0;1;1;1;3;-26,98407618;-48,66977107;"SPRF-SC";"DEL04-SC";"UOP03-DEL04-SC"
658096;2025-01-29;"quarta-feira";"16:15:00";"PR";116;7,5;"CAMPINA GRANDE DO SUL";"Velocidade Incompatível";"Colisão lateral mesmo sentido";"Com Vítimas Feridas";"Pleno dia";"Crescente";"Chuva";"Dupla";"Curva";"Não";3;0;1;0;1;2;1;4;-25,08235366;-48,61499799;"SPRF-PR";"DEL01-PR";"UOP02-DEL01-PR"
658104;2025-01-29;"quarta-feira";"18:00:00";"MT";163;1020;"TERRA NOVA DO NORTE";"Condutor deixou de manter distância do veículo da frente";"Colisão traseira";"Com Vítimas Feridas";"Plena Noite";"Decrescente";"Nublado";"Simples";"Reta";"Não";6;0;1;2;2;3;3;6;-10,4309581;-55,05871455;"SPRF-MT";"DEL06-MT";"UOP03-DEL06-MT"
658107;2025-01-29;"quarta-feira";"20:30:00";"MG";381;368;"SAO GONCALO DO RIO ABAIXO";"Pista Escorregadia";"Colisão frontal";"Com Vítimas Feridas";"Plena Noite";"Crescente";"Chuva";"Simples";"Curva";"Não";6;0;1;1;3;1;2;3;-19,85072732;-43,28377384;"SPRF-MG";"DEL03-MG";"UOP01-DEL03-MG"