"id";"data_inversa";"dia_semana";"horario";"uf";"br";"km";"municipio";"causa_acidente";"tipo_acidente";"classificacao_acidente";"fase_dia";"sentido_via";"condicao_metereologica";"tipo_pista";"tracado_via";"uso_solo";"pessoas";"mortos";"feridos_leves";"feridos_graves";"ilesos";"ignorados";"feridos";"veiculos";"latitude";"longitude";"regional";"delegacia";"uop"
658110;2025-01-29;"quarta-feira";"19:40:00";"SC";101;55;"ARAQUARI";"Chuva";"Atropelamento de Pedestre";"Com Vítimas Feridas";"Plena Noite";"Decrescente";"Chuva";"Múltipla";"Reta";"Não";2;0;1;0;0;1;1;2;-26,42280898;-48,82977496;"SPRF-SC";"DEL03-SC";"UOP01-DEL03-SC"
658111;2025-01-29;"quarta-feira";"20:30:00";"GO";452;151,5;"ITUMBIARA";"Pista esburacada";"Saída de leito carroçável";"Com Vítimas Feridas";"Plena Noite";"Crescente";"Ignorado";"Simples";"Declive";"Não";1;0;0;1;0;0;1;1;-18,30181487;-49,57931902;"SPRF-GO";"DEL03-GO";"UOP02-DEL03-GO"
658112;2025-01-29;"quarta-feira";"19:45:00";"PR";277;449;"LARANJEIRAS DO SUL";"Demais falhas mecânicas ou elétricas";"Incêndio";"Sem Vítimas";"Anoitecer";"Crescente";"Céu Claro";"Simples";"Aclive;Reta";"Não";2;0;0;0;1;2;0;3;-25,37101731;-52,32891083;"SPRF-PR";"DEL04-PR";"UOP02-DEL04-PR"
658114;2025-01-29;"quarta-feira";"16:20:00";"PR";277;129;"CAMPO LARGO";"Carga excessiva e/ou mal acondicionada";"Derramamento de carga";"Sem Vítimas";"Pleno dia";"Crescente";"Nublado";"Simples";"Rotatória";"Sim";2;0;0;0;2;0;0;2;-25,44458091;-49,56662357;"SPRF-PR";"DEL03-PR";"UOP03-DEL03-PR"
658120;2025-01-29;"quarta-feira";"22:15:00";"GO";60;171;"ABADIA DE GOIAS";"Reação tardia ou ineficiente do condutor";"Colisão traseira";"Com Vítimas Feridas";"Plena Noite";"Crescente";"Nublado";"Dupla";"Aclive;Reta";"Não";2;0;0;1;1;0;1;2;-16,7333;-49,3996;"SPRF-GO";"DEL01-GO";"UOP02-DEL01-GO"
658123;2025-01-29;"quarta-feira";"22:00:00";"RS";470;63;"LAGOA VERMELHA";"Demais falhas mecânicas ou elétricas";"Incêndio";"Com Vítimas Feridas";"Plena Noite";"Decrescente";"Nublado";"Simples";"Reta";"Não";1;0;1;0;0;0;1;1;-28,203287;-51,525436;"SPRF-RS";"DEL08-RS";"UOP05-DEL08-RS"
658124;2025-01-29;"quarta-feira";"20:00:00";"BA";116;454;"SANTO ESTEVAO";"Demais falhas mecânicas ou elétricas";"Incêndio";"Sem Vítimas";"Plena Noite";"Decrescente";"Ignorado";"Dupla";"Reta;Declive";"Não";1;0;0;0;1;0;0;1;-12,416999;-39,192796;"SPRF-BA";"DEL02-BA";"UOP01-DEL02-BA"
658125;2025-01-29;"quarta-feira";"17:18:00";"MG";153;98;"PRATA";"Chuva";"Colisão traseira";"Com Vítimas Feridas";"Anoitecer";"Decrescente";"Chuva";"Simples";"Declive;Ponte";"Não";8;0;0;2;5;4;2;9;-19,21129908;-48,93783422;"SPRF-MG";"DEL15-MG";"UOP03-DEL15-MG"
658136;2025-01-29;"quarta-feira";"23:40:00";"PR";376;623;"SAO JOSE DOS PINHAIS";"Acesso irregular";"Saída de leito carroçável";"Com Vítimas Feridas";"Plena Noite";"Decrescente";"Céu Claro";"Dupla";"Reta";"Não";3;0;1;0;1;1;1;3;-25,63462416;-49,16182135;"SPRF-PR";"DEL01-PR";"UOP04-DEL01-PR"
658138;2025-01-30;"quinta-feira";"00:00:00";"RN";101;159;"CANGUARETAMA";"Demais falhas mecânicas ou elétricas";"Incêndio";"Sem Vítimas";"Plena Noite";"Crescente";"Chuva";"Dupla";"Rotatória";"Não";1;0;0;0;1;0;0;1;-6,36312911;-35,15714218;"SPRF-RN";"DEL01-RN";"UOP01-DEL01-RN"
658141;2025-01-29;"quarta-feira";"23:00:00";"MG";262;594,5;"CAMPOS ALTOS";"Velocidade Incompatível";"Tombamento";"Sem Vítimas";"Plena Noite";"Decrescente";"Chuva";"Simples";"Reta";"Não";1;0;0;0;1;0;0;1;-19,65385776;-46,18481755;"SPRF-MG";"DEL08-MG";"UOP02-DEL08-MG"
658143;2025-01-30;"quinta-feira";"01:10:00";"SP";116;320;"JUQUITIBA";"Condutor deixou de manter distância do veículo da frente";"Engavetamento";"Com Vítimas Feridas";"Plena Noite";"Decrescente";"Nublado";"Dupla";"Reta";"Não";6;0;1;0;5;0;1;3;-23,93226;-47,00835;"SPRF-SP";"DEL04-SP";"UOP03-DEL04-SP"
658145;2025-01-29;"quarta-feira";"16:20:00";"SC";101;277;"IMBITUBA";"Ausência de reação do condutor";"Colisão com objeto";"Com Vítimas Feridas";"Pleno dia";"Decrescente";"Garoa/Chuvisco";"Múltipla";"Reta";"Não";1;0;1;0;0;0;1;1;-28,15478103;-48,69265474;"SPRF-SC";"DEL02-SC";"UOP03-DEL02-SC"
658148;2025-01-30;"quinta-feira";"05:15:00";"DF";20;39;"BRASILIA";"Reação tardia ou ineficiente do condutor";"Queda de ocupante de veículo";"Com Vítimas Feridas";"Amanhecer";"Crescente";"Chuva";"Dupla";"Reta;Declive";"Não";3;0;1;0;1;1;1;3;-15,581864;-47,521973;"SPRF-DF";"DEL02-DF";"UOP01-DEL02-DF"
658152;2025-01-30;"quinta-feira";"02:30:00";"MG";381;651;"SANTO ANTONIO DO AMPARO";"Ausência de reação do condutor";"Colisão lateral mesmo sentido";"Com Vítimas Feridas";"Plena Noite";"Decrescente";"Nublado";"Dupla";"Reta";"Não";2;0;1;0;0;1;1;2;-20,97575268;-44,93997846;"SPRF-MG";"DEL04-MG";"UOP02-DEL04-MG"
658158;2025-01-30;"quinta-feira";"00:30:00";"PR";373;227,9;"IMBITUVA";"Reação tardia ou ineficiente do condutor";"Saída de leito carroçável";"Com Vítimas Feridas";"Plena Noite";"Decrescente";"Céu Claro";"Simples";"Reta";"Não";2;0;1;0;0;1;1;2;-25,17459823;-50,63931587;"SPRF-PR";"DEL03-PR";"UOP01-DEL03-PR"
658160;2025-01-30;"quinta-feira";"03:40:00";"BA";116;890;"VITORIA DA CONQUISTA";"Demais falhas mecânicas ou elétricas";"Tombamento";"Com Vítimas Feridas";"Plena Noite";"Decrescente";"Nublado";"Simples";"Reta";"Não";2;0;1;0;0;1;1;2;-15,28578591;-41,13352714;"SPRF-BA";"DEL08-BA";"UOP03-DEL08-BA"
658161;2025-01-30;"quinta-feira";"07:00:00";"BA";116;864;"VITORIA DA CONQUISTA";"Reação tardia ou ineficiente do condutor";"Saída de leito carroçável";"Com Vítimas Feridas";"Amanhecer";"Crescente";"Céu Claro";"Simples";"Reta";"Não";2;0;1;0;0;1;1;2;-15,0848343;-41,01118151;"SPRF-BA";"DEL08-BA";"UOP01-DEL08-BA"
658165;2025-01-30;"quinta-feira";"06:55:00";"GO";153;75;"PORANGATU";"Ausência de reação do condutor";"Colisão traseira";"Com Vítimas Feridas";"Pleno dia";"Crescente";"Garoa/Chuvisco";"Simples";"Reta";"Não";3;0;1;0;1;3;1;5;-13,491837;-49,134628;"SPRF-GO";"DEL07-GO";"UOP01-DEL07-GO"
658167;2025-01-30;"quinta-feira";"00:10:00";"RJ";493;90;"SEROPEDICA";"Reação tardia ou ineficiente do condutor";"Tombamento";"Com Vítimas Feridas";"Plena Noite";"Crescente";"Nublado";"Dupla";"Reta";"Não";2;0;1;0;0;1;1;2;-22,67585;-43,658536;"SPRF-RJ";"DEL01-RJ";"UOP03-DEL01-RJ"
658168;2025-01-30;"quinta-feira";"07:25:00";"SP";153;61,4;"SAO JOSE DO RIO PRETO";"Ausência de reação do condutor";"Colisão lateral mesmo sentido";"Com Vítimas Feridas";"Pleno dia";"Crescente";"Nublado";"Dupla";"Reta";"Sim";4;0;0;1;2;2;1;5;-20,80502876;-49,35574909;"SPRF-SP";"DEL09-SP";"UOP01-DEL09-SP"
658169;2025-01-30;"quinta-feira";"06:50:00";"RJ";101;67;"CAMPOS DOS GOYTACAZES";"Acesso irregular";"Colisão transversal";"Com Vítimas Feridas";"Pleno dia";"Decrescente";"Céu Claro";"Simples";"Reta";"Sim";4;0;3;0;0;2;3;4;-21,83525792;-41,41878002;"SPRF-RJ";"DEL08-RJ";"UOP02-DEL08-RJ"
658171;2025-01-30;"quinta-feira";"07:45:00";"GO";153;499,8;"GOIANIA";"Trafegar com motocicleta (ou similar) entre as faixas";"Colisão traseira";"Com Vítimas Fatais";"Pleno dia";"Crescente";"Nublado";"Dupla";"Reta";"Sim";6;1;0;0;4;1;0;5;-16,7033;-49,2311;"SPRF-GO";"DEL01-GO";"UOP01-DEL01-GO"
658183;2025-01-30;"quinta-feira";"08:30:00";"PR";116;119;"CURITIBA";"Manobra de mudança de faixa";"Colisão lateral mesmo sentido";"Com Vítimas Feridas";"Pleno dia";"Crescente";"Nublado";"Dupla";"Reta";"Sim";2;0;1;0;1;0;1;2;-25,574886;-49,311777;"SPRF-PR";"DEL01-PR";"UOP03-DEL01-PR"
658194;2025-01-30;"quinta-feira";"09:30:00";"RO";364;152;"PIMENTA BUENO";"Faixas de trânsito com largura insuficiente";"Saída de leito carroçável";"Com Vítimas Feridas";"Pleno dia";"Decrescente";"Céu Claro";"Simples";"Curva";"Não";3;0;1;0;1;3;1;5;-11,98740675;-60,94744778;"SPRF-RO";"DEL02-RO";"UOP02-DEL02-RO"
658202;2025-01-30;"quinta-feira";"11:30:00";"SP";116;456,9;"REGISTRO";"Acessar a via sem observar a presença dos outros veículos";"Colisão lateral mesmo sentido";"Sem Vítimas";"Pleno dia";"Crescente";"Nublado";"Dupla";"Reta";"Não";5;0;0;0;5;0;0;3;-24,580349;-47,88461;"SPRF-SP";"DEL05-SP";"UOP01-DEL05-SP"
658203;2025-01-30;"quinta-feira";"11:00:00";"ES";101;8,1;"PEDRO CANARIO";"Velocidade Incompatível";"Tombamento";"Com Vítimas Feridas";"Pleno dia";"Crescente";"Céu Claro";"Simples";"Curva;Aclive";"Não";2;0;1;0;0;1;1;2;-18,23027961;-39,95278417;"SPRF-ES";"DEL04-ES";"UOP02-DEL04-ES"
658205;2025-01-30;"quinta-feira";"10:00:00";"RJ";101;83;"CAMPOS DOS GOYTACAZES";"Reação tardia ou ineficiente do condutor";"Tombamento";"Com Vítimas Feridas";"Pleno dia";"Decrescente";"Céu Claro";"Simples";"Curva";"Não";2;0;1;0;0;1;1;2;-21,82162418;-41,46695137;"SPRF-RJ";"DEL08-RJ";"UOP02-DEL08-RJ"
658209;2025-01-30;"quinta-feira";"09:30:00";"DF";20;2;"BRASILIA";"Manobra de mudança de faixa";"Colisão lateral mesmo sentido";"Com Vítimas Feridas";"Pleno dia";"Decrescente";"Chuva";"Múltipla";"Viaduto;Reta";"Sim";2;0;1;0;1;0;1;2;-15,682896;-47,840729;"SPRF-DF";"DEL02-DF";"UOP01-DEL02-DF"
658217;2025-01-30;"quinta-feira";"07:00:00";"MT";158;544,9;"AGUA BOA";"Acostamento em desnível";"Tombamento";"Com Vítimas Feridas";"Pleno dia";"Decrescente";"Nublado";"Simples";"Reta";"Não";2;0;1;0;0;1;1;2;-13,86999497;-52,06354782;"SPRF-MT";"DEL07-MT";"UOP02-DEL07-MT"
658220;2025-01-30;"quinta-feira";"12:50:00";"GO";40;88,6;"CRISTALINA";"Desrespeitar a preferência no cruzamento";"Colisão transversal";"Com Vítimas Feridas";"Pleno dia";"Crescente";"Céu Claro";"Simples";"Retorno Regulamentado;Rotatória;Reta";"Não";3;0;0;2;1;0;2;2;-16,716902;-47,660862;"SPRF-DF";"DEL01-DF";"UOP02-DEL01-DF"
658223;2025-01-30;"quinta-feira";"13:45:00";"SC";116;6,9;"MAFRA";"Acesso irregular";"Colisão transversal";"Com Vítimas Feridas";"Pleno dia";"Crescente";"Céu Claro";"Simples";"Reta";"Sim";2;0;1;0;1;0;1;2;-26,15196176;-49,83102416;"SPRF-SC";"DEL06-SC";"UOP01-DEL06-SC"
658227;2025-01-30;"quinta-feira";"13:35:00";"RS";386;234,2;"SOLEDADE";"Acesso irregular";"Colisão frontal";"Com Vítimas Feridas";"Pleno dia";"Crescente";"Céu Claro";"Simples";"Reta";"Não";3;0;1;0;1;1;1;3;-28,722898;-52,560581;"SPRF-RS";"DEL04-RS";"UOP03-DEL04-RS"
658235;2025-01-30;"quinta-feira";"12:32:00";"PR";277;342;"GUARAPUAVA";"Reação tardia ou ineficiente do condutor";"Capotamento";"Com Vítimas Fatais";"Pleno dia";"Decrescente";"Céu Claro";"Dupla";"Reta";"Sim";2;1;0;0;0;1;0;2;-25,35535069;-51,46137714;"SPRF-PR";"DEL08-PR";"UOP01-DEL08-PR"
658236;2025-01-30;"quinta-feira";"13:00:00";"CE";116;375,9;"ICO";"Ausência de reação do condutor";"Colisão transversal";"Com Vítimas Feridas";"Pleno dia";"Decrescente";"Céu Claro";"Simples";"Rotatória;Reta";"Sim";3;0;0;1;1;4;1;6;-6,3951252;-38,83101685;"SPRF-CE";"DEL05-CE";"UOP01-DEL05-CE"
658238;2025-01-30;"quinta-feira";"14:50:00";"PA";316;56;"CASTANHAL";"Manobra de mudança de faixa";"Colisão traseira";"Com Vítimas Feridas";"Pleno dia";"Decrescente";"Céu Claro";"Dupla";"Reta";"Sim";3;0;1;0;2;0;1;3;-1,30296976;-47,99063907;"SPRF-PA";"DEL01-PA";"UOP01-DEL01-PA"
658239;2025-01-30;"quinta-feira";"15:00:00";"BA";116;543;"MILAGRES";"Condutor deixou de manter distância do veículo da frente";"Colisão traseira";"Com Vítimas Fatais";"Pleno dia";"Crescente";"Céu Claro";"Simples";"Reta";"Não";51;1;11;0;38;2;11;4;-12,85096022;-39,84407187;"SPRF-BA";"DEL03-BA";"UOP02-DEL03-BA"
658240;2025-01-30;"quinta-feira";"12:30:00";"MS";163;839;"SONORA";"Ingestão de álcool pelo condutor";"Saída de leito carroçável";"Sem Vítimas";"Pleno dia";"Decrescente";"Céu Claro";"Dupla";"Aclive;Reta";"Não";2;0;0;0;1;2;0;3;-17,58231308;-54,74314059;"SPRF-MS";"DEL06-MS";"UOP01-DEL06-MS"
658241;2025-01-30;"quinta-feira";"12:30:00";"TO";153;468;"BARROLANDIA";"Demais falhas mecânicas ou elétricas";"Saída de leito carroçável";"Com Vítimas Feridas";"Pleno dia";"Decrescente";"Nublado";"Simples";"Reta";"Não";2;0;1;0;0;1;1;2;-9,98289731;-48,75211852;"SPRF-TO";"DEL01-TO";"UOP01-DEL01-TO"
658242;2025-01-30;"quinta-feira";"14:00:00";"RS";290;86;"PORTO ALEGRE";"Condutor deixou de manter distância do veículo da frente";"Colisão traseira";"Com Vítimas Feridas";"Pleno dia";"Decrescente";"Céu Claro";"Múltipla";"Reta";"Sim";5;0;2;0;2;1;2;5;-29,968412;-51,117138;"SPRF-RS";"DEL01-RS";"UOP01-DEL01-RS"
658248;2025-01-30;"quinta-feira";"13:30:00";"PR";376;602;"CURITIBA";"Reação tardia ou ineficiente do condutor";"Tombamento";"Com Vítimas Feridas";"Pleno dia";"Crescente";"Sol";"Dupla";"Reta";"Não";2;0;1;0;0;1;1;2;-25,524947;-49,331189;"SPRF-PR";"DEL01-PR";"UOP06-DEL01-PR"
658252;2025-01-30;"quinta-feira";"11:30:00";"PR";116;115;"CURITIBA";"Reação tardia ou ineficiente do condutor";"Tombamento";"Com Vítimas Feridas";"Pleno dia";"Decrescente";"Céu Claro";"Múltipla";"Curva;Declive";"Sim";2;0;1;0;0;1;1;2;-25,545275;-49,299917;"SPRF-PR";"DEL01-PR";"UOP03-DEL01-PR"
658255;2025-01-30;"quinta-feira";"16:10:00";"MG";116;276;"TEOFILO OTONI";"Manobra de mudança de faixa";"Colisão lateral mesmo sentido";"Com Vítimas Feridas";"Pleno dia";"Crescente";"Nublado";"Dupla";"Curva;Rotatória";"Sim";2;0;1;0;1;0;1;2;-17,85105696;-41,51454492;"SPRF-MG";"DEL11-MG";"UOP01-DEL11-MG"
658261;2025-01-30;"quinta-feira";"16:10:00";"SP";116;20,3;"LAVRINHAS";"Demais falhas mecânicas ou elétricas";"Colisão traseira";"Com Vítimas Feridas";"Pleno dia";"Decrescente";"Nublado";"Dupla";"Curva";"Não";3;0;1;0;1;2;1;4;-22,57232099;-44,86495105;"SPRF-SP";"DEL08-SP";"UOP02-DEL08-SP"
658262;2025-01-30;"quinta-feira";"15:35:00";"PR";476;145;"CURITIBA";"Reação tardia ou ineficiente do condutor";"Colisão traseira";"Com Vítimas Feridas";"Pleno dia";"Decrescente";"Céu Claro";"Dupla";"Reta;Aclive";"Sim";3;0;0;1;1;1;1;3;-25,5499628;-49,3269815;"SPRF-PR";"DEL01-PR";"UOP06-DEL01-PR"
658268;2025-01-30;"quinta-feira";"14:00:00";"PR";277;226,8;"TEIXEIRA SOARES";"Ausência de sinalização";"Colisão traseira";"Sem Vítimas";"Pleno dia";"Decrescente";"Céu Claro";"Simples";"Em Obras;Curva";"Não";4;0;0;0;3;2;0;4;-25,45787055;-50,43363476;"SPRF-PR";"DEL08-PR";"UOP02-DEL08-PR"
658269;2025-01-30;"quinta-feira";"17:28:00";"AL";101;74,5;"MESSIAS";"Manobra de mudança de faixa";"Colisão lateral mesmo sentido";"Com Vítimas Feridas";"Pleno dia";"Decrescente";"Céu Claro";"Dupla";"Curva";"Sim";3;0;1;0;1;1;1;3;-9,395538;-35,8387;"SPRF-AL";"DEL01-AL";"UOP01-DEL01-AL"
658275;2025-01-30;"quinta-feira";"17:15:00";"SC";101;42,1;"JOINVILLE";"Trafegar com motocicleta (ou similar) entre as faixas";"Colisão traseira";"Com Vítimas Feridas";"Pleno dia";"Decrescente";"Nublado";"Dupla";"Reta";"Sim";4;0;1;0;2;1;1;4;-26,29251598;-48,88474385;"SPRF-SC";"DEL03-SC";"UOP01-DEL03-SC"
658276;2025-01-30;"quinta-feira";"15:50:00";"MG";40;529,8;"CONTAGEM";"Chuva";"Colisão com objeto";"Com Vítimas Feridas";"Pleno dia";"Crescente";"Chuva";"Dupla";"Curva";"Sim";1;0;1;0;0;0;1;1;-19,92064782;-44,0335681;"SPRF-MG";"DEL01-MG";"UOP02-DEL01-MG"
658277;2025-01-30;"quinta-feira";"17:00:00";"SP";116;163,6;"JACAREI";"Demais falhas mecânicas ou elétricas";"Colisão traseira";"Sem Vítimas";"Pleno dia";"Decrescente";"Chuva";"Dupla";"Reta";"Não";2;0;0;0;2;0;0;2;-23,28649584;-45,9919851;"SPRF-SP";"DEL02-SP";"UOP01-DEL02-SP"
658283;2025-01-30;"quinta-feira";"16:30:00";"MG";116;698,2;"MURIAE";"Velocidade Incompatível";"Tombamento";"Com Vítimas Feridas";"Pleno dia";"Decrescente";"Sol";"Simples";"Curva;Declive";"Não";4;0;2;0;1;2;2;4;-21,09085016;-42,37310442;"SPRF-MG";"DEL07-MG";"UOP02-DEL07-MG"
658291;2025-01-30;"quinta-feira";"18:10:00";"PR";373;181;"PONTA GROSSA";"Acessar a via sem observar a presença dos outros veículos";"Colisão frontal";"Sem Vítimas";"Anoitecer";"Decrescente";"Chuva";"Dupla";"Reta";"Sim";2;0;0;0;2;0;0;2;-25,04266233;-50,25791089;"SPRF-PR";"DEL03-PR";"UOP01-DEL03-PR"
658292;2025-01-30;"quinta-feira";"18:30:00";"RS";158;332;"SANTA MARIA";"Reação tardia ou ineficiente do condutor";"Saída de leito carroçável";"Com Vítimas Feridas";"Anoitecer";"Crescente";"Nublado";"Dupla";"Reta";"Sim";3;0;1;0;1;1;1;3;-29,70455526;-53,84562677;"SPRF-RS";"DEL09-RS";"UOP01-DEL09-RS"
658293;2025-01-30;"quinta-feira";"18:00:00";"SC";101;112;"ITAJAI";"Trafegar com motocicleta (ou similar) entre as faixas";"Colisão lateral mesmo sentido";"Com Vítimas Feridas";"Pleno dia";"Decrescente";"Céu Claro";"Dupla";"Reta;Ponte";"Sim";4;0;1;0;1;2;1;4;-26,84589005;-48,72131295;"SPRF-SC";"DEL04-SC";"UOP04-DEL04-SC"
658294;2025-01-30;"quinta-feira";"18:25:00";"MT";163;1067;"GUARANTA DO NORTE";"Reação tardia ou ineficiente do condutor";"Saída de leito carroçável";"Sem Vítimas";"Anoitecer";"Decrescente";"Nublado";"Simples";"Reta";"Não";2;0;0;0;1;1;0;2;-10,06966899;-54,90642513;"SPRF-MT";"DEL06-MT";"UOP03-DEL06-MT"
658305;2025-01-30;"quinta-feira";"21:50:00";"RN";101;85;"NATAL";"Reação tardia ou ineficiente do condutor";"Colisão lateral mesmo sentido";"Com Vítimas Feridas";"Plena Noite";"Crescente";"Céu Claro";"Simples";"Reta";"Sim";2;0;1;0;1;0;1;2;-5,777664;-35,24937;"SPRF-RN";"DEL02-RN";"UOP01-DEL02-RN"
658306;2025-01-30;"quinta-feira";"21:00:00";"TO";153;758,8;"ALVORADA";"Acessar a via sem observar a presença dos outros veículos";"Colisão transversal";"Com Vítimas Feridas";"Plena Noite";"Crescente";"Nublado";"Simples";"Reta";"Sim";2;0;0;1;1;0;1;2;-12,45418101;-49,11937505;"SPRF-TO";"DEL01-TO";"UOP02-DEL01-TO"
658307;2025-01-30;"quinta-feira";"20:00:00";"MT";364;397;"CUIABA";"Acumulo de água sobre o pavimento";"Saída de leito carroçável";"Com Vítimas Feridas";"Plena Noite";"Crescente";"Chuva";"Dupla";"Reta";"Não";1;0;1;0;0;0;1;1;-15,68642489;-55,91347495;"SPRF-MT";"DEL01-MT";"UOP02-DEL01-MT"
658312;2025-01-30;"quinta-feira";"23:20:00";"SP";116;324,6;"JUQUITIBA";"Reação tardia ou ineficiente do condutor";"Colisão traseira";"Com Vítimas Feridas";"Plena Noite";"Decrescente";"Chuva";"Dupla";"Reta";"Sim";5;0;1;1;1;2;2;4;-23,94029914;-47,04398301;"SPRF-SP";"DEL04-SP";"UOP03-DEL04-SP"
658316;2025-01-31;"sexta-feira";"00:10:00";"PR";476;192;"LAPA";"Velocidade Incompatível";"Colisão frontal";"Com Vítimas Fatais";"Plena Noite";"Crescente";"Chuva";"Simples";"Declive;Curva";"Não";3;1;0;0;1;1;0;3;-25,731652;-49,704011;"SPRF-PR";"DEL01-PR";"UOP06-DEL01-PR"
658320;2025-01-31;"sexta-feira";"00:01:00";"MG";40;440,7;"PARAOPEBA";"Ausência de reação do condutor";"Colisão traseira";"Com Vítimas Feridas";"Plena Noite";"Decrescente";"Nublado";"Dupla";"Reta";"Não";3;0;1;0;1;4;1;6;-19,23100428;-44,43562244;"SPRF-MG";"DEL02-MG";"UOP01-DEL02-MG"
658325;2025-01-31;"sexta-feira";"02:00:00";"AM";174;1024;"PRESIDENTE FIGUEIREDO";"Condutor Dormindo";"Saída de leito carroçável";"Sem Vítimas";"Plena Noite";"Decrescente";"Céu Claro";"Simples";"Curva";"Não";1;0;0;0;1;0;0;1;-1,79753987;-60,14461348;"SPRF-AM";"DEL01-AM";"UOP02-DEL01-AM"
658326;2025-01-31;"sexta-feira";"03:40:00";"GO";60;68;"ABADIANIA";"Ingestão de álcool pelo condutor";"Saída de leito carroçável";"Sem Vítimas";"Plena Noite";"Crescente";"Céu Claro";"Dupla";"Reta";"Sim";1;0;0;0;1;0;0;1;-16,2381207;-48,75987768;"SPRF-GO";"DEL02-GO";"UOP01-DEL02-GO"
658330;2025-01-30;"quinta-feira";"23:30:00";"MG";251;290,1;"SALINAS";"Ausência de reação do condutor";"Engavetamento";"Com Vítimas Feridas";"Plena Noite";"Decrescente";"Céu Claro";"Simples";"Reta;Aclive";"Não";19;0;1;0;17;5;1;10;-16,06017595;-42,19594359;"SPRF-MG";"DEL12-MG";"UOP02-DEL12-MG"
658331;2025-01-31;"sexta-feira";"05:50:00";"MG";40;779,8;"JUIZ DE FORA";"Animais na Pista";"Atropelamento de Animal";"Com Vítimas Feridas";"Amanhecer";"Decrescente";"Nublado";"Dupla";"Reta";"Não";4;0;1;0;2;2;1;5;-21,67252614;-43,44374992;"SPRF-MG";"DEL05-MG";"UOP01-DEL05-MG"
658333;2025-01-30;"quinta-feira";"17:00:00";"MG";116;554;"MANHUACU";"Ausência de reação do condutor";"Tombamento";"Com Vítimas Feridas";"Anoitecer";"Crescente";"Nublado";"Simples";"Curva";"Não";2;0;1;0;0;1;1;2;-20,00117809;-42,14034158;"SPRF-MG";"DEL06-MG";"UOP02-DEL06-MG"
658334;2025-01-30;"quinta-feira";"22:00:00";"MG";262;24;"REDUTO";"Transitar na contramão";"Colisão frontal";"Com Vítimas Fatais";"Plena Noite";"Crescente";"Nublado";"Simples";"Reta";"Não";2;1;0;0;1;0;0;2;-20,24814827;-41,94094189;"SPRF-MG";"DEL06-MG";"UOP03-DEL06-MG"
658335;2025-01-31;"sexta-feira";"07:03:00";"MG";365;599;"UBERLANDIA";"Reação tardia ou ineficiente do condutor";"Saída de leito carroçável";"Com Vítimas Feridas";"Pleno dia";"Crescente";"Céu Claro";"Simples";"Reta";"Não";2;0;1;0;0;1;1;2;-18,88997892;-48,12177605;"SPRF-MG";"DEL15-MG";"UOP01-DEL15-MG"
658337;2025-01-31;"sexta-feira";"05:30:00";"MT";364;89,2;"ALTO GARCAS";"Ausência de reação do condutor";"Saída de leito carroçável";"Com Vítimas Feridas";"Amanhecer";"Decrescente";"Chuva";"Simples";"Curva";"Não";3;0;1;0;1;2;1;3;-16,86308889;-53,72048697;"SPRF-MT";"DEL02-MT";"UOP02-DEL02-MT"
658340;2025-01-30;"quinta-feira";"17:30:00";"PR";153;509,5;"GENERAL CARNEIRO";"Velocidade Incompatível";"Saída de leito carroçável";"Sem Vítimas";"Anoitecer";"Decrescente";"Chuva";"Simples";"Curva";"Não";1;0;0;0;1;0;0;1;-26,54226738;-51,40216828;"SPRF-PR";"DEL02-PR";"UOP03-DEL02-PR"
658345;2025-01-31;"sexta-feira";"06:00:00";"GO";20;41;"FORMOSA";"Reação tardia ou ineficiente do condutor";"Colisão traseira";"Com Vítimas Feridas";"Amanhecer";"Crescente";"Céu Claro";"Simples";"Reta";"Não";5;0;2;0;3;0;2;3;-15,396284;-47,099884;"SPRF-DF";"DEL02-DF";"UOP02-DEL02-DF"
658347;2025-01-30;"quinta-feira";"19:45:00";"MT";364;579,9;"DIAMANTINO";"Reação tardia ou ineficiente do condutor";"Saída de leito carroçável";"Com Vítimas Feridas";"Plena Noite";"Decrescente";"Chuva";"Dupla";"Reta;Declive";"Não";2;0;1;0;0;1;1;2;-14,66298789;-56,29936934;"SPRF-MT";"DEL01-MT";"UOP01-DEL01-MT"
658356;2025-01-31;"sexta-feira";"06:27:00";"ES";101;269;"SERRA";"Acessar a via sem observar a presença dos outros veículos";"Colisão lateral mesmo sentido";"Sem Vítimas";"Pleno dia";"Decrescente";"Céu Claro";"Simples";"Reta";"Não";2;0;0;0;0;2;0;2;-20,21740496;-40,26990578;"SPRF-ES";"DEL02-ES";"UOP01-DEL02-ES"
658366;2025-01-31;"sexta-feira";"07:50:00";"GO";80;99,9;"VILA PROPICIO";"Velocidade Incompatível";"Colisão traseira";"Com Vítimas Feridas";"Pleno dia";"Crescente";"Nublado";"Simples";"Reta";"Não";5;0;1;1;1;3;2;6;-15,202273;-48,75209;"SPRF-GO";"DEL07-GO";"UOP02-DEL07-GO"
658367;2025-01-31;"sexta-feira";"08:45:00";"MS";163;680,7;"RIO VERDE DE MATO GROSSO";"Velocidade Incompatível";"Colisão transversal";"Com Vítimas Feridas";"Pleno dia";"Crescente";"Céu Claro";"Simples";"Reta";"Sim";3;0;1;0;1;1;1;3;-18,92417173;-54,83538529;"SPRF-MS";"DEL06-MS";"UOP02-DEL06-MS"
658368;2025-01-08;"quarta-feira";"13:39:00";"RO";319;54;"PORTO VELHO";"Reação tardia ou ineficiente do condutor";"Tombamento";"Com Vítimas Feridas";"Pleno dia";"Decrescente";"Nublado";"Simples";"Curva";"Não";1;0;1;0;0;0;1;1;-8,74350592;-63,94936497;"SPRF-RO";"DEL01-RO";"UOP01-DEL01-RO"