"id";"data_inversa";"dia_semana";"horario";"uf";"br";"km";"municipio";"causa_acidente";"tipo_acidente";"classificacao_acidente";"fase_dia";"sentido_via";"condicao_metereologica";"tipo_pista";"tracado_via";"uso_solo";"pessoas";"mortos";"feridos_leves";"feridos_graves";"ilesos";"ignorados";"feridos";"veiculos";"latitude";"longitude";"regional";"delegacia";"uop"
658710;2025-02-01;"sábado";"23:05:00";"MG";381;438;"SABARA";"Ingestão de álcool pelo condutor";"Colisão lateral sentido oposto";"Com Vítimas Fatais";"Plena Noite";"Crescente";"Nublado";"Simples";"Curva";"Não";28;1;1;10;15;2;11;4;-19,79944368;-43,76157045;"SPRF-MG";"DEL01-MG";"UOP01-DEL01-MG"
658721;2025-02-01;"sábado";"21:20:00";"MG";116;397;"GOVERNADOR VALADARES";"Ingestão de álcool pelo condutor";"Colisão frontal";"Com Vítimas Feridas";"Plena Noite";"Decrescente";"Céu Claro";"Simples";"Curva;Declive";"Não";4;0;1;1;1;1;2;3;-18,74618919;-41,98314664;"SPRF-MG";"DEL06-MG";"UOP01-DEL06-MG"
658727;2025-02-02;"domingo";"00:45:00";"PR";116;158;"MANDIRITUBA";"Reação tardia ou ineficiente do condutor";"Colisão frontal";"Com Vítimas Fatais";"Plena Noite";"Crescente";"Garoa/Chuvisco";"Simples";"Reta";"Não";2;1;0;0;1;0;0;2;-25,86774621;-49,37339398;"SPRF-PR";"DEL01-PR";"UOP03-DEL01-PR"
658742;2025-02-02;"domingo";"03:10:00";"MA";135;31;"BACABEIRA";"Condutor deixou de manter distância do veículo da frente";"Colisão traseira";"Com Vítimas Feridas";"Plena Noite";"Decrescente";"Nublado";"Dupla";"Reta";"Não";2;0;1;0;0;1;1;2;-2,81307801;-44,37432281;"SPRF-MA";"DEL01-MA";"UOP01-DEL01-MA"
658743;2025-02-02;"domingo";"02:00:00";"MG";262;789;"UBERABA";"Condutor Dormindo";"Saída de leito carroçável";"Sem Vítimas";"Plena Noite";"Crescente";"Chuva";"Simples";"Reta";"Não";1;0;0;0;1;0;0;1;-19,76031983;-47,84038303;"SPRF-MG";"DEL13-MG";"UOP01-DEL13-MG"
658758;2025-02-02;"domingo";"05:30:00";"MS";158;132,5;"APARECIDA DO TABOADO";"Transitar na contramão";"Colisão lateral sentido oposto";"Com Vítimas Feridas";"Amanhecer";"Crescente";"Céu Claro";"Simples";"Curva";"Não";5;0;1;0;3;1;1;3;-19,96357311;-51,10871267;"SPRF-MS";"DEL08-MS";"UOP01-DEL08-MS"
658761;2025-02-02;"domingo";"04:50:00";"PR";153;353,4;"REBOUCAS";"Condutor Dormindo";"Saída de leito carroçável";"Com Vítimas Feridas";"Plena Noite";"Decrescente";"Nublado";"Simples";"Reta";"Não";1;0;1;0;0;0;1;1;-25,62594193;-50,719173;"SPRF-PR";"DEL08-PR";"UOP02-DEL08-PR"
658767;2025-02-02;"domingo";"06:15:00";"RJ";116;147;"DUQUE DE CAXIAS";"Entrada inopinada do pedestre";"Atropelamento de Pedestre";"Com Vítimas Fatais";"Pleno dia";"Decrescente";"Nublado";"Dupla";"Reta";"Sim";3;1;0;0;1;1;0;3;-22,66978425;-43,27286493;"SPRF-RJ";"DEL01-RJ";"UOP02-DEL01-RJ"
658768;2025-02-02;"domingo";"06:00:00";"MG";381;2,1;"BETIM";"Curva acentuada";"Tombamento";"Com Vítimas Feridas";"Pleno dia";"Crescente";"Chuva";"Dupla";"Curva";"Sim";1;0;1;0;0;0;1;1;-19,96825;-44,198708;"SPRF-MG";"DEL01-MG";"UOP03-DEL01-MG"
658771;2025-02-02;"domingo";"06:00:00";"RN";406;103;"JOAO CAMARA";"Reação tardia ou ineficiente do condutor";"Colisão com objeto";"Sem Vítimas";"Amanhecer";"Crescente";"Céu Claro";"Simples";"Reta;Declive";"Sim";1;0;0;0;1;0;0;1;-5,53714888;-35,81373986;"SPRF-RN";"DEL02-RN";"UOP01-DEL02-RN"
658776;2025-02-01;"sábado";"20:15:00";"RO";364;473;"ARIQUEMES";"Acostamento em desnível";"Tombamento";"Com Vítimas Feridas";"Plena Noite";"Crescente";"Céu Claro";"Simples";"Reta";"Não";2;0;1;0;0;1;1;2;-10,18146706;-62,81974504;"SPRF-RO";"DEL03-RO";"UOP01-DEL03-RO"
658796;2025-02-02;"domingo";"09:40:00";"MG";381;734,6;"CARMO DA CACHOEIRA";"Reação tardia ou ineficiente do condutor";"Colisão com objeto";"Com Vítimas Feridas";"Pleno dia";"Crescente";"Nublado";"Dupla";"Reta";"Não";2;0;1;0;0;1;1;2;-21,53740184;-45,23527265;"SPRF-MG";"DEL16-MG";"UOP02-DEL16-MG"
658809;2025-02-02;"domingo";"11:00:00";"SC";282;605,9;"MARAVILHA";"Ausência de reação do condutor";"Colisão frontal";"Com Vítimas Feridas";"Pleno dia";"Decrescente";"Sol";"Simples";"Reta;Declive";"Sim";2;0;0;1;1;0;1;2;-26,786951;-53,195248;"SPRF-SC";"DEL07-SC";"UOP02-DEL07-SC"
658819;2025-02-02;"domingo";"13:22:00";"GO";80;0,4;"PADRE BERNARDO";"Ausência de reação do condutor";"Saída de leito carroçável";"Sem Vítimas";"Pleno dia";"Crescente";"Sol";"Simples";"Curva";"Não";2;0;0;0;1;1;0;2;-15,510147;-48,196538;"SPRF-DF";"DEL03-DF";"UOP02-DEL03-DF"
658833;2025-02-02;"domingo";"06:00:00";"MA";222;474,5;"SANTA LUZIA";"Ausência de reação do condutor";"Tombamento";"Com Vítimas Fatais";"Pleno dia";"Decrescente";"Céu Claro";"Simples";"Curva";"Não";2;1;0;0;0;1;0;2;-4,16871267;-46,09730408;"SPRF-MA";"DEL02-MA";"UOP01-DEL02-MA"
658836;2025-02-02;"domingo";"15:40:00";"PR";277;419,9;"CANTAGALO";"Transitar na contramão";"Colisão frontal";"Com Vítimas Fatais";"Pleno dia";"Decrescente";"Céu Claro";"Simples";"Curva";"Não";3;1;0;0;1;1;0;3;-25,37629077;-52,12978363;"SPRF-PR";"DEL04-PR";"UOP02-DEL04-PR"
658844;2025-02-02;"domingo";"15:20:00";"SC";101;116;"ITAJAI";"Demais falhas mecânicas ou elétricas";"Saída de leito carroçável";"Com Vítimas Feridas";"Pleno dia";"Crescente";"Céu Claro";"Dupla";"Reta";"Não";2;0;1;0;0;1;1;2;-26,87905605;-48,72603512;"SPRF-SC";"DEL04-SC";"UOP04-DEL04-SC"
658852;2025-02-02;"domingo";"16:20:00";"PR";153;24;"JACAREZINHO";"Acessar a via sem observar a presença dos outros veículos";"Colisão transversal";"Com Vítimas Feridas";"Pleno dia";"Crescente";"Céu Claro";"Simples";"Aclive;Reta;Rotatória";"Sim";3;0;1;0;1;1;1;3;-23,18366424;-49,98244728;"SPRF-PR";"DEL07-PR";"UOP04-DEL07-PR"
658854;2025-02-02;"domingo";"16:30:00";"RN";304;288;"MACAIBA";"Demais falhas mecânicas ou elétricas";"Incêndio";"Sem Vítimas";"Pleno dia";"Decrescente";"Céu Claro";"Dupla";"Reta";"Não";1;0;0;0;1;0;0;1;-5,86849713;-35,42070796;"SPRF-RN";"DEL01-RN";"UOP02-DEL01-RN"
658860;2025-02-02;"domingo";"17:25:00";"SC";280;28;"ARAQUARI";"Acessar a via sem observar a presença dos outros veículos";"Colisão transversal";"Com Vítimas Feridas";"Pleno dia";"Crescente";"Nublado";"Simples";"Reta";"Sim";6;0;4;0;1;1;4;3;-26,40450077;-48,74561031;"SPRF-SC";"DEL03-SC";"UOP03-DEL03-SC"
658863;2025-02-02;"domingo";"15:00:00";"RO";364;473;"ARIQUEMES";"Acessar a via sem observar a presença dos outros veículos";"Colisão lateral mesmo sentido";"Com Vítimas Feridas";"Pleno dia";"Crescente";"Céu Claro";"Simples";"Reta";"Não";6;0;2;0;3;1;2;3;-10,18146706;-62,81974504;"SPRF-RO";"DEL03-RO";"UOP01-DEL03-RO"
658871;2025-02-02;"domingo";"19:00:00";"SE";101;204;"CRISTINAPOLIS";"Acessar a via sem observar a presença dos outros veículos";"Colisão transversal";"Com Vítimas Feridas";"Plena Noite";"Decrescente";"Céu Claro";"Simples";"Reta";"Não";2;0;1;0;0;1;1;2;-11,50608502;-37,78747022;"SPRF-SE";"DEL02-SE";"UOP03-DEL02-SE"
658875;2025-02-02;"domingo";"19:25:00";"RS";116;512;"PELOTAS";"Manobra de mudança de faixa";"Colisão lateral mesmo sentido";"Com Vítimas Feridas";"Plena Noite";"Crescente";"Céu Claro";"Dupla";"Reta";"Não";5;0;1;1;2;1;2;4;-31,63498138;-52,3311397;"SPRF-RS";"DEL07-RS";"UOP01-DEL07-RS"
658877;2025-02-02;"domingo";"19:03:00";"PE";428;186,9;"PETROLINA";"Velocidade Incompatível";"Atropelamento de Pedestre";"Com Vítimas Fatais";"Plena Noite";"Crescente";"Céu Claro";"Dupla";"Reta";"Sim";3;1;0;0;1;1;0;2;-9,36731601;-40,48443943;"SPRF-PE";"DEL06-PE";"UOP01-DEL06-PE"
658883;2025-02-02;"domingo";"20:00:00";"TO";153;644;"DUERE";"Transitar na contramão";"Colisão lateral sentido oposto";"Com Vítimas Fatais";"Plena Noite";"Crescente";"Chuva";"Simples";"Reta";"Não";3;1;0;1;0;1;1;3;-11,48307595;-49,00099215;"SPRF-TO";"DEL01-TO";"UOP02-DEL01-TO"
658885;2025-02-02;"domingo";"19:15:00";"MS";163;370,7;"NOVA ALVORADA DO SUL";"Acessar a via sem observar a presença dos outros veículos";"Colisão transversal";"Com Vítimas Fatais";"Plena Noite";"Crescente";"Céu Claro";"Dupla";"Reta";"Não";3;1;0;0;1;1;0;3;-21,42250376;-54,38565772;"SPRF-MS";"DEL02-MS";"UOP01-DEL02-MS"
658893;2025-02-02;"domingo";"19:55:00";"GO";153;508;"APARECIDA DE GOIANIA";"Ingestão de álcool pelo condutor";"Colisão lateral mesmo sentido";"Sem Vítimas";"Plena Noite";"Crescente";"Nublado";"Dupla";"Declive;Reta";"Não";4;0;0;0;3;2;0;4;-16,7804;-49,2371;"SPRF-GO";"DEL01-GO";"UOP03-DEL01-GO"
658895;2025-02-02;"domingo";"16:40:00";"BA";116;719;"MANOEL VITORINO";"Ausência de reação do condutor";"Colisão traseira";"Com Vítimas Feridas";"Pleno dia";"Crescente";"Ignorado";"Simples";"Curva";"Não";2;0;0;1;0;1;1;2;-14,1888825;-40,26532343;"SPRF-BA";"DEL08-BA";"UOP02-DEL08-BA"
658899;2025-02-02;"domingo";"19:50:00";"PE";116;29;"SALGUEIRO";"Retorno proibido";"Colisão lateral sentido oposto";"Com Vítimas Feridas";"Plena Noite";"Decrescente";"Céu Claro";"Simples";"Reta;Declive";"Não";2;0;0;1;1;0;1;2;-8,09494;-39,124596;"SPRF-PE";"DEL05-PE";"UOP01-DEL05-PE"
658907;2025-02-02;"domingo";"19:50:00";"PR";277;149;"BALSA NOVA";"Reação tardia ou ineficiente do condutor";"Saída de leito carroçável";"Sem Vítimas";"Plena Noite";"Decrescente";"Céu Claro";"Simples";"Declive;Reta";"Não";1;0;0;0;0;1;0;1;-25,46552;-49,74408;"SPRF-PR";"DEL03-PR";"UOP03-DEL03-PR"
658909;2025-01-19;"domingo";"12:15:00";"RS";285;155,2;"MUITOS CAPOES";"Reação tardia ou ineficiente do condutor";"Tombamento";"Com Vítimas Feridas";"Pleno dia";"Crescente";"Céu Claro";"Simples";"Curva";"Não";4;0;2;1;0;1;3;3;-28,329794;-51,180145;"SPRF-RS";"DEL05-RS";"UOP03-DEL05-RS"
658914;2025-02-02;"domingo";"17:30:00";"MG";40;269;"SAO GONCALO DO ABAETE";"Velocidade Incompatível";"Colisão com objeto";"Com Vítimas Feridas";"Anoitecer";"Decrescente";"Chuva";"Dupla";"Curva;Declive";"Sim";2;0;1;0;0;1;1;2;-18,16847698;-45,18871308;"SPRF-MG";"DEL14-MG";"UOP02-DEL14-MG"
658917;2025-02-02;"domingo";"20:00:00";"MT";70;505;"CUIABA";"Reação tardia ou ineficiente do condutor";"Colisão frontal";"Com Vítimas Feridas";"Pleno dia";"Crescente";"Céu Claro";"Simples";"Reta";"Não";10;0;2;0;7;3;2;6;-15,70215158;-56,05846024;"SPRF-MT";"DEL01-MT";"UOP02-DEL01-MT"
658923;2025-02-02;"domingo";"20:00:00";"MT";70;514;"VARZEA GRANDE";"Ingestão de álcool pelo condutor";"Colisão transversal";"Sem Vítimas";"Plena Noite";"Decrescente";"Céu Claro";"Simples";"Interseção de Vias";"Sim";5;0;0;0;4;2;0;4;-15,70606706;-56,1319757;"SPRF-MT";"DEL01-MT";"UOP02-DEL01-MT"
658932;2025-01-05;"domingo";"17:00:00";"RJ";116;251;"PIRAI";"Condutor deixou de manter distância do veículo da frente";"Engavetamento";"Com Vítimas Feridas";"Pleno dia";"Decrescente";"Sol";"Dupla";"Curva";"Não";18;0;8;1;8;2;9;12;-22,58482223;-43,95961921;"SPRF-RJ";"DEL07-RJ";"UOP01-DEL07-RJ"
658955;2025-02-03;"segunda-feira";"00:40:00";"SC";101;65;"ARAQUARI";"Ausência de reação do condutor";"Colisão lateral mesmo sentido";"Com Vítimas Feridas";"Plena Noite";"Decrescente";"Chuva";"Múltipla";"Reta";"Não";3;0;1;0;2;0;1;2;-26,47135714;-48,74457217;"SPRF-SC";"DEL03-SC";"UOP02-DEL03-SC"
658958;2025-02-03;"segunda-feira";"01:45:00";"AL";101;93;"RIO LARGO";"Reação tardia ou ineficiente do condutor";"Colisão traseira";"Com Vítimas Feridas";"Plena Noite";"Crescente";"Chuva";"Simples";"Reta";"Não";4;0;1;0;2;2;1;4;-9,50845198;-35,92634901;"SPRF-AL";"DEL01-AL";"UOP01-DEL01-AL"
658959;2025-02-03;"segunda-feira";"01:25:00";"AL";101;80;"RIO LARGO";"Condutor Dormindo";"Colisão lateral mesmo sentido";"Com Vítimas Feridas";"Plena Noite";"Crescente";"Nublado";"Dupla";"Reta";"Não";3;0;1;0;1;1;1;3;-9,44631269;-35,84294014;"SPRF-AL";"DEL01-AL";"UOP01-DEL01-AL"
658961;2025-02-03;"segunda-feira";"03:00:00";"PR";476;163,7;"ARAUCARIA";"Transitar na contramão";"Colisão lateral sentido oposto";"Com Vítimas Feridas";"Plena Noite";"Decrescente";"Nublado";"Simples";"Reta";"Não";2;0;1;0;1;0;1;2;-25,63641644;-49,46636617;"SPRF-PR";"DEL01-PR";"UOP06-DEL01-PR"
658971;2025-02-03;"segunda-feira";"05:30:00";"RJ";101;405;"ITAGUAI";"Animais na Pista";"Atropelamento de Animal";"Com Vítimas Feridas";"Amanhecer";"Crescente";"Céu Claro";"Dupla";"Reta";"Não";5;0;2;0;3;0;2;3;-22,867606;-43,802743;"SPRF-RJ";"DEL03-RJ";"UOP01-DEL03-RJ"
658981;2025-02-02;"domingo";"20:00:00";"MT";364;347,9;"SANTO ANTONIO DO LEVERGER";"Demais falhas mecânicas ou elétricas";"Saída de leito carroçável";"Sem Vítimas";"Plena Noite";"Crescente";"Céu Claro";"Dupla";"Curva;Declive";"Não";1;0;0;0;1;0;0;1;-15,807347;-55,54692;"SPRF-MT";"DEL05-MT";"UOP02-DEL05-MT"
658983;2025-02-03;"segunda-feira";"05:15:00";"SP";116;2,8;"QUELUZ";"Condutor Dormindo";"Colisão com objeto";"Com Vítimas Feridas";"Amanhecer";"Crescente";"Nublado";"Dupla";"Reta";"Não";2;0;1;0;0;1;1;2;-22,52224482;-44,7168661;"SPRF-SP";"DEL08-SP";"UOP02-DEL08-SP"
658986;2025-02-03;"segunda-feira";"07:35:00";"PB";101;83,7;"BAYEUX";"Manobra de mudança de faixa";"Colisão lateral mesmo sentido";"Com Vítimas Feridas";"Pleno dia";"Crescente";"Céu Claro";"Dupla";"Reta";"Sim";2;0;1;0;0;1;1;2;-7,1337703;-34,92963914;"SPRF-PB";"DEL01-PB";"UOP01-DEL01-PB"
658989;2025-02-03;"segunda-feira";"05:00:00";"PE";232;71,8;"GRAVATA";"Condutor Dormindo";"Colisão traseira";"Com Vítimas Feridas";"Amanhecer";"Decrescente";"Céu Claro";"Dupla";"Reta";"Não";2;0;1;0;1;0;1;2;-8,18344403;-35,49296599;"SPRF-PE";"DEL02-PE";"UOP02-DEL02PE"
658997;2025-02-03;"segunda-feira";"07:18:00";"PR";153;11;"JACAREZINHO";"Acessar a via sem observar a presença dos outros veículos";"Colisão transversal";"Com Vítimas Feridas";"Pleno dia";"Decrescente";"Céu Claro";"Simples";"Reta";"Não";2;0;1;0;1;0;1;2;-23,08444598;-49,93636609;"SPRF-PR";"DEL07-PR";"UOP04-DEL07-PR"
659002;2025-01-22;"quarta-feira";"09:40:00";"GO";40;8,3;"LUZIANIA";"Manobra de mudança de faixa";"Colisão transversal";"Com Vítimas Feridas";"Pleno dia";"Crescente";"Céu Claro";"Dupla";"Reta";"Sim";2;0;1;0;1;0;1;2;-16,1212;-47,964243;"SPRF-DF";"DEL01-DF";"UOP01-DEL01-DF"
659003;2025-02-03;"segunda-feira";"08:30:00";"BA";20;145;"SAO DESIDERIO";"Reação tardia ou ineficiente do condutor";"Colisão transversal";"Com Vítimas Fatais";"Pleno dia";"Crescente";"Chuva";"Simples";"Reta";"Não";3;1;0;0;1;4;0;6;-12,683658;-45,931288;"SPRF-BA";"DEL10-BA";"UOP01-DEL10-BA"
659005;2025-02-03;"segunda-feira";"08:00:00";"ES";101;232,1;"FUNDAO";"Reação tardia ou ineficiente do condutor";"Colisão com objeto";"Com Vítimas Feridas";"Pleno dia";"Crescente";"Céu Claro";"Simples";"Reta";"Não";2;0;1;0;0;1;1;2;-19,95224103;-40,40879816;"SPRF-ES";"DEL02-ES";"UOP01-DEL02-ES"
659012;2025-02-03;"segunda-feira";"09:00:00";"RS";392;67;"PELOTAS";"Acessar a via sem observar a presença dos outros veículos";"Colisão transversal";"Com Vítimas Feridas";"Pleno dia";"Crescente";"Céu Claro";"Dupla";"Viaduto";"Sim";2;0;1;0;1;0;1;2;-31,75691695;-52,40076184;"SPRF-RS";"DEL07-RS";"UOP01-DEL07-RS"
659016;2025-01-25;"sábado";"15:43:00";"MG";251;437;"GRAO MOGOL";"Condutor Dormindo";"Colisão frontal";"Com Vítimas Feridas";"Pleno dia";"Crescente";"Céu Claro";"Simples";"Reta";"Não";7;0;1;3;2;1;4;3;-16,39529722;-43,20402292;"SPRF-MG";"DEL12-MG";"UOP01-DEL12-MG"
659020;2025-02-03;"segunda-feira";"06:52:00";"RO";364;252,3;"CACOAL";"Ausência de reação do condutor";"Saída de leito carroçável";"Sem Vítimas";"Amanhecer";"Decrescente";"Nublado";"Simples";"Declive;Reta";"Não";1;0;0;0;0;1;0;1;-11,437023;-61,582107;"SPRF-RO";"DEL02-RO";"UOP02-DEL02-RO"
659029;2025-02-03;"segunda-feira";"04:00:00";"PA";230;202;"ITUPIRANGA";"Condutor Dormindo";"Colisão com objeto";"Com Vítimas Feridas";"Plena Noite";"Crescente";"Ignorado";"Simples";"Curva;Ponte";"Não";2;0;1;0;0;1;1;2;-4,90668999;-49,47822903;"SPRF-PA";"DEL03-PA";"UOP01-DEL03-PA"
659031;2025-02-03;"segunda-feira";"08:45:00";"SE";101;201,3;"CRISTINAPOLIS";"Acessar a via sem observar a presença dos outros veículos";"Saída de leito carroçável";"Com Vítimas Feridas";"Pleno dia";"Decrescente";"Nublado";"Simples";"Reta";"Não";2;0;1;0;1;0;1;2;-11,49249;-37,777638;"SPRF-SE";"DEL02-SE";"UOP03-DEL02-SE"
659034;2025-02-03;"segunda-feira";"11:05:00";"PE";101;72;"RECIFE";"Reação tardia ou ineficiente do condutor";"Colisão traseira";"Com Vítimas Feridas";"Pleno dia";"Decrescente";"Céu Claro";"Dupla";"Reta";"Sim";3;0;1;0;1;1;1;3;-8,08493106;-34,9450639;"SPRF-PE";"DEL01-PE";"UOP01-DEL01-PE"
659035;2025-02-03;"segunda-feira";"10:20:00";"PI";343;342;"TERESINA";"Demais falhas mecânicas ou elétricas";"Colisão com objeto";"Sem Vítimas";"Pleno dia";"Crescente";"Céu Claro";"Simples";"Reta";"Sim";2;0;0;0;1;1;0;2;-5,077812;-42,744255;"SPRF-PI";"DEL01-PI";"UOP01-DEL01-PI"
659044;2025-02-03;"segunda-feira";"10:45:00";"RO";364;424,5;"JARU";"Reação tardia ou ineficiente do condutor";"Tombamento";"Com Vítimas Fatais";"Pleno dia";"Decrescente";"Sol";"Múltipla";"Reta";"Sim";4;1;0;0;1;4;0;6;-10,44072124;-62,4684535;"SPRF-RO";"DEL03-RO";"UOP02-DEL03-RO"
659047;2025-02-02;"domingo";"16:30:00";"MA";222;429,9;"SANTA LUZIA";"Reação tardia ou ineficiente do condutor";"Tombamento";"Com Vítimas Feridas";"Pleno dia";"Decrescente";"Céu Claro";"Simples";"Curva;Declive";"Não";1;0;0;1;0;0;1;1;-4,06550809;-45,81998298;"SPRF-MA";"DEL02-MA";"UOP01-DEL02-MA"
659048;2025-01-28;"terça-feira";"09:18:00";"PE";101;82;"JABOATAO DOS GUARARAPES";"Avarias e/ou desgaste excessivo no pneu";"Incêndio";"Sem Vítimas";"Pleno dia";"Decrescente";"Céu Claro";"Dupla";"Reta";"Sim";2;0;0;0;1;1;0;2;-8,168383;-34,9376;"SPRF-PE";"DEL01-PE";"UOP01-DEL01-PE"
659051;2025-02-03;"segunda-feira";"07:25:00";"MG";40;606,7;"CONGONHAS";"Problema com o freio";"Incêndio";"Sem Vítimas";"Pleno dia";"Crescente";"Céu Claro";"Simples";"Interseção de Vias;Reta";"Não";2;0;0;0;1;1;0;2;-20,47574626;-43,8429639;"SPRF-MG";"DEL05-MG";"UOP02-DEL05-MG"
659064;2025-02-03;"segunda-feira";"15:30:00";"MG";365;768;"ITUIUTABA";"Ausência de reação do condutor";"Engavetamento";"Com Vítimas Feridas";"Pleno dia";"Crescente";"Céu Claro";"Simples";"Aclive";"Não";4;0;1;0;3;0;1;3;-18,96224029;-49,59311301;"SPRF-MG";"DEL15-MG";"UOP03-DEL15-MG"
659068;2025-01-17;"sexta-feira";"07:42:00";"MG";381;485,5;"BETIM";"Manobra de mudança de faixa";"Colisão lateral mesmo sentido";"Com Vítimas Feridas";"Pleno dia";"Decrescente";"Céu Claro";"Dupla";"Declive;Reta";"Sim";2;0;1;0;1;0;1;2;-19,95624622;-44,09946442;"SPRF-MG";"DEL01-MG";"UOP03-DEL01-MG"
659069;2025-02-03;"segunda-feira";"15:00:00";"GO";153;497;"GOIANIA";"Manobra de mudança de faixa";"Colisão transversal";"Com Vítimas Feridas";"Pleno dia";"Crescente";"Céu Claro";"Dupla";"Reta";"Sim";2;0;1;0;0;1;1;2;-16,6854;-49,2338;"SPRF-GO";"DEL01-GO";"UOP01-DEL01-GO"
659075;2025-02-03;"segunda-feira";"15:10:00";"RO";319;64;"PORTO VELHO";"Reação tardia ou ineficiente do condutor";"Colisão com objeto";"Sem Vítimas";"Pleno dia";"Decrescente";"Céu Claro";"Múltipla";"Reta";"Sim";3;0;0;0;2;1;0;2;-8,766685;-63,884052;"SPRF-RO";"DEL01-RO";"UOP01-DEL01-RO"
659082;2025-02-03;"segunda-feira";"15:20:00";"RJ";493;84;"JAPERI";"Ausência de reação do condutor";"Saída de leito carroçável";"Com Vítimas Fatais";"Pleno dia";"Decrescente";"Céu Claro";"Dupla";"Curva";"Não";1;1;0;0;0;0;0;1;-22,6616483;-43,6031563;"SPRF-RJ";"DEL01-RJ";"UOP03-DEL01-RJ"
659083;2025-02-03;"segunda-feira";"03:30:00";"MG";381;412;"NOVA UNIAO";"Velocidade Incompatível";"Colisão com objeto";"Com Vítimas Feridas";"Plena Noite";"Decrescente";"Nublado";"Dupla";"Aclive;Reta";"Não";2;0;1;0;0;1;1;2;-19,72437271;-43,57094049;"SPRF-MG";"DEL01-MG";"UOP01-DEL01-MG"
659084;2025-02-03;"segunda-feira";"16:20:00";"SC";101;277;"IMBITUBA";"Manobra de mudança de faixa";"Colisão lateral mesmo sentido";"Com Vítimas Feridas";"Pleno dia";"Decrescente";"Céu Claro";"Múltipla";"Reta";"Sim";6;0;2;0;3;1;2;3;-28,15469653;-48,69253278;"SPRF-SC";"DEL02-SC";"UOP03-DEL02-SC"
659086;2025-02-03;"segunda-feira";"16:30:00";"RJ";101;327;"RIO DE JANEIRO";"Condutor deixou de manter distância do veículo da frente";"Colisão traseira";"Com Vítimas Feridas";"Pleno dia";"Decrescente";"Céu Claro";"Dupla";"Reta;Ponte;Aclive";"Não";2;0;1;0;1;0;1;2;-22,87117393;-43,15595099;"SPRF-RJ";"DEL02-RJ";"UOP01-DEL02-RJ"
659090;2025-02-03;"segunda-feira";"17:05:00";"RS";116;516,6;"PELOTAS";"Condutor deixou de manter distância do veículo da frente";"Colisão traseira";"Com Vítimas Feridas";"Pleno dia";"Decrescente";"Sol";"Dupla";"Interseção de Vias;Reta";"Sim";3;0;1;0;1;1;1;3;-31,67426576;-52,34112024;"SPRF-RS";"DEL07-RS";"UOP01-DEL07-RS"
659091;2025-02-03;"segunda-feira";"17:50:00";"PR";116;127;"FAZENDA RIO GRANDE";"Manobra de mudança de faixa";"Colisão traseira";"Com Vítimas Feridas";"Anoitecer";"Crescente";"Nublado";"Dupla";"Reta";"Sim";2;0;1;0;0;1;1;2;-25,644895;-49,312776;"SPRF-PR";"DEL01-PR";"UOP03-DEL01-PR"
659092;2025-02-03;"segunda-feira";"17:00:00";"RS";448;20,5;"CANOAS";"Demais falhas mecânicas ou elétricas";"Colisão com objeto";"Com Vítimas Feridas";"Pleno dia";"Crescente";"Céu Claro";"Múltipla";"Reta";"Sim";3;0;1;0;1;2;1;4;-29,958729;-51,202465;"SPRF-RS";"DEL01-RS";"UOP01-DEL01-RS"
659107;2025-02-03;"segunda-feira";"17:45:00";"MG";381;354,5;"BETIM";"Demais falhas mecânicas ou elétricas";"Colisão com objeto";"Com Vítimas Feridas";"Pleno dia";"Decrescente";"Céu Claro";"Dupla";"Curva;Declive";"Sim";4;0;0;1;1;2;1;4;-19,98136044;-44,21149521;"SPRF-MG";"DEL03-MG";"UOP01-DEL03-MG"
659110;2025-02-03;"segunda-feira";"18:10:00";"MT";163;499,9;"CUIABA";"Conversão proibida";"Colisão transversal";"Com Vítimas Feridas";"Anoitecer";"Decrescente";"Nublado";"Simples";"Reta";"Sim";3;0;1;0;1;1;1;3;-15,666629;-56,00846171;"SPRF-MT";"DEL01-MT";"UOP01-DEL01-MT"
659111;2025-02-03;"segunda-feira";"15:30:00";"MT";174;578;"COMODORO";"Ausência de reação do condutor";"Saída de leito carroçável";"Com Vítimas Feridas";"Pleno dia";"Decrescente";"Chuva";"Simples";"Reta";"Não";1;0;1;0;0;0;1;1;-12,95984182;-60,03239282;"SPRF-MT";"DEL04-MT";"UOP02-DEL04-MT"
659116;2025-02-03;"segunda-feira";"18:45:00";"MT";70;520;"VARZEA GRANDE";"Reação tardia ou ineficiente do condutor";"Colisão traseira";"Com Vítimas Feridas";"Anoitecer";"Decrescente";"Garoa/Chuvisco";"Simples";"Reta";"Sim";4;0;1;0;2;1;1;3;-15,679025;-56,174669;"SPRF-MT";"DEL01-MT";"UOP02-DEL01-MT"
659118;2025-02-03;"segunda-feira";"16:30:00";"MG";262;480;"BOM DESPACHO";"Ausência de reação do condutor";"Colisão lateral sentido oposto";"Com Vítimas Feridas";"Pleno dia";"Decrescente";"Sol";"Simples";"Reta";"Não";3;0;0;1;1;1;1;3;-19,78696514;-45,24828201;"SPRF-MG";"DEL08-MG";"UOP03-DEL08-MG"
659142;2025-02-03;"segunda-feira";"22:05:00";"SC";101;27;"JOINVILLE";"Condutor deixou de manter distância do veículo da frente";"Engavetamento";"Com Vítimas Feridas";"Plena Noite";"Decrescente";"Nublado";"Múltipla";"Aclive;Reta;Viaduto";"Sim";4;0;0;2;1;2;2;5;-26,2033866;-48,91370773;"SPRF-SC";"DEL03-SC";"UOP01-DEL03-SC"