"id";"data_inversa";"dia_semana";"horario";"uf";"br";"km";"municipio";"causa_acidente";"tipo_acidente";"classificacao_acidente";"fase_dia";"sentido_via";"condicao_metereologica";"tipo_pista";"tracado_via";"uso_solo";"pessoas";"mortos";"feridos_leves";"feridos_graves";"ilesos";"ignorados";"feridos";"veiculos";"latitude";"longitude";"regional";"delegacia";"uop"
659454;2025-02-05;"quarta-feira";"13:00:00";"AL";101;181;"JUNQUEIRO";"Velocidade Incompatível";"Colisão com objeto";"Com Vítimas Feridas";"Pleno dia";"Decrescente";"Chuva";"Dupla";"Declive";"Não";2;0;1;0;0;1;1;2;-9,89535548;-36,41225988;"SPRF-AL";"DEL02-AL";"UOP02-DEL02-AL"
659455;2025-02-05;"quarta-feira";"12:50:00";"MG";381;513;"IGARAPE";"Problema com o freio";"Colisão lateral sentido oposto";"Com Vítimas Feridas";"Pleno dia";"Decrescente";"Céu Claro";"Simples";"Declive;Reta";"Não";4;0;1;1;2;0;2;3;-20,099993;-44,318903;"SPRF-MG";"DEL01-MG";"UOP03-DEL01-MG"
659456;2025-02-05;"quarta-feira";"16:00:00";"SC";101;202;"SAO JOSE";"Trafegar com motocicleta (ou similar) entre as faixas";"Colisão lateral mesmo sentido";"Com Vítimas Feridas";"Pleno dia";"Crescente";"Nublado";"Múltipla";"Reta";"Sim";3;0;1;0;0;2;1;3;-27,55711595;-48,61897889;"SPRF-SC";"DEL01-SC";"UOP01-DEL01-SC"
659458;2025-02-05;"quarta-feira";"16:25:00";"MG";381;525,5;"BRUMADINHO";"Problema com o freio";"Colisão com objeto";"Com Vítimas Feridas";"Pleno dia";"Crescente";"Céu Claro";"Dupla";"Em Obras;Declive;Curva";"Não";5;0;3;0;1;2;3;5;-20,16710798;-44,33422398;"SPRF-MG";"DEL04-MG";"UOP03-DEL04-MG"
659462;2025-02-05;"quarta-feira";"17:00:00";"DF";40;3;"BRASILIA";"Acessar a via sem observar a presença dos outros veículos";"Colisão lateral mesmo sentido";"Com Vítimas Feridas";"Pleno dia";"Decrescente";"Céu Claro";"Dupla";"Interseção de Vias;Rotatória";"Sim";2;0;1;0;1;0;1;2;-16,003145;-47,983944;"SPRF-DF";"DEL01-DF";"UOP01-DEL01-DF"
659463;2025-02-05;"quarta-feira";"16:30:00";"PR";153;42,4;"SANTO ANTONIO DA PLATINA";"Desrespeitar a preferência no cruzamento";"Colisão transversal";"Com Vítimas Feridas";"Pleno dia";"Crescente";"Céu Claro";"Simples";"Reta;Interseção de Vias";"Sim";2;0;0;1;1;0;1;2;-23,29512144;-50,06578041;"SPRF-PR";"DEL07-PR";"UOP04-DEL07-PR"
659465;2025-02-05;"quarta-feira";"17:00:00";"SC";101;346;"JAGUARUNA";"Acessar a via sem observar a presença dos outros veículos";"Colisão lateral mesmo sentido";"Sem Vítimas";"Pleno dia";"Crescente";"Céu Claro";"Dupla";"Reta;Em Obras";"Sim";2;0;0;0;2;0;0;2;-28,55485199;-49,0540891;"SPRF-SC";"DEL02-SC";"UOP01-DEL02-SC"
659468;2025-02-05;"quarta-feira";"17:00:00";"SP";116;220;"GUARULHOS";"Reação tardia ou ineficiente do condutor";"Colisão lateral mesmo sentido";"Com Vítimas Feridas";"Pleno dia";"Decrescente";"Nublado";"Múltipla";"Reta";"Sim";3;0;1;0;2;0;1;2;-23,46472809;-46,49793962;"SPRF-SP";"DEL01-SP";"UOP01-DEL01-SP"
659469;2025-02-05;"quarta-feira";"14:03:00";"SC";163;106,2;"SAO JOSE DO CEDRO";"Acessar a via sem observar a presença dos outros veículos";"Colisão transversal";"Com Vítimas Feridas";"Pleno dia";"Crescente";"Céu Claro";"Dupla";"Retorno Regulamentado;Interseção de Vias";"Sim";3;0;0;1;1;3;1;5;-26,43752707;-53,51693708;"SPRF-SC";"DEL07-SC";"UOP03-DEL07-SC"
659476;2025-02-05;"quarta-feira";"18:16:00";"TO";153;702;"CARIRI DO TOCANTINS";"Acessar a via sem observar a presença dos outros veículos";"Colisão transversal";"Com Vítimas Feridas";"Anoitecer";"Crescente";"Céu Claro";"Simples";"Retorno Regulamentado;Reta";"Não";5;0;1;1;2;1;2;3;-11,96911979;-49,2029167;"SPRF-TO";"DEL01-TO";"UOP02-DEL01-TO"
659480;2025-02-05;"quarta-feira";"12:30:00";"PB";230;257,4;"JUNCO DO SERIDO";"Reação tardia ou ineficiente do condutor";"Saída de leito carroçável";"Com Vítimas Feridas";"Pleno dia";"Decrescente";"Chuva";"Simples";"Curva;Declive";"Não";2;0;1;1;0;0;2;1;-7,0114;-36,6808;"SPRF-PB";"DEL03-PB";"UOP01-DEL03-PB"
659482;2025-02-05;"quarta-feira";"17:20:00";"PR";369;234,5;"JANDAIA DO SUL";"Transitar na contramão";"Colisão frontal";"Com Vítimas Fatais";"Pleno dia";"Decrescente";"Nublado";"Simples";"Reta";"Não";2;1;0;0;1;0;0;2;-23,626436;-51,670105;"SPRF-PR";"DEL09-PR";"UOP01-DEL09-PR"
659489;2025-02-05;"quarta-feira";"19:30:00";"MA";316;266,6;"SANTA INES";"Ingestão de álcool pelo condutor";"Colisão frontal";"Sem Vítimas";"Plena Noite";"Crescente";"Céu Claro";"Simples";"Viaduto;Reta";"Sim";2;0;0;0;2;0;0;2;-3,681815;-45,347157;"SPRF-MA";"DEL02-MA";"UOP01-DEL02-MA"
659490;2025-02-05;"quarta-feira";"20:30:00";"GO";364;278;"MINEIROS";"Reação tardia ou ineficiente do condutor";"Colisão traseira";"Com Vítimas Feridas";"Plena Noite";"Crescente";"Céu Claro";"Simples";"Aclive;Reta";"Não";4;0;1;0;2;2;1;5;-17,637932;-52,371918;"SPRF-GO";"DEL05-GO";"UOP01-DEL05-GO"
659491;2025-02-05;"quarta-feira";"20:00:00";"PB";230;36;"SANTA RITA";"Ausência de reação do condutor";"Colisão traseira";"Com Vítimas Feridas";"Plena Noite";"Decrescente";"Chuva";"Dupla";"Reta";"Sim";2;0;0;1;0;1;1;2;-7,1246;-34,9473;"SPRF-PB";"DEL01-PB";"UOP03-DEL01-PB"
659503;2025-02-05;"quarta-feira";"21:15:00";"SC";101;1,3;"GARUVA";"Manobra de mudança de faixa";"Colisão lateral mesmo sentido";"Com Vítimas Feridas";"Plena Noite";"Decrescente";"Garoa/Chuvisco";"Múltipla";"Reta";"Não";2;0;1;0;1;0;1;2;-25,99179956;-48,88117254;"SPRF-SC";"DEL03-SC";"UOP01-DEL03-SC"
659506;2025-02-05;"quarta-feira";"22:45:00";"BA";101;512,5;"ITABUNA";"Ausência de reação do condutor";"Colisão traseira";"Com Vítimas Feridas";"Plena Noite";"Crescente";"Céu Claro";"Simples";"Reta";"Não";4;0;1;1;1;1;2;3;-14,84998829;-39,28151965;"SPRF-BA";"DEL05-BA";"UOP01-DEL05-BA"
659508;2025-02-05;"quarta-feira";"08:55:00";"MT";70;95;"GENERAL CARNEIRO";"Demais falhas mecânicas ou elétricas";"Tombamento";"Sem Vítimas";"Pleno dia";"Decrescente";"Nublado";"Simples";"Curva";"Não";4;0;0;0;3;1;0;2;-15,57483763;-52,90425902;"SPRF-MT";"DEL07-MT";"UOP01-DEL07-MT"
659510;2025-02-05;"quarta-feira";"23:20:00";"SE";101;184;"UMBAUBA";"Ausência de reação do condutor";"Colisão traseira";"Com Vítimas Fatais";"Plena Noite";"Crescente";"Nublado";"Simples";"Aclive;Reta";"Não";2;1;0;0;0;1;0;2;-11,3869269;-37,66865876;"SPRF-SE";"DEL02-SE";"UOP03-DEL02-SE"
659515;2025-02-06;"quinta-feira";"01:40:00";"MG";153;53;"MONTE ALEGRE DE MINAS";"Condutor Dormindo";"Saída de leito carroçável";"Com Vítimas Feridas";"Plena Noite";"Crescente";"Céu Claro";"Dupla";"Reta";"Não";3;0;2;0;0;1;2;2;-18,84716712;-49,09042109;"SPRF-MG";"DEL15-MG";"UOP03-DEL15-MG"
659516;2025-02-06;"quinta-feira";"00:30:00";"MG";40;442,7;"PARAOPEBA";"Manobra de mudança de faixa";"Colisão lateral mesmo sentido";"Com Vítimas Feridas";"Plena Noite";"Crescente";"Céu Claro";"Dupla";"Reta;Declive";"Não";4;0;1;0;2;1;1;3;-19,28159537;-44,41755295;"SPRF-MG";"DEL02-MG";"UOP01-DEL02-MG"
659517;2025-02-05;"quarta-feira";"23:38:00";"RS";470;112,7;"LAGOA VERMELHA";"Demais falhas mecânicas ou elétricas";"Incêndio";"Sem Vítimas";"Plena Noite";"Crescente";"Céu Claro";"Simples";"Reta";"Não";2;0;0;0;1;1;0;2;-28,459305;-51,514428;"SPRF-RS";"DEL08-RS";"UOP05-DEL08-RS"
659518;2025-02-06;"quinta-feira";"02:30:00";"PR";476;97,9;"BOCAIUVA DO SUL";"Ausência de reação do condutor";"Saída de leito carroçável";"Com Vítimas Feridas";"Plena Noite";"Crescente";"Garoa/Chuvisco";"Simples";"Reta";"Não";2;0;1;0;0;1;1;2;-25,234463;-49,127838;"SPRF-PR";"DEL01-PR";"UOP01-DEL01-PR"
659522;2025-02-06;"quinta-feira";"04:55:00";"SP";116;222;"GUARULHOS";"Ausência de reação do condutor";"Engavetamento";"Com Vítimas Feridas";"Amanhecer";"Crescente";"Céu Claro";"Múltipla";"Em Obras;Reta";"Sim";4;0;0;2;2;0;2;3;-23,47093408;-46,51631097;"SPRF-SP";"DEL01-SP";"UOP01-DEL01-SP"
659523;2025-02-06;"quinta-feira";"04:15:00";"RJ";101;261;"RIO BONITO";"Ausência de reação do condutor";"Colisão traseira";"Sem Vítimas";"Amanhecer";"Crescente";"Ignorado";"Dupla";"Reta";"Não";3;0;0;0;2;1;0;3;-22,71139378;-42,61157199;"SPRF-RJ";"DEL02-RJ";"UOP03-DEL02-RJ"
659524;2025-02-05;"quarta-feira";"19:30:00";"MG";365;446;"GUIMARANIA";"Manobra de mudança de faixa";"Colisão frontal";"Com Vítimas Feridas";"Plena Noite";"Crescente";"Céu Claro";"Simples";"Aclive";"Não";3;0;0;1;1;1;1;3;-18,82615544;-46,7900619;"SPRF-MG";"DEL10-MG";"UOP01-DEL10-MG"
659525;2025-01-21;"terça-feira";"12:40:00";"BA";324;554;"AMELIA RODRIGUES";"Ausência de sinalização";"Engavetamento";"Com Vítimas Feridas";"Pleno dia";"Crescente";"Céu Claro";"Dupla";"Reta";"Não";5;0;1;0;4;0;1;4;-12,46037726;-38,69681519;"SPRF-BA";"DEL01-BA";"UOP03-DEL01-BA"
659527;2025-02-05;"quarta-feira";"23:20:00";"PR";373;213,5;"IMBITUVA";"Ausência de reação do condutor";"Tombamento";"Com Vítimas Feridas";"Plena Noite";"Decrescente";"Nublado";"Simples";"Curva";"Não";2;0;0;1;0;1;1;2;-25,15709703;-50,51398401;"SPRF-PR";"DEL03-PR";"UOP01-DEL03-PR"
659528;2025-02-06;"quinta-feira";"06:10:00";"PR";376;343,8;"ORTIGUEIRA";"Velocidade Incompatível";"Colisão frontal";"Com Vítimas Feridas";"Amanhecer";"Decrescente";"Chuva";"Simples";"Curva";"Não";3;0;0;1;1;1;1;3;-24,159;-50,973;"SPRF-PR";"DEL07-PR";"UOP02-DEL07-PR"
659530;2025-02-06;"quinta-feira";"05:00:00";"BA";410;26;"TUCANO";"Ultrapassagem Indevida";"Colisão frontal";"Com Vítimas Feridas";"Amanhecer";"Crescente";"Nublado";"Simples";"Reta";"Não";6;0;5;0;1;0;5;3;-10,9458839;-38,7252251;"SPRF-BA";"DEL07-BA";"UOP02-DEL07-BA"
659539;2025-02-06;"quinta-feira";"07:15:00";"PB";101;72;"SANTA RITA";"Condutor Dormindo";"Colisão com objeto";"Com Vítimas Feridas";"Pleno dia";"Crescente";"Nublado";"Dupla";"Reta";"Não";2;0;1;0;1;0;1;2;-7,07320663;-34,99569975;"SPRF-PB";"DEL01-PB";"UOP04-DEL01-PB"
659549;2025-02-06;"quinta-feira";"08:30:00";"PR";369;482,9;"CORBELIA";"Manobra de mudança de faixa";"Colisão lateral mesmo sentido";"Com Vítimas Feridas";"Pleno dia";"Decrescente";"Céu Claro";"Dupla";"Aclive;Reta";"Não";3;0;1;0;0;2;1;3;-24,78175;-53,29141;"SPRF-PR";"DEL04-PR";"UOP03-DEL04-PR"
659552;2025-02-06;"quinta-feira";"08:45:00";"MG";40;277;"TRES MARIAS";"Demais falhas mecânicas ou elétricas";"Tombamento";"Sem Vítimas";"Pleno dia";"Crescente";"Céu Claro";"Simples";"Curva;Aclive";"Sim";2;0;0;0;1;1;0;2;-18,21264695;-45,22480595;"SPRF-MG";"DEL14-MG";"UOP02-DEL14-MG"
659553;2025-01-25;"sábado";"18:40:00";"SC";101;35;"PALHOCA";"Sistema de drenagem ineficiente";"Colisão transversal";"Com Vítimas Feridas";"Anoitecer";"Decrescente";"Chuva";"Dupla";"Curva";"Não";3;0;2;0;1;0;2;2;-27,6427;-48,6695;"SPRF-SC";"DEL01-SC";"UOP02-DEL01-SC"
659558;2025-02-06;"quinta-feira";"07:45:00";"SC";101;396,7;"MARACAJA";"Reação tardia ou ineficiente do condutor";"Colisão com objeto";"Com Vítimas Feridas";"Pleno dia";"Decrescente";"Céu Claro";"Dupla";"Declive";"Não";3;0;0;1;2;0;1;2;-28,8419671;-49,4276619;"SPRF-SC";"DEL02-SC";"UOP02-DEL02-SC"
659561;2025-02-06;"quinta-feira";"09:40:00";"CE";116;13,9;"FORTALEZA";"Manobra de mudança de faixa";"Colisão lateral mesmo sentido";"Com Vítimas Feridas";"Pleno dia";"Crescente";"Nublado";"Dupla";"Reta";"Sim";2;0;1;0;1;0;1;2;-3,86088501;-38,49715296;"SPRF-CE";"DEL01-CE";"UOP02-DEL01-CE"
659564;2025-02-06;"quinta-feira";"09:50:00";"RN";101;118;"SAO JOSE DE MIPIBU";"Ausência de reação do condutor";"Colisão lateral mesmo sentido";"Sem Vítimas";"Pleno dia";"Crescente";"Nublado";"Dupla";"Desvio Temporário;Reta;Retorno Regulamentado";"Não";3;0;0;0;2;2;0;4;-6,01774809;-35,2528319;"SPRF-RN";"DEL01-RN";"UOP01-DEL01-RN"
659570;2025-02-06;"quinta-feira";"10:15:00";"SC";470;45,9;"GASPAR";"Ultrapassagem Indevida";"Colisão frontal";"Com Vítimas Feridas";"Pleno dia";"Crescente";"Garoa/Chuvisco";"Simples";"Curva";"Sim";4;0;1;0;2;1;1;4;-26,86030399;-49,03852701;"SPRF-SC";"DEL04-SC";"UOP01-DEL04-SC"
659572;2025-02-06;"quinta-feira";"09:57:00";"PR";163;238,9;"TOLEDO";"Reação tardia ou ineficiente do condutor";"Colisão lateral mesmo sentido";"Com Vítimas Fatais";"Pleno dia";"Decrescente";"Céu Claro";"Dupla";"Aclive;Reta";"Não";6;1;0;1;3;4;1;7;-24,68967215;-53,75789523;"SPRF-PR";"DEL04-PR";"UOP01-DEL04-PR"
659578;2025-02-06;"quinta-feira";"10:00:00";"BA";20;142;"SAO DESIDERIO";"Reação tardia ou ineficiente do condutor";"Tombamento";"Com Vítimas Feridas";"Pleno dia";"Decrescente";"Sol";"Dupla";"Aclive;Curva";"Não";2;0;1;0;0;2;1;3;-12,70841;-45,93412;"SPRF-BA";"DEL10-BA";"UOP01-DEL10-BA"
659582;2025-02-06;"quinta-feira";"10:15:00";"RS";290;161,8;"ARROIO DOS RATOS";"Reação tardia ou ineficiente do condutor";"Colisão transversal";"Com Vítimas Fatais";"Pleno dia";"Crescente";"Nublado";"Simples";"Reta;Declive";"Não";5;1;0;0;2;4;0;7;-30,112318;-51,818535;"SPRF-RS";"DEL02-RS";"UOP01-DEL02-RS"
659585;2025-02-06;"quinta-feira";"11:20:00";"RS";101;12,3;"DOM PEDRO DE ALCANTARA";"Desrespeitar a preferência no cruzamento";"Colisão lateral mesmo sentido";"Com Vítimas Feridas";"Pleno dia";"Decrescente";"Céu Claro";"Dupla";"Viaduto";"Não";17;0;1;0;16;0;1;2;-29,38659602;-49,83647398;"SPRF-RS";"DEL03-RS";"UOP02-DEL03-RS"
659587;2025-02-06;"quinta-feira";"11:20:00";"RS";290;375;"VILA NOVA DO SUL";"Acessar a via sem observar a presença dos outros veículos";"Colisão transversal";"Com Vítimas Feridas";"Pleno dia";"Crescente";"Céu Claro";"Simples";"Reta";"Não";2;0;0;1;1;0;1;2;-30,345064;-53,908253;"SPRF-RS";"DEL09-RS";"UOP02-DEL09-RS"
659590;2025-02-06;"quinta-feira";"09:10:00";"GO";158;199;"CAIAPONIA";"Ausência de reação do condutor";"Saída de leito carroçável";"Sem Vítimas";"Pleno dia";"Decrescente";"Nublado";"Simples";"Curva";"Não";2;0;0;0;0;2;0;2;-17,30699095;-51,88400189;"SPRF-GO";"DEL05-GO";"UOP01-DEL05-GO"
659591;2025-02-06;"quinta-feira";"11:45:00";"SC";116;180,9;"SAO CRISTOVAO DO SUL";"Ausência de reação do condutor";"Tombamento";"Com Vítimas Feridas";"Pleno dia";"Decrescente";"Nublado";"Simples";"Curva";"Não";2;0;1;0;0;2;1;3;-27,2755343;-50,440979;"SPRF-SC";"DEL05-SC";"UOP03-DEL05-SC"
659600;2025-02-06;"quinta-feira";"13:55:00";"ES";101;195,3;"JOAO NEIVA";"Velocidade Incompatível";"Tombamento";"Com Vítimas Fatais";"Pleno dia";"Decrescente";"Céu Claro";"Simples";"Reta;Declive";"Não";2;1;0;0;1;0;0;2;-19,70198612;-40,32193499;"SPRF-ES";"DEL04-ES";"UOP01-DEL04-ES"
659601;2025-02-06;"quinta-feira";"13:40:00";"MG";381;396;"BOM JESUS DO AMPARO";"Velocidade Incompatível";"Colisão com objeto";"Com Vítimas Feridas";"Pleno dia";"Crescente";"Sol";"Dupla";"Curva";"Não";1;0;0;1;0;0;1;1;-19,74873228;-43,48895304;"SPRF-MG";"DEL01-MG";"UOP01-DEL01-MG"
659602;2025-02-06;"quinta-feira";"10:40:00";"PE";424;89,3;"GARANHUNS";"Demais falhas mecânicas ou elétricas";"Colisão lateral mesmo sentido";"Com Vítimas Feridas";"Pleno dia";"Crescente";"Nublado";"Simples";"Curva;Declive";"Sim";6;0;2;0;3;3;2;6;-8,89138375;-36,50571483;"SPRF-PE";"DEL03-PE";"UOP01-DEL03-PE"
659603;2025-02-06;"quinta-feira";"13:55:00";"PB";230;21;"JOAO PESSOA";"Trafegar com motocicleta (ou similar) entre as faixas";"Colisão lateral mesmo sentido";"Com Vítimas Feridas";"Pleno dia";"Decrescente";"Nublado";"Dupla";"Reta";"Sim";3;0;0;1;1;1;1;3;-7,1415;-34,8519;"SPRF-PB";"DEL01-PB";"UOP01-DEL01-PB"
659605;2025-02-06;"quinta-feira";"14:00:00";"RJ";116;212;"SEROPEDICA";"Manobra de mudança de faixa";"Colisão lateral mesmo sentido";"Sem Vítimas";"Pleno dia";"Crescente";"Céu Claro";"Múltipla";"Reta";"Não";2;0;0;0;2;0;0;2;-22,71844298;-43,700897;"SPRF-RJ";"DEL06-RJ";"UOP02-DEL06-RJ"
659606;2025-02-06;"quinta-feira";"13:35:00";"PR";376;457;"TIBAGI";"Reação tardia ou ineficiente do condutor";"Colisão lateral mesmo sentido";"Com Vítimas Feridas";"Pleno dia";"Decrescente";"Chuva";"Dupla";"Reta";"Não";6;0;2;0;3;2;2;4;-24,98482569;-50,36932593;"SPRF-PR";"DEL03-PR";"UOP01-DEL03-PR"
659610;2025-02-06;"quinta-feira";"14:00:00";"MG";381;671;"PERDOES";"Demais falhas mecânicas ou elétricas";"Saída de leito carroçável";"Com Vítimas Feridas";"Pleno dia";"Decrescente";"Sol";"Dupla";"Reta";"Não";2;0;1;0;1;0;1;1;-21,08945416;-45,06864195;"SPRF-MG";"DEL04-MG";"UOP02-DEL04-MG"
659628;2025-02-06;"quinta-feira";"14:35:00";"PI";316;24,3;"TERESINA";"Estacionar ou parar em local proibido";"Colisão traseira";"Com Vítimas Feridas";"Pleno dia";"Crescente";"Sol";"Múltipla";"Reta";"Sim";3;0;1;0;1;3;1;5;-5,28895702;-42,71707202;"SPRF-PI";"DEL01-PI";"UOP02-DEL01-PI"
659629;2025-02-06;"quinta-feira";"15:00:00";"MS";163;74;"ITAQUIRAI";"Ausência de reação do condutor";"Colisão lateral sentido oposto";"Com Vítimas Feridas";"Pleno dia";"Crescente";"Nublado";"Simples";"Reta";"Não";3;0;1;0;1;1;1;3;-23,50976209;-54,18919663;"SPRF-MS";"DEL09-MS";"UOP02-DEL09-MS"
659630;2025-02-06;"quinta-feira";"16:00:00";"RJ";116;205;"QUEIMADOS";"Demais falhas mecânicas ou elétricas";"Incêndio";"Sem Vítimas";"Pleno dia";"Decrescente";"Céu Claro";"Dupla";"Reta";"Não";2;0;0;0;1;1;0;2;-22,72746688;-43,64167998;"SPRF-RJ";"DEL06-RJ";"UOP02-DEL06-RJ"
659635;2025-02-06;"quinta-feira";"14:00:00";"PR";376;662,1;"TIJUCAS DO SUL";"Acessar a via sem observar a presença dos outros veículos";"Colisão transversal";"Com Vítimas Feridas";"Pleno dia";"Decrescente";"Céu Claro";"Dupla";"Reta";"Não";3;0;1;0;1;1;1;3;-25,852775;-48,977135;"SPRF-PR";"DEL01-PR";"UOP04-DEL01-PR"
659636;2025-02-06;"quinta-feira";"15:00:00";"RJ";116;311;"RESENDE";"Frear bruscamente";"Colisão traseira";"Com Vítimas Feridas";"Pleno dia";"Crescente";"Céu Claro";"Dupla";"Curva";"Sim";7;0;2;0;4;1;2;5;-22,46086624;-44,44296321;"SPRF-RJ";"DEL07-RJ";"UOP02-DEL07-RJ"
659652;2025-02-06;"quinta-feira";"17:30:00";"MG";50;66,7;"UBERLANDIA";"Acessar a via sem observar a presença dos outros veículos";"Colisão lateral mesmo sentido";"Com Vítimas Feridas";"Anoitecer";"Crescente";"Céu Claro";"Dupla";"Viaduto";"Não";2;0;1;0;1;0;1;2;-18,86139712;-48,25422764;"SPRF-MG";"DEL15-MG";"UOP02-DEL15-MG"
659654;2025-02-06;"quinta-feira";"17:30:00";"PE";101;51;"PAULISTA";"Acesso irregular";"Colisão lateral mesmo sentido";"Com Vítimas Feridas";"Plena Noite";"Decrescente";"Chuva";"Dupla";"Reta";"Sim";3;0;1;0;1;1;1;3;-7,9169968;-34,89689272;"SPRF-PE";"DEL01-PE";"UOP02-DEL01-PE"
659659;2025-02-06;"quinta-feira";"17:30:00";"MT";163;834;"SINOP";"Pista Escorregadia";"Colisão traseira";"Com Vítimas Feridas";"Pleno dia";"Decrescente";"Chuva";"Dupla";"Retorno Regulamentado;Reta";"Sim";4;0;1;0;2;3;1;6;-11,87765501;-55,49941432;"SPRF-MT";"DEL06-MT";"UOP02-DEL06-MT"
659661;2025-02-06;"quinta-feira";"17:45:00";"SC";101;451;"SAO JOAO DO SUL";"Desrespeitar a preferência no cruzamento";"Colisão transversal";"Com Vítimas Feridas";"Pleno dia";"Decrescente";"Nublado";"Múltipla";"Interseção de Vias;Viaduto";"Não";3;0;0;1;1;2;1;4;-29,18580098;-49,75491285;"SPRF-SC";"DEL02-SC";"UOP02-DEL02-SC"
659673;2025-02-05;"quarta-feira";"23:00:00";"BA";349;822;"SAO FELIX DO CORIBE";"Demais falhas mecânicas ou elétricas";"Incêndio";"Sem Vítimas";"Plena Noite";"Decrescente";"Céu Claro";"Simples";"Reta";"Não";2;0;0;0;1;2;0;3;-13,37698119;-44,03074995;"SPRF-BA";"DEL10-BA";"UOP02-DEL10-BA"
659676;2025-02-06;"quinta-feira";"18:55:00";"SC";153;93,7;"CONCORDIA";"Transitar na contramão";"Colisão frontal";"Com Vítimas Feridas";"Anoitecer";"Decrescente";"Ignorado";"Simples";"Curva;Declive";"Não";2;0;1;0;1;0;1;2;-27,192907;-51,936951;"SPRF-SC";"DEL07-SC";"UOP04-DEL07-SC"
659686;2025-02-06;"quinta-feira";"19:50:00";"MT";364;202;"RONDONOPOLIS";"Manobra de mudança de faixa";"Tombamento";"Com Vítimas Feridas";"Plena Noite";"Crescente";"Céu Claro";"Dupla";"Em Obras;Reta;Ponte";"Sim";3;0;1;0;1;2;1;4;-16,479299;-54,651568;"SPRF-MT";"DEL02-MT";"UOP01-DEL02-MT"
659693;2025-02-06;"quinta-feira";"21:30:00";"BA";324;546;"AMELIA RODRIGUES";"Demais falhas mecânicas ou elétricas";"Saída de leito carroçável";"Com Vítimas Feridas";"Plena Noite";"Crescente";"Céu Claro";"Dupla";"Declive";"Não";1;0;0;1;0;0;1;1;-12,41513603;-38,75158107;"SPRF-BA";"DEL01-BA";"UOP03-DEL01-BA"
659697;2025-02-06;"quinta-feira";"19:40:00";"GO";20;212,3;"POSSE";"Animais na Pista";"Atropelamento de Animal";"Com Vítimas Feridas";"Plena Noite";"Decrescente";"Céu Claro";"Simples";"Declive;Reta";"Não";2;0;1;0;0;1;1;2;-14,259401;-46,365856;"SPRF-DF";"DEL02-DF";"UOP03-DEL02-DF"
659700;2025-02-06;"quinta-feira";"19:40:00";"RS";468;63,4;"CAMPO NOVO";"Acessar a via sem observar a presença dos outros veículos";"Colisão frontal";"Com Vítimas Feridas";"Plena Noite";"Crescente";"Garoa/Chuvisco";"Simples";"Reta;Interseção de Vias";"Sim";5;0;4;0;1;0;4;2;-27,766647;-53,8184;"SPRF-RS";"DEL08-RS";"UOP02-DEL08-RS"
659703;2025-02-06;"quinta-feira";"20:20:00";"RJ";116;234;"PIRAI";"Velocidade Incompatível";"Tombamento";"Com Vítimas Feridas";"Plena Noite";"Crescente";"Céu Claro";"Dupla";"Reta";"Sim";3;0;1;0;1;1;1;2;-22,66632663;-43,84704988;"SPRF-RJ";"DEL07-RJ";"UOP01-DEL07-RJ"
659714;2025-02-06;"quinta-feira";"21:30:00";"RO";364;708;"PORTO VELHO";"Demais falhas mecânicas ou elétricas";"Incêndio";"Sem Vítimas";"Plena Noite";"Crescente";"Ignorado";"Dupla";"Reta";"Não";1;0;0;0;1;0;0;1;-8,79554083;-63,84072487;"SPRF-RO";"DEL01-RO";"UOP01-DEL01-RO"
659715;2025-02-06;"quinta-feira";"22:30:00";"SP";116;350;"MIRACATU";"Demais falhas mecânicas ou elétricas";"Incêndio";"Com Vítimas Feridas";"Plena Noite";"Decrescente";"Céu Claro";"Dupla";"Reta;Aclive";"Não";2;0;1;0;0;1;1;2;-24,05853299;-47,21739301;"SPRF-SP";"DEL04-SP";"UOP03-DEL04-SP"
659716;2025-02-07;"sexta-feira";"00:15:00";"GO";20;11,1;"FORMOSA";"Acessar a via sem observar a presença dos outros veículos";"Colisão transversal";"Com Vítimas Feridas";"Plena Noite";"Decrescente";"Céu Claro";"Simples";"Reta";"Não";12;0;2;0;10;0;2;2;-15,562011;-47,257778;"SPRF-DF";"DEL02-DF";"UOP02-DEL02-DF"
659718;2025-02-06;"quinta-feira";"23:30:00";"MS";262;244;"RIBAS DO RIO PARDO";"Ausência de reação do condutor";"Colisão lateral sentido oposto";"Sem Vítimas";"Plena Noite";"Decrescente";"Garoa/Chuvisco";"Simples";"Declive;Curva";"Não";2;0;0;0;2;0;0;2;-20,4548435;-53,80367304;"SPRF-MS";"DEL01-MS";"UOP05-DEL01-MS"
659720;2025-02-06;"quinta-feira";"22:50:00";"RJ";116;282,1;"BARRA MANSA";"Pedestre cruzava a pista fora da faixa";"Atropelamento de Pedestre";"Com Vítimas Fatais";"Plena Noite";"Crescente";"Céu Claro";"Simples";"Reta";"Não";3;1;0;0;2;0;0;3;-22,52405173;-44,20072574;"SPRF-RJ";"DEL07-RJ";"UOP02-DEL07-RJ"
659721;2025-02-07;"sexta-feira";"00:30:00";"SP";116;387;"MIRACATU";"Condutor deixou de manter distância do veículo da frente";"Colisão traseira";"Com Vítimas Feridas";"Plena Noite";"Decrescente";"Céu Claro";"Dupla";"Em Obras;Reta";"Não";8;0;2;0;5;1;2;4;-24,26558971;-47,38858809;"SPRF-SP";"DEL04-SP";"UOP02-DEL04-SP"