"id";"data_inversa";"dia_semana";"horario";"uf";"br";"km";"municipio";"causa_acidente";"tipo_acidente";"classificacao_acidente";"fase_dia";"sentido_via";"condicao_metereologica";"tipo_pista";"tracado_via";"uso_solo";"pessoas";"mortos";"feridos_leves";"feridos_graves";"ilesos";"ignorados";"feridos";"veiculos";"latitude";"longitude";"regional";"delegacia";"uop"
659724;2025-02-07;"sexta-feira";"02:00:00";"MG";262;362;"BETIM";"Condutor deixou de manter distância do veículo da frente";"Colisão traseira";"Com Vítimas Feridas";"Plena Noite";"Decrescente";"Céu Claro";"Dupla";"Reta;Declive";"Sim";2;0;0;1;1;0;1;2;-19,98025969;-44,22672112;"SPRF-MG";"DEL01-MG";"UOP03-DEL01-MG"
659726;2025-02-07;"sexta-feira";"02:30:00";"MG";40;612,5;"CONGONHAS";"Ausência de reação do condutor";"Colisão lateral mesmo sentido";"Com Vítimas Feridas";"Plena Noite";"Decrescente";"Céu Claro";"Simples";"Reta";"Sim";4;0;0;2;1;1;2;3;-20,52319889;-43,8291359;"SPRF-MG";"DEL05-MG";"UOP02-DEL05-MG"
659730;2025-02-07;"sexta-feira";"03:30:00";"SP";116;394;"MIRACATU";"Reação tardia ou ineficiente do condutor";"Colisão traseira";"Com Vítimas Feridas";"Plena Noite";"Crescente";"Nublado";"Dupla";"Reta";"Sim";3;0;1;0;1;1;1;3;-24,28717454;-47,45143994;"SPRF-SP";"DEL04-SP";"UOP02-DEL04-SP"
659731;2025-02-07;"sexta-feira";"02:00:00";"SC";116;109;"MONTE CASTELO";"Ausência de reação do condutor";"Colisão traseira";"Com Vítimas Feridas";"Plena Noite";"Decrescente";"Céu Claro";"Simples";"Reta;Declive";"Não";2;0;1;0;1;0;1;2;-26,7575178;-50,34172617;"SPRF-SC";"DEL06-SC";"UOP02-DEL06-SC"
659733;2025-02-07;"sexta-feira";"04:00:00";"RS";470;2;"BARRACAO";"Ausência de reação do condutor";"Tombamento";"Com Vítimas Feridas";"Plena Noite";"Crescente";"Nevoeiro/Neblina";"Simples";"Curva";"Não";2;0;1;0;1;0;1;1;-27,61455904;-51,47493363;"SPRF-RS";"DEL08-RS";"UOP05-DEL08-RS"
659735;2025-02-07;"sexta-feira";"02:15:00";"PE";232;230,5;"PESQUEIRA";"Ausência de reação do condutor";"Colisão lateral mesmo sentido";"Com Vítimas Feridas";"Plena Noite";"Crescente";"Nublado";"Simples";"Reta;Aclive";"Não";3;0;1;0;1;1;1;3;-8,40315513;-36,88346699;"SPRF-PE";"DEL03-PE";"UOP02-DEL03-PE"
659737;2025-02-07;"sexta-feira";"02:45:00";"MG";251;244,6;"SANTA CRUZ DE SALINAS";"Ausência de reação do condutor";"Colisão com objeto";"Com Vítimas Fatais";"Plena Noite";"Decrescente";"Céu Claro";"Simples";"Reta";"Não";4;1;0;0;2;2;0;4;-15,99781094;-41,81489892;"SPRF-MG";"DEL12-MG";"UOP02-DEL12-MG"
659741;2025-02-06;"quinta-feira";"21:20:00";"SP";381;69,9;"MAIRIPORA";"Reação tardia ou ineficiente do condutor";"Tombamento";"Sem Vítimas";"Plena Noite";"Decrescente";"Nublado";"Dupla";"Declive;Curva";"Não";2;0;0;0;1;1;0;2;-23,34553108;-46,56787903;"SPRF-SP";"DEL03-SP";"UOP01-DEL03-SP"
659748;2025-02-07;"sexta-feira";"05:30:00";"GO";40;125;"CRISTALINA";"Condutor Dormindo";"Saída de leito carroçável";"Sem Vítimas";"Amanhecer";"Crescente";"Céu Claro";"Dupla";"Reta";"Não";2;0;0;0;1;1;0;2;-16,874138;-47,379037;"SPRF-DF";"DEL01-DF";"UOP02-DEL01-DF"
659753;2025-02-07;"sexta-feira";"06:20:00";"SC";282;423;"VARGEM BONITA";"Reação tardia ou ineficiente do condutor";"Colisão traseira";"Com Vítimas Feridas";"Amanhecer";"Crescente";"Céu Claro";"Simples";"Reta";"Não";3;0;1;0;1;1;1;3;-26,99556;-51,752289;"SPRF-SC";"DEL07-SC";"UOP05-DEL07-SC"
659754;2025-02-07;"sexta-feira";"04:30:00";"MT";163;1078;"GUARANTA DO NORTE";"Ingestão de álcool pelo condutor";"Colisão traseira";"Com Vítimas Feridas";"Plena Noite";"Crescente";"Céu Claro";"Simples";"Aclive;Reta";"Não";3;0;2;0;1;0;2;2;-9,84387175;-54,88143705;"SPRF-MT";"DEL06-MT";"UOP03-DEL06-MT"
659760;2025-02-07;"sexta-feira";"06:21:00";"PE";316;39;"ARARIPINA";"Transitar na contramão";"Colisão frontal";"Com Vítimas Feridas";"Pleno dia";"Crescente";"Nublado";"Simples";"Aclive;Reta";"Não";4;0;1;0;2;1;1;4;-7,66360359;-40,40027781;"SPRF-PE";"DEL05-PE";"UOP02-DEL05-PE"
659762;2025-02-07;"sexta-feira";"07:30:00";"MG";381;740,7;"TRES CORACOES";"Ausência de reação do condutor";"Saída de leito carroçável";"Com Vítimas Feridas";"Pleno dia";"Decrescente";"Céu Claro";"Dupla";"Reta";"Não";2;0;0;1;0;1;1;2;-21,6193566;-45,24913194;"SPRF-MG";"DEL16-MG";"UOP02-DEL16-MG"
659769;2025-02-07;"sexta-feira";"08:10:00";"BA";324;525;"FEIRA DE SANTANA";"Suicídio (presumido)";"Atropelamento de Pedestre";"Com Vítimas Feridas";"Pleno dia";"Decrescente";"Céu Claro";"Dupla";"Reta";"Não";2;0;1;0;1;0;1;2;-12,30106981;-38,8977869;"SPRF-BA";"DEL01-BA";"UOP03-DEL01-BA"
659774;2025-02-07;"sexta-feira";"09:30:00";"SP";116;215;"GUARULHOS";"Carga excessiva e/ou mal acondicionada";"Derramamento de carga";"Com Vítimas Feridas";"Plena Noite";"Crescente";"Nublado";"Múltipla";"Reta";"Sim";4;0;1;0;3;0;1;3;-23,44695693;-46,45394103;"SPRF-SP";"DEL01-SP";"UOP01-DEL01-SP"
659781;2025-02-07;"sexta-feira";"09:50:00";"GO";153;503;"APARECIDA DE GOIANIA";"Acessar a via sem observar a presença dos outros veículos";"Colisão transversal";"Com Vítimas Feridas";"Pleno dia";"Decrescente";"Céu Claro";"Dupla";"Reta";"Sim";4;0;1;0;2;2;1;4;-16,7366;-49,243;"SPRF-GO";"DEL01-GO";"UOP01-DEL01-GO"
659782;2025-02-07;"sexta-feira";"07:50:00";"PE";101;98;"CABO DE SANTO AGOSTINHO";"Demais falhas na via";"Saída de leito carroçável";"Com Vítimas Feridas";"Pleno dia";"Decrescente";"Sol";"Dupla";"Reta";"Não";1;0;1;0;0;0;1;1;-8,25653422;-35,03811793;"SPRF-PE";"DEL01-PE";"UOP03-DEL01-PE"
659784;2025-02-07;"sexta-feira";"07:03:00";"MS";158;17,3;"CASSILANDIA";"Condutor Dormindo";"Colisão traseira";"Com Vítimas Feridas";"Amanhecer";"Crescente";"Céu Claro";"Simples";"Reta";"Não";4;0;1;0;2;2;1;4;-19,17379974;-51,61275888;"SPRF-MS";"DEL08-MS";"UOP01-DEL08-MS"
659786;2025-02-07;"sexta-feira";"10:20:00";"MG";381;740,1;"TRES CORACOES";"Velocidade Incompatível";"Saída de leito carroçável";"Com Vítimas Feridas";"Pleno dia";"Crescente";"Céu Claro";"Dupla";"Reta";"Não";2;0;2;0;0;0;2;1;-21,6193566;-45,24913194;"SPRF-MG";"DEL16-MG";"UOP02-DEL16-MG"
659787;2025-02-07;"sexta-feira";"06:24:00";"MT";163;1049;"MATUPA";"Ultrapassagem Indevida";"Colisão lateral sentido oposto";"Com Vítimas Feridas";"Amanhecer";"Crescente";"Céu Claro";"Simples";"Reta";"Não";3;0;1;0;0;2;1;3;-10,21397874;-54,96594637;"SPRF-MT";"DEL06-MT";"UOP03-DEL06-MT"
659789;2025-02-07;"sexta-feira";"09:47:00";"MG";153;48,7;"MONTE ALEGRE DE MINAS";"Reação tardia ou ineficiente do condutor";"Colisão traseira";"Com Vítimas Feridas";"Pleno dia";"Crescente";"Céu Claro";"Dupla";"Reta";"Não";3;0;1;0;1;1;1;3;-18,80471613;-49,08293767;"SPRF-MG";"DEL15-MG";"UOP03-DEL15-MG"
659792;2025-02-07;"sexta-feira";"11:00:00";"ES";262;167,9;"IBATIBA";"Ultrapassagem Indevida";"Colisão lateral sentido oposto";"Com Vítimas Feridas";"Pleno dia";"Crescente";"Céu Claro";"Simples";"Curva;Declive";"Não";4;0;0;2;1;1;2;3;-20,2531047;-41,56633803;"SPRF-ES";"DEL01-ES";"UOP02-DEL01-ES"
659793;2025-02-04;"terça-feira";"07:50:00";"RJ";40;102;"DUQUE DE CAXIAS";"Reação tardia ou ineficiente do condutor";"Engavetamento";"Com Vítimas Feridas";"Pleno dia";"Decrescente";"Céu Claro";"Simples";"Curva";"Não";5;0;1;0;3;1;1;5;-22,61089297;-43,28656077;"SPRF-RJ";"DEL01-RJ";"UOP02-DEL01-RJ"
659795;2025-02-07;"sexta-feira";"10:50:00";"TO";153;722;"FIGUEIROPOLIS";"Acessar a via sem observar a presença dos outros veículos";"Colisão transversal";"Com Vítimas Feridas";"Pleno dia";"Crescente";"Céu Claro";"Simples";"Reta";"Sim";3;0;1;0;1;2;1;4;-12,13719423;-49,16925477;"SPRF-TO";"DEL01-TO";"UOP02-DEL01-TO"
659796;2025-02-07;"sexta-feira";"10:24:00";"BA";324;597;"CANDEIAS";"Reação tardia ou ineficiente do condutor";"Colisão traseira";"Com Vítimas Feridas";"Pleno dia";"Crescente";"Sol";"Dupla";"Reta";"Não";5;0;1;0;4;0;1;4;-12,74194511;-38,43853918;"SPRF-BA";"DEL01-BA";"UOP01-DEL01-BA"
659806;2025-02-07;"sexta-feira";"07:00:00";"SC";282;461,5;"PONTE SERRADA";"Pedestre cruzava a pista fora da faixa";"Atropelamento de Pedestre";"Com Vítimas Feridas";"Pleno dia";"Crescente";"Sol";"Simples";"Reta";"Sim";3;0;1;0;1;1;1;3;-26,86664959;-52,02283859;"SPRF-SC";"DEL07-SC";"UOP04-DEL07-SC"
659807;2025-02-07;"sexta-feira";"12:24:00";"BA";101;876;"TEIXEIRA DE FREITAS";"Condutor deixou de manter distância do veículo da frente";"Colisão traseira";"Com Vítimas Feridas";"Pleno dia";"Crescente";"Chuva";"Simples";"Reta";"Sim";2;0;0;1;1;0;1;2;-17,535807;-39,713178;"SPRF-BA";"DEL09-BA";"UOP02-DEL09-BA"
659810;2025-02-07;"sexta-feira";"11:30:00";"SC";280;68,3;"JARAGUA DO SUL";"Trafegar com motocicleta (ou similar) entre as faixas";"Colisão transversal";"Com Vítimas Feridas";"Pleno dia";"Crescente";"Nublado";"Simples";"Reta;Interseção de Vias";"Sim";3;0;1;1;1;0;2;2;-26,47277719;-49,11098612;"SPRF-SC";"DEL03-SC";"UOP03-DEL03-SC"
659811;2025-02-07;"sexta-feira";"09:33:00";"RN";101;100,8;"PARNAMIRIM";"Reação tardia ou ineficiente do condutor";"Colisão com objeto";"Com Vítimas Fatais";"Pleno dia";"Decrescente";"Nublado";"Dupla";"Reta";"Sim";3;1;0;1;1;0;1;2;-5,88106901;-35,22542396;"SPRF-RN";"DEL01-RN";"UOP01-DEL01-RN"
659813;2025-02-07;"sexta-feira";"12:35:00";"RJ";101;393,4;"ITAGUAI";"Mal súbito do condutor";"Colisão traseira";"Com Vítimas Feridas";"Pleno dia";"Crescente";"Céu Claro";"Dupla";"Aclive;Reta;Ponte";"Não";2;0;1;0;1;0;1;2;-22,88924912;-43,70370205;"SPRF-RJ";"DEL03-RJ";"UOP01-DEL03-RJ"
659814;2025-02-07;"sexta-feira";"12:10:00";"BA";324;535;"CONCEICAO DO JACUIPE";"Velocidade Incompatível";"Saída de leito carroçável";"Com Vítimas Feridas";"Pleno dia";"Decrescente";"Chuva";"Simples";"Curva";"Não";1;0;1;0;0;0;1;1;-12,35104617;-38,83402119;"SPRF-BA";"DEL01-BA";"UOP03-DEL01-BA"
659815;2025-02-07;"sexta-feira";"12:10:00";"SE";101;156;"ESTANCIA";"Ausência de reação do condutor";"Tombamento";"Com Vítimas Feridas";"Pleno dia";"Crescente";"Chuva";"Simples";"Curva";"Não";2;0;1;0;0;2;1;3;-11,2859163;-37,45833996;"SPRF-SE";"DEL02-SE";"UOP01-DEL02-SE"
659816;2025-02-07;"sexta-feira";"12:09:00";"PR";277;40,7;"MORRETES";"Demais falhas mecânicas ou elétricas";"Saída de leito carroçável";"Com Vítimas Feridas";"Pleno dia";"Crescente";"Sol";"Dupla";"Aclive;Reta";"Não";2;0;2;0;0;0;2;1;-25,5805709;-48,8755047;"SPRF-PR";"DEL01-PR";"UOP05-DEL01-PR"
659817;2025-02-07;"sexta-feira";"13:00:00";"BA";116;633;"JAGUAQUARA";"Acessar a via sem observar a presença dos outros veículos";"Colisão transversal";"Com Vítimas Feridas";"Pleno dia";"Decrescente";"Céu Claro";"Simples";"Reta";"Sim";2;0;1;0;1;0;1;2;-13,47539479;-40,03995749;"SPRF-BA";"DEL03-BA";"UOP01-DEL03-BA"
659820;2025-02-06;"quinta-feira";"19:15:00";"BA";110;144;"CICERO DANTAS";"Ultrapassagem Indevida";"Colisão lateral sentido oposto";"Com Vítimas Fatais";"Plena Noite";"Decrescente";"Céu Claro";"Simples";"Reta;Declive";"Não";2;1;0;0;0;1;0;2;-10,58317696;-38,37435277;"SPRF-BA";"DEL07-BA";"UOP02-DEL07-BA"
659824;2025-02-07;"sexta-feira";"10:56:00";"SC";163;76,5;"SAO MIGUEL DO OESTE";"Ultrapassagem Indevida";"Colisão lateral mesmo sentido";"Sem Vítimas";"Pleno dia";"Decrescente";"Céu Claro";"Simples";"Aclive;Interseção de Vias;Reta";"Não";3;0;0;0;2;2;0;4;-26,68004792;-53,51502657;"SPRF-SC";"DEL07-SC";"UOP03-DEL07-SC"
659826;2025-02-07;"sexta-feira";"12:15:00";"RJ";101;276;"TANGUA";"Condutor deixou de manter distância do veículo da frente";"Colisão traseira";"Sem Vítimas";"Pleno dia";"Crescente";"Céu Claro";"Dupla";"Reta";"Sim";4;0;0;0;3;1;0;4;-22,73796393;-42,73871802;"SPRF-RJ";"DEL02-RJ";"UOP03-DEL02-RJ"
659830;2025-02-07;"sexta-feira";"12:25:00";"MG";40;595,5;"OURO PRETO";"Reação tardia ou ineficiente do condutor";"Colisão traseira";"Com Vítimas Feridas";"Pleno dia";"Decrescente";"Céu Claro";"Simples";"Aclive;Desvio Temporário;Em Obras;Reta";"Não";4;0;1;0;2;1;1;3;-20,40314903;-43,89730509;"SPRF-MG";"DEL05-MG";"UOP02-DEL05-MG"
659846;2025-01-30;"quinta-feira";"16:58:00";"PB";230;160,4;"CAMPINA GRANDE";"Desrespeitar a preferência no cruzamento";"Colisão transversal";"Com Vítimas Feridas";"Anoitecer";"Decrescente";"Céu Claro";"Simples";"Em Obras;Interseção de Vias";"Sim";2;0;1;0;1;0;1;2;-7,2436;-35,9375;"SPRF-PB";"DEL02-PB";"UOP01-DEL02-PB"
659857;2025-02-07;"sexta-feira";"16:00:00";"SP";116;300;"SAO LOURENCO DA SERRA";"Ingestão de álcool pelo condutor";"Saída de leito carroçável";"Sem Vítimas";"Pleno dia";"Crescente";"Sol";"Dupla";"Reta";"Não";2;0;0;0;1;1;0;2;-23,80425272;-46,92143625;"SPRF-SP";"DEL04-SP";"UOP01-DEL04-SP"
659862;2025-02-07;"sexta-feira";"11:40:00";"GO";153;171;"CAMPINORTE";"Mal súbito do condutor";"Saída de leito carroçável";"Sem Vítimas";"Pleno dia";"Decrescente";"Céu Claro";"Simples";"Reta";"Sim";2;0;0;0;1;1;0;2;-14,266398;-49,144051;"SPRF-GO";"DEL07-GO";"UOP02-DEL07-GO"
659866;2025-02-07;"sexta-feira";"14:10:00";"PR";476;81;"BOCAIUVA DO SUL";"Reação tardia ou ineficiente do condutor";"Colisão frontal";"Com Vítimas Feridas";"Pleno dia";"Crescente";"Chuva";"Simples";"Curva";"Não";7;0;0;1;1;7;1;6;-25,130367;-49,104187;"SPRF-PR";"DEL01-PR";"UOP01-DEL01-PR"
659875;2025-02-07;"sexta-feira";"17:15:00";"GO";153;615,9;"MORRINHOS";"Velocidade Incompatível";"Colisão com objeto";"Com Vítimas Feridas";"Pleno dia";"Decrescente";"Céu Claro";"Dupla";"Reta";"Não";7;0;1;0;5;1;1;3;-17,6778;-49,1621;"SPRF-GO";"DEL03-GO";"UOP01-DEL03-GO"
659877;2025-02-07;"sexta-feira";"18:10:00";"PR";277;115,2;"CAMPO LARGO";"Trafegar com motocicleta (ou similar) entre as faixas";"Colisão lateral mesmo sentido";"Com Vítimas Fatais";"Anoitecer";"Crescente";"Nevoeiro/Neblina";"Dupla";"Reta";"Não";3;1;0;0;2;0;0;3;-25,43376;-49,437509;"SPRF-PR";"DEL03-PR";"UOP03-DEL03-PR"
659879;2025-02-07;"sexta-feira";"18:45:00";"MG";40;498,9;"ESMERALDAS";"Demais falhas na via";"Saída de leito carroçável";"Com Vítimas Feridas";"Plena Noite";"Decrescente";"Céu Claro";"Dupla";"Reta";"Sim";2;0;1;0;0;1;1;2;-19,69292612;-44,17828038;"SPRF-MG";"DEL02-MG";"UOP01-DEL02-MG"
659883;2025-02-07;"sexta-feira";"14:50:00";"BA";101;75;"ENTRE RIOS";"Demais falhas mecânicas ou elétricas";"Tombamento";"Com Vítimas Feridas";"Pleno dia";"Decrescente";"Nublado";"Dupla";"Reta;Aclive";"Não";2;0;1;0;0;1;1;2;-11,99107419;-38,23974304;"SPRF-BA";"DEL01-BA";"UOP04-DEL01-BA"
659885;2025-02-07;"sexta-feira";"17:18:00";"MS";262;234;"RIBAS DO RIO PARDO";"Manobra de mudança de faixa";"Colisão com objeto";"Sem Vítimas";"Pleno dia";"Crescente";"Nublado";"Simples";"Reta";"Não";1;0;0;0;1;0;0;1;-20,46093745;-53,70889786;"SPRF-MS";"DEL01-MS";"UOP05-DEL01-MS"
659886;2025-02-07;"sexta-feira";"15:45:00";"RS";386;439;"CANOAS";"Estacionar ou parar em local proibido";"Colisão traseira";"Com Vítimas Feridas";"Pleno dia";"Crescente";"Céu Claro";"Dupla";"Reta";"Não";5;0;1;0;4;0;1;2;-29,87987821;-51,24062598;"SPRF-RS";"DEL04-RS";"UOP02-DEL04-RS"
659889;2025-02-07;"sexta-feira";"19:10:00";"MG";40;603,4;"CONGONHAS";"Demais falhas mecânicas ou elétricas";"Colisão frontal";"Com Vítimas Fatais";"Plena Noite";"Decrescente";"Céu Claro";"Simples";"Curva;Aclive";"Não";9;1;1;2;4;3;3;9;-20,45146264;-43,84102821;"SPRF-MG";"DEL05-MG";"UOP02-DEL05-MG"
659896;2025-02-07;"sexta-feira";"15:40:00";"BA";101;75;"ENTRE RIOS";"Ausência de reação do condutor";"Colisão traseira";"Com Vítimas Feridas";"Pleno dia";"Decrescente";"Nublado";"Dupla";"Declive;Reta";"Não";6;0;4;0;1;1;4;2;-11,97208818;-38,18461061;"SPRF-BA";"DEL01-BA";"UOP04-DEL01-BA"
659900;2025-02-07;"sexta-feira";"15:30:00";"RS";290;258;"CACHOEIRA DO SUL";"Reação tardia ou ineficiente do condutor";"Colisão frontal";"Com Vítimas Feridas";"Pleno dia";"Decrescente";"Céu Claro";"Simples";"Reta";"Não";4;0;0;1;2;1;1;3;-30,25590534;-52,80859709;"SPRF-RS";"DEL02-RS";"UOP03-DEL02-RS"
659916;2025-02-07;"sexta-feira";"16:40:00";"RJ";493;76;"NOVA IGUACU";"Reação tardia ou ineficiente do condutor";"Saída de leito carroçável";"Com Vítimas Feridas";"Pleno dia";"Decrescente";"Céu Claro";"Dupla";"Reta";"Não";2;0;2;0;0;0;2;1;-22,68815174;-43,49624634;"SPRF-RJ";"DEL01-RJ";"UOP03-DEL01-RJ"
659917;2025-02-07;"sexta-feira";"20:25:00";"PR";277;115;"CAMPO LARGO";"Condutor deixou de manter distância do veículo da frente";"Colisão traseira";"Sem Vítimas";"Plena Noite";"Decrescente";"Garoa/Chuvisco";"Dupla";"Reta";"Não";2;0;0;0;2;0;0;2;-25,435;-49,44;"SPRF-PR";"DEL03-PR";"UOP03-DEL03-PR"
659922;2025-02-07;"sexta-feira";"19:30:00";"MG";381;735,5;"CARMO DA CACHOEIRA";"Reação tardia ou ineficiente do condutor";"Colisão traseira";"Com Vítimas Feridas";"Plena Noite";"Crescente";"Nublado";"Dupla";"Reta";"Não";3;0;0;1;1;1;1;3;-21,57989599;-45,23993582;"SPRF-MG";"DEL16-MG";"UOP02-DEL16-MG"
659923;2025-02-07;"sexta-feira";"20:35:00";"MG";153;17;"CENTRALINA";"Condutor Dormindo";"Saída de leito carroçável";"Com Vítimas Feridas";"Plena Noite";"Decrescente";"Nublado";"Dupla";"Declive";"Não";5;0;1;0;3;3;1;6;-18,569555;-49,193806;"SPRF-MG";"DEL15-MG";"UOP03-DEL15-MG"
659925;2025-02-07;"sexta-feira";"16:49:00";"PA";163;592;"TRAIRAO";"Reação tardia ou ineficiente do condutor";"Colisão lateral sentido oposto";"Sem Vítimas";"Pleno dia";"Crescente";"Céu Claro";"Simples";"Curva";"Não";4;0;0;0;3;8;0;11;-4,89594527;-56,18041849;"SPRF-PA";"DEL05-PA";"UOP03-DEL05-PA"
659928;2025-02-07;"sexta-feira";"22:20:00";"PE";101;77,5;"RECIFE";"Condutor deixou de manter distância do veículo da frente";"Engavetamento";"Com Vítimas Feridas";"Plena Noite";"Crescente";"Céu Claro";"Dupla";"Reta";"Sim";6;0;3;0;2;2;3;5;-8,131104;-34,945328;"SPRF-PE";"DEL01-PE";"UOP01-DEL01-PE"
659934;2025-02-07;"sexta-feira";"22:40:00";"RJ";101;294;"ITABORAI";"Acessar a via sem observar a presença dos outros veículos";"Colisão traseira";"Sem Vítimas";"Plena Noite";"Decrescente";"Céu Claro";"Dupla";"Reta";"Não";2;0;0;0;2;0;0;2;-22,7584434;-42,89502344;"SPRF-RJ";"DEL02-RJ";"UOP02-DEL02-RJ"
659941;2025-02-07;"sexta-feira";"22:17:00";"GO";60;377;"RIO VERDE";"Manobra de mudança de faixa";"Colisão lateral mesmo sentido";"Com Vítimas Feridas";"Plena Noite";"Crescente";"Céu Claro";"Dupla";"Reta;Retorno Regulamentado";"Não";4;0;0;1;1;2;1;4;-17,739;-50,8729;"SPRF-GO";"DEL04-GO";"UOP02-DEL04-GO"
659948;2025-02-08;"sábado";"01:00:00";"BA";116;458,6;"SANTO ESTEVAO";"Animais na Pista";"Atropelamento de Animal";"Com Vítimas Fatais";"Plena Noite";"Decrescente";"Céu Claro";"Dupla";"Reta;Declive";"Não";3;1;0;1;0;1;1;2;-12,41591314;-39,19120591;"SPRF-BA";"DEL02-BA";"UOP01-DEL02-BA"
659949;2025-02-08;"sábado";"01:30:00";"SC";101;16,6;"BIGUACU";"Transitar na contramão";"Colisão frontal";"Com Vítimas Feridas";"Plena Noite";"Decrescente";"Céu Claro";"Dupla";"Reta;Interseção de Vias;Viaduto";"Não";3;0;0;1;1;1;1;3;-27,4946;-48,6561;"SPRF-SC";"DEL01-SC";"UOP01-DEL01-SC"
659952;2025-02-07;"sexta-feira";"23:20:00";"MG";381;722,8;"CARMO DA CACHOEIRA";"Ausência de reação do condutor";"Colisão traseira";"Com Vítimas Feridas";"Plena Noite";"Crescente";"Céu Claro";"Dupla";"Reta";"Sim";2;0;1;0;1;0;1;2;-21,47729514;-45,20207819;"SPRF-MG";"DEL04-MG";"UOP02-DEL04-MG"
659956;2025-02-08;"sábado";"02:00:00";"GO";153;498;"GOIANIA";"Ingestão de álcool pelo condutor";"Colisão transversal";"Sem Vítimas";"Plena Noite";"Crescente";"Céu Claro";"Dupla";"Aclive;Reta";"Sim";2;0;0;0;1;1;0;2;-16,6939;-49,2321;"SPRF-GO";"DEL01-GO";"UOP01-DEL01-GO"
659971;2025-02-08;"sábado";"05:45:00";"SC";282;16,6;"PALHOCA";"Transitar na contramão";"Colisão frontal";"Com Vítimas Feridas";"Amanhecer";"Crescente";"Céu Claro";"Simples";"Reta";"Sim";4;0;0;1;1;2;1;4;-27,658611;-48,681847;"SPRF-SC";"DEL01-SC";"UOP02-DEL01-SC"
659972;2025-02-08;"sábado";"03:45:00";"MG";116;536,5;"SANTA RITA DE MINAS";"Velocidade Incompatível";"Colisão frontal";"Com Vítimas Feridas";"Plena Noite";"Decrescente";"Céu Claro";"Simples";"Reta";"Sim";3;0;0;1;1;1;1;3;-19,8670126;-42,13505745;"SPRF-MG";"DEL06-MG";"UOP02-DEL06-MG"
659973;2025-02-08;"sábado";"06:30:00";"MG";381;447;"SABARA";"Reação tardia ou ineficiente do condutor";"Colisão transversal";"Sem Vítimas";"Pleno dia";"Decrescente";"Nublado";"Dupla";"Aclive";"Sim";3;0;0;0;2;1;0;3;-19,83447607;-43,85011601;"SPRF-MG";"DEL01-MG";"UOP01-DEL01-MG"
659974;2025-02-08;"sábado";"06:00:00";"SC";101;30,2;"JOINVILLE";"Ausência de reação do condutor";"Colisão traseira";"Com Vítimas Feridas";"Amanhecer";"Decrescente";"Nublado";"Dupla";"Aclive;Reta;Viaduto";"Sim";5;0;1;0;3;1;1;3;-26,229562;-48,916604;"SPRF-SC";"DEL03-SC";"UOP01-DEL03-SC"
659977;2025-02-08;"sábado";"04:40:00";"PR";373;196,9;"IPIRANGA";"Demais falhas mecânicas ou elétricas";"Colisão traseira";"Com Vítimas Feridas";"Plena Noite";"Crescente";"Nublado";"Dupla";"Curva";"Não";3;0;0;1;1;1;1;3;-25,07461142;-50,39246772;"SPRF-PR";"DEL03-PR";"UOP01-DEL03-PR"
659979;2025-02-08;"sábado";"05:09:00";"MT";364;348,8;"SANTO ANTONIO DO LEVERGER";"Reação tardia ou ineficiente do condutor";"Saída de leito carroçável";"Com Vítimas Feridas";"Amanhecer";"Crescente";"Céu Claro";"Dupla";"Curva";"Não";2;0;0;1;0;1;1;2;-15,80416834;-55,55429598;"SPRF-MT";"DEL05-MT";"UOP02-DEL05-MT"
659980;2025-02-08;"sábado";"03:30:00";"BA";242;851;"BARREIRAS";"Ultrapassagem Indevida";"Colisão lateral mesmo sentido";"Sem Vítimas";"Plena Noite";"Decrescente";"Céu Claro";"Simples";"Reta";"Não";5;0;0;0;5;0;0;2;-12,10830458;-45,29749994;"SPRF-BA";"DEL10-BA";"UOP01-DEL10-BA"
659982;2025-02-08;"sábado";"03:25:00";"MG";381;906,8;"CAMBUI";"Reação tardia ou ineficiente do condutor";"Colisão traseira";"Sem Vítimas";"Plena Noite";"Decrescente";"Nublado";"Dupla";"Curva;Declive";"Não";5;0;0;0;4;2;0;6;-22,67334898;-46,0934412;"SPRF-MG";"DEL16-MG";"UOP03-DEL16-MG"
659985;2025-02-07;"sexta-feira";"21:00:00";"MT";174;327;"PONTES E LACERDA";"Ingestão de álcool pelo condutor";"Colisão frontal";"Com Vítimas Fatais";"Plena Noite";"Decrescente";"Nublado";"Simples";"Reta";"Não";3;1;0;1;1;0;1;2;-14,90579098;-59,29368385;"SPRF-MT";"DEL04-MT";"UOP01-DEL04-MT"
659990;2025-02-08;"sábado";"06:50:00";"PR";376;181,5;"MARINGA";"Ingestão de substâncias psicoativas pelo condutor";"Colisão com objeto";"Sem Vítimas";"Pleno dia";"Decrescente";"Céu Claro";"Dupla";"Reta";"Sim";2;0;0;0;0;2;0;2;-23,43197477;-51,88671852;"SPRF-PR";"DEL09-PR";"UOP01-DEL09-PR"
659998;2025-02-08;"sábado";"06:00:00";"SP";116;509;"CAJATI";"Reação tardia ou ineficiente do condutor";"Saída de leito carroçável";"Sem Vítimas";"Amanhecer";"Decrescente";"Chuva";"Simples";"Reta";"Não";69;0;0;0;68;1;0;3;-24,82178987;-48,21419034;"SPRF-SP";"DEL05-SP";"UOP02-DEL05-SP"
660007;2025-02-08;"sábado";"08:20:00";"BA";101;204;"GOVERNADOR MANGABEIRA";"Ultrapassagem Indevida";"Colisão frontal";"Com Vítimas Fatais";"Pleno dia";"Crescente";"Céu Claro";"Simples";"Aclive;Reta";"Não";4;1;0;1;1;1;1;3;-12,6022057;-39,0103324;"SPRF-BA";"DEL01-BA";"UOP02-DEL01-BA"