"id";"data_inversa";"dia_semana";"horario";"uf";"br";"km";"municipio";"causa_acidente";"tipo_acidente";"classificacao_acidente";"fase_dia";"sentido_via";"condicao_metereologica";"tipo_pista";"tracado_via";"uso_solo";"pessoas";"mortos";"feridos_leves";"feridos_graves";"ilesos";"ignorados";"feridos";"veiculos";"latitude";"longitude";"regional";"delegacia";"uop"
660437;2025-02-10;"segunda-feira";"02:40:00";"BA";407;98;"JAGUARARI";"Ingestão de álcool pelo condutor";"Colisão lateral sentido oposto";"Com Vítimas Feridas";"Plena Noite";"Crescente";"Nublado";"Simples";"Reta";"Não";7;0;1;0;5;2;1;5;-10,22018224;-40,21285144;"SPRF-BA";"DEL04-BA";"UOP01-DEL04-BA"
660441;2025-02-10;"segunda-feira";"05:05:00";"PR";369;468,7;"CORBELIA";"Retorno proibido";"Colisão transversal";"Com Vítimas Fatais";"Amanhecer";"Crescente";"Céu Claro";"Simples";"Reta";"Não";5;1;0;0;1;3;0;3;-24,683172;-53,227572;"SPRF-PR";"DEL04-PR";"UOP03-DEL04-PR"
660444;2025-02-10;"segunda-feira";"06:45:00";"SE";235;81;"FREI PAULO";"Ausência de reação do condutor";"Colisão traseira";"Com Vítimas Fatais";"Pleno dia";"Crescente";"Chuva";"Simples";"Reta;Declive";"Não";2;1;0;0;0;1;0;2;-10,54609;-37,608318;"SPRF-SE";"DEL01-SE";"UOP02-DEL01-SE"
660447;2025-02-10;"segunda-feira";"06:30:00";"MG";40;545,5;"NOVA LIMA";"Ausência de reação do condutor";"Colisão com objeto";"Com Vítimas Feridas";"Pleno dia";"Crescente";"Céu Claro";"Dupla";"Curva";"Não";2;0;0;1;1;0;1;2;-20,00670404;-43,96418668;"SPRF-MG";"DEL01-MG";"UOP02-DEL01-MG"
660450;2025-02-10;"segunda-feira";"05:00:00";"MT";163;503;"CUIABA";"Ingestão de álcool pelo condutor";"Colisão transversal";"Com Vítimas Feridas";"Amanhecer";"Crescente";"Céu Claro";"Simples";"Curva";"Sim";3;0;1;0;1;1;1;3;-15,6947728;-56,02100372;"SPRF-MT";"DEL01-MT";"UOP01-DEL01-MT"
660452;2025-02-10;"segunda-feira";"05:40:00";"MG";381;398,7;"BOM JESUS DO AMPARO";"Pedestre andava na pista";"Atropelamento de Pedestre";"Com Vítimas Fatais";"Pleno dia";"Crescente";"Céu Claro";"Dupla";"Curva";"Não";2;1;0;0;0;1;0;2;-19,753452;-43,474711;"SPRF-MG";"DEL01-MG";"UOP01-DEL01-MG"
660456;2025-02-10;"segunda-feira";"06:40:00";"ES";101;276,4;"SERRA";"Acessar a via sem observar a presença dos outros veículos";"Colisão transversal";"Com Vítimas Feridas";"Pleno dia";"Crescente";"Céu Claro";"Dupla";"Retorno Regulamentado;Reta";"Não";3;0;1;0;1;1;1;3;-20,20788726;-40,3133509;"SPRF-ES";"DEL02-ES";"UOP01-DEL02-ES"
660459;2025-02-10;"segunda-feira";"06:00:00";"PA";155;309;"MARABA";"Manobra de mudança de faixa";"Colisão frontal";"Com Vítimas Feridas";"Amanhecer";"Crescente";"Nublado";"Simples";"Reta";"Não";5;0;0;1;3;4;1;7;-5,66053897;-49,11162717;"SPRF-PA";"DEL03-PA";"UOP01-DEL03-PA"
660464;2025-02-10;"segunda-feira";"07:00:00";"TO";153;605;"CRIXAS DO TOCANTINS";"Acessar a via sem observar a presença dos outros veículos";"Colisão transversal";"Com Vítimas Feridas";"Pleno dia";"Crescente";"Nublado";"Simples";"Reta";"Não";3;0;0;2;0;2;2;4;-11,140322;-48,92431795;"SPRF-TO";"DEL01-TO";"UOP02-DEL01-TO"
660476;2025-02-10;"segunda-feira";"05:40:00";"GO";153;280;"NOVA GLORIA";"Ausência de reação do condutor";"Colisão traseira";"Com Vítimas Feridas";"Amanhecer";"Decrescente";"Céu Claro";"Simples";"Reta;Aclive";"Não";3;0;1;0;1;1;1;3;-15,134809;-49,518436;"SPRF-GO";"DEL07-GO";"UOP02-DEL07-GO"
660477;2025-02-10;"segunda-feira";"07:10:00";"RJ";40;13,9;"TRES RIOS";"Avarias e/ou desgaste excessivo no pneu";"Saída de leito carroçável";"Com Vítimas Feridas";"Pleno dia";"Decrescente";"Céu Claro";"Dupla";"Reta";"Não";1;0;1;0;0;0;1;1;-22,07038869;-43,19513083;"SPRF-RJ";"DEL05-RJ";"UOP02-DEL05-RJ"
660481;2025-02-09;"domingo";"23:30:00";"RJ";493;80;"JAPERI";"Condutor Dormindo";"Saída de leito carroçável";"Com Vítimas Feridas";"Plena Noite";"Crescente";"Céu Claro";"Múltipla";"Reta";"Não";1;0;1;0;0;0;1;1;-22,66318515;-43,56894493;"SPRF-RJ";"DEL01-RJ";"UOP03-DEL01-RJ"
660489;2025-02-10;"segunda-feira";"09:28:00";"MS";163;786;"COXIM";"Demais falhas mecânicas ou elétricas";"Incêndio";"Sem Vítimas";"Pleno dia";"Decrescente";"Céu Claro";"Simples";"Aclive;Reta";"Não";2;0;0;0;1;3;0;4;-18,04196796;-54,68639419;"SPRF-MS";"DEL06-MS";"UOP01-DEL06-MS"
660490;2025-02-10;"segunda-feira";"07:30:00";"RS";290;233;"RIO PARDO";"Problema na suspensão";"Saída de leito carroçável";"Com Vítimas Feridas";"Pleno dia";"Decrescente";"Céu Claro";"Simples";"Reta";"Não";3;0;1;0;1;1;1;2;-30,213642;-52,550747;"SPRF-RS";"DEL02-RS";"UOP03-DEL02-RS"
660496;2025-02-10;"segunda-feira";"10:15:00";"RS";158;244,7;"JULIO DE CASTILHOS";"Demais falhas mecânicas ou elétricas";"Incêndio";"Com Vítimas Feridas";"Pleno dia";"Decrescente";"Sol";"Simples";"Reta;Aclive";"Não";2;0;1;0;1;0;1;1;-29,06457202;-53,6469047;"SPRF-RS";"DEL10-RS";"UOP02-DEL10-RS"
660502;2025-02-10;"segunda-feira";"12:00:00";"MG";381;568,7;"ITAGUARA";"Ausência de reação do condutor";"Saída de leito carroçável";"Com Vítimas Fatais";"Pleno dia";"Crescente";"Céu Claro";"Dupla";"Reta";"Não";2;1;0;0;0;1;0;2;-20,40864474;-44,52569693;"SPRF-MG";"DEL04-MG";"UOP03-DEL04-MG"
660508;2025-02-10;"segunda-feira";"10:40:00";"RS";116;6;"VACARIA";"Reação tardia ou ineficiente do condutor";"Engavetamento";"Com Vítimas Feridas";"Pleno dia";"Crescente";"Céu Claro";"Simples";"Reta";"Não";5;0;2;0;3;0;2;3;-28,25541886;-50,78215527;"SPRF-RS";"DEL05-RS";"UOP03-DEL05-RS"
660509;2025-02-10;"segunda-feira";"11:00:00";"PR";369;408,5;"JURANDA";"Acessar a via sem observar a presença dos outros veículos";"Colisão transversal";"Com Vítimas Feridas";"Pleno dia";"Decrescente";"Céu Claro";"Simples";"Reta";"Não";5;0;1;0;3;1;1;3;-24,4210692;-52,8251946;"SPRF-PR";"DEL04-PR";"UOP03-DEL04-PR"
660513;2025-02-10;"segunda-feira";"11:15:00";"SC";101;47;"JOINVILLE";"Mal súbito do condutor";"Colisão lateral mesmo sentido";"Com Vítimas Feridas";"Pleno dia";"Decrescente";"Céu Claro";"Dupla";"Declive";"Sim";3;0;1;0;1;1;1;3;-26,34234997;-48,85840089;"SPRF-SC";"DEL03-SC";"UOP01-DEL03-SC"
660516;2025-02-10;"segunda-feira";"13:41:00";"GO";60;79;"ANAPOLIS";"Velocidade Incompatível";"Colisão traseira";"Com Vítimas Feridas";"Pleno dia";"Decrescente";"Céu Claro";"Dupla";"Reta";"Sim";4;0;1;1;1;2;2;4;-16,3053;-48,8208;"SPRF-GO";"DEL02-GO";"UOP01-DEL02-GO"
660518;2025-02-10;"segunda-feira";"09:41:00";"MT";163;1029;"PEIXOTO DE AZEVEDO";"Acessar a via sem observar a presença dos outros veículos";"Colisão lateral mesmo sentido";"Com Vítimas Feridas";"Pleno dia";"Crescente";"Sol";"Simples";"Reta;Declive";"Não";3;0;0;1;1;1;1;3;-10,251094;-54,994317;"SPRF-MT";"DEL06-MT";"UOP03-DEL06-MT"
660522;2025-02-10;"segunda-feira";"14:00:00";"SC";470;49,9;"BLUMENAU";"Manobra de mudança de faixa";"Colisão lateral mesmo sentido";"Com Vítimas Feridas";"Pleno dia";"Crescente";"Céu Claro";"Dupla";"Curva";"Não";3;0;1;0;1;1;1;3;-26,8604667;-49,07202244;"SPRF-SC";"DEL04-SC";"UOP01-DEL04-SC"
660525;2025-02-10;"segunda-feira";"14:00:00";"PR";376;547;"PALMEIRA";"Reação tardia ou ineficiente do condutor";"Colisão traseira";"Com Vítimas Feridas";"Pleno dia";"Crescente";"Nublado";"Dupla";"Reta";"Não";2;0;1;0;1;0;1;2;-25,40128626;-49,78795767;"SPRF-PR";"DEL03-PR";"UOP03-DEL03-PR"
660526;2025-02-10;"segunda-feira";"14:00:00";"PE";101;53;"PAULISTA";"Ausência de reação do condutor";"Tombamento";"Com Vítimas Feridas";"Pleno dia";"Crescente";"Céu Claro";"Dupla";"Reta;Declive";"Não";3;0;2;0;0;1;2;2;-7,93124094;-34,90068606;"SPRF-PE";"DEL01-PE";"UOP02-DEL01-PE"
660527;2025-02-10;"segunda-feira";"14:00:00";"SP";116;303;"SAO LOURENCO DA SERRA";"Condutor deixou de manter distância do veículo da frente";"Colisão traseira";"Com Vítimas Feridas";"Pleno dia";"Crescente";"Céu Claro";"Dupla";"Aclive";"Não";5;0;2;0;2;1;2;3;-23,82760675;-46,92631345;"SPRF-SP";"DEL04-SP";"UOP01-DEL04-SP"
660534;2025-02-10;"segunda-feira";"15:00:00";"ES";262;122,9;"VENDA NOVA DO IMIGRANTE";"Demais falhas mecânicas ou elétricas";"Tombamento";"Com Vítimas Feridas";"Pleno dia";"Crescente";"Sol";"Simples";"Curva";"Não";2;0;1;0;0;1;1;2;-20,29353997;-41,23936799;"SPRF-ES";"DEL01-ES";"UOP02-DEL01-ES"
660538;2025-02-10;"segunda-feira";"13:30:00";"MT";364;357;"SANTO ANTONIO DO LEVERGER";"Reação tardia ou ineficiente do condutor";"Saída de leito carroçável";"Com Vítimas Feridas";"Pleno dia";"Decrescente";"Garoa/Chuvisco";"Simples";"Curva";"Não";2;0;1;0;0;1;1;2;-15,78489984;-55,60855772;"SPRF-MT";"DEL05-MT";"UOP02-DEL05-MT"
660541;2025-02-10;"segunda-feira";"16:30:00";"RS";386;266,9;"FONTOURA XAVIER";"Velocidade Incompatível";"Colisão lateral sentido oposto";"Com Vítimas Feridas";"Pleno dia";"Crescente";"Chuva";"Simples";"Em Obras;Curva;Declive";"Não";6;0;1;2;2;1;3;3;-28,944974;-52,375688;"SPRF-RS";"DEL04-RS";"UOP03-DEL04-RS"
660548;2025-02-10;"segunda-feira";"16:30:00";"ES";101;284,8;"CARIACICA";"Reação tardia ou ineficiente do condutor";"Colisão traseira";"Com Vítimas Feridas";"Pleno dia";"Crescente";"Céu Claro";"Dupla";"Reta";"Não";5;0;2;0;3;0;2;2;-20,24334991;-40,3696926;"SPRF-ES";"DEL01-ES";"UOP01-DEL01-ES"
660550;2025-02-10;"segunda-feira";"16:10:00";"MS";163;364;"NOVA ALVORADA DO SUL";"Reação tardia ou ineficiente do condutor";"Colisão traseira";"Com Vítimas Feridas";"Pleno dia";"Decrescente";"Sol";"Dupla";"Rotatória;Reta";"Sim";3;0;1;0;1;1;1;3;-21,47264252;-54,38623182;"SPRF-MS";"DEL02-MS";"UOP01-DEL02-MS"
660553;2025-02-10;"segunda-feira";"16:25:00";"PR";153;468,5;"PORTO VITORIA";"Frear bruscamente";"Colisão traseira";"Com Vítimas Feridas";"Pleno dia";"Decrescente";"Sol";"Simples";"Curva;Aclive";"Não";4;0;1;0;2;3;1;5;-26,285;-51,195;"SPRF-PR";"DEL02-PR";"UOP03-DEL02-PR"
660554;2025-02-10;"segunda-feira";"17:05:00";"SP";116;146;"SAO JOSE DOS CAMPOS";"Reação tardia ou ineficiente do condutor";"Colisão com objeto";"Com Vítimas Feridas";"Pleno dia";"Crescente";"Céu Claro";"Dupla";"Reta;Declive";"Sim";3;0;2;0;1;0;2;2;-23,18890004;-45,85854292;"SPRF-SP";"DEL02-SP";"UOP01-DEL02-SP"
660557;2025-02-10;"segunda-feira";"15:30:00";"BA";116;911;"CANDIDO SALES";"Chuva";"Colisão traseira";"Sem Vítimas";"Pleno dia";"Decrescente";"Chuva";"Simples";"Reta";"Não";3;0;0;0;2;1;0;3;-15,44641305;-41,22614988;"SPRF-BA";"DEL08-BA";"UOP03-DEL08-BA"
660558;2025-02-10;"segunda-feira";"17:15:00";"PR";277;647;"CEU AZUL";"Manobra de mudança de faixa";"Colisão lateral mesmo sentido";"Sem Vítimas";"Pleno dia";"Crescente";"Garoa/Chuvisco";"Simples";"Reta";"Não";3;0;0;0;2;1;0;3;-25,17489911;-53,91380604;"SPRF-PR";"DEL05-PR";"UOP02-DEL05-PR"
660559;2025-01-16;"quinta-feira";"06:40:00";"GO";20;96,5;"VILA BOA";"Transitar na contramão";"Colisão lateral sentido oposto";"Com Vítimas Feridas";"Pleno dia";"Crescente";"Nublado";"Simples";"Aclive";"Não";7;0;2;0;3;3;2;5;-14,975515;-47,014931;"SPRF-DF";"DEL02-DF";"UOP02-DEL02-DF"
660572;2025-02-10;"segunda-feira";"18:00:00";"PR";116;123;"CURITIBA";"Transitar no Acostamento";"Colisão lateral mesmo sentido";"Com Vítimas Feridas";"Anoitecer";"Crescente";"Céu Claro";"Dupla";"Curva";"Sim";2;0;1;0;0;1;1;2;-25,60921381;-49,31962788;"SPRF-PR";"DEL01-PR";"UOP03-DEL01-PR"
660574;2025-02-10;"segunda-feira";"16:20:00";"MT";364;362;"SANTO ANTONIO DO LEVERGER";"Reação tardia ou ineficiente do condutor";"Saída de leito carroçável";"Com Vítimas Feridas";"Pleno dia";"Crescente";"Céu Claro";"Dupla";"Reta";"Não";4;0;1;1;1;3;2;4;-15,75387438;-55,65782547;"SPRF-MT";"DEL01-MT";"UOP02-DEL01-MT"
660583;2025-02-10;"segunda-feira";"18:30:00";"DF";40;1,7;"BRASILIA";"Reação tardia ou ineficiente do condutor";"Colisão traseira";"Com Vítimas Feridas";"Plena Noite";"Crescente";"Céu Claro";"Dupla";"Reta";"Sim";3;0;0;1;1;1;1;3;-15,985532;-47,987747;"SPRF-DF";"DEL01-DF";"UOP01-DEL01-DF"
660587;2025-02-10;"segunda-feira";"16:00:00";"RJ";116;271;"VOLTA REDONDA";"Reação tardia ou ineficiente do condutor";"Colisão com objeto";"Com Vítimas Feridas";"Pleno dia";"Crescente";"Sol";"Múltipla";"Reta";"Sim";2;0;1;0;0;1;1;2;-22,55785881;-44,13371086;"SPRF-RJ";"DEL07-RJ";"UOP02-DEL07-RJ"
660588;2025-02-03;"segunda-feira";"00:35:00";"RS";290;175,5;"BUTIA";"Acessar a via sem observar a presença dos outros veículos";"Colisão transversal";"Com Vítimas Feridas";"Plena Noite";"Crescente";"Céu Claro";"Dupla";"Reta";"Sim";3;0;1;1;1;0;2;2;-30,129343;-51,961823;"SPRF-RS";"DEL02-RS";"UOP03-DEL02-RS"
660589;2025-02-10;"segunda-feira";"18:50:00";"SP";381;22;"BRAGANCA PAULISTA";"Manobra de mudança de faixa";"Colisão lateral mesmo sentido";"Com Vítimas Fatais";"Plena Noite";"Crescente";"Nublado";"Dupla";"Reta";"Sim";3;1;0;0;1;1;0;3;-22,99697186;-46,5163051;"SPRF-SP";"DEL03-SP";"UOP02-DEL03-SP"
660608;2025-02-10;"segunda-feira";"20:35:00";"GO";153;135;"MARA ROSA";"Reação tardia ou ineficiente do condutor";"Saída de leito carroçável";"Sem Vítimas";"Plena Noite";"Crescente";"Céu Claro";"Simples";"Reta";"Não";1;0;0;0;1;0;0;1;-13,949925;-49,08493;"SPRF-GO";"DEL07-GO";"UOP01-DEL07-GO"
660618;2025-02-10;"segunda-feira";"20:15:00";"PR";369;450;"CORBELIA";"Demais falhas mecânicas ou elétricas";"Saída de leito carroçável";"Com Vítimas Feridas";"Plena Noite";"Crescente";"Nublado";"Simples";"Curva;Declive";"Não";2;0;1;0;0;1;1;2;-24,573;-53,14235;"SPRF-PR";"DEL04-PR";"UOP03-DEL04-PR"
660621;2025-02-10;"segunda-feira";"18:20:00";"RJ";116;147;"DUQUE DE CAXIAS";"Ausência de reação do condutor";"Colisão com objeto";"Com Vítimas Feridas";"Plena Noite";"Decrescente";"Céu Claro";"Múltipla";"Reta";"Sim";2;0;1;0;0;1;1;2;-22,66978425;-43,27286493;"SPRF-RJ";"DEL01-RJ";"UOP02-DEL01-RJ"
660623;2025-02-10;"segunda-feira";"20:30:00";"RO";364;510,8;"ARIQUEMES";"Frear bruscamente";"Colisão traseira";"Com Vítimas Feridas";"Plena Noite";"Crescente";"Céu Claro";"Simples";"Aclive;Reta";"Não";5;0;0;1;3;1;1;3;-9,96700255;-63,04503259;"SPRF-RO";"DEL03-RO";"UOP01-DEL03-RO"
660629;2025-02-10;"segunda-feira";"19:10:00";"RN";304;132;"ITAJA";"Reação tardia ou ineficiente do condutor";"Colisão traseira";"Com Vítimas Feridas";"Plena Noite";"Crescente";"Céu Claro";"Simples";"Ponte;Reta";"Não";4;0;3;0;1;0;3;3;-5,65975029;-36,75325602;"SPRF-RN";"DEL04-RN";"UOP01-DEL04-RN"
660636;2025-02-10;"segunda-feira";"23:00:00";"MT";364;198;"RONDONOPOLIS";"Transitar na contramão";"Colisão frontal";"Com Vítimas Feridas";"Plena Noite";"Decrescente";"Chuva";"Simples";"Reta";"Não";3;0;0;1;1;2;1;4;-16,50621198;-54,62294799;"SPRF-MT";"DEL02-MT";"UOP01-DEL02-MT"
660638;2025-02-10;"segunda-feira";"23:30:00";"RJ";116;210;"SEROPEDICA";"Ausência de reação do condutor";"Colisão traseira";"Com Vítimas Feridas";"Plena Noite";"Crescente";"Céu Claro";"Dupla";"Reta";"Não";3;0;0;1;1;1;1;3;-22,71981759;-43,69099294;"SPRF-RJ";"DEL06-RJ";"UOP02-DEL06-RJ"
660640;2025-02-11;"terça-feira";"01:30:00";"PB";230;467;"SOUSA";"Animais na Pista";"Atropelamento de Animal";"Com Vítimas Feridas";"Plena Noite";"Decrescente";"Céu Claro";"Simples";"Reta";"Não";2;0;0;1;1;0;1;2;-6,7813;-38,2606;"SPRF-PB";"DEL03-PB";"UOP03-DEL03-PB"
660643;2025-02-11;"terça-feira";"03:00:00";"SP";116;34;"CRUZEIRO";"Velocidade Incompatível";"Tombamento";"Sem Vítimas";"Plena Noite";"Decrescente";"Céu Claro";"Múltipla";"Retorno Regulamentado";"Não";1;0;0;0;0;1;0;1;-22,65447396;-44,95940103;"SPRF-SP";"DEL08-SP";"UOP02-DEL08-SP"
660647;2025-02-11;"terça-feira";"06:30:00";"MG";50;204;"DELTA";"Reação tardia ou ineficiente do condutor";"Tombamento";"Com Vítimas Feridas";"Pleno dia";"Decrescente";"Céu Claro";"Dupla";"Aclive;Reta";"Não";2;0;1;0;0;1;1;2;-19,92627147;-47,82191068;"SPRF-MG";"DEL13-MG";"UOP01-DEL13-MG"
660652;2025-02-11;"terça-feira";"07:00:00";"RS";158;148,9;"PANAMBI";"Ingestão de substâncias psicoativas pelo condutor";"Colisão frontal";"Com Vítimas Feridas";"Pleno dia";"Crescente";"Céu Claro";"Simples";"Reta";"Não";3;0;0;1;1;2;1;4;-28,23443887;-53,47576408;"SPRF-RS";"DEL10-RS";"UOP02-DEL10-RS"
660665;2025-02-11;"terça-feira";"08:20:00";"PR";277;7,8;"PARANAGUA";"Reação tardia ou ineficiente do condutor";"Colisão lateral mesmo sentido";"Com Vítimas Feridas";"Pleno dia";"Decrescente";"Céu Claro";"Dupla";"Reta;Interseção de Vias";"Sim";3;0;1;0;1;1;1;3;-25,568198;-48,615292;"SPRF-PR";"DEL01-PR";"UOP05-DEL01-PR"
660669;2025-02-11;"terça-feira";"01:42:00";"PA";163;80;"ALTAMIRA";"Ingestão de álcool pelo condutor";"Tombamento";"Com Vítimas Feridas";"Plena Noite";"Crescente";"Céu Claro";"Simples";"Curva";"Não";2;0;1;0;0;3;1;4;-8,92440007;-54,98595982;"SPRF-MT";"DEL06-MT";"UOP03-DEL06-MT"
660678;2025-02-11;"terça-feira";"07:20:00";"SC";280;283,9;"IRINEOPOLIS";"Transitar na contramão";"Colisão frontal";"Com Vítimas Fatais";"Pleno dia";"Crescente";"Céu Claro";"Simples";"Curva;Aclive";"Não";3;1;0;0;1;1;0;3;-26,2931548;-50,8677496;"SPRF-SC";"DEL06-SC";"UOP04-DEL06-SC"
660687;2025-02-11;"terça-feira";"10:30:00";"PB";230;12,2;"CABEDELO";"Ausência de reação do condutor";"Colisão transversal";"Sem Vítimas";"Pleno dia";"Crescente";"Céu Claro";"Dupla";"Desvio Temporário;Em Obras;Reta;Interseção de Vias;Retorno Regulamentado;Rotatória";"Sim";3;0;0;0;2;1;0;3;-7,07340353;-34,84973882;"SPRF-PB";"DEL01-PB";"UOP01-DEL01-PB"
660693;2025-02-11;"terça-feira";"11:30:00";"CE";222;21,6;"CAUCAIA";"Condutor deixou de manter distância do veículo da frente";"Colisão traseira";"Com Vítimas Feridas";"Pleno dia";"Crescente";"Céu Claro";"Dupla";"Reta;Em Obras";"Não";3;0;0;1;1;1;1;3;-3,73715313;-38,74293507;"SPRF-CE";"DEL01-CE";"UOP01-DEL01-CE"
660694;2025-02-11;"terça-feira";"06:40:00";"RJ";393;3;"VOLTA REDONDA";"Condutor deixou de manter distância do veículo da frente";"Colisão traseira";"Com Vítimas Feridas";"Amanhecer";"Decrescente";"Céu Claro";"Simples";"Aclive;Reta";"Não";2;0;1;0;1;0;1;2;-22,51366701;-44,0546608;"SPRF-RJ";"DEL05-RJ";"UOP04-DEL05-RJ"
660707;2025-02-11;"terça-feira";"11:30:00";"SP";153;308;"SAO PEDRO DO TURVO";"Demais falhas mecânicas ou elétricas";"Incêndio";"Sem Vítimas";"Pleno dia";"Crescente";"Céu Claro";"Simples";"Reta";"Não";4;0;0;0;4;0;0;1;-22,650723;-49,88955149;"SPRF-SP";"DEL07-SP";"UOP03-DEL07-SP"
660709;2025-02-11;"terça-feira";"07:30:00";"MT";163;607;"NOVA MUTUM";"Acessar a via sem observar a presença dos outros veículos";"Colisão transversal";"Com Vítimas Feridas";"Pleno dia";"Crescente";"Chuva";"Simples";"Reta";"Não";3;0;1;0;1;3;1;5;-13,74772241;-56,05233192;"SPRF-MT";"DEL01-MT";"UOP01-DEL01-MT"
660713;2025-02-11;"terça-feira";"12:45:00";"PR";116;10;"COLOMBO";"Trafegar com motocicleta (ou similar) entre as faixas";"Colisão lateral mesmo sentido";"Com Vítimas Feridas";"Pleno dia";"Crescente";"Céu Claro";"Dupla";"Reta";"Sim";3;0;1;0;1;1;1;3;-25,3719;-49,134;"SPRF-PR";"DEL01-PR";"UOP02-DEL01-PR"
660716;2025-01-30;"quinta-feira";"15:30:00";"MG";267;188;"OLARIA";"Chuva";"Colisão com objeto";"Com Vítimas Feridas";"Pleno dia";"Decrescente";"Chuva";"Simples";"Curva";"Não";2;0;1;0;1;0;1;2;-21,90923595;-43,96173478;"SPRF-MG";"DEL05-MG";"UOP01-DEL05-MG"
660721;2025-02-11;"terça-feira";"14:00:00";"SC";101;206,2;"SAO JOSE";"Reação tardia ou ineficiente do condutor";"Colisão lateral mesmo sentido";"Com Vítimas Feridas";"Pleno dia";"Crescente";"Céu Claro";"Múltipla";"Reta";"Sim";3;0;1;0;1;1;1;3;-27,59193546;-48,61824557;"SPRF-SC";"DEL01-SC";"UOP01-DEL01-SC"
660723;2025-02-11;"terça-feira";"11:10:00";"PE";110;105,6;"SERTANIA";"Curva acentuada";"Tombamento";"Com Vítimas Feridas";"Pleno dia";"Crescente";"Sol";"Simples";"Curva";"Não";2;0;1;0;0;1;1;2;-8,39951118;-37,35666188;"SPRF-PE";"DEL04-PE";"UOP02-DEL04-PE"
660724;2025-02-11;"terça-feira";"14:00:00";"ES";262;44,6;"MARECHAL FLORIANO";"Condutor Dormindo";"Colisão lateral sentido oposto";"Com Vítimas Feridas";"Pleno dia";"Crescente";"Céu Claro";"Simples";"Curva";"Não";3;0;0;1;2;0;1;3;-20,38908904;-40,66911594;"SPRF-ES";"DEL01-ES";"UOP01-DEL01-ES"
660727;2025-02-11;"terça-feira";"10:45:00";"MS";262;452;"DOIS IRMAOS DO BURITI";"Demais falhas mecânicas ou elétricas";"Incêndio";"Sem Vítimas";"Pleno dia";"Decrescente";"Céu Claro";"Simples";"Reta;Declive";"Não";2;0;0;0;1;3;0;4;-20,55064894;-55,47357402;"SPRF-MS";"DEL03-MS";"UOP01-DEL03-MS"
660729;2025-02-11;"terça-feira";"13:30:00";"GO";20;196;"POSSE";"Demais falhas mecânicas ou elétricas";"Saída de leito carroçável";"Com Vítimas Feridas";"Pleno dia";"Crescente";"Céu Claro";"Simples";"Curva;Declive";"Não";1;0;0;1;0;0;1;1;-14,347785;-46,439873;"SPRF-DF";"DEL02-DF";"UOP03-DEL02-DF"
660731;2025-02-11;"terça-feira";"10:40:00";"RN";405;91;"ITAU";"Condutor deixou de manter distância do veículo da frente";"Colisão lateral mesmo sentido";"Com Vítimas Fatais";"Pleno dia";"Crescente";"Céu Claro";"Simples";"Reta";"Sim";2;1;0;0;0;1;0;2;-5,74557258;-37,8612021;"SPRF-RN";"DEL04-RN";"UOP02-DEL04-RN"
660732;2025-02-11;"terça-feira";"14:15:00";"PR";116;48;"CAMPINA GRANDE DO SUL";"Acessar a via sem observar a presença dos outros veículos";"Colisão lateral mesmo sentido";"Com Vítimas Feridas";"Pleno dia";"Crescente";"Céu Claro";"Dupla";"Reta";"Sim";4;0;1;0;2;1;1;3;-25,21991867;-48,90493155;"SPRF-PR";"DEL01-PR";"UOP02-DEL01-PR"
660733;2025-02-11;"terça-feira";"08:50:00";"MG";251;328,7;"FRUTA DE LEITE";"Reação tardia ou ineficiente do condutor";"Tombamento";"Com Vítimas Feridas";"Pleno dia";"Crescente";"Nublado";"Simples";"Curva;Declive";"Não";2;0;1;0;0;2;1;3;-16,2346643;-42,3810659;"SPRF-MG";"DEL12-MG";"UOP02-DEL12-MG"
660738;2025-02-11;"terça-feira";"15:20:00";"PR";277;588;"CASCAVEL";"Condutor deixou de manter distância do veículo da frente";"Colisão traseira";"Com Vítimas Feridas";"Pleno dia";"Crescente";"Céu Claro";"Simples";"Reta";"Não";2;0;1;0;1;0;1;2;-24,97369293;-53,43816604;"SPRF-PR";"DEL04-PR";"UOP01-DEL04-PR"
660739;2025-02-11;"terça-feira";"10:00:00";"PR";376;316;"ORTIGUEIRA";"Problema com o freio";"Saída de leito carroçável";"Sem Vítimas";"Pleno dia";"Decrescente";"Céu Claro";"Simples";"Reta;Declive";"Não";2;0;0;0;1;1;0;2;-24,0333264;-51,09300803;"SPRF-PR";"DEL07-PR";"UOP02-DEL07-PR"
660741;2025-02-11;"terça-feira";"13:00:00";"MA";10;296;"SAO FRANCISCO DO BREJAO";"Chuva";"Saída de leito carroçável";"Sem Vítimas";"Pleno dia";"Crescente";"Chuva";"Simples";"Reta;Declive";"Não";1;0;0;0;0;1;0;1;-5,148785;-47,54071;"SPRF-MA";"DEL04-MA";"UOP03-DEL04-MA"
660742;2025-02-11;"terça-feira";"13:30:00";"MG";381;289;"ANTONIO DIAS";"Sinalização mal posicionada";"Colisão traseira";"Com Vítimas Feridas";"Pleno dia";"Decrescente";"Céu Claro";"Dupla";"Túnel;Curva";"Não";4;0;1;0;2;2;1;5;-19,61804561;-42,79232025;"SPRF-MG";"DEL03-MG";"UOP02-DEL03-MG"