"id";"data_inversa";"dia_semana";"horario";"uf";"br";"km";"municipio";"causa_acidente";"tipo_acidente";"classificacao_acidente";"fase_dia";"sentido_via";"condicao_metereologica";"tipo_pista";"tracado_via";"uso_solo";"pessoas";"mortos";"feridos_leves";"feridos_graves";"ilesos";"ignorados";"feridos";"veiculos";"latitude";"longitude";"regional";"delegacia";"uop"
660744;2025-02-11;"terça-feira";"14:30:00";"RS";116;37,2;"VACARIA";"Condutor deixou de manter distância do veículo da frente";"Colisão traseira";"Com Vítimas Feridas";"Pleno dia";"Crescente";"Céu Claro";"Simples";"Rotatória";"Sim";3;0;2;0;1;0;2;2;-28,49871957;-50,9176864;"SPRF-RS";"DEL05-RS";"UOP03-DEL05-RS"
660746;2025-02-11;"terça-feira";"11:30:00";"RJ";356;101,7;"CARDOSO MOREIRA";"Velocidade Incompatível";"Colisão transversal";"Com Vítimas Feridas";"Pleno dia";"Crescente";"Céu Claro";"Simples";"Curva;Declive";"Não";4;0;1;0;2;1;1;3;-21,53197978;-41,52421653;"SPRF-RJ";"DEL08-RJ";"UOP03-DEL08-RJ"
660749;2025-02-11;"terça-feira";"14:20:00";"MG";381;747,1;"TRES CORACOES";"Condutor Dormindo";"Saída de leito carroçável";"Sem Vítimas";"Pleno dia";"Crescente";"Nublado";"Dupla";"Reta";"Não";2;0;0;0;0;2;0;2;-21,62500336;-45,26747847;"SPRF-MG";"DEL16-MG";"UOP02-DEL16-MG"
660752;2025-02-11;"terça-feira";"14:45:00";"RJ";101;164;"MACAE";"Condutor deixou de manter distância do veículo da frente";"Colisão traseira";"Com Vítimas Feridas";"Pleno dia";"Crescente";"Céu Claro";"Simples";"Em Obras;Reta";"Não";6;0;2;0;2;2;2;5;-22,31511508;-41,89679192;"SPRF-RJ";"DEL08-RJ";"UOP04-DEL08-RJ"
660754;2025-02-11;"terça-feira";"16:00:00";"PR";476;180;"CONTENDA";"Transitar na contramão";"Saída de leito carroçável";"Com Vítimas Feridas";"Pleno dia";"Crescente";"Céu Claro";"Dupla";"Curva";"Não";3;0;2;0;0;1;2;3;-25,706665;-49,591278;"SPRF-PR";"DEL01-PR";"UOP06-DEL01-PR"
660762;2025-02-11;"terça-feira";"12:10:00";"AM";174;891;"MANAUS";"Velocidade Incompatível";"Tombamento";"Com Vítimas Feridas";"Pleno dia";"Crescente";"Céu Claro";"Simples";"Curva;Declive";"Não";2;0;0;1;0;2;1;3;-2,91557503;-60,03880044;"SPRF-AM";"DEL01-AM";"UOP01-DEL01-AM"
660774;2025-01-02;"quinta-feira";"19:00:00";"MT";70;408;"CAMPO VERDE";"Ausência de reação do condutor";"Saída de leito carroçável";"Com Vítimas Feridas";"Plena Noite";"Decrescente";"Chuva";"Simples";"Reta";"Não";1;0;0;1;0;0;1;1;-15,67389709;-55,27586801;"SPRF-MT";"DEL05-MT";"UOP02-DEL05-MT"
660781;2025-02-11;"terça-feira";"15:45:00";"PR";153;1;"JACAREZINHO";"Condutor usando celular";"Engavetamento";"Com Vítimas Feridas";"Pleno dia";"Decrescente";"Céu Claro";"Dupla";"Reta";"Não";6;0;1;0;4;1;1;4;-23,00348738;-49,90753055;"SPRF-PR";"DEL07-PR";"UOP04-DEL07-PR"
660785;2025-02-11;"terça-feira";"15:00:00";"RJ";101;492;"ANGRA DOS REIS";"Acumulo de areia ou detritos sobre o pavimento";"Colisão lateral sentido oposto";"Com Vítimas Feridas";"Pleno dia";"Decrescente";"Céu Claro";"Simples";"Reta";"Não";2;0;1;0;1;0;1;2;-22,94874989;-44,3279949;"SPRF-RJ";"DEL03-RJ";"UOP03-DEL03-RJ"
660792;2025-02-11;"terça-feira";"18:40:00";"CE";116;5;"FORTALEZA";"Manobra de mudança de faixa";"Colisão lateral mesmo sentido";"Com Vítimas Feridas";"Plena Noite";"Crescente";"Céu Claro";"Dupla";"Reta";"Sim";2;0;1;0;1;0;1;2;-3,79467116;-38,50772734;"SPRF-CE";"DEL01-CE";"UOP02-DEL01-CE"
660794;2025-02-11;"terça-feira";"17:20:00";"SP";153;306;"CAMPOS NOVOS PAULISTA";"Ingestão de álcool pelo condutor";"Saída de leito carroçável";"Com Vítimas Feridas";"Pleno dia";"Crescente";"Céu Claro";"Simples";"Reta";"Não";1;0;1;0;0;0;1;1;-22,633725;-49,88953974;"SPRF-SP";"DEL07-SP";"UOP03-DEL07-SP"
660797;2025-02-11;"terça-feira";"18:50:00";"BA";324;520;"FEIRA DE SANTANA";"Reação tardia ou ineficiente do condutor";"Colisão traseira";"Com Vítimas Feridas";"Plena Noite";"Decrescente";"Céu Claro";"Dupla";"Reta";"Não";4;0;1;0;3;0;1;2;-12,27376054;-38,93366564;"SPRF-BA";"DEL01-BA";"UOP03-DEL01-BA"
660801;2025-02-11;"terça-feira";"13:30:00";"RJ";356;49;"ITAPERUNA";"Velocidade Incompatível";"Tombamento";"Com Vítimas Feridas";"Pleno dia";"Crescente";"Céu Claro";"Simples";"Curva";"Não";2;0;1;0;0;1;1;2;-21,25300596;-41,78325793;"SPRF-RJ";"DEL08-RJ";"UOP03-DEL08-RJ"
660803;2025-02-11;"terça-feira";"18:35:00";"MG";381;210;"NAQUE";"Ausência de reação do condutor";"Colisão frontal";"Com Vítimas Feridas";"Plena Noite";"Crescente";"Céu Claro";"Simples";"Reta";"Não";3;0;2;0;1;0;2;2;-19,22999819;-42,32682471;"SPRF-MG";"DEL06-MG";"UOP01-DEL06-MG"
660811;2025-02-11;"terça-feira";"20:00:00";"GO";414;385,2;"CORUMBA DE GOIAS";"Ingestão de álcool pelo condutor";"Colisão com objeto";"Com Vítimas Feridas";"Plena Noite";"Decrescente";"Garoa/Chuvisco";"Simples";"Reta";"Não";3;0;1;1;1;0;2;3;-15,86976696;-48,7774759;"SPRF-GO";"DEL02-GO";"UOP01-DEL02-GO"
660819;2025-02-11;"terça-feira";"20:30:00";"MT";364;209;"RONDONOPOLIS";"Ingestão de álcool pelo condutor";"Tombamento";"Sem Vítimas";"Plena Noite";"Decrescente";"Céu Claro";"Dupla";"Curva";"Sim";4;0;0;0;3;2;0;4;-16,42894942;-54,6933816;"SPRF-MT";"DEL02-MT";"UOP01-DEL02-MT"
660822;2025-02-11;"terça-feira";"19:40:00";"MT";163;104,8;"RONDONOPOLIS";"Acumulo de água sobre o pavimento";"Saída de leito carroçável";"Sem Vítimas";"Plena Noite";"Decrescente";"Chuva";"Dupla";"Reta;Aclive";"Não";1;0;0;0;1;0;0;1;-16,6287819;-54,69729761;"SPRF-MT";"DEL02-MT";"UOP03-DEL02-MT"
660823;2025-02-11;"terça-feira";"22:10:00";"PR";277;121;"CAMPO LARGO";"Ingestão de álcool pelo condutor";"Colisão lateral mesmo sentido";"Sem Vítimas";"Plena Noite";"Decrescente";"Garoa/Chuvisco";"Dupla";"Reta";"Sim";3;0;0;0;1;2;0;3;-25,446;-49,495;"SPRF-PR";"DEL03-PR";"UOP03-DEL03-PR"
660825;2025-02-11;"terça-feira";"19:30:00";"RO";364;177,6;"PIMENTA BUENO";"Ingestão de álcool pelo condutor";"Colisão frontal";"Sem Vítimas";"Anoitecer";"Crescente";"Nublado";"Simples";"Reta";"Não";3;0;0;0;2;5;0;7;-11,79707271;-61,05491682;"SPRF-RO";"DEL02-RO";"UOP02-DEL02-RO"
660827;2025-02-11;"terça-feira";"09:30:00";"RO";364;94;"VILHENA";"Demais falhas mecânicas ou elétricas";"Incêndio";"Sem Vítimas";"Pleno dia";"Decrescente";"Céu Claro";"Simples";"Reta";"Não";4;0;0;0;3;3;0;4;-12,32612502;-60,63416009;"SPRF-RO";"DEL04-RO";"UOP01-DEL04-RO"
660832;2025-02-11;"terça-feira";"22:00:00";"MT";163;912;"CLAUDIA";"Acessar a via sem observar a presença dos outros veículos";"Colisão transversal";"Com Vítimas Feridas";"Plena Noite";"Crescente";"Chuva";"Simples";"Reta;Declive";"Não";3;0;0;1;1;2;1;4;-11,32964392;-55,32875229;"SPRF-MT";"DEL06-MT";"UOP02-DEL06-MT"
660833;2025-02-12;"quarta-feira";"01:30:00";"SP";381;67,9;"MAIRIPORA";"Reação tardia ou ineficiente do condutor";"Colisão com objeto";"Com Vítimas Feridas";"Plena Noite";"Crescente";"Céu Claro";"Dupla";"Curva;Declive";"Não";3;0;1;0;0;2;1;3;-23,33226094;-46,57675379;"SPRF-SP";"DEL03-SP";"UOP01-DEL03-SP"
660835;2025-02-12;"quarta-feira";"00:50:00";"MG";153;77;"MONTE ALEGRE DE MINAS";"Carga excessiva e/ou mal acondicionada";"Colisão lateral sentido oposto";"Com Vítimas Feridas";"Plena Noite";"Crescente";"Céu Claro";"Simples";"Aclive;Curva";"Não";4;0;1;1;1;1;2;3;-19,03944921;-49,01083952;"SPRF-MG";"DEL15-MG";"UOP03-DEL15-MG"
660836;2025-02-12;"quarta-feira";"03:15:00";"PE";408;60,8;"PAUDALHO";"Ausência de reação do condutor";"Colisão com objeto";"Sem Vítimas";"Plena Noite";"Decrescente";"Céu Claro";"Dupla";"Reta;Retorno Regulamentado;Viaduto";"Não";1;0;0;0;0;1;0;1;-7,86538;-35,20587;"SPRF-PE";"DEL01-PE";"UOP01-DEL01-PE"
660838;2025-02-12;"quarta-feira";"04:15:00";"SC";101;111;"NAVEGANTES";"Mal súbito do condutor";"Saída de leito carroçável";"Com Vítimas Feridas";"Plena Noite";"Crescente";"Céu Claro";"Dupla";"Reta";"Sim";2;0;1;0;1;0;1;1;-26,83955734;-48,71418074;"SPRF-SC";"DEL04-SC";"UOP04-DEL04-SC"
660843;2025-02-11;"terça-feira";"22:20:00";"PE";316;136;"PARNAMIRIM";"Animais na Pista";"Tombamento";"Com Vítimas Feridas";"Plena Noite";"Crescente";"Céu Claro";"Simples";"Declive";"Não";1;0;1;0;0;0;1;1;-8,06524084;-39,64955793;"SPRF-PE";"DEL05-PE";"UOP02-DEL05-PE"
660848;2025-02-11;"terça-feira";"21:50:00";"MS";163;43,7;"ELDORADO";"Transitar na contramão";"Colisão com objeto";"Com Vítimas Feridas";"Plena Noite";"Crescente";"Céu Claro";"Simples";"Curva";"Não";7;0;1;0;3;3;1;5;-23,75820624;-54,26834106;"SPRF-MS";"DEL09-MS";"UOP02-DEL09-MS"
660860;2025-02-12;"quarta-feira";"07:00:00";"TO";153;112;"WANDERLANDIA";"Demais falhas mecânicas ou elétricas";"Incêndio";"Sem Vítimas";"Pleno dia";"Crescente";"Céu Claro";"Simples";"Curva";"Não";2;0;0;0;1;2;0;3;-7,03807317;-48,10578463;"SPRF-TO";"DEL02-TO";"UOP01-DEL02-TO"
660861;2025-02-12;"quarta-feira";"07:40:00";"SP";116;219;"GUARULHOS";"Desvio temporário";"Colisão lateral mesmo sentido";"Com Vítimas Feridas";"Pleno dia";"Crescente";"Céu Claro";"Múltipla";"Em Obras;Reta";"Sim";3;0;1;0;1;1;1;3;-23,46143954;-46,48885316;"SPRF-SP";"DEL01-SP";"UOP01-DEL01-SP"
660872;2025-02-11;"terça-feira";"23:30:00";"MG";251;419,4;"GRAO MOGOL";"Condutor Dormindo";"Colisão frontal";"Com Vítimas Fatais";"Plena Noite";"Decrescente";"Céu Claro";"Simples";"Reta";"Não";3;2;0;0;0;1;0;3;-16,30855141;-43,0771689;"SPRF-MG";"DEL12-MG";"UOP01-DEL12-MG"
660874;2025-02-12;"quarta-feira";"07:55:00";"RJ";101;47;"CAMPOS DOS GOYTACAZES";"Entrada inopinada do pedestre";"Atropelamento de Pedestre";"Com Vítimas Feridas";"Pleno dia";"Decrescente";"Céu Claro";"Simples";"Reta";"Não";2;0;1;0;1;0;1;2;-21,614312;-41,315692;"SPRF-RJ";"DEL08-RJ";"UOP01-DEL08-RJ"
660875;2025-02-12;"quarta-feira";"08:45:00";"PR";369;143,5;"LONDRINA";"Ausência de reação do condutor";"Colisão traseira";"Com Vítimas Feridas";"Pleno dia";"Decrescente";"Céu Claro";"Dupla";"Reta;Aclive";"Sim";3;0;2;0;1;0;2;2;-23,29281;-51,09792;"SPRF-PR";"DEL07-PR";"UOP01-DEL07-PR"
660880;2025-02-12;"quarta-feira";"05:20:00";"MT";364;260,4;"JUSCIMEIRA";"Reação tardia ou ineficiente do condutor";"Colisão traseira";"Com Vítimas Feridas";"Pleno dia";"Crescente";"Céu Claro";"Dupla";"Curva";"Não";2;0;1;0;1;0;1;2;-16,04010381;-54,89074656;"SPRF-MT";"DEL02-MT";"UOP01-DEL02-MT"
660889;2025-02-12;"quarta-feira";"09:15:00";"PE";101;43;"IGARASSU";"Condutor deixou de manter distância do veículo da frente";"Colisão lateral mesmo sentido";"Com Vítimas Feridas";"Pleno dia";"Crescente";"Céu Claro";"Múltipla";"Declive;Reta";"Sim";5;0;3;0;1;1;3;3;-7,84753808;-34,90977038;"SPRF-PE";"DEL01-PE";"UOP02-DEL01-PE"
660892;2025-02-12;"quarta-feira";"10:30:00";"RJ";393;268,2;"BARRA DO PIRAI";"Acessar a via sem observar a presença dos outros veículos";"Colisão transversal";"Com Vítimas Feridas";"Pleno dia";"Crescente";"Céu Claro";"Simples";"Retorno Regulamentado;Reta;Interseção de Vias;Declive";"Sim";9;0;6;1;2;0;7;2;-22,48780458;-43,90932706;"SPRF-RJ";"DEL05-RJ";"UOP04-DEL05-RJ"
660893;2025-02-12;"quarta-feira";"08:10:00";"MG";40;366;"FELIXLANDIA";"Condutor Dormindo";"Colisão traseira";"Com Vítimas Feridas";"Pleno dia";"Decrescente";"Céu Claro";"Simples";"Aclive;Reta";"Não";2;0;1;0;1;0;1;2;-18,78549183;-44,81039089;"SPRF-MG";"DEL02-MG";"UOP01-DEL02-MG"
660904;2025-02-12;"quarta-feira";"11:15:00";"RS";392;659;"CERRO LARGO";"Condutor deixou de manter distância do veículo da frente";"Colisão lateral mesmo sentido";"Com Vítimas Feridas";"Pleno dia";"Crescente";"Sol";"Simples";"Reta";"Não";2;0;1;0;1;0;1;2;-28,120847;-54,706888;"SPRF-RS";"DEL10-RS";"UOP01-DEL10-RS"
660908;2025-02-12;"quarta-feira";"10:50:00";"SC";101;195,8;"BIGUACU";"Reação tardia ou ineficiente do condutor";"Colisão transversal";"Com Vítimas Feridas";"Pleno dia";"Crescente";"Sol";"Múltipla";"Reta;Interseção de Vias";"Sim";2;0;0;1;1;0;1;2;-27,50998;-48,64457;"SPRF-SC";"DEL01-SC";"UOP01-DEL01-SC"
660920;2025-02-12;"quarta-feira";"12:55:00";"PR";376;676;"GUARATUBA";"Manobra de mudança de faixa";"Colisão traseira";"Com Vítimas Feridas";"Pleno dia";"Decrescente";"Céu Claro";"Simples";"Curva;Aclive";"Não";4;0;0;1;2;1;1;3;-25,9253011;-48,91465313;"SPRF-PR";"DEL01-PR";"UOP04-DEL01-PR"
660921;2025-02-12;"quarta-feira";"13:20:00";"ES";101;365,5;"ANCHIETA";"Condutor Dormindo";"Colisão lateral sentido oposto";"Com Vítimas Feridas";"Pleno dia";"Crescente";"Céu Claro";"Simples";"Curva";"Não";3;0;1;0;1;1;1;3;-20,73397538;-40,7507118;"SPRF-ES";"DEL03-ES";"UOP01-DEL03-ES"
660923;2025-02-12;"quarta-feira";"13:46:00";"SP";381;44;"ATIBAIA";"Pedestre cruzava a pista fora da faixa";"Atropelamento de Pedestre";"Com Vítimas Feridas";"Pleno dia";"Decrescente";"Céu Claro";"Dupla";"Reta";"Não";3;0;0;1;0;2;1;2;-23,16458615;-46,57418959;"SPRF-SP";"DEL03-SP";"UOP01-DEL03-SP"
660929;2025-02-12;"quarta-feira";"12:48:00";"GO";153;261;"NOVA GLORIA";"Demais falhas mecânicas ou elétricas";"Incêndio";"Sem Vítimas";"Pleno dia";"Crescente";"Nublado";"Simples";"Reta";"Não";2;0;0;0;1;1;0;2;-15,011862;-49,41895;"SPRF-GO";"DEL07-GO";"UOP02-DEL07-GO"
660933;2025-02-12;"quarta-feira";"12:50:00";"RS";472;118,9;"BOA VISTA DO BURICA";"Ausência de reação do condutor";"Colisão lateral sentido oposto";"Com Vítimas Fatais";"Pleno dia";"Crescente";"Céu Claro";"Simples";"Declive;Reta";"Não";5;1;2;0;1;1;2;4;-27,69166036;-54,14457321;"SPRF-RS";"DEL10-RS";"UOP01-DEL10-RS"
660935;2025-02-12;"quarta-feira";"11:50:00";"BA";116;902;"CANDIDO SALES";"Ausência de reação do condutor";"Colisão lateral sentido oposto";"Com Vítimas Feridas";"Pleno dia";"Decrescente";"Nublado";"Simples";"Reta";"Não";3;0;1;0;0;2;1;3;-15,4527768;-41,2286815;"SPRF-BA";"DEL08-BA";"UOP03-DEL08-BA"
660938;2025-02-12;"quarta-feira";"15:10:00";"SP";116;218;"GUARULHOS";"Trafegar com motocicleta (ou similar) entre as faixas";"Colisão lateral mesmo sentido";"Com Vítimas Feridas";"Pleno dia";"Decrescente";"Sol";"Múltipla";"Em Obras;Reta";"Não";2;0;1;0;0;1;1;2;-23,457972;-46,479927;"SPRF-SP";"DEL01-SP";"UOP01-DEL01-SP"
660944;2025-02-12;"quarta-feira";"16:47:00";"GO";70;0,8;"AGUAS LINDAS DE GOIAS";"Reação tardia ou ineficiente do condutor";"Saída de leito carroçável";"Sem Vítimas";"Pleno dia";"Decrescente";"Céu Claro";"Múltipla";"Reta";"Não";1;0;0;0;1;0;0;1;-15,783543;-48,2326;"SPRF-DF";"DEL03-DF";"UOP02-DEL03-DF"
660945;2025-02-12;"quarta-feira";"15:40:00";"MS";163;546,9;"BANDEIRANTES";"Transitar na contramão";"Colisão frontal";"Com Vítimas Fatais";"Pleno dia";"Crescente";"Nublado";"Simples";"Aclive;Curva";"Não";6;1;2;1;0;3;3;6;-19,93139579;-54,36653137;"SPRF-MS";"DEL01-MS";"UOP02-DEL01-MS"
660953;2025-02-12;"quarta-feira";"13:40:00";"RS";287;337;"SAO VICENTE DO SUL";"Reação tardia ou ineficiente do condutor";"Saída de leito carroçável";"Sem Vítimas";"Pleno dia";"Crescente";"Céu Claro";"Simples";"Curva";"Não";2;0;0;0;1;1;0;2;-29,62096191;-54,68007376;"SPRF-RS";"DEL12-RS";"UOP02-DEL12-RS"
660954;2025-02-12;"quarta-feira";"14:35:00";"MG";262;412,2;"IGARATINGA";"Velocidade Incompatível";"Colisão transversal";"Com Vítimas Feridas";"Pleno dia";"Decrescente";"Sol";"Dupla";"Retorno Regulamentado;Reta";"Sim";3;0;0;2;1;0;2;2;-19,89879385;-44,69924927;"SPRF-MG";"DEL08-MG";"UOP03-DEL08-MG"
660961;2025-02-12;"quarta-feira";"16:25:00";"MT";163;522,6;"VARZEA GRANDE";"Acesso irregular";"Colisão transversal";"Com Vítimas Feridas";"Pleno dia";"Decrescente";"Céu Claro";"Simples";"Reta";"Sim";4;0;3;0;1;0;3;2;-15,66072615;-56,18717194;"SPRF-MT";"DEL01-MT";"UOP01-DEL01-MT"
660964;2025-02-12;"quarta-feira";"17:22:00";"PR";277;590;"CASCAVEL";"Condutor deixou de manter distância do veículo da frente";"Colisão traseira";"Sem Vítimas";"Pleno dia";"Crescente";"Céu Claro";"Simples";"Reta";"Sim";3;0;0;0;2;2;0;4;-24,98120697;-53,45591501;"SPRF-PR";"DEL04-PR";"UOP01-DEL04-PR"
660968;2025-02-12;"quarta-feira";"17:10:00";"PI";343;345;"TERESINA";"Manobra de mudança de faixa";"Colisão transversal";"Com Vítimas Feridas";"Pleno dia";"Decrescente";"Céu Claro";"Simples";"Interseção de Vias";"Sim";2;0;1;0;1;0;1;2;-5,102889;-42,766506;"SPRF-PI";"DEL01-PI";"UOP01-DEL01-PI"
660970;2025-01-11;"sábado";"08:15:00";"BA";101;231;"SAPEACU";"Ausência de reação do condutor";"Colisão traseira";"Com Vítimas Feridas";"Pleno dia";"Crescente";"Chuva";"Simples";"Reta;Aclive";"Sim";3;0;1;0;1;1;1;3;-12,84349412;-39,20479086;"SPRF-BA";"DEL01-BA";"UOP02-DEL01-BA"
660971;2025-02-12;"quarta-feira";"16:50:00";"MT";158;577;"AGUA BOA";"Manobra de mudança de faixa";"Colisão lateral mesmo sentido";"Com Vítimas Feridas";"Pleno dia";"Decrescente";"Céu Claro";"Simples";"Aclive;Reta";"Não";3;0;0;1;1;1;1;3;-14,12724684;-52,18713907;"SPRF-MT";"DEL07-MT";"UOP02-DEL07-MT"
660972;2025-02-12;"quarta-feira";"15:45:00";"MG";153;218,9;"FRUTAL";"Reação tardia ou ineficiente do condutor";"Colisão lateral mesmo sentido";"Com Vítimas Feridas";"Pleno dia";"Crescente";"Chuva";"Simples";"Reta;Em Obras";"Sim";2;0;1;0;1;0;1;2;-20,13632401;-49,10999889;"SPRF-MG";"DEL13-MG";"UOP02-DEL13-MG"
660974;2025-02-12;"quarta-feira";"07:35:00";"MA";135;351;"PRESIDENTE DUTRA";"Manobra de mudança de faixa";"Colisão lateral sentido oposto";"Com Vítimas Feridas";"Pleno dia";"Decrescente";"Céu Claro";"Simples";"Reta";"Não";3;0;1;0;1;1;1;3;-5,386748;-44,46671906;"SPRF-MA";"DEL06-MA";"UOP01-DEL06-MA"
660976;2025-02-12;"quarta-feira";"17:10:00";"MG";153;111,2;"PRATA";"Ultrapassagem Indevida";"Colisão lateral sentido oposto";"Com Vítimas Feridas";"Pleno dia";"Decrescente";"Chuva";"Simples";"Declive;Reta";"Não";4;0;1;0;1;2;1;4;-19,323623;-48,90629302;"SPRF-MG";"DEL15-MG";"UOP03-DEL15-MG"
660984;2025-02-12;"quarta-feira";"19:30:00";"SC";101;100;"BALNEARIO PICARRAS";"Reação tardia ou ineficiente do condutor";"Colisão lateral mesmo sentido";"Com Vítimas Feridas";"Plena Noite";"Decrescente";"Chuva";"Dupla";"Reta";"Não";3;0;1;0;1;1;1;3;-26,75482787;-48,68993675;"SPRF-SC";"DEL03-SC";"UOP02-DEL03-SC"
660985;2025-02-12;"quarta-feira";"14:45:00";"MG";251;328,7;"FRUTA DE LEITE";"Ausência de reação do condutor";"Tombamento";"Com Vítimas Fatais";"Pleno dia";"Crescente";"Sol";"Simples";"Curva;Declive";"Não";3;1;1;0;0;1;1;3;-16,25361768;-42,40072003;"SPRF-MG";"DEL12-MG";"UOP02-DEL12-MG"
660990;2025-02-12;"quarta-feira";"12:30:00";"GO";158;88;"PIRANHAS";"Acessar a via sem observar a presença dos outros veículos";"Colisão lateral mesmo sentido";"Com Vítimas Feridas";"Pleno dia";"Crescente";"Céu Claro";"Simples";"Reta";"Não";2;0;1;0;0;1;1;2;-16,4224458;-51,80141378;"SPRF-GO";"DEL04-GO";"UOP02-DEL04-GO"
660995;2025-02-12;"quarta-feira";"20:30:00";"SC";101;58,2;"ARAQUARI";"Ausência de reação do condutor";"Saída de leito carroçável";"Com Vítimas Feridas";"Plena Noite";"Crescente";"Chuva";"Múltipla";"Curva;Interseção de Vias";"Sim";1;0;1;0;0;0;1;1;-26,44025049;-48,80129043;"SPRF-SC";"DEL03-SC";"UOP02-DEL03-SC"
660998;2025-02-12;"quarta-feira";"20:50:00";"SC";101;141,8;"ITAPEMA";"Reação tardia ou ineficiente do condutor";"Tombamento";"Com Vítimas Feridas";"Pleno dia";"Decrescente";"Céu Claro";"Dupla";"Reta";"Não";3;0;2;0;0;1;2;2;-27,04752037;-48,59821424;"SPRF-SC";"DEL04-SC";"UOP03-DEL04-SC"
661005;2025-02-12;"quarta-feira";"21:20:00";"PR";476;346;"UNIAO DA VITORIA";"Afundamento ou ondulação no pavimento";"Colisão lateral mesmo sentido";"Sem Vítimas";"Plena Noite";"Decrescente";"Céu Claro";"Simples";"Reta";"Não";17;0;0;0;17;0;0;2;-26,184006;-50,942402;"SPRF-PR";"DEL02-PR";"UOP03-DEL02-PR"
661011;2025-02-12;"quarta-feira";"21:30:00";"MG";251;365;"GRAO MOGOL";"Transitar na contramão";"Colisão frontal";"Com Vítimas Fatais";"Plena Noite";"Crescente";"Nublado";"Simples";"Curva";"Não";2;1;1;0;0;0;1;2;-16,2666249;-42,64514704;"SPRF-MG";"DEL12-MG";"UOP02-DEL12-MG"
661014;2025-02-12;"quarta-feira";"18:15:00";"MT";174;496;"COMODORO";"Demais falhas mecânicas ou elétricas";"Colisão traseira";"Com Vítimas Feridas";"Anoitecer";"Crescente";"Nublado";"Simples";"Aclive;Reta";"Não";5;0;2;0;2;4;2;7;-13,568004;-59,80716659;"SPRF-MT";"DEL04-MT";"UOP02-DEL04-MT"
661017;2025-02-12;"quarta-feira";"23:10:00";"MG";50;38;"ARAGUARI";"Estacionar ou parar em local proibido";"Colisão com objeto";"Com Vítimas Feridas";"Plena Noite";"Crescente";"Céu Claro";"Dupla";"Reta";"Não";3;0;0;1;1;1;1;3;-18,663458;-48,168147;"SPRF-MG";"DEL15-MG";"UOP02-DEL15-MG"
661020;2025-02-13;"quinta-feira";"00:26:00";"GO";20;3;"FORMOSA";"Velocidade Incompatível";"Colisão lateral mesmo sentido";"Com Vítimas Feridas";"Plena Noite";"Crescente";"Céu Claro";"Dupla";"Curva;Interseção de Vias";"Sim";3;0;1;0;1;3;1;5;-15,567487;-47,320309;"SPRF-DF";"DEL02-DF";"UOP02-DEL02-DF"
661026;2025-02-13;"quinta-feira";"01:50:00";"SP";116;515;"CAJATI";"Problema com o freio";"Colisão traseira";"Com Vítimas Feridas";"Plena Noite";"Decrescente";"Nublado";"Simples";"Declive;Reta";"Não";2;0;1;0;1;0;1;2;-24,86704083;-48,21738184;"SPRF-SP";"DEL05-SP";"UOP02-DEL05-SP"
661027;2025-02-13;"quinta-feira";"03:00:00";"PR";116;82;"PIRAQUARA";"Reação tardia ou ineficiente do condutor";"Saída de leito carroçável";"Com Vítimas Feridas";"Plena Noite";"Crescente";"Céu Claro";"Dupla";"Reta";"Não";3;0;2;0;0;1;2;2;-25,41529716;-49,0678198;"SPRF-PR";"DEL01-PR";"UOP02-DEL01-PR"
661030;2025-02-13;"quinta-feira";"04:25:00";"PE";101;118;"ESCADA";"Acesso irregular";"Atropelamento de Pedestre";"Com Vítimas Fatais";"Plena Noite";"Crescente";"Céu Claro";"Dupla";"Reta";"Não";2;1;0;0;0;1;0;2;-8,35293357;-35,16028998;"SPRF-PE";"DEL01-PE";"UOP03-DEL01-PE"
661032;2025-02-13;"quinta-feira";"03:40:00";"RO";364;239,6;"CACOAL";"Reação tardia ou ineficiente do condutor";"Colisão transversal";"Sem Vítimas";"Plena Noite";"Crescente";"Nublado";"Simples";"Reta";"Sim";3;0;0;0;2;1;0;3;-11,43425083;-61,46267289;"SPRF-RO";"DEL02-RO";"UOP02-DEL02-RO"
661036;2025-02-13;"quinta-feira";"05:40:00";"GO";50;300;"CUMARI";"Suicídio (presumido)";"Atropelamento de Pedestre";"Com Vítimas Fatais";"Plena Noite";"Crescente";"Chuva";"Dupla";"Aclive;Reta";"Não";2;1;0;0;1;0;0;2;-18,3296;-48,025;"SPRF-GO";"DEL06-GO";"UOP01-DEL06-GO"
661037;2025-02-13;"quinta-feira";"04:40:00";"PR";369;177;"ROLANDIA";"Condutor usando celular";"Saída de leito carroçável";"Com Vítimas Feridas";"Amanhecer";"Decrescente";"Céu Claro";"Simples";"Reta";"Sim";2;0;1;0;0;1;1;2;-23,34267548;-51,38712072;"SPRF-PR";"DEL07-PR";"UOP01-DEL07-PR"
661038;2025-02-13;"quinta-feira";"02:05:00";"RJ";116;278,6;"BARRA MANSA";"Reação tardia ou ineficiente do condutor";"Colisão traseira";"Com Vítimas Fatais";"Plena Noite";"Decrescente";"Nublado";"Múltipla";"Reta";"Não";3;1;0;0;1;1;0;3;-22,55271018;-44,17778004;"SPRF-RJ";"DEL07-RJ";"UOP02-DEL07-RJ"
661040;2025-02-13;"quinta-feira";"06:10:00";"PR";376;5,4;"MARINGA";"Demais falhas na via";"Colisão lateral mesmo sentido";"Com Vítimas Feridas";"Amanhecer";"Decrescente";"Céu Claro";"Dupla";"Reta";"Não";3;0;1;0;1;2;1;4;-23,38007724;-51,94816589;"SPRF-PR";"DEL09-PR";"UOP01-DEL09-PR"