"id";"data_inversa";"dia_semana";"horario";"uf";"br";"km";"municipio";"causa_acidente";"tipo_acidente";"classificacao_acidente";"fase_dia";"sentido_via";"condicao_metereologica";"tipo_pista";"tracado_via";"uso_solo";"pessoas";"mortos";"feridos_leves";"feridos_graves";"ilesos";"ignorados";"feridos";"veiculos";"latitude";"longitude";"regional";"delegacia";"uop"
661041;2025-02-13;"quinta-feira";"04:30:00";"BA";101;12;"RIO REAL";"Ausência de reação do condutor";"Saída de leito carroçável";"Sem Vítimas";"Amanhecer";"Crescente";"Céu Claro";"Dupla";"Reta;Aclive";"Não";1;0;0;0;0;1;0;1;-11,64028212;-37,89002257;"SPRF-SE";"DEL02-SE";"UOP03-DEL02-SE"
661042;2025-02-13;"quinta-feira";"04:40:00";"CE";116;119;"RUSSAS";"Transitar na contramão";"Colisão lateral sentido oposto";"Com Vítimas Feridas";"Plena Noite";"Decrescente";"Céu Claro";"Simples";"Curva";"Não";3;0;1;0;1;1;1;2;-4,621847;-38,182728;"SPRF-CE";"DEL03-CE";"UOP01-DEL03-CE"
661043;2025-02-13;"quinta-feira";"06:00:00";"MG";365;735,8;"ITUIUTABA";"Condutor Dormindo";"Colisão traseira";"Com Vítimas Feridas";"Amanhecer";"Crescente";"Céu Claro";"Simples";"Reta;Aclive";"Não";2;0;1;0;1;0;1;2;-18,9059414;-49,32669282;"SPRF-MG";"DEL15-MG";"UOP03-DEL15-MG"
661051;2025-02-13;"quinta-feira";"03:50:00";"PI";407;581;"PAULISTANA";"Ausência de reação do condutor";"Colisão transversal";"Com Vítimas Fatais";"Plena Noite";"Crescente";"Céu Claro";"Simples";"Reta";"Não";5;2;2;0;1;0;2;3;-8,18598297;-41,10007298;"SPRF-PI";"DEL04-PI";"UOP01-DEL04-PI"
661065;2025-02-12;"quarta-feira";"23:15:00";"BA";116;534;"ITATIM";"Ultrapassagem Indevida";"Colisão frontal";"Com Vítimas Fatais";"Plena Noite";"Decrescente";"Céu Claro";"Simples";"Reta";"Não";6;2;2;0;1;1;2;4;-12,74292275;-39,78903727;"SPRF-BA";"DEL03-BA";"UOP02-DEL03-BA"
661066;2025-02-13;"quinta-feira";"07:50:00";"MG";40;639,9;"CONSELHEIRO LAFAIETE";"Conversão proibida";"Colisão transversal";"Com Vítimas Fatais";"Pleno dia";"Decrescente";"Sol";"Simples";"Aclive;Curva";"Não";4;1;0;1;1;2;1;4;-20,744208;-43,801942;"SPRF-MG";"DEL05-MG";"UOP02-DEL05-MG"
661080;2025-02-13;"quinta-feira";"09:19:00";"ES";101;291,9;"CARIACICA";"Desrespeitar a preferência no cruzamento";"Colisão transversal";"Com Vítimas Feridas";"Pleno dia";"Crescente";"Céu Claro";"Dupla";"Retorno Regulamentado;Reta";"Sim";3;0;0;1;2;0;1;2;-20,29755744;-40,39445616;"SPRF-ES";"DEL01-ES";"UOP01-DEL01-ES"
661081;2025-02-13;"quinta-feira";"09:05:00";"MS";262;415,9;"TERENOS";"Ausência de reação do condutor";"Colisão lateral sentido oposto";"Com Vítimas Feridas";"Pleno dia";"Crescente";"Nublado";"Simples";"Curva";"Não";45;0;2;0;43;0;2;2;-20,451963;-55,170094;"SPRF-MS";"DEL01-MS";"UOP03-DEL01-MS"
661086;2025-02-13;"quinta-feira";"10:00:00";"SC";116;57;"PAPANDUVA";"Acessar a via sem observar a presença dos outros veículos";"Colisão transversal";"Com Vítimas Feridas";"Pleno dia";"Crescente";"Céu Claro";"Simples";"Reta;Interseção de Vias";"Não";2;0;0;2;0;0;2;2;-26,38204782;-50,18999277;"SPRF-SC";"DEL06-SC";"UOP02-DEL06-SC"
661092;2025-02-13;"quinta-feira";"10:05:00";"RJ";116;231;"PIRAI";"Ausência de reação do condutor";"Tombamento";"Sem Vítimas";"Pleno dia";"Decrescente";"Sol";"Dupla";"Curva";"Não";1;0;0;0;1;0;0;1;-22,65223367;-43,82992389;"SPRF-RJ";"DEL07-RJ";"UOP01-DEL07-RJ"
661094;2025-02-13;"quinta-feira";"11:45:00";"PR";277;580;"CASCAVEL";"Ausência de reação do condutor";"Colisão transversal";"Sem Vítimas";"Pleno dia";"Decrescente";"Céu Claro";"Dupla";"Reta";"Sim";3;0;0;0;2;1;0;3;-24,96684176;-53,40258186;"SPRF-PR";"DEL04-PR";"UOP01-DEL04-PR"
661097;2025-02-13;"quinta-feira";"11:25:00";"SP";116;176;"GUARAREMA";"Manobra de mudança de faixa";"Colisão lateral mesmo sentido";"Com Vítimas Feridas";"Pleno dia";"Decrescente";"Céu Claro";"Dupla";"Reta";"Não";3;0;2;0;1;0;2;2;-23,32188281;-46,110083;"SPRF-SP";"DEL01-SP";"UOP01-DEL01-SP"
661100;2025-02-10;"segunda-feira";"05:20:00";"AL";101;56,1;"FLEXEIRAS";"Condutor Dormindo";"Saída de leito carroçável";"Sem Vítimas";"Amanhecer";"Decrescente";"Céu Claro";"Dupla";"Reta";"Não";1;0;0;0;1;0;0;1;-9,26780247;-35,78483784;"SPRF-AL";"DEL01-AL";"UOP02-DEL01-AL"
661105;2025-02-13;"quinta-feira";"13:00:00";"GO";414;403;"ABADIANIA";"Acessar a via sem observar a presença dos outros veículos";"Colisão transversal";"Sem Vítimas";"Pleno dia";"Decrescente";"Céu Claro";"Simples";"Reta";"Não";2;0;0;0;2;0;0;2;-15,99991995;-48,83982712;"SPRF-GO";"DEL02-GO";"UOP01-DEL02-GO"
661106;2025-02-13;"quinta-feira";"11:00:00";"RS";285;370;"SALDANHA MARINHO";"Ausência de reação do condutor";"Colisão lateral sentido oposto";"Com Vítimas Feridas";"Pleno dia";"Crescente";"Céu Claro";"Simples";"Curva";"Não";2;0;1;0;1;0;1;2;-28,399773;-53,064205;"SPRF-RS";"DEL08-RS";"UOP03-DEL08-RS"
661108;2025-02-13;"quinta-feira";"13:00:00";"ES";101;125,6;"SOORETAMA";"Transitar no Acostamento";"Colisão lateral mesmo sentido";"Com Vítimas Fatais";"Pleno dia";"Crescente";"Céu Claro";"Múltipla";"Reta";"Sim";4;1;0;0;2;1;0;4;-19,18496498;-40,09429827;"SPRF-ES";"DEL04-ES";"UOP01-DEL04-ES"
661115;2025-02-13;"quinta-feira";"12:50:00";"PR";376;425,5;"TIBAGI";"Reação tardia ou ineficiente do condutor";"Tombamento";"Com Vítimas Feridas";"Pleno dia";"Crescente";"Céu Claro";"Dupla";"Curva;Aclive";"Não";2;0;1;0;0;1;1;2;-24,707348;-50,556873;"SPRF-PR";"DEL03-PR";"UOP02-DEL03-PR"
661117;2025-02-13;"quinta-feira";"12:30:00";"BA";116;783,2;"PLANALTO";"Reação tardia ou ineficiente do condutor";"Colisão traseira";"Com Vítimas Feridas";"Pleno dia";"Crescente";"Céu Claro";"Simples";"Interseção de Vias";"Não";3;0;1;0;1;1;1;3;-14,68210606;-40,52925847;"SPRF-BA";"DEL08-BA";"UOP02-DEL08-BA"
661122;2025-02-13;"quinta-feira";"09:30:00";"MT";70;523;"VARZEA GRANDE";"Acessar a via sem observar a presença dos outros veículos";"Colisão transversal";"Com Vítimas Feridas";"Pleno dia";"Decrescente";"Céu Claro";"Simples";"Reta";"Não";2;0;1;0;1;0;1;2;-15,66337075;-56,18854523;"SPRF-MT";"DEL01-MT";"UOP02-DEL01-MT"
661126;2025-02-13;"quinta-feira";"12:00:00";"MG";262;441,4;"NOVA SERRANA";"Trafegar com motocicleta (ou similar) entre as faixas";"Colisão traseira";"Com Vítimas Feridas";"Pleno dia";"Crescente";"Sol";"Dupla";"Reta;Aclive";"Sim";4;0;0;1;2;1;1;4;-19,87307675;-44,96153712;"SPRF-MG";"DEL08-MG";"UOP03-DEL08-MG"
661127;2025-02-13;"quinta-feira";"12:10:00";"PR";277;303;"PRUDENTOPOLIS";"Acessar a via sem observar a presença dos outros veículos";"Colisão transversal";"Com Vítimas Feridas";"Pleno dia";"Decrescente";"Nublado";"Simples";"Reta";"Não";3;0;0;1;1;1;1;3;-25,29717645;-51,11921026;"SPRF-PR";"DEL08-PR";"UOP01-DEL08-PR"
661129;2025-02-08;"sábado";"21:00:00";"ES";101;438,9;"MIMOSO DO SUL";"Frear bruscamente";"Colisão lateral mesmo sentido";"Com Vítimas Feridas";"Plena Noite";"Decrescente";"Céu Claro";"Simples";"Reta";"Não";4;0;2;0;2;0;2;2;-21,06633614;-41,22124288;"SPRF-ES";"DEL03-ES";"UOP02-DEL03-ES"
661134;2025-01-17;"sexta-feira";"11:00:00";"AM";319;472;"TAPAUA";"Reação tardia ou ineficiente do condutor";"Saída de leito carroçável";"Com Vítimas Feridas";"Pleno dia";"Decrescente";"Garoa/Chuvisco";"Simples";"Reta";"Não";2;0;1;0;0;1;1;2;-6,08030506;-62,55837191;"SPRF-AM";"DEL01-AM";"UOP04-DEL01-AM"
661137;2025-02-13;"quinta-feira";"15:40:00";"SP";381;28;"BRAGANCA PAULISTA";"Manobra de mudança de faixa";"Colisão lateral mesmo sentido";"Com Vítimas Feridas";"Pleno dia";"Crescente";"Nublado";"Dupla";"Reta";"Não";4;0;1;0;2;1;1;3;-23,03561211;-46,54983938;"SPRF-SP";"DEL03-SP";"UOP02-DEL03-SP"
661140;2025-02-13;"quinta-feira";"16:45:00";"SP";381;62;"MAIRIPORA";"Chuva";"Saída de leito carroçável";"Com Vítimas Feridas";"Pleno dia";"Crescente";"Chuva";"Dupla";"Reta";"Não";2;0;1;0;0;1;1;2;-23,29437896;-46,57254696;"SPRF-SP";"DEL03-SP";"UOP01-DEL03-SP"
661142;2025-02-13;"quinta-feira";"14:30:00";"MG";381;438,5;"SABARA";"Entrada inopinada do pedestre";"Atropelamento de Pedestre";"Com Vítimas Feridas";"Pleno dia";"Decrescente";"Sol";"Simples";"Declive;Reta";"Não";2;0;1;0;0;1;1;2;-19,802885;-43,761903;"SPRF-MG";"DEL01-MG";"UOP01-DEL01-MG"
661144;2025-02-13;"quinta-feira";"16:40:00";"SC";101;35,4;"JOINVILLE";"Reação tardia ou ineficiente do condutor";"Engavetamento";"Com Vítimas Feridas";"Pleno dia";"Decrescente";"Chuva";"Dupla";"Reta";"Sim";3;0;1;0;2;0;1;3;-26,271198;-48,894674;"SPRF-SC";"DEL03-SC";"UOP01-DEL03-SC"
661145;2025-02-13;"quinta-feira";"15:40:00";"GO";153;205;"URUACU";"Reação tardia ou ineficiente do condutor";"Engavetamento";"Com Vítimas Feridas";"Pleno dia";"Decrescente";"Nublado";"Simples";"Aclive;Reta";"Não";6;0;1;1;3;3;2;7;-14,557212;-49,158016;"SPRF-GO";"DEL07-GO";"UOP02-DEL07-GO"
661150;2025-02-13;"quinta-feira";"17:00:00";"PR";153;456;"UNIAO DA VITORIA";"Acessar a via sem observar a presença dos outros veículos";"Colisão lateral mesmo sentido";"Sem Vítimas";"Pleno dia";"Crescente";"Nublado";"Simples";"Declive;Reta";"Não";5;0;0;0;4;1;0;3;-26,2090467;-51,1166811;"SPRF-PR";"DEL02-PR";"UOP03-DEL02-PR"
661153;2025-02-13;"quinta-feira";"17:40:00";"PR";376;535;"PALMEIRA";"Entrada inopinada do pedestre";"Colisão traseira";"Sem Vítimas";"Pleno dia";"Crescente";"Chuva";"Dupla";"Reta";"Não";3;0;0;0;2;3;0;5;-25,314;-49,88;"SPRF-PR";"DEL03-PR";"UOP03-DEL03-PR"
661160;2025-02-13;"quinta-feira";"17:15:00";"BA";235;340,9;"JUAZEIRO";"Transitar na contramão";"Colisão frontal";"Com Vítimas Fatais";"Pleno dia";"Crescente";"Céu Claro";"Simples";"Reta";"Não";2;1;0;0;1;0;0;2;-9,46093514;-40,43101997;"SPRF-PE";"DEL06-PE";"UOP01-DEL06-PE"
661169;2025-02-13;"quinta-feira";"18:50:00";"SP";262;321;"CASTILHO";"Condutor deixou de manter distância do veículo da frente";"Colisão traseira";"Com Vítimas Feridas";"Anoitecer";"Decrescente";"Nublado";"Simples";"Reta";"Não";6;0;0;1;4;2;1;7;-20,78935176;-51,61112808;"SPRF-MS";"DEL07-MS";"UOP01-DEL07-MS"
661171;2025-02-13;"quinta-feira";"12:20:00";"SC";282;392,9;"JOACABA";"Avarias e/ou desgaste excessivo no pneu";"Colisão frontal";"Com Vítimas Fatais";"Pleno dia";"Crescente";"Chuva";"Simples";"Curva;Aclive";"Não";7;2;1;2;2;0;3;3;-27,1642655;-51,5674821;"SPRF-SC";"DEL07-SC";"UOP05-DEL07-SC"
661172;2025-02-13;"quinta-feira";"12:00:00";"MT";70;285;"PRIMAVERA DO LESTE";"Demais falhas mecânicas ou elétricas";"Tombamento";"Sem Vítimas";"Pleno dia";"Crescente";"Céu Claro";"Simples";"Reta";"Sim";2;0;0;0;1;2;0;3;-15,56399387;-54,29689586;"SPRF-MT";"DEL05-MT";"UOP01-DEL05-MT"
661177;2025-02-13;"quinta-feira";"17:35:00";"MG";116;415,4;"GOVERNADOR VALADARES";"Acessar a via sem observar a presença dos outros veículos";"Colisão frontal";"Com Vítimas Feridas";"Pleno dia";"Decrescente";"Céu Claro";"Simples";"Reta;Interseção de Vias";"Sim";2;0;0;1;1;0;1;2;-18,89225859;-41,9469595;"SPRF-MG";"DEL06-MG";"UOP01-DEL06-MG"
661191;2025-02-13;"quinta-feira";"17:00:00";"PR";376;660;"TIJUCAS DO SUL";"Velocidade Incompatível";"Saída de leito carroçável";"Com Vítimas Feridas";"Pleno dia";"Decrescente";"Chuva";"Dupla";"Curva";"Não";2;0;1;0;0;1;1;2;-25,8516758;-49,00332398;"SPRF-PR";"DEL01-PR";"UOP04-DEL01-PR"
661199;2025-02-13;"quinta-feira";"13:20:00";"PR";153;502;"GENERAL CARNEIRO";"Reação tardia ou ineficiente do condutor";"Colisão lateral sentido oposto";"Com Vítimas Feridas";"Pleno dia";"Decrescente";"Chuva";"Simples";"Reta";"Não";3;0;1;0;1;3;1;5;-26,45914531;-51,32318458;"SPRF-PR";"DEL02-PR";"UOP03-DEL02-PR"
661202;2025-02-13;"quinta-feira";"19:20:00";"SC";282;636,3;"DESCANSO";"Transitar na contramão";"Colisão frontal";"Com Vítimas Feridas";"Plena Noite";"Crescente";"Nublado";"Simples";"Reta";"Não";4;0;0;2;0;3;2;5;-26,81054812;-53,4383744;"SPRF-SC";"DEL07-SC";"UOP03-DEL07-SC"
661205;2025-02-13;"quinta-feira";"20:00:00";"MT";163;583;"NOVA MUTUM";"Ingestão de álcool pelo condutor";"Tombamento";"Sem Vítimas";"Plena Noite";"Crescente";"Nublado";"Dupla";"Reta";"Não";2;0;0;0;1;1;0;2;-14,05793518;-56,09856364;"SPRF-MT";"DEL01-MT";"UOP01-DEL01-MT"
661207;2025-02-13;"quinta-feira";"23:00:00";"MG";50;189;"UBERABA";"Reação tardia ou ineficiente do condutor";"Colisão traseira";"Com Vítimas Feridas";"Plena Noite";"Decrescente";"Céu Claro";"Dupla";"Reta;Aclive";"Não";3;0;1;0;1;2;1;4;-19,84851283;-47,87469974;"SPRF-MG";"DEL13-MG";"UOP01-DEL13-MG"
661208;2025-02-14;"sexta-feira";"00:10:00";"MG";262;883;"CAMPO FLORIDO";"Ausência de reação do condutor";"Saída de leito carroçável";"Com Vítimas Feridas";"Plena Noite";"Decrescente";"Céu Claro";"Dupla";"Curva;Declive";"Não";2;0;1;0;0;2;1;3;-19,77688698;-48,55507001;"SPRF-MG";"DEL13-MG";"UOP02-DEL13-MG"
661210;2025-02-14;"sexta-feira";"01:00:00";"PB";230;168,2;"CAMPINA GRANDE";"Ausência de reação do condutor";"Colisão traseira";"Com Vítimas Feridas";"Plena Noite";"Decrescente";"Céu Claro";"Simples";"Em Obras;Curva";"Não";2;0;1;0;1;0;1;2;-7,188;-35,9687;"SPRF-PB";"DEL02-PB";"UOP02-DEL02-PB"
661213;2025-02-14;"sexta-feira";"04:30:00";"BA";324;595;"CANDEIAS";"Reação tardia ou ineficiente do condutor";"Colisão traseira";"Com Vítimas Feridas";"Plena Noite";"Crescente";"Céu Claro";"Dupla";"Reta";"Não";3;0;1;0;1;3;1;5;-12,71235341;-38,45524557;"SPRF-BA";"DEL01-BA";"UOP01-DEL01-BA"
661221;2025-02-14;"sexta-feira";"05:30:00";"MS";163;691;"RIO VERDE DE MATO GROSSO";"Reação tardia ou ineficiente do condutor";"Tombamento";"Com Vítimas Feridas";"Amanhecer";"Crescente";"Céu Claro";"Simples";"Declive";"Não";2;0;1;0;0;3;1;4;-18,83492498;-54,81340886;"SPRF-MS";"DEL06-MS";"UOP01-DEL06-MS"
661222;2025-02-14;"sexta-feira";"05:10:00";"MG";262;662,3;"IBIA";"Condutor Dormindo";"Saída de leito carroçável";"Sem Vítimas";"Amanhecer";"Decrescente";"Céu Claro";"Simples";"Declive";"Não";1;0;0;0;1;0;0;1;-19,57436983;-46,73638289;"SPRF-MG";"DEL08-MG";"UOP01-DEL08-MG"
661227;2025-02-14;"sexta-feira";"02:35:00";"MG";365;667;"MONTE ALEGRE DE MINAS";"Demais falhas mecânicas ou elétricas";"Incêndio";"Sem Vítimas";"Plena Noite";"Decrescente";"Céu Claro";"Dupla";"Reta";"Não";2;0;0;0;1;1;0;2;-18,88888028;-48,70753505;"SPRF-MG";"DEL15-MG";"UOP01-DEL15-MG"
661228;2025-01-27;"segunda-feira";"13:00:00";"SC";101;117;"ITAJAI";"Condutor deixou de manter distância do veículo da frente";"Engavetamento";"Com Vítimas Feridas";"Pleno dia";"Crescente";"Nublado";"Dupla";"Reta";"Não";6;0;1;0;4;1;1;4;-26,88747187;-48,72252969;"SPRF-SC";"DEL04-SC";"UOP04-DEL04-SC"
661229;2025-02-13;"quinta-feira";"21:40:00";"MG";262;388;"MATEUS LEME";"Ausência de reação do condutor";"Tombamento";"Com Vítimas Feridas";"Plena Noite";"Decrescente";"Céu Claro";"Dupla";"Reta";"Não";2;0;1;0;0;1;1;2;-19,9366751;-44,44352695;"SPRF-MG";"DEL01-MG";"UOP03-DEL01-MG"
661232;2025-01-26;"domingo";"00:15:00";"SC";282;379;"JOACABA";"Ingestão de álcool pelo condutor";"Colisão transversal";"Sem Vítimas";"Plena Noite";"Decrescente";"Céu Claro";"Simples";"Interseção de Vias";"Sim";2;0;0;0;1;1;0;2;-27,214668;-51,489677;"SPRF-SC";"DEL07-SC";"UOP05-DEL07-SC"
661236;2025-02-14;"sexta-feira";"04:35:00";"BA";324;594;"CANDEIAS";"Velocidade Incompatível";"Colisão traseira";"Com Vítimas Feridas";"Plena Noite";"Crescente";"Céu Claro";"Dupla";"Reta";"Não";5;0;0;3;1;1;3;3;-12,70742041;-38,46251062;"SPRF-BA";"DEL01-BA";"UOP01-DEL01-BA"
661239;2025-02-14;"sexta-feira";"06:50:00";"SC";116;120,9;"SANTA CECILIA";"Acessar a via sem observar a presença dos outros veículos";"Colisão transversal";"Com Vítimas Feridas";"Pleno dia";"Crescente";"Céu Claro";"Simples";"Reta";"Não";3;0;0;1;1;1;1;3;-26,82744878;-50,37663407;"SPRF-SC";"DEL06-SC";"UOP02-DEL06-SC"
661247;2025-02-14;"sexta-feira";"09:30:00";"SP";116;214,5;"GUARULHOS";"Manobra de mudança de faixa";"Colisão lateral mesmo sentido";"Com Vítimas Feridas";"Pleno dia";"Crescente";"Sol";"Múltipla";"Reta";"Não";4;0;1;0;2;1;1;3;-23,44333014;-46,44531294;"SPRF-SP";"DEL01-SP";"UOP01-DEL01-SP"
661248;2025-02-14;"sexta-feira";"08:00:00";"SC";282;524,8;"XAXIM";"Acesso irregular";"Engavetamento";"Com Vítimas Feridas";"Pleno dia";"Decrescente";"Céu Claro";"Simples";"Curva";"Não";6;0;3;0;2;1;3;5;-26,96432;-52,563653;"SPRF-SC";"DEL07-SC";"UOP01-DEL07-SC"
661251;2025-02-14;"sexta-feira";"08:10:00";"RJ";101;433;"MANGARATIBA";"Reação tardia ou ineficiente do condutor";"Colisão traseira";"Com Vítimas Feridas";"Pleno dia";"Decrescente";"Sol";"Simples";"Reta";"Não";2;0;0;1;1;0;1;2;-22,93842518;-44,03644001;"SPRF-RJ";"DEL03-RJ";"UOP02-DEL03-RJ"
661254;2025-02-14;"sexta-feira";"08:40:00";"CE";116;3,2;"FORTALEZA";"Manobra de mudança de faixa";"Colisão lateral mesmo sentido";"Sem Vítimas";"Pleno dia";"Decrescente";"Céu Claro";"Simples";"Reta";"Sim";3;0;0;0;3;0;0;2;-3,77866493;-38,51490171;"SPRF-CE";"DEL01-CE";"UOP02-DEL01-CE"
661256;2025-02-14;"sexta-feira";"09:25:00";"PR";277;107;"SAO JOSE DOS PINHAIS";"Reação tardia ou ineficiente do condutor";"Engavetamento";"Com Vítimas Feridas";"Pleno dia";"Crescente";"Sol";"Dupla";"Reta";"Não";4;0;1;0;2;1;1;4;-25,569749;-49,2211;"SPRF-PR";"DEL03-PR";"UOP03-DEL03-PR"
661258;2025-02-14;"sexta-feira";"09:15:00";"PR";376;4,2;"JANDAIA DO SUL";"Ultrapassagem Indevida";"Colisão lateral mesmo sentido";"Com Vítimas Feridas";"Pleno dia";"Crescente";"Céu Claro";"Dupla";"Aclive";"Não";3;0;0;1;1;1;1;3;-23,59157532;-51,62024975;"SPRF-PR";"DEL09-PR";"UOP01-DEL09-PR"
661267;2025-02-14;"sexta-feira";"10:35:00";"PR";376;591,8;"CURITIBA";"Condutor deixou de manter distância do veículo da frente";"Colisão traseira";"Com Vítimas Feridas";"Pleno dia";"Decrescente";"Céu Claro";"Dupla";"Reta;Viaduto;Aclive";"Não";2;0;1;0;0;1;1;2;-25,45999605;-49,35895013;"SPRF-PR";"DEL03-PR";"UOP03-DEL03-PR"
661268;2025-02-14;"sexta-feira";"08:20:00";"MG";381;923;"CAMANDUCAIA";"Acesso irregular";"Colisão lateral mesmo sentido";"Com Vítimas Feridas";"Pleno dia";"Decrescente";"Céu Claro";"Dupla";"Retorno Regulamentado;Reta";"Não";3;0;2;0;0;1;2;3;-22,7671484;-46,22667493;"SPRF-MG";"DEL16-MG";"UOP03-DEL16-MG"
661270;2025-02-14;"sexta-feira";"09:07:00";"MG";381;734,2;"CARMO DA CACHOEIRA";"Ausência de reação do condutor";"Colisão traseira";"Com Vítimas Feridas";"Pleno dia";"Decrescente";"Sol";"Dupla";"Reta";"Não";4;0;1;0;2;1;1;3;-21,57173297;-45,24325979;"SPRF-MG";"DEL16-MG";"UOP02-DEL16-MG"
661271;2025-02-14;"sexta-feira";"11:10:00";"RS";290;92;"PORTO ALEGRE";"Manobra de mudança de faixa";"Colisão lateral mesmo sentido";"Sem Vítimas";"Pleno dia";"Decrescente";"Céu Claro";"Múltipla";"Reta";"Não";3;0;0;0;3;0;0;2;-29,971916;-51,176838;"SPRF-RS";"DEL01-RS";"UOP01-DEL01-RS"
661273;2025-02-14;"sexta-feira";"07:30:00";"MT";364;464;"VARZEA GRANDE";"Ausência de reação do condutor";"Saída de leito carroçável";"Com Vítimas Feridas";"Pleno dia";"Crescente";"Sol";"Simples";"Reta";"Não";1;0;1;0;0;0;1;1;-15,49417155;-56,27739364;"SPRF-MT";"DEL01-MT";"UOP02-DEL01-MT"
661274;2025-02-14;"sexta-feira";"10:50:00";"PR";376;162;"MARINGA";"Manobra de mudança de faixa";"Colisão lateral mesmo sentido";"Com Vítimas Feridas";"Pleno dia";"Decrescente";"Céu Claro";"Dupla";"Reta";"Sim";2;0;1;0;0;1;1;2;-23,37710685;-52,04510993;"SPRF-PR";"DEL09-PR";"UOP02-DEL09-PR"
661278;2025-02-14;"sexta-feira";"11:02:00";"SC";101;178,7;"GOVERNADOR CELSO RAMOS";"Suicídio (presumido)";"Atropelamento de Pedestre";"Com Vítimas Fatais";"Pleno dia";"Decrescente";"Céu Claro";"Dupla";"Reta";"Não";3;1;0;0;1;1;0;3;-27,370534;-48,633579;"SPRF-SC";"DEL01-SC";"UOP01-DEL01-SC"
661280;2025-02-14;"sexta-feira";"11:40:00";"PR";277;42;"MORRETES";"Acessar a via sem observar a presença dos outros veículos";"Colisão traseira";"Sem Vítimas";"Pleno dia";"Decrescente";"Céu Claro";"Dupla";"Reta";"Não";3;0;0;0;2;3;0;5;-25,57361239;-48,84469597;"SPRF-PR";"DEL01-PR";"UOP05-DEL01-PR"
661283;2025-02-14;"sexta-feira";"11:00:00";"PI";316;46;"LAGOA DO PIAUI";"Ultrapassagem Indevida";"Colisão lateral mesmo sentido";"Com Vítimas Feridas";"Pleno dia";"Crescente";"Sol";"Simples";"Declive;Reta";"Não";5;0;2;0;2;2;2;4;-5,45656405;-42,6347776;"SPRF-PI";"DEL01-PI";"UOP02-DEL01-PI"
661286;2025-02-14;"sexta-feira";"11:30:00";"PA";316;68;"CASTANHAL";"Ultrapassagem Indevida";"Colisão lateral sentido oposto";"Com Vítimas Fatais";"Pleno dia";"Crescente";"Garoa/Chuvisco";"Simples";"Reta";"Sim";3;1;0;0;2;0;0;2;-1,2948794;-47,89280703;"SPRF-PA";"DEL01-PA";"UOP01-DEL01-PA"
661290;2025-02-14;"sexta-feira";"03:00:00";"MA";316;267;"SANTA INES";"Carga excessiva e/ou mal acondicionada";"Colisão com objeto";"Sem Vítimas";"Plena Noite";"Decrescente";"Céu Claro";"Múltipla";"Reta";"Sim";1;0;0;0;0;1;0;1;-3,686531;-45,339451;"SPRF-MA";"DEL02-MA";"UOP01-DEL02-MA"
661296;2025-02-14;"sexta-feira";"12:30:00";"SP";381;43;"ATIBAIA";"Demais falhas mecânicas ou elétricas";"Colisão com objeto";"Com Vítimas Feridas";"Pleno dia";"Decrescente";"Nublado";"Dupla";"Reta";"Não";4;0;1;0;2;1;1;3;-23,15597105;-46,5740155;"SPRF-SP";"DEL03-SP";"UOP01-DEL03-SP"
661297;2025-02-14;"sexta-feira";"11:30:00";"MG";381;568,9;"ITAGUARA";"Ausência de reação do condutor";"Colisão traseira";"Sem Vítimas";"Pleno dia";"Crescente";"Céu Claro";"Dupla";"Reta";"Sim";2;0;0;0;1;1;0;2;-20,42649228;-44,54458383;"SPRF-MG";"DEL04-MG";"UOP03-DEL04-MG"
661299;2025-02-14;"sexta-feira";"11:00:00";"SC";470;47;"BLUMENAU";"Acessar a via sem observar a presença dos outros veículos";"Colisão transversal";"Com Vítimas Feridas";"Pleno dia";"Decrescente";"Céu Claro";"Simples";"Reta";"Sim";3;0;0;1;2;0;1;2;-26,864044;-49,046516;"SPRF-SC";"DEL04-SC";"UOP01-DEL04-SC"
661303;2025-02-14;"sexta-feira";"13:30:00";"SP";116;511,9;"CAJATI";"Velocidade Incompatível";"Saída de leito carroçável";"Com Vítimas Feridas";"Pleno dia";"Decrescente";"Chuva";"Simples";"Curva";"Não";2;0;1;0;0;1;1;2;-24,84376142;-48,21212769;"SPRF-SP";"DEL05-SP";"UOP02-DEL05-SP"
661310;2025-02-14;"sexta-feira";"10:15:00";"ES";101;144;"LINHARES";"Problema com o freio";"Colisão lateral mesmo sentido";"Com Vítimas Feridas";"Pleno dia";"Crescente";"Céu Claro";"Dupla";"Interseção de Vias";"Sim";2;0;1;0;1;0;1;2;-19,35188295;-40,0636685;"SPRF-ES";"DEL04-ES";"UOP01-DEL04-ES"
661312;2025-02-14;"sexta-feira";"12:40:00";"PB";104;174,3;"ALCANTIL";"Transitar na contramão";"Colisão frontal";"Com Vítimas Feridas";"Pleno dia";"Decrescente";"Céu Claro";"Simples";"Curva";"Não";4;0;0;1;2;1;1;4;-7,60890492;-36,05502003;"SPRF-PB";"DEL02-PB";"UOP03-DEL02-PB"
661313;2025-02-14;"sexta-feira";"15:05:00";"SC";101;229,8;"PALHOCA";"Reação tardia ou ineficiente do condutor";"Colisão transversal";"Com Vítimas Feridas";"Pleno dia";"Decrescente";"Céu Claro";"Dupla";"Reta";"Não";2;0;1;0;1;0;1;2;-27,7688932;-48,63205379;"SPRF-SC";"DEL01-SC";"UOP02-DEL01-SC"