"id";"data_inversa";"dia_semana";"horario";"uf";"br";"km";"municipio";"causa_acidente";"tipo_acidente";"classificacao_acidente";"fase_dia";"sentido_via";"condicao_metereologica";"tipo_pista";"tracado_via";"uso_solo";"pessoas";"mortos";"feridos_leves";"feridos_graves";"ilesos";"ignorados";"feridos";"veiculos";"latitude";"longitude";"regional";"delegacia";"uop"
661314;2025-02-14;"sexta-feira";"15:20:00";"RS";116;251;"SAPUCAIA DO SUL";"Ingestão de álcool pelo condutor";"Colisão lateral mesmo sentido";"Sem Vítimas";"Pleno dia";"Decrescente";"Céu Claro";"Múltipla";"Reta";"Não";3;0;0;0;2;1;0;3;-29,80035406;-51,16550365;"SPRF-RS";"DEL01-RS";"UOP02-DEL01-RS"
661331;2025-02-14;"sexta-feira";"13:30:00";"RJ";116;325;"ITATIAIA";"Manobra de mudança de faixa";"Colisão lateral mesmo sentido";"Com Vítimas Feridas";"Pleno dia";"Decrescente";"Sol";"Múltipla";"Reta";"Não";4;0;1;0;2;1;1;3;-22,49520164;-44,57034743;"SPRF-RJ";"DEL07-RJ";"UOP02-DEL07-RJ"
661334;2025-02-14;"sexta-feira";"16:30:00";"SC";101;38;"JOINVILLE";"Acessar a via sem observar a presença dos outros veículos";"Colisão transversal";"Com Vítimas Feridas";"Pleno dia";"Crescente";"Nublado";"Dupla";"Interseção de Vias";"Sim";3;0;0;1;1;2;1;4;-26,25472505;-48,90561309;"SPRF-SC";"DEL03-SC";"UOP01-DEL03-SC"
661339;2025-01-27;"segunda-feira";"10:11:00";"MA";222;671,8;"ACAILANDIA";"Conversão proibida";"Tombamento";"Com Vítimas Fatais";"Pleno dia";"Crescente";"Sol";"Simples";"Reta";"Sim";2;1;0;0;0;1;0;2;-4,94583;-47,473899;"SPRF-MA";"DEL04-MA";"UOP03-DEL04-MA"
661340;2025-02-14;"sexta-feira";"16:00:00";"GO";50;244,3;"CATALAO";"Carga excessiva e/ou mal acondicionada";"Tombamento";"Com Vítimas Feridas";"Pleno dia";"Decrescente";"Céu Claro";"Dupla";"Retorno Regulamentado;Rotatória;Viaduto";"Não";3;0;1;0;1;1;1;2;-17,9172;-47,7901;"SPRF-GO";"DEL06-GO";"UOP01-DEL06-GO"
661350;2025-02-14;"sexta-feira";"15:20:00";"BA";116;492,7;"RAFAEL JAMBEIRO";"Ausência de reação do condutor";"Colisão traseira";"Com Vítimas Feridas";"Pleno dia";"Crescente";"Céu Claro";"Dupla";"Reta";"Não";3;0;1;0;1;2;1;4;-12,57489;-39,50265;"SPRF-BA";"DEL02-BA";"UOP01-DEL02-BA"
661352;2025-02-14;"sexta-feira";"10:30:00";"MT";364;271,6;"JACIARA";"Acessar a via sem observar a presença dos outros veículos";"Colisão transversal";"Com Vítimas Feridas";"Pleno dia";"Decrescente";"Sol";"Dupla";"Reta";"Sim";3;0;1;0;1;1;1;3;-15,96962998;-54,95363;"SPRF-MT";"DEL05-MT";"UOP02-DEL05-MT"
661365;2025-02-14;"sexta-feira";"18:00:00";"RJ";40;117;"DUQUE DE CAXIAS";"Manobra de mudança de faixa";"Colisão lateral mesmo sentido";"Com Vítimas Feridas";"Pleno dia";"Decrescente";"Céu Claro";"Múltipla";"Reta";"Não";5;0;1;0;3;1;1;3;-22,741566;-43,288153;"SPRF-RJ";"DEL01-RJ";"UOP02-DEL01-RJ"
661370;2025-02-14;"sexta-feira";"11:10:00";"PA";10;329;"SAO MIGUEL DO GUAMA";"Acumulo de água sobre o pavimento";"Colisão lateral sentido oposto";"Com Vítimas Feridas";"Pleno dia";"Decrescente";"Chuva";"Simples";"Reta";"Não";2;0;1;0;1;0;1;2;-1,56351202;-47,50851908;"SPRF-PA";"DEL01-PA";"UOP02-DEL01-PA"
661372;2025-02-14;"sexta-feira";"17:30:00";"MG";381;902,5;"CAMBUI";"Velocidade Incompatível";"Colisão com objeto";"Com Vítimas Feridas";"Pleno dia";"Decrescente";"Chuva";"Dupla";"Curva";"Não";3;0;1;0;1;2;1;4;-22,64538594;-46,08581506;"SPRF-MG";"DEL16-MG";"UOP03-DEL16-MG"
661373;2025-02-14;"sexta-feira";"20:00:00";"PE";101;125;"ESCADA";"Condutor deixou de manter distância do veículo da frente";"Colisão traseira";"Com Vítimas Feridas";"Plena Noite";"Crescente";"Céu Claro";"Múltipla";"Reta";"Sim";3;0;0;1;1;2;1;4;-8,36501587;-35,22142966;"SPRF-PE";"DEL01-PE";"UOP03-DEL01-PE"
661380;2025-02-14;"sexta-feira";"11:32:00";"PA";163;500;"ITAITUBA";"Condutor deixou de manter distância do veículo da frente";"Colisão traseira";"Com Vítimas Feridas";"Pleno dia";"Crescente";"Céu Claro";"Simples";"Curva;Aclive";"Não";3;0;0;1;1;3;1;5;-5,50289987;-55,83120751;"SPRF-PA";"DEL05-PA";"UOP03-DEL05-PA"
661388;2025-02-14;"sexta-feira";"20:20:00";"MG";364;17,9;"FRUTAL";"Reação tardia ou ineficiente do condutor";"Colisão frontal";"Com Vítimas Feridas";"Plena Noite";"Crescente";"Céu Claro";"Simples";"Reta;Declive";"Não";2;0;0;1;1;0;1;2;-20,05946;-48,81415;"SPRF-MG";"DEL13-MG";"UOP02-DEL13-MG"
661392;2025-02-14;"sexta-feira";"17:44:00";"ES";262;166,1;"IBATIBA";"Avarias e/ou desgaste excessivo no pneu";"Colisão frontal";"Com Vítimas Feridas";"Pleno dia";"Decrescente";"Nublado";"Simples";"Curva";"Não";3;0;2;0;1;0;2;3;-20,2468411;-41,56027697;"SPRF-ES";"DEL01-ES";"UOP02-DEL01-ES"
661403;2025-02-14;"sexta-feira";"20:30:00";"MG";459;97,9;"POUSO ALEGRE";"Ausência de reação do condutor";"Colisão traseira";"Com Vítimas Feridas";"Plena Noite";"Crescente";"Nublado";"Simples";"Reta;Aclive";"Não";3;0;1;0;1;1;1;3;-22,196163;-45,978573;"SPRF-MG";"DEL09-MG";"UOP01-DEL09-MG"
661431;2025-02-14;"sexta-feira";"20:40:00";"PE";423;135,4;"SALOA";"Demais falhas mecânicas ou elétricas";"Tombamento";"Com Vítimas Feridas";"Pleno dia";"Decrescente";"Céu Claro";"Simples";"Reta";"Não";1;0;1;0;0;0;1;1;-8,9621593;-36,79139492;"SPRF-PE";"DEL03-PE";"UOP01-DEL03-PE"
661433;2025-02-15;"sábado";"00:01:00";"MG";381;943;"EXTREMA";"Demais falhas na via";"Colisão lateral mesmo sentido";"Com Vítimas Feridas";"Pleno dia";"Decrescente";"Céu Claro";"Dupla";"Reta";"Não";5;0;2;1;1;1;3;3;-22,8533252;-46,33739671;"SPRF-MG";"DEL16-MG";"UOP03-DEL16-MG"
661438;2025-02-15;"sábado";"00:05:00";"RJ";116;226,9;"PARACAMBI";"Condutor Dormindo";"Tombamento";"Sem Vítimas";"Plena Noite";"Crescente";"Céu Claro";"Dupla";"Aclive;Em Obras;Reta";"Não";1;0;0;0;1;0;0;1;-22,67208078;-43,81789284;"SPRF-RJ";"DEL07-RJ";"UOP01-DEL07-RJ"
661440;2025-02-15;"sábado";"00:10:00";"PR";373;176;"PONTA GROSSA";"Manobra de mudança de faixa";"Colisão lateral mesmo sentido";"Com Vítimas Fatais";"Plena Noite";"Crescente";"Céu Claro";"Dupla";"Reta";"Sim";3;1;0;1;0;1;1;2;-25,05794954;-50,2235055;"SPRF-PR";"DEL03-PR";"UOP01-DEL03-PR"
661443;2025-02-15;"sábado";"01:50:00";"MG";381;514,5;"IGARAPE";"Pedestre andava na pista";"Atropelamento de Pedestre";"Com Vítimas Feridas";"Plena Noite";"Decrescente";"Céu Claro";"Dupla";"Reta;Declive";"Não";3;0;0;1;1;1;1;3;-20,08126889;-44,30717897;"SPRF-MG";"DEL01-MG";"UOP03-DEL01-MG"
661458;2025-02-15;"sábado";"03:00:00";"RS";386;30,7;"FREDERICO WESTPHALEN";"Ausência de reação do condutor";"Colisão frontal";"Com Vítimas Feridas";"Plena Noite";"Decrescente";"Céu Claro";"Simples";"Curva";"Não";3;0;1;0;1;1;1;2;-27,33300328;-53,38096404;"SPRF-RS";"DEL08-RS";"UOP02-DEL08-RS"
661462;2025-02-15;"sábado";"03:30:00";"PB";230;236,8;"JUAZEIRINHO";"Transitar na contramão";"Colisão frontal";"Sem Vítimas";"Plena Noite";"Decrescente";"Céu Claro";"Simples";"Reta";"Não";2;0;0;0;1;1;0;2;-7,0516;-36,5438;"SPRF-PB";"DEL02-PB";"UOP02-DEL02-PB"
661469;2025-02-15;"sábado";"04:10:00";"MG";251;471,4;"FRANCISCO SA";"Ausência de reação do condutor";"Saída de leito carroçável";"Com Vítimas Feridas";"Plena Noite";"Crescente";"Vento";"Simples";"Reta";"Não";1;0;0;1;0;0;1;1;-16,46801304;-43,43121303;"SPRF-MG";"DEL12-MG";"UOP01-DEL12-MG"
661470;2025-02-14;"sexta-feira";"19:00:00";"BA";101;923,9;"NOVA VICOSA";"Ultrapassagem Indevida";"Colisão traseira";"Com Vítimas Feridas";"Plena Noite";"Crescente";"Céu Claro";"Simples";"Curva";"Não";5;0;4;0;0;1;4;3;-17,919515;-39,829534;"SPRF-BA";"DEL09-BA";"UOP02-DEL09-BA"
661482;2025-02-15;"sábado";"06:30:00";"PE";407;116,1;"PETROLINA";"Acessar a via sem observar a presença dos outros veículos";"Colisão lateral mesmo sentido";"Com Vítimas Fatais";"Amanhecer";"Crescente";"Céu Claro";"Simples";"Reta";"Não";2;1;0;0;0;1;0;2;-9,30942664;-40,57650626;"SPRF-PE";"DEL06-PE";"UOP01-DEL06-PE"
661488;2025-02-15;"sábado";"07:00:00";"GO";452;18;"RIO VERDE";"Transitar na contramão";"Colisão frontal";"Com Vítimas Feridas";"Pleno dia";"Crescente";"Céu Claro";"Simples";"Declive;Reta";"Não";3;0;0;1;1;2;1;4;-17,85914742;-50,74936415;"SPRF-GO";"DEL04-GO";"UOP01-DEL04-GO"
661489;2025-02-15;"sábado";"07:50:00";"MG";262;434,7;"SAO GONCALO DO PARA";"Manobra de mudança de faixa";"Colisão lateral mesmo sentido";"Com Vítimas Feridas";"Pleno dia";"Decrescente";"Sol";"Dupla";"Declive";"Não";7;0;4;1;1;1;5;3;-19,88103749;-44,91142273;"SPRF-MG";"DEL08-MG";"UOP03-DEL08-MG"
661494;2025-02-14;"sexta-feira";"20:00:00";"SP";459;16;"PIQUETE";"Ausência de reação do condutor";"Tombamento";"Com Vítimas Feridas";"Plena Noite";"Decrescente";"Céu Claro";"Simples";"Reta";"Não";1;0;1;0;0;0;1;1;-22,62031;-45,164268;"SPRF-SP";"DEL08-SP";"UOP02-DEL08-SP"
661507;2025-02-15;"sábado";"10:30:00";"PE";232;76;"GRAVATA";"Reação tardia ou ineficiente do condutor";"Engavetamento";"Com Vítimas Feridas";"Pleno dia";"Crescente";"Sol";"Dupla";"Reta";"Não";4;0;1;0;3;0;1;3;-8,19541469;-35,53424693;"SPRF-PE";"DEL02-PE";"UOP02-DEL02PE"
661513;2025-02-15;"sábado";"11:25:00";"MG";40;790,6;"JUIZ DE FORA";"Trafegar com motocicleta (ou similar) entre as faixas";"Colisão traseira";"Com Vítimas Feridas";"Pleno dia";"Crescente";"Céu Claro";"Dupla";"Curva";"Não";2;0;0;1;1;0;1;2;-21,77882;-43,42813;"SPRF-MG";"DEL05-MG";"UOP01-DEL05-MG"
661515;2025-02-15;"sábado";"09:20:00";"SC";282;308,2;"VARGEM";"Velocidade Incompatível";"Tombamento";"Com Vítimas Feridas";"Pleno dia";"Crescente";"Céu Claro";"Simples";"Curva;Declive";"Não";2;0;0;1;0;1;1;2;-27,49292;-50,971973;"SPRF-SC";"DEL07-SC";"UOP06-DEL07-SC"
661516;2025-02-15;"sábado";"11:15:00";"PI";316;383;"ALEGRETE DO PIAUI";"Reação tardia ou ineficiente do condutor";"Colisão com objeto";"Sem Vítimas";"Pleno dia";"Decrescente";"Céu Claro";"Simples";"Reta";"Não";2;0;0;0;1;1;0;2;-7,23044013;-40,87169715;"SPRF-PI";"DEL04-PI";"UOP03-DEL04-PI"
661521;2025-02-15;"sábado";"09:15:00";"CE";222;338;"UBAJARA";"Velocidade Incompatível";"Tombamento";"Com Vítimas Feridas";"Pleno dia";"Crescente";"Céu Claro";"Simples";"Curva;Declive";"Não";2;0;1;0;0;1;1;2;-3,87276942;-41,16195432;"SPRF-CE";"DEL04-CE";"UOP02-DEL04-CE"
661522;2025-02-15;"sábado";"11:45:00";"PE";232;32;"MORENO";"Manobra de mudança de faixa";"Engavetamento";"Com Vítimas Feridas";"Pleno dia";"Crescente";"Céu Claro";"Dupla";"Curva";"Não";10;0;4;0;5;1;4;6;-8,10541732;-35,1665671;"SPRF-PE";"DEL01-PE";"UOP01-DEL01-PE"
661524;2025-02-15;"sábado";"09:30:00";"MG";262;798;"UBERABA";"Manobra de mudança de faixa";"Colisão lateral mesmo sentido";"Com Vítimas Feridas";"Pleno dia";"Decrescente";"Céu Claro";"Simples";"Reta;Declive";"Não";3;0;1;0;1;1;1;3;-19,777964;-47,9268;"SPRF-MG";"DEL13-MG";"UOP01-DEL13-MG"
661533;2025-02-15;"sábado";"11:30:00";"PR";277;109;"CURITIBA";"Ausência de reação do condutor";"Engavetamento";"Com Vítimas Feridas";"Pleno dia";"Decrescente";"Céu Claro";"Dupla";"Reta;Declive";"Sim";4;0;1;0;2;1;1;4;-25,42784023;-49,38810468;"SPRF-PR";"DEL03-PR";"UOP03-DEL03-PR"
661539;2025-02-15;"sábado";"13:30:00";"GO";20;32;"FORMOSA";"Ausência de reação do condutor";"Colisão transversal";"Com Vítimas Feridas";"Pleno dia";"Crescente";"Céu Claro";"Simples";"Curva";"Não";6;0;2;0;3;3;2;6;-15,482159;-47,101757;"SPRF-DF";"DEL02-DF";"UOP02-DEL02-DF"
661546;2025-02-15;"sábado";"13:50:00";"SC";280;49,5;"GUARAMIRIM";"Carga excessiva e/ou mal acondicionada";"Derramamento de carga";"Sem Vítimas";"Pleno dia";"Decrescente";"Céu Claro";"Dupla";"Reta";"Sim";2;0;0;0;1;1;0;2;-26,45850039;-48,93692786;"SPRF-SC";"DEL03-SC";"UOP03-DEL03-SC"
661550;2025-02-15;"sábado";"14:10:00";"PR";376;182,4;"SARANDI";"Ausência de reação do condutor";"Colisão traseira";"Com Vítimas Feridas";"Pleno dia";"Crescente";"Céu Claro";"Dupla";"Em Obras;Reta";"Sim";8;0;0;1;6;2;1;7;-23,43684112;-51,87880764;"SPRF-PR";"DEL09-PR";"UOP01-DEL09-PR"
661555;2025-02-15;"sábado";"14:30:00";"GO";60;102;"ANAPOLIS";"Trafegar com motocicleta (ou similar) entre as faixas";"Colisão lateral mesmo sentido";"Com Vítimas Feridas";"Pleno dia";"Decrescente";"Céu Claro";"Dupla";"Reta;Aclive";"Não";3;0;1;0;1;2;1;4;-16,406;-48,9831;"SPRF-GO";"DEL02-GO";"UOP01-DEL02-GO"
661559;2025-02-15;"sábado";"13:15:00";"MT";163;1111;"GUARANTA DO NORTE";"Carga excessiva e/ou mal acondicionada";"Tombamento";"Com Vítimas Fatais";"Pleno dia";"Crescente";"Céu Claro";"Simples";"Curva;Declive";"Não";2;1;0;0;0;1;0;2;-9,601025;-54,891166;"SPRF-MT";"DEL06-MT";"UOP03-DEL06-MT"
661561;2025-02-15;"sábado";"09:30:00";"MA";222;661;"ACAILANDIA";"Mal súbito do condutor";"Colisão frontal";"Com Vítimas Feridas";"Pleno dia";"Decrescente";"Céu Claro";"Simples";"Reta";"Sim";3;0;0;1;1;1;1;3;-4,87587256;-47,35338025;"SPRF-MA";"DEL04-MA";"UOP03-DEL04-MA"
661564;2025-02-15;"sábado";"14:45:00";"PR";116;113;"CURITIBA";"Acessar a via sem observar a presença dos outros veículos";"Colisão lateral mesmo sentido";"Sem Vítimas";"Pleno dia";"Crescente";"Nublado";"Dupla";"Reta";"Sim";3;0;0;0;2;1;0;3;-25,546814;-49,29073513;"SPRF-PR";"DEL01-PR";"UOP03-DEL01-PR"
661566;2025-02-15;"sábado";"16:28:00";"SC";101;11;"GARUVA";"Demais falhas mecânicas ou elétricas";"Incêndio";"Sem Vítimas";"Pleno dia";"Decrescente";"Nublado";"Dupla";"Reta";"Não";2;0;0;0;1;1;0;2;-26,07423;-48,861025;"SPRF-SC";"DEL03-SC";"UOP01-DEL03-SC"
661568;2025-02-15;"sábado";"14:25:00";"MG";116;688,7;"MURIAE";"Condutor Dormindo";"Tombamento";"Com Vítimas Feridas";"Pleno dia";"Crescente";"Céu Claro";"Simples";"Curva;Declive";"Não";3;0;1;0;1;1;1;2;-21,00463422;-42,36667213;"SPRF-MG";"DEL07-MG";"UOP02-DEL07-MG"
661570;2025-02-15;"sábado";"12:25:00";"MT";364;106,8;"ALTO GARCAS";"Ultrapassagem Indevida";"Colisão frontal";"Com Vítimas Fatais";"Pleno dia";"Crescente";"Nublado";"Simples";"Reta";"Não";5;1;0;0;2;3;0;5;-16,845062;-53,933692;"SPRF-MT";"DEL02-MT";"UOP02-DEL02-MT"
661574;2025-02-15;"sábado";"16:30:00";"SP";153;95,1;"JACI";"Ingestão de álcool pelo condutor";"Colisão lateral mesmo sentido";"Com Vítimas Feridas";"Pleno dia";"Crescente";"Céu Claro";"Simples";"Em Obras;Curva";"Não";4;0;1;0;2;1;1;3;-20,97062;-49,605372;"SPRF-SP";"DEL09-SP";"UOP01-DEL09-SP"
661585;2025-02-15;"sábado";"18:00:00";"RJ";116;87;"TERESOPOLIS";"Demais falhas mecânicas ou elétricas";"Incêndio";"Sem Vítimas";"Amanhecer";"Decrescente";"Céu Claro";"Simples";"Reta";"Sim";1;0;0;0;1;0;0;1;-22,44527396;-42,95175555;"SPRF-RJ";"DEL04-RJ";"UOP01-DEL04-RJ"
661593;2025-02-15;"sábado";"15:27:00";"MG";153;144,8;"CAMPO FLORIDO";"Transitar na contramão";"Colisão frontal";"Com Vítimas Feridas";"Pleno dia";"Crescente";"Céu Claro";"Simples";"Reta";"Não";2;0;0;1;0;1;1;2;-19,59964093;-48,83389116;"SPRF-MG";"DEL13-MG";"UOP02-DEL13-MG"
661599;2025-02-15;"sábado";"15:08:00";"BA";242;351;"LENCOIS";"Reação tardia ou ineficiente do condutor";"Tombamento";"Com Vítimas Fatais";"Pleno dia";"Crescente";"Céu Claro";"Simples";"Curva;Declive";"Não";2;1;0;0;0;1;0;2;-12,49243908;-41,3280788;"SPRF-BA";"DEL06-BA";"UOP02-DEL06-BA"
661616;2025-02-15;"sábado";"19:10:00";"MT";163;203;"RONDONOPOLIS";"Carga excessiva e/ou mal acondicionada";"Colisão com objeto";"Com Vítimas Fatais";"Plena Noite";"Decrescente";"Céu Claro";"Dupla";"Reta;Viaduto";"Sim";10;1;2;0;6;7;2;13;-16,47232462;-54,65507269;"SPRF-MT";"DEL05-MT";"UOP02-DEL05-MT"
661627;2025-02-15;"sábado";"20:40:00";"MG";365;466,2;"PATROCINIO";"Suicídio (presumido)";"Colisão frontal";"Com Vítimas Fatais";"Plena Noite";"Crescente";"Céu Claro";"Simples";"Reta";"Não";3;1;0;0;1;1;0;3;-18,90325161;-46,95935369;"SPRF-MG";"DEL10-MG";"UOP01-DEL10-MG"
661628;2025-02-15;"sábado";"19:50:00";"SC";282;384,7;"JOACABA";"Velocidade Incompatível";"Colisão lateral sentido oposto";"Com Vítimas Feridas";"Plena Noite";"Crescente";"Chuva";"Simples";"Curva;Aclive";"Não";5;0;0;3;2;0;3;3;-27,20299;-51,515095;"SPRF-SC";"DEL07-SC";"UOP05-DEL07-SC"
661644;2025-02-15;"sábado";"19:20:00";"MA";222;152;"VARGEM GRANDE";"Transitar na contramão";"Colisão frontal";"Com Vítimas Fatais";"Plena Noite";"Decrescente";"Céu Claro";"Simples";"Reta";"Sim";2;1;0;0;1;0;0;2;-3,53485254;-43,94414714;"SPRF-MA";"DEL01-MA";"UOP02-DEL01-MA"
661650;2025-02-15;"sábado";"21:45:00";"MG";40;654,4;"CRISTIANO OTONI";"Condutor Dormindo";"Colisão com objeto";"Com Vítimas Feridas";"Plena Noite";"Crescente";"Céu Claro";"Dupla";"Reta";"Não";1;0;0;1;0;0;1;1;-20,86321666;-43,79864999;"SPRF-MG";"DEL05-MG";"UOP02-DEL05-MG"
661657;2025-02-16;"domingo";"01:25:00";"AL";101;136,1;"SAO MIGUEL DOS CAMPOS";"Ausência de sinalização";"Colisão lateral mesmo sentido";"Com Vítimas Feridas";"Plena Noite";"Crescente";"Nublado";"Dupla";"Curva";"Não";2;0;1;0;0;1;1;2;-9,77098911;-36,07965263;"SPRF-AL";"DEL02-AL";"UOP01-DEL02-AL"
661662;2025-02-16;"domingo";"01:30:00";"MS";158;261,3;"TRES LAGOAS";"Ingestão de álcool pelo condutor";"Colisão com objeto";"Com Vítimas Feridas";"Plena Noite";"Crescente";"Céu Claro";"Simples";"Reta";"Não";2;0;1;0;1;0;1;2;-20,72864508;-51,74215513;"SPRF-MS";"DEL07-MS";"UOP01-DEL07-MS"
661666;2025-02-16;"domingo";"02:20:00";"PR";277;345,5;"GUARAPUAVA";"Transitar na contramão";"Colisão frontal";"Com Vítimas Feridas";"Pleno dia";"Decrescente";"Nublado";"Dupla";"Curva";"Sim";2;0;0;1;1;0;1;2;-25,36619927;-51,49141788;"SPRF-PR";"DEL08-PR";"UOP01-DEL08-PR"
661670;2025-02-16;"domingo";"03:35:00";"SC";101;273,5;"IMBITUBA";"Ausência de reação do condutor";"Colisão lateral mesmo sentido";"Com Vítimas Feridas";"Plena Noite";"Decrescente";"Céu Claro";"Dupla";"Reta";"Sim";5;0;1;0;2;2;1;4;-28,13681403;-48,69203389;"SPRF-SC";"DEL02-SC";"UOP03-DEL02-SC"
661675;2025-02-16;"domingo";"04:45:00";"PR";476;169;"CONTENDA";"Reação tardia ou ineficiente do condutor";"Colisão lateral sentido oposto";"Sem Vítimas";"Amanhecer";"Crescente";"Céu Claro";"Simples";"Curva";"Não";4;0;0;0;3;1;0;3;-25,666254;-49,495918;"SPRF-PR";"DEL01-PR";"UOP06-DEL01-PR"
661679;2025-02-16;"domingo";"04:50:00";"PR";476;192;"LAPA";"Reação tardia ou ineficiente do condutor";"Colisão traseira";"Com Vítimas Feridas";"Amanhecer";"Decrescente";"Nublado";"Simples";"Aclive;Reta";"Não";4;0;3;0;0;1;3;2;-25,730359;-49,706912;"SPRF-PR";"DEL01-PR";"UOP06-DEL01-PR"
661682;2025-02-16;"domingo";"00:25:00";"BA";116;928;"ENCRUZILHADA";"Ultrapassagem Indevida";"Saída de leito carroçável";"Com Vítimas Feridas";"Plena Noite";"Decrescente";"Nublado";"Simples";"Reta";"Não";2;0;1;0;0;1;1;2;-15,656705;-41,30996;"SPRF-BA";"DEL08-BA";"UOP03-DEL08-BA"
661698;2025-02-16;"domingo";"07:30:00";"GO";50;200,1;"CAMPO ALEGRE DE GOIAS";"Reação tardia ou ineficiente do condutor";"Tombamento";"Com Vítimas Feridas";"Pleno dia";"Decrescente";"Céu Claro";"Dupla";"Curva;Aclive";"Não";1;0;1;0;0;0;1;1;-17,5796;-47,8193;"SPRF-GO";"DEL06-GO";"UOP01-DEL06-GO"
661704;2025-02-16;"domingo";"08:00:00";"ES";101;448,2;"MIMOSO DO SUL";"Velocidade Incompatível";"Saída de leito carroçável";"Com Vítimas Feridas";"Pleno dia";"Crescente";"Sol";"Simples";"Reta";"Não";2;0;0;1;0;1;1;2;-21,13028101;-41,28044011;"SPRF-ES";"DEL03-ES";"UOP02-DEL03-ES"
661709;2025-02-16;"domingo";"05:00:00";"BA";116;866;"VITORIA DA CONQUISTA";"Ingestão de álcool pelo condutor";"Colisão lateral sentido oposto";"Sem Vítimas";"Amanhecer";"Decrescente";"Nublado";"Simples";"Reta";"Não";3;0;0;0;2;1;0;2;-15;-41;"SPRF-BA";"DEL08-BA";"UOP01-DEL08-BA"
661711;2025-02-16;"domingo";"08:30:00";"PR";277;107;"CURITIBA";"Condutor deixou de manter distância do veículo da frente";"Colisão traseira";"Com Vítimas Feridas";"Pleno dia";"Crescente";"Nublado";"Dupla";"Reta";"Sim";4;0;1;1;1;1;2;3;-25,47157895;-49,35341791;"SPRF-PR";"DEL03-PR";"UOP03-DEL03-PR"
661726;2025-02-16;"domingo";"11:10:00";"MG";381;427,5;"CAETE";"Manobra de mudança de faixa";"Colisão lateral mesmo sentido";"Com Vítimas Feridas";"Pleno dia";"Crescente";"Céu Claro";"Dupla";"Aclive;Reta";"Não";5;0;0;1;2;2;1;4;-19,791003;-43,68128;"SPRF-MG";"DEL01-MG";"UOP01-DEL01-MG"
661735;2025-02-16;"domingo";"13:00:00";"MG";262;478,8;"BOM DESPACHO";"Acessar a via sem observar a presença dos outros veículos";"Colisão transversal";"Com Vítimas Feridas";"Pleno dia";"Crescente";"Céu Claro";"Simples";"Reta";"Sim";3;0;2;0;1;0;2;2;-19,78767779;-45,22989387;"SPRF-MG";"DEL08-MG";"UOP03-DEL08-MG"
661736;2025-02-16;"domingo";"10:58:00";"MT";70;505;"CUIABA";"Transitar na contramão";"Colisão frontal";"Com Vítimas Feridas";"Pleno dia";"Crescente";"Céu Claro";"Simples";"Reta";"Não";3;0;0;1;1;3;1;5;-15,66438002;-55,96475201;"SPRF-MT";"DEL01-MT";"UOP02-DEL01-MT"
661742;2025-02-16;"domingo";"10:00:00";"TO";153;535;"NOVA ROSALANDIA";"Frear bruscamente";"Colisão lateral sentido oposto";"Com Vítimas Feridas";"Pleno dia";"Decrescente";"Garoa/Chuvisco";"Simples";"Reta";"Não";6;0;3;0;2;4;3;7;-10,51863495;-48,90859639;"SPRF-TO";"DEL01-TO";"UOP01-DEL01-TO"
661743;2025-02-16;"domingo";"12:02:00";"SC";101;17,4;"JOINVILLE";"Trafegar com motocicleta (ou similar) entre as faixas";"Colisão lateral mesmo sentido";"Com Vítimas Fatais";"Pleno dia";"Crescente";"Sol";"Dupla";"Reta";"Não";3;1;0;0;0;2;0;3;-26,124233;-48,8850082;"SPRF-SC";"DEL03-SC";"UOP01-DEL03-SC"
661748;2025-02-16;"domingo";"13:10:00";"RJ";393;212;"VASSOURAS";"Condutor Dormindo";"Tombamento";"Com Vítimas Feridas";"Pleno dia";"Decrescente";"Céu Claro";"Simples";"Reta";"Não";2;0;1;0;0;1;1;2;-22,27318608;-43,4608399;"SPRF-RJ";"DEL05-RJ";"UOP03-DEL05-RJ"
661754;2025-02-16;"domingo";"14:30:00";"GO";50;95;"CRISTALINA";"Reação tardia ou ineficiente do condutor";"Tombamento";"Sem Vítimas";"Pleno dia";"Decrescente";"Céu Claro";"Simples";"Viaduto";"Não";2;0;0;0;1;1;0;2;-16,9309;-47,7117;"SPRF-DF";"DEL01-DF";"UOP02-DEL01-DF"
661756;2025-02-16;"domingo";"09:30:00";"MT";70;695;"CACERES";"Problema com o freio";"Tombamento";"Com Vítimas Feridas";"Pleno dia";"Decrescente";"Nublado";"Simples";"Curva;Declive";"Não";2;0;1;0;0;1;1;2;-16,20506165;-57,40494303;"SPRF-MT";"DEL03-MT";"UOP01-DEL03-MT"
661757;2025-02-16;"domingo";"13:19:00";"MG";381;541,1;"ITATIAIUCU";"Problema com o freio";"Colisão traseira";"Sem Vítimas";"Pleno dia";"Decrescente";"Céu Claro";"Dupla";"Curva;Declive";"Não";2;0;0;0;2;0;0;2;-20,25669152;-44,41815376;"SPRF-MG";"DEL04-MG";"UOP03-DEL04-MG"
661766;2025-02-16;"domingo";"11:20:00";"RS";153;405,3;"CACHOEIRA DO SUL";"Suicídio (presumido)";"Colisão frontal";"Com Vítimas Fatais";"Pleno dia";"Crescente";"Céu Claro";"Simples";"Reta;Declive";"Sim";3;1;1;0;0;1;1;3;-30,05251956;-52,9080038;"SPRF-RS";"DEL02-RS";"UOP03-DEL02-RS"
661775;2025-02-16;"domingo";"15:30:00";"PA";163;572;"TRAIRAO";"Reação tardia ou ineficiente do condutor";"Capotamento";"Com Vítimas Feridas";"Anoitecer";"Crescente";"Chuva";"Simples";"Reta;Aclive";"Não";5;0;1;1;2;3;2;5;-5,04193667;-56,18318859;"SPRF-PA";"DEL05-PA";"UOP03-DEL05-PA"