"id";"data_inversa";"dia_semana";"horario";"uf";"br";"km";"municipio";"causa_acidente";"tipo_acidente";"classificacao_acidente";"fase_dia";"sentido_via";"condicao_metereologica";"tipo_pista";"tracado_via";"uso_solo";"pessoas";"mortos";"feridos_leves";"feridos_graves";"ilesos";"ignorados";"feridos";"veiculos";"latitude";"longitude";"regional";"delegacia";"uop"
661785;2025-02-16;"domingo";"12:30:00";"MG";116;555,2;"MANHUACU";"Curva acentuada";"Tombamento";"Com Vítimas Feridas";"Pleno dia";"Crescente";"Céu Claro";"Simples";"Curva;Declive";"Não";4;0;3;0;0;1;3;3;-20,00911074;-42,14328403;"SPRF-MG";"DEL06-MG";"UOP02-DEL06-MG"
661792;2025-02-16;"domingo";"17:30:00";"AL";101;247;"PORTO REAL DO COLEGIO";"Demais falhas mecânicas ou elétricas";"Incêndio";"Sem Vítimas";"Pleno dia";"Decrescente";"Céu Claro";"Dupla";"Reta";"Não";2;0;0;0;1;1;0;2;-10,19937283;-36,82059635;"SPRF-AL";"DEL02-AL";"UOP02-DEL02-AL"
661793;2025-02-16;"domingo";"17:10:00";"MG";381;336;"BELA VISTA DE MINAS";"Ausência de reação do condutor";"Tombamento";"Com Vítimas Feridas";"Pleno dia";"Decrescente";"Céu Claro";"Simples";"Declive;Reta";"Não";7;0;6;0;0;1;6;2;-19,82119502;-43,07407899;"SPRF-MG";"DEL03-MG";"UOP01-DEL03-MG"
661801;2025-02-16;"domingo";"16:10:00";"GO";364;240;"JATAI";"Condutor Dormindo";"Saída de leito carroçável";"Com Vítimas Feridas";"Pleno dia";"Decrescente";"Sol";"Simples";"Reta";"Não";2;0;1;0;0;1;1;2;-17,784187;-52,084309;"SPRF-GO";"DEL05-GO";"UOP01-DEL05-GO"
661802;2025-02-16;"domingo";"14:50:00";"PI";316;297;"PICOS";"Curva acentuada";"Tombamento";"Com Vítimas Fatais";"Pleno dia";"Crescente";"Céu Claro";"Simples";"Curva;Declive";"Não";2;1;0;0;0;2;0;3;-7,02855707;-41,5570932;"SPRF-PI";"DEL04-PI";"UOP01-DEL04-PI"
661806;2025-02-16;"domingo";"19:15:00";"RS";470;216;"BENTO GONCALVES";"Ingestão de álcool pelo condutor";"Colisão lateral mesmo sentido";"Sem Vítimas";"Pleno dia";"Decrescente";"Céu Claro";"Dupla";"Interseção de Vias;Reta";"Sim";2;0;0;0;2;0;0;2;-29,15887096;-51,53142395;"SPRF-RS";"DEL06-RS";"UOP01-DEL06-RS"
661815;2025-02-16;"domingo";"20:05:00";"MG";381;560,3;"ITAGUARA";"Ausência de reação do condutor";"Colisão traseira";"Com Vítimas Feridas";"Plena Noite";"Decrescente";"Ignorado";"Dupla";"Reta";"Não";3;0;1;0;1;2;1;4;-20,38551554;-44,48916608;"SPRF-MG";"DEL04-MG";"UOP03-DEL04-MG"
661816;2025-02-16;"domingo";"20:00:00";"PR";376;171;"MARINGA";"Condutor desrespeitou a iluminação vermelha do semáforo";"Colisão transversal";"Com Vítimas Feridas";"Plena Noite";"Crescente";"Céu Claro";"Dupla";"Aclive;Reta";"Sim";5;0;1;0;4;0;1;2;-23,41822772;-51,97500595;"SPRF-PR";"DEL09-PR";"UOP01-DEL09-PR"
661818;2025-02-16;"domingo";"14:00:00";"MG";116;89,9;"MEDINA";"Velocidade Incompatível";"Saída de leito carroçável";"Com Vítimas Feridas";"Pleno dia";"Crescente";"Sol";"Simples";"Curva";"Não";2;0;0;1;0;1;1;2;-16,342478;-41,476151;"SPRF-MG";"DEL11-MG";"UOP02-DEL11-MG"
661819;2025-02-16;"domingo";"19:30:00";"RS";116;485,8;"TURUCU";"Reação tardia ou ineficiente do condutor";"Colisão transversal";"Com Vítimas Feridas";"Anoitecer";"Decrescente";"Chuva";"Simples";"Em Obras;Reta";"Não";3;0;1;0;1;1;1;3;-31,42943686;-52,1859602;"SPRF-RS";"DEL07-RS";"UOP01-DEL07-RS"
661828;2025-02-16;"domingo";"19:41:00";"CE";116;502,7;"BREJO SANTO";"Ingestão de álcool pelo condutor";"Colisão frontal";"Com Vítimas Feridas";"Plena Noite";"Crescente";"Céu Claro";"Simples";"Reta";"Sim";3;0;1;0;2;0;1;3;-7,49535;-38,98453;"SPRF-CE";"DEL05-CE";"UOP03-DEL05-CE"
661829;2025-02-16;"domingo";"21:10:00";"RS";153;50,9;"ERECHIM";"Desrespeitar a preferência no cruzamento";"Colisão transversal";"Sem Vítimas";"Plena Noite";"Crescente";"Nublado";"Dupla";"Reta;Rotatória";"Sim";2;0;0;0;2;0;0;2;-27,65623359;-52,27554709;"SPRF-RS";"DEL08-RS";"UOP04-DEL08-RS"
661836;2025-02-16;"domingo";"20:50:00";"MG";40;506,8;"RIBEIRAO DAS NEVES";"Ausência de reação do condutor";"Saída de leito carroçável";"Com Vítimas Fatais";"Pleno dia";"Crescente";"Céu Claro";"Dupla";"Reta";"Sim";9;1;0;5;2;1;5;5;-19,74716686;-44,14731173;"SPRF-MG";"DEL02-MG";"UOP01-DEL02-MG"
661843;2025-02-16;"domingo";"14:10:00";"PR";476;300;"SAO MATEUS DO SUL";"Transitar na contramão";"Colisão frontal";"Com Vítimas Fatais";"Pleno dia";"Decrescente";"Céu Claro";"Simples";"Reta";"Não";3;1;1;0;0;1;1;3;-25,985838;-50,56636;"SPRF-PR";"DEL02-PR";"UOP03-DEL02-PR"
661856;2025-02-16;"domingo";"22:15:00";"RJ";393;151;"SAPUCAIA";"Velocidade Incompatível";"Colisão com objeto";"Com Vítimas Feridas";"Plena Noite";"Crescente";"Céu Claro";"Simples";"Curva";"Não";1;0;1;0;0;0;1;1;-22,06019504;-43,02885795;"SPRF-RJ";"DEL05-RJ";"UOP01-DEL05-RJ"
661866;2025-02-16;"domingo";"19:30:00";"GO";452;151;"BOM JESUS DE GOIAS";"Reação tardia ou ineficiente do condutor";"Saída de leito carroçável";"Com Vítimas Feridas";"Plena Noite";"Crescente";"Chuva";"Simples";"Declive;Reta";"Não";4;0;1;0;2;1;1;4;-18,30016354;-49,58722869;"SPRF-GO";"DEL03-GO";"UOP02-DEL03-GO"
661867;2025-02-16;"domingo";"19:00:00";"RO";364;970;"PORTO VELHO";"Reação tardia ou ineficiente do condutor";"Colisão transversal";"Com Vítimas Fatais";"Anoitecer";"Crescente";"Céu Claro";"Simples";"Reta";"Sim";4;1;1;0;0;2;1;4;-9,65616271;-65,72389011;"SPRF-RO";"DEL01-RO";"UOP03-DEL01-RO"
661882;2025-02-17;"segunda-feira";"01:10:00";"AL";101;14,5;"NOVO LINO";"Velocidade Incompatível";"Tombamento";"Com Vítimas Feridas";"Plena Noite";"Decrescente";"Chuva";"Dupla";"Curva;Declive";"Não";2;0;0;1;0;1;1;2;-8,98160808;-35,67369277;"SPRF-AL";"DEL01-AL";"UOP02-DEL01-AL"
661883;2025-02-17;"segunda-feira";"01:45:00";"PR";116;71;"QUATRO BARRAS";"Carga excessiva e/ou mal acondicionada";"Derramamento de carga";"Sem Vítimas";"Plena Noite";"Decrescente";"Céu Claro";"Dupla";"Curva;Declive";"Não";4;0;0;0;3;3;0;6;-25,347478;-49,044212;"SPRF-PR";"DEL01-PR";"UOP02-DEL01-PR"
661884;2025-02-17;"segunda-feira";"03:00:00";"MG";116;308,6;"ITAMBACURI";"Demais falhas mecânicas ou elétricas";"Incêndio";"Sem Vítimas";"Plena Noite";"Decrescente";"Céu Claro";"Simples";"Reta";"Não";1;0;0;0;1;0;0;1;-18,05506995;-41,66565241;"SPRF-MG";"DEL11-MG";"UOP01-DEL11-MG"
661885;2025-02-17;"segunda-feira";"02:05:00";"MT";70;588;"NOSSA SENHORA DO LIVRAMENTO";"Condutor Dormindo";"Colisão lateral sentido oposto";"Com Vítimas Feridas";"Plena Noite";"Crescente";"Ignorado";"Simples";"Reta";"Não";3;0;1;0;2;0;1;2;-15,78382692;-56,630768;"SPRF-MT";"DEL03-MT";"UOP02-DEL03-MT"
661889;2025-02-17;"segunda-feira";"05:30:00";"DF";20;21;"BRASILIA";"Chuva";"Tombamento";"Sem Vítimas";"Amanhecer";"Crescente";"Garoa/Chuvisco";"Dupla";"Curva";"Sim";1;0;0;0;1;0;0;1;-15,603384;-47,684692;"SPRF-DF";"DEL02-DF";"UOP01-DEL02-DF"
661890;2025-02-17;"segunda-feira";"04:30:00";"SC";116;141,9;"SANTA CECILIA";"Transitar na contramão";"Colisão lateral sentido oposto";"Sem Vítimas";"Plena Noite";"Crescente";"Chuva";"Simples";"Declive";"Sim";2;0;0;0;2;0;0;2;-26,97282394;-50,40309796;"SPRF-SC";"DEL06-SC";"UOP02-DEL06-SC"
661891;2025-02-17;"segunda-feira";"06:00:00";"RS";158;326;"SANTA MARIA";"Ausência de reação do condutor";"Colisão com objeto";"Sem Vítimas";"Amanhecer";"Crescente";"Garoa/Chuvisco";"Dupla";"Interseção de Vias;Viaduto";"Sim";2;0;0;0;1;1;0;2;-29,71239498;-53,80607843;"SPRF-RS";"DEL09-RS";"UOP01-DEL09-RS"
661894;2025-02-17;"segunda-feira";"02:00:00";"BA";101;237;"CONCEICAO DO ALMEIDA";"Ausência de reação do condutor";"Colisão traseira";"Com Vítimas Feridas";"Plena Noite";"Decrescente";"Céu Claro";"Simples";"Aclive";"Não";2;0;1;0;0;1;1;2;-12,78844966;-39,1898632;"SPRF-BA";"DEL01-BA";"UOP02-DEL01-BA"
661895;2025-02-17;"segunda-feira";"04:05:00";"BA";101;232,5;"SAPEACU";"Ultrapassagem Indevida";"Colisão frontal";"Com Vítimas Feridas";"Amanhecer";"Crescente";"Céu Claro";"Simples";"Aclive;Reta";"Sim";2;0;1;0;1;0;1;2;-12,73633099;-39,18434691;"SPRF-BA";"DEL01-BA";"UOP02-DEL01-BA"
661908;2025-02-17;"segunda-feira";"06:50:00";"MG";116;275;"TEOFILO OTONI";"Reação tardia ou ineficiente do condutor";"Atropelamento de Pedestre";"Com Vítimas Feridas";"Pleno dia";"Crescente";"Céu Claro";"Simples";"Reta";"Não";3;0;0;1;1;1;1;3;-17,8719863;-41,5199827;"SPRF-MG";"DEL11-MG";"UOP01-DEL11-MG"
661925;2025-02-17;"segunda-feira";"08:15:00";"RS";285;452,2;"IJUI";"Condutor deixou de manter distância do veículo da frente";"Colisão traseira";"Com Vítimas Feridas";"Pleno dia";"Crescente";"Céu Claro";"Simples";"Reta";"Não";4;0;1;0;2;1;1;4;-28,37403235;-53,85794163;"SPRF-RS";"DEL10-RS";"UOP01-DEL10-RS"
661928;2025-02-14;"sexta-feira";"03:20:00";"MT";364;464;"VARZEA GRANDE";"Acumulo de óleo sobre o pavimento";"Saída de leito carroçável";"Com Vítimas Feridas";"Amanhecer";"Crescente";"Garoa/Chuvisco";"Simples";"Curva;Ponte";"Não";1;0;1;0;0;0;1;1;-15,49417155;-56,27739364;"SPRF-MT";"DEL01-MT";"UOP02-DEL01-MT"
661931;2025-02-01;"sábado";"13:30:00";"SC";101;39;"JOINVILLE";"Demais falhas mecânicas ou elétricas";"Colisão com objeto";"Com Vítimas Feridas";"Pleno dia";"Crescente";"Chuva";"Dupla";"Curva";"Sim";4;0;1;0;2;1;1;3;-26,2628107;-48,90192257;"SPRF-SC";"DEL03-SC";"UOP01-DEL03-SC"
661935;2025-02-17;"segunda-feira";"06:50:00";"RS";290;352,9;"SAO SEPE";"Ausência de reação do condutor";"Saída de leito carroçável";"Com Vítimas Feridas";"Amanhecer";"Crescente";"Chuva";"Simples";"Em Obras;Reta;Declive";"Não";2;0;0;1;1;0;1;1;-30,372091;-53,692841;"SPRF-RS";"DEL09-RS";"UOP02-DEL09-RS"
661939;2025-02-15;"sábado";"16:00:00";"MT";70;142;"GENERAL CARNEIRO";"Ultrapassagem Indevida";"Colisão lateral mesmo sentido";"Sem Vítimas";"Pleno dia";"Decrescente";"Céu Claro";"Simples";"Reta";"Não";5;0;0;0;4;2;0;5;-15,58765841;-53,30155406;"SPRF-MT";"DEL07-MT";"UOP01-DEL07-MT"
661940;2025-02-06;"quinta-feira";"07:20:00";"SC";101;27,1;"JOINVILLE";"Desrespeitar a preferência no cruzamento";"Colisão transversal";"Com Vítimas Feridas";"Pleno dia";"Decrescente";"Céu Claro";"Dupla";"Viaduto;Rotatória";"Não";3;0;1;0;1;1;1;3;-26,20130351;-48,91331794;"SPRF-SC";"DEL03-SC";"UOP01-DEL03-SC"
661949;2025-02-17;"segunda-feira";"09:25:00";"BA";116;5;"FEIRA DE SANTANA";"Condutor deixou de manter distância do veículo da frente";"Engavetamento";"Com Vítimas Feridas";"Pleno dia";"Crescente";"Céu Claro";"Dupla";"Reta";"Sim";4;0;1;0;2;2;1;5;-12,28439132;-38,97181218;"SPRF-PE";"DEL05-PE";"UOP03-DEL05-PE"
661950;2025-02-17;"segunda-feira";"09:32:00";"MG";381;857,7;"POUSO ALEGRE";"Mal súbito do condutor";"Saída de leito carroçável";"Sem Vítimas";"Pleno dia";"Crescente";"Sol";"Dupla";"Reta";"Não";2;0;0;0;1;2;0;3;-22,3341773;-45,92156967;"SPRF-MG";"DEL16-MG";"UOP01-DEL16-MG"
661951;2025-02-17;"segunda-feira";"10:00:00";"ES";101;265;"SERRA";"Manobra de mudança de faixa";"Colisão lateral mesmo sentido";"Sem Vítimas";"Pleno dia";"Decrescente";"Céu Claro";"Múltipla";"Reta";"Sim";2;0;0;0;2;0;0;2;-20,1816849;-40,26536036;"SPRF-ES";"DEL02-ES";"UOP01-DEL02-ES"
661952;2025-02-17;"segunda-feira";"08:40:00";"RN";304;300;"MACAIBA";"Manobra de mudança de faixa";"Tombamento";"Com Vítimas Feridas";"Pleno dia";"Decrescente";"Sol";"Dupla";"Reta";"Sim";4;0;2;0;2;0;2;3;-5,8737673;-35,3150361;"SPRF-RN";"DEL01-RN";"UOP02-DEL01-RN"
661963;2025-02-17;"segunda-feira";"10:30:00";"MG";40;476,1;"SETE LAGOAS";"Ausência de reação do condutor";"Colisão traseira";"Com Vítimas Feridas";"Pleno dia";"Crescente";"Sol";"Dupla";"Declive;Reta";"Sim";2;0;2;0;0;0;2;2;-19,514403;-44,270133;"SPRF-MG";"DEL02-MG";"UOP01-DEL02-MG"
661966;2025-02-17;"segunda-feira";"09:35:00";"PR";153;15,5;"JACAREZINHO";"Velocidade Incompatível";"Tombamento";"Com Vítimas Feridas";"Pleno dia";"Crescente";"Céu Claro";"Simples";"Curva";"Não";2;0;1;0;0;1;1;2;-23,1261823;-49,9440279;"SPRF-PR";"DEL07-PR";"UOP04-DEL07-PR"
661968;2025-02-05;"quarta-feira";"12:01:00";"MG";459;86,6;"CONGONHAL";"Conversão proibida";"Colisão transversal";"Com Vítimas Fatais";"Pleno dia";"Decrescente";"Céu Claro";"Simples";"Reta";"Sim";2;1;0;0;1;0;0;2;-22,151685;-46,05262;"SPRF-MG";"DEL09-MG";"UOP01-DEL09-MG"
661974;2025-02-17;"segunda-feira";"12:05:00";"ES";101;232,7;"FUNDAO";"Transitar na contramão";"Colisão frontal";"Com Vítimas Feridas";"Pleno dia";"Crescente";"Céu Claro";"Múltipla";"Reta";"Não";4;0;2;0;2;0;2;4;-19,95224103;-40,40879816;"SPRF-ES";"DEL02-ES";"UOP01-DEL02-ES"
661975;2025-02-17;"segunda-feira";"12:15:00";"PB";230;62,2;"CRUZ DO ESPIRITO SANTO";"Reação tardia ou ineficiente do condutor";"Colisão traseira";"Sem Vítimas";"Pleno dia";"Crescente";"Céu Claro";"Dupla";"Reta";"Não";5;0;0;0;5;0;0;2;-7,202;-35,1574;"SPRF-PB";"DEL01-PB";"UOP03-DEL01-PB"
661976;2025-02-17;"segunda-feira";"09:55:00";"GO";50;314,1;"CUMARI";"Velocidade Incompatível";"Tombamento";"Com Vítimas Feridas";"Pleno dia";"Decrescente";"Sol";"Dupla";"Ponte;Declive;Curva";"Não";3;0;2;0;0;1;2;2;-18,4244;-48,0676;"SPRF-GO";"DEL06-GO";"UOP01-DEL06-GO"
661981;2025-01-18;"sábado";"14:35:00";"PB";101;90;"JOAO PESSOA";"Acesso irregular";"Colisão transversal";"Com Vítimas Fatais";"Pleno dia";"Crescente";"Céu Claro";"Dupla";"Reta";"Sim";3;1;0;1;1;0;1;2;-7,179652;-34,900417;"SPRF-PB";"DEL01-PB";"UOP02-DEL01-PB"
661992;2025-02-17;"segunda-feira";"13:45:00";"PE";423;118;"PARANATAMA";"Transitar na contramão";"Colisão frontal";"Com Vítimas Fatais";"Pleno dia";"Decrescente";"Sol";"Simples";"Reta;Aclive";"Não";3;1;0;1;0;1;1;3;-8,90888501;-36,677759;"SPRF-PE";"DEL03-PE";"UOP01-DEL03-PE"
661994;2025-02-17;"segunda-feira";"12:56:00";"MS";163;228,2;"CAARAPO";"Problema com o freio";"Incêndio";"Sem Vítimas";"Pleno dia";"Crescente";"Céu Claro";"Dupla";"Reta";"Não";2;0;0;0;1;3;0;4;-22,4753721;-54,8602259;"SPRF-MS";"DEL04-MS";"UOP02-DEL04-MS"
661998;2025-02-17;"segunda-feira";"14:10:00";"RS";392;238;"CACAPAVA DO SUL";"Ausência de reação do condutor";"Saída de leito carroçável";"Com Vítimas Feridas";"Pleno dia";"Decrescente";"Nublado";"Simples";"Reta;Aclive";"Não";2;0;1;0;0;2;1;3;-30,62048535;-53,34452907;"SPRF-RS";"DEL09-RS";"UOP02-DEL09-RS"
661999;2025-02-17;"segunda-feira";"12:00:00";"AC";364;139;"RIO BRANCO";"Manobra de mudança de faixa";"Colisão lateral mesmo sentido";"Com Vítimas Feridas";"Pleno dia";"Decrescente";"Chuva";"Dupla";"Reta";"Não";3;0;2;0;0;1;2;2;-9,95359291;-67,86119892;"SPRF-AC";"DEL01-AC";"UOP01-DEL01-AC"
662000;2025-02-17;"segunda-feira";"14:00:00";"RJ";101;576;"PARATY";"Acessar a via sem observar a presença dos outros veículos";"Colisão transversal";"Com Vítimas Feridas";"Pleno dia";"Crescente";"Céu Claro";"Simples";"Reta";"Sim";2;0;1;0;1;0;1;2;-23,22679237;-44,72881647;"SPRF-RJ";"DEL03-RJ";"UOP04-DEL03-RJ"
662002;2025-02-17;"segunda-feira";"11:40:00";"PR";376;339;"ORTIGUEIRA";"Velocidade Incompatível";"Tombamento";"Com Vítimas Feridas";"Pleno dia";"Crescente";"Céu Claro";"Simples";"Curva";"Não";2;0;1;0;0;1;1;2;-24,16423688;-50,96922472;"SPRF-PR";"DEL07-PR";"UOP02-DEL07-PR"
662008;2025-02-17;"segunda-feira";"15:10:00";"RS";285;208,5;"LAGOA VERMELHA";"Acessar a via sem observar a presença dos outros veículos";"Colisão transversal";"Com Vítimas Feridas";"Pleno dia";"Decrescente";"Nublado";"Simples";"Rotatória;Interseção de Vias";"Não";6;0;2;0;2;2;2;4;-28,224096;-51,610735;"SPRF-RS";"DEL08-RS";"UOP05-DEL08-RS"
662011;2025-02-17;"segunda-feira";"15:25:00";"ES";101;125,1;"SOORETAMA";"Condutor desrespeitou a iluminação vermelha do semáforo";"Colisão transversal";"Com Vítimas Feridas";"Pleno dia";"Decrescente";"Céu Claro";"Dupla";"Interseção de Vias";"Sim";3;0;0;1;1;1;1;3;-19,18496498;-40,09429827;"SPRF-ES";"DEL04-ES";"UOP01-DEL04-ES"
662015;2025-02-17;"segunda-feira";"09:40:00";"RJ";116;100,9;"GUAPIMIRIM";"Ultrapassagem Indevida";"Colisão frontal";"Com Vítimas Feridas";"Pleno dia";"Decrescente";"Céu Claro";"Simples";"Declive;Reta";"Não";2;0;0;1;1;0;1;2;-22,48909312;-43,00437599;"SPRF-RJ";"DEL04-RJ";"UOP01-DEL04-RJ"
662027;2025-02-17;"segunda-feira";"16:50:00";"DF";40;7,8;"BRASILIA";"Área urbana sem a presença de local apropriado para a travessia de pedestres";"Colisão transversal";"Com Vítimas Feridas";"Pleno dia";"Decrescente";"Sol";"Dupla";"Aclive;Reta;Interseção de Vias";"Sim";2;0;1;0;1;0;1;2;-16,046535;-47,980625;"SPRF-DF";"DEL01-DF";"UOP01-DEL01-DF"
662028;2025-02-17;"segunda-feira";"15:20:00";"SC";282;221,8;"LAGES";"Reação tardia ou ineficiente do condutor";"Colisão lateral sentido oposto";"Com Vítimas Feridas";"Pleno dia";"Crescente";"Chuva";"Simples";"Declive;Reta";"Não";8;0;4;0;3;3;4;7;-27,796358;-50,343426;"SPRF-SC";"DEL05-SC";"UOP01-DEL05-SC"
662029;2025-02-17;"segunda-feira";"15:45:00";"MA";135;11;"SAO LUIS";"Manobra de mudança de faixa";"Colisão lateral mesmo sentido";"Com Vítimas Feridas";"Pleno dia";"Decrescente";"Garoa/Chuvisco";"Dupla";"Reta";"Sim";3;0;2;0;1;0;2;2;-2,66470782;-44,28673431;"SPRF-MA";"DEL01-MA";"UOP01-DEL01-MA"
662030;2025-02-17;"segunda-feira";"16:35:00";"AL";101;190;"JUNQUEIRO";"Ingestão de álcool pelo condutor";"Colisão transversal";"Sem Vítimas";"Pleno dia";"Crescente";"Céu Claro";"Simples";"Interseção de Vias";"Sim";3;0;0;0;2;1;0;3;-9,92466195;-36,47137449;"SPRF-AL";"DEL02-AL";"UOP02-DEL02-AL"
662031;2025-02-17;"segunda-feira";"16:20:00";"SC";116;217,4;"CORREIA PINTO";"Acessar a via sem observar a presença dos outros veículos";"Colisão transversal";"Com Vítimas Feridas";"Pleno dia";"Decrescente";"Nublado";"Simples";"Reta";"Sim";3;0;1;0;2;0;1;2;-27,56409;-50,37538;"SPRF-SC";"DEL05-SC";"UOP03-DEL05-SC"
662035;2025-02-17;"segunda-feira";"17:40:00";"ES";262;89,7;"DOMINGOS MARTINS";"Transitar na contramão";"Colisão frontal";"Com Vítimas Fatais";"Pleno dia";"Crescente";"Céu Claro";"Simples";"Reta";"Sim";3;1;0;0;1;1;0;3;-20,38725617;-41,01746327;"SPRF-ES";"DEL01-ES";"UOP02-DEL01-ES"
662036;2025-02-17;"segunda-feira";"18:00:00";"MG";381;381;"BARAO DE COCAIS";"Ausência de reação do condutor";"Tombamento";"Com Vítimas Feridas";"Anoitecer";"Decrescente";"Céu Claro";"Simples";"Curva";"Sim";2;0;1;0;0;1;1;2;-19,79738383;-43,41740299;"SPRF-MG";"DEL01-MG";"UOP01-DEL01-MG"
662040;2025-02-17;"segunda-feira";"17:50:00";"ES";259;88,6;"BAIXO GUANDU";"Reação tardia ou ineficiente do condutor";"Colisão com objeto";"Com Vítimas Fatais";"Pleno dia";"Crescente";"Céu Claro";"Simples";"Curva";"Não";4;1;0;1;1;1;1;3;-19,51934626;-40,90862274;"SPRF-ES";"DEL02-ES";"UOP01-DEL02-ES"
662041;2025-02-17;"segunda-feira";"17:25:00";"SC";470;145;"RIO DO SUL";"Chuva";"Colisão lateral sentido oposto";"Com Vítimas Feridas";"Pleno dia";"Crescente";"Chuva";"Simples";"Reta";"Não";4;0;0;1;2;1;1;4;-27,237301;-49,682217;"SPRF-SC";"DEL04-SC";"UOP02-DEL04-SC"
662042;2025-02-08;"sábado";"08:00:00";"GO";364;278;"MINEIROS";"Falta de elemento de contenção que evite a saída do leito carroçável";"Saída de leito carroçável";"Com Vítimas Feridas";"Pleno dia";"Decrescente";"Céu Claro";"Simples";"Reta;Aclive";"Não";2;0;1;0;0;2;1;3;-17,62150325;-52,37390086;"SPRF-GO";"DEL05-GO";"UOP01-DEL05-GO"
662044;2025-02-17;"segunda-feira";"17:44:00";"PR";116;170;"QUITANDINHA";"Ultrapassagem Indevida";"Saída de leito carroçável";"Com Vítimas Feridas";"Pleno dia";"Crescente";"Garoa/Chuvisco";"Simples";"Curva;Aclive";"Não";5;0;2;0;3;0;2;5;-25,87465933;-49,48100991;"SPRF-PR";"DEL01-PR";"UOP03-DEL01-PR"
662045;2025-02-17;"segunda-feira";"15:50:00";"MG";116;518,2;"UBAPORANGA";"Manobra de mudança de faixa";"Colisão frontal";"Com Vítimas Fatais";"Pleno dia";"Crescente";"Céu Claro";"Simples";"Reta";"Não";4;1;0;0;1;2;0;4;-19,71038379;-42,12370706;"SPRF-MG";"DEL06-MG";"UOP02-DEL06-MG"
662049;2025-02-01;"sábado";"10:00:00";"MG";381;483;"BETIM";"Condutor deixou de manter distância do veículo da frente";"Engavetamento";"Com Vítimas Feridas";"Pleno dia";"Decrescente";"Céu Claro";"Dupla";"Curva;Aclive";"Sim";6;0;2;0;3;1;2;4;-19,95594491;-44,10721699;"SPRF-MG";"DEL01-MG";"UOP03-DEL01-MG"
662053;2025-02-17;"segunda-feira";"17:30:00";"SC";470;137,3;"RIO DO SUL";"Reação tardia ou ineficiente do condutor";"Colisão lateral sentido oposto";"Com Vítimas Feridas";"Pleno dia";"Decrescente";"Chuva";"Simples";"Reta;Aclive";"Sim";3;0;1;0;1;1;1;3;-27,18852308;-49,61249828;"SPRF-SC";"DEL04-SC";"UOP02-DEL04-SC"
662054;2025-02-16;"domingo";"23:00:00";"PA";222;210;"BOM JESUS DO TOCANTINS";"Reação tardia ou ineficiente do condutor";"Saída de leito carroçável";"Com Vítimas Feridas";"Plena Noite";"Decrescente";"Nublado";"Simples";"Reta;Declive";"Não";2;0;1;0;0;1;1;2;-5,162574;-48,911507;"SPRF-PA";"DEL03-PA";"UOP01-DEL03-PA"
662056;2025-02-17;"segunda-feira";"17:15:00";"MT";70;235;"POXOREO";"Reação tardia ou ineficiente do condutor";"Tombamento";"Sem Vítimas";"Pleno dia";"Crescente";"Nublado";"Simples";"Aclive";"Não";2;0;0;0;1;3;0;4;-15,63479484;-53,95467806;"SPRF-MT";"DEL05-MT";"UOP01-DEL05-MT"
662058;2025-02-17;"segunda-feira";"17:10:00";"PR";153;316;"IMBITUVA";"Ausência de reação do condutor";"Colisão lateral sentido oposto";"Com Vítimas Feridas";"Pleno dia";"Decrescente";"Céu Claro";"Simples";"Reta";"Não";3;0;1;0;1;2;1;4;-25,33983496;-50,6357076;"SPRF-PR";"DEL08-PR";"UOP02-DEL08-PR"
662070;2025-02-17;"segunda-feira";"20:45:00";"MG";381;447;"SANTA LUZIA";"Velocidade Incompatível";"Colisão lateral sentido oposto";"Com Vítimas Feridas";"Plena Noite";"Decrescente";"Céu Claro";"Simples";"Curva;Declive";"Não";8;0;6;0;1;2;6;4;-19,82312;-43,814164;"SPRF-MG";"DEL01-MG";"UOP01-DEL01-MG"
662071;2025-02-17;"segunda-feira";"15:00:00";"MG";262;385;"MATEUS LEME";"Ausência de reação do condutor";"Saída de leito carroçável";"Com Vítimas Feridas";"Pleno dia";"Crescente";"Céu Claro";"Dupla";"Curva";"Não";2;0;1;0;0;1;1;2;-19,93325094;-44,42077402;"SPRF-MG";"DEL01-MG";"UOP03-DEL01-MG"
662073;2025-02-17;"segunda-feira";"16:50:00";"PR";163;160;"LINDOESTE";"Velocidade Incompatível";"Saída de leito carroçável";"Com Vítimas Feridas";"Pleno dia";"Crescente";"Céu Claro";"Dupla";"Aclive;Curva";"Não";2;0;0;1;0;1;1;2;-25,33308243;-53,58516801;"SPRF-PR";"DEL05-PR";"UOP05-DEL05-PR"
662076;2025-02-17;"segunda-feira";"16:00:00";"MT";163;619;"NOVA MUTUM";"Reação tardia ou ineficiente do condutor";"Saída de leito carroçável";"Com Vítimas Feridas";"Anoitecer";"Decrescente";"Céu Claro";"Simples";"Reta";"Não";2;0;1;0;0;2;1;3;-13,634026;-56,034512;"SPRF-MT";"DEL01-MT";"UOP01-DEL01-MT"
662080;2025-02-17;"segunda-feira";"22:10:00";"RJ";116;131;"MAGE";"Deficiência do Sistema de Iluminação/Sinalização";"Colisão frontal";"Com Vítimas Feridas";"Plena Noite";"Crescente";"Céu Claro";"Simples";"Curva;Viaduto";"Não";2;0;1;0;1;0;1;2;-22,65608024;-43,12511494;"SPRF-RJ";"DEL04-RJ";"UOP02-DEL04-RJ"