"id";"data_inversa";"dia_semana";"horario";"uf";"br";"km";"municipio";"causa_acidente";"tipo_acidente";"classificacao_acidente";"fase_dia";"sentido_via";"condicao_metereologica";"tipo_pista";"tracado_via";"uso_solo";"pessoas";"mortos";"feridos_leves";"feridos_graves";"ilesos";"ignorados";"feridos";"veiculos";"latitude";"longitude";"regional";"delegacia";"uop"
662083;2025-02-06;"quinta-feira";"12:10:00";"AL";423;78,2;"AGUA BRANCA";"Pista Escorregadia";"Saída de leito carroçável";"Com Vítimas Feridas";"Pleno dia";"Decrescente";"Nublado";"Simples";"Reta";"Não";4;0;3;1;0;0;4;1;-9,32481684;-37,96857706;"SPRF-AL";"DEL03-AL";"UOP02-DEL03-AL"
662084;2025-02-17;"segunda-feira";"22:50:00";"MG";40;611;"CONGONHAS";"Reação tardia ou ineficiente do condutor";"Colisão com objeto";"Com Vítimas Feridas";"Plena Noite";"Decrescente";"Céu Claro";"Dupla";"Curva";"Não";1;0;1;0;0;0;1;1;-20,51043545;-43,84039195;"SPRF-MG";"DEL05-MG";"UOP02-DEL05-MG"
662085;2025-02-17;"segunda-feira";"22:35:00";"PE";104;78,9;"AGRESTINA";"Transitar na contramão";"Colisão lateral sentido oposto";"Sem Vítimas";"Plena Noite";"Crescente";"Céu Claro";"Simples";"Curva;Declive";"Não";3;0;0;0;1;2;0;3;-8,384866;-35,982338;"SPRF-PE";"DEL02-PE";"UOP01-DEL02-PE"
662091;2025-02-17;"segunda-feira";"16:30:00";"SC";282;117,9;"ALFREDO WAGNER";"Velocidade Incompatível";"Colisão frontal";"Com Vítimas Fatais";"Pleno dia";"Crescente";"Chuva";"Simples";"Curva";"Não";4;1;0;1;1;2;1;4;-27,7770576;-49,4115229;"SPRF-SC";"DEL01-SC";"UOP03-DEL01-SC"
662092;2025-02-18;"terça-feira";"01:32:00";"SP";116;93,1;"PINDAMONHANGABA";"Suicídio (presumido)";"Atropelamento de Pedestre";"Com Vítimas Fatais";"Plena Noite";"Crescente";"Céu Claro";"Dupla";"Reta";"Não";3;1;0;0;1;1;0;3;-22,95653207;-45,41300297;"SPRF-SP";"DEL08-SP";"UOP01-DEL08-SP"
662095;2025-02-18;"terça-feira";"04:00:00";"PR";116;18,9;"ANTONINA";"Ausência de reação do condutor";"Colisão traseira";"Com Vítimas Feridas";"Plena Noite";"Crescente";"Céu Claro";"Dupla";"Aclive;Reta";"Não";2;0;1;0;1;0;1;2;-25,10263528;-48,72115731;"SPRF-PR";"DEL01-PR";"UOP02-DEL01-PR"
662098;2025-02-18;"terça-feira";"04:30:00";"MG";364;3,5;"PLANURA";"Condutor deixou de manter distância do veículo da frente";"Colisão traseira";"Com Vítimas Feridas";"Plena Noite";"Decrescente";"Chuva";"Simples";"Reta";"Sim";3;0;1;0;1;1;1;3;-20,13824;-48,702347;"SPRF-MG";"DEL13-MG";"UOP02-DEL13-MG"
662099;2025-02-18;"terça-feira";"05:15:00";"CE";116;453,7;"BARRO";"Pista esburacada";"Saída de leito carroçável";"Com Vítimas Feridas";"Pleno dia";"Crescente";"Céu Claro";"Simples";"Reta";"Não";2;0;1;0;0;1;1;2;-7,15137597;-38,7786803;"SPRF-CE";"DEL05-CE";"UOP03-DEL05-CE"
662100;2025-02-18;"terça-feira";"03:50:00";"MG";153;8,2;"ARAPORA";"Demais falhas mecânicas ou elétricas";"Incêndio";"Sem Vítimas";"Plena Noite";"Decrescente";"Céu Claro";"Dupla";"Reta";"Não";1;0;0;0;1;0;0;1;-18,489597165;-49,1886321455;"SPRF-MG";"DEL15-MG";"UOP03-DEL15-MG"
662105;2025-02-18;"terça-feira";"05:35:00";"BA";101;31,7;"ESPLANADA";"Ausência de reação do condutor";"Tombamento";"Com Vítimas Feridas";"Amanhecer";"Decrescente";"Céu Claro";"Dupla";"Curva;Aclive";"Não";1;0;1;0;0;0;1;1;-11,79445617;-37,9546697;"SPRF-SE";"DEL02-SE";"UOP03-DEL02-SE"
662107;2025-02-18;"terça-feira";"06:40:00";"RS";386;426,8;"MONTENEGRO";"Ausência de reação do condutor";"Colisão com objeto";"Com Vítimas Feridas";"Pleno dia";"Decrescente";"Nublado";"Dupla";"Curva;Declive";"Não";1;0;1;0;0;0;1;1;-29,819479;-51,36208;"SPRF-RS";"DEL04-RS";"UOP02-DEL04-RS"
662110;2025-02-18;"terça-feira";"00:30:00";"SC";470;49;"BLUMENAU";"Acessar a via sem observar a presença dos outros veículos";"Colisão lateral mesmo sentido";"Com Vítimas Feridas";"Plena Noite";"Crescente";"Céu Claro";"Dupla";"Viaduto;Curva";"Sim";4;0;1;0;2;1;1;3;-26,86113669;-49,07146454;"SPRF-SC";"DEL04-SC";"UOP01-DEL04-SC"
662111;2025-02-18;"terça-feira";"06:30:00";"ES";101;150,5;"LINHARES";"Condutor deixou de manter distância do veículo da frente";"Colisão traseira";"Com Vítimas Feridas";"Pleno dia";"Crescente";"Céu Claro";"Simples";"Curva;Declive;Interseção de Vias";"Sim";2;0;1;0;0;1;1;2;-19,40436634;-40,06078896;"SPRF-ES";"DEL04-ES";"UOP01-DEL04-ES"
662115;2025-02-18;"terça-feira";"05:05:00";"PR";277;722;"FOZ DO IGUACU";"Condutor deixou de manter distância do veículo da frente";"Colisão lateral mesmo sentido";"Com Vítimas Feridas";"Plena Noite";"Decrescente";"Chuva";"Dupla";"Reta";"Sim";3;0;1;0;1;1;1;3;-25,49048205;-54,51086426;"SPRF-PR";"DEL05-PR";"UOP03-DEL05-PR"
662116;2025-02-18;"terça-feira";"07:10:00";"PR";116;125;"FAZENDA RIO GRANDE";"Reação tardia ou ineficiente do condutor";"Colisão com objeto";"Com Vítimas Feridas";"Pleno dia";"Decrescente";"Nublado";"Dupla";"Reta;Interseção de Vias";"Sim";3;0;1;0;2;0;1;3;-25,6374701;-49,3131113;"SPRF-PR";"DEL01-PR";"UOP03-DEL01-PR"
662120;2025-02-18;"terça-feira";"06:30:00";"DF";20;40;"BRASILIA";"Ausência de reação do condutor";"Tombamento";"Sem Vítimas";"Pleno dia";"Crescente";"Céu Claro";"Dupla";"Aclive;Reta";"Não";1;0;0;0;1;0;0;1;-15,581853;-47,512711;"SPRF-DF";"DEL02-DF";"UOP01-DEL02-DF"
662122;2025-02-18;"terça-feira";"07:13:00";"ES";101;264;"SERRA";"Trafegar com motocicleta (ou similar) entre as faixas";"Engavetamento";"Com Vítimas Feridas";"Pleno dia";"Crescente";"Céu Claro";"Dupla";"Reta";"Sim";4;0;2;0;2;0;2;4;-20,17292791;-40,26736384;"SPRF-ES";"DEL02-ES";"UOP01-DEL02-ES"
662130;2025-02-17;"segunda-feira";"14:00:00";"RJ";40;118;"DUQUE DE CAXIAS";"Demais falhas mecânicas ou elétricas";"Incêndio";"Sem Vítimas";"Pleno dia";"Decrescente";"Céu Claro";"Múltipla";"Reta";"Sim";1;0;0;0;1;0;0;1;-22,75470802;-43,28737838;"SPRF-RJ";"DEL01-RJ";"UOP02-DEL01-RJ"
662134;2025-02-18;"terça-feira";"07:20:00";"PE";101;71,9;"RECIFE";"Trafegar com motocicleta (ou similar) entre as faixas";"Colisão lateral mesmo sentido";"Com Vítimas Feridas";"Pleno dia";"Decrescente";"Sol";"Dupla";"Reta";"Sim";2;0;1;0;1;0;1;2;-8,07663102;-34,94277871;"SPRF-PE";"DEL01-PE";"UOP01-DEL01-PE"
662138;2025-01-18;"sábado";"23:55:00";"SC";116;237,4;"CORREIA PINTO";"Ingestão de álcool pelo condutor";"Colisão traseira";"Com Vítimas Feridas";"Plena Noite";"Decrescente";"Nublado";"Simples";"Reta";"Não";5;0;1;0;2;2;1;4;-27,73034899;-50,3359778;"SPRF-SC";"DEL05-SC";"UOP01-DEL05-SC"
662139;2025-02-18;"terça-feira";"09:40:00";"SC";101;202;"SAO JOSE";"Condutor deixou de manter distância do veículo da frente";"Colisão traseira";"Com Vítimas Feridas";"Pleno dia";"Crescente";"Nublado";"Múltipla";"Reta";"Sim";2;0;1;0;1;0;1;2;-27,55711595;-48,61897889;"SPRF-SC";"DEL01-SC";"UOP01-DEL01-SC"
662143;2025-02-18;"terça-feira";"08:50:00";"PB";230;56,7;"CRUZ DO ESPIRITO SANTO";"Manobra de mudança de faixa";"Colisão lateral mesmo sentido";"Com Vítimas Feridas";"Pleno dia";"Crescente";"Céu Claro";"Dupla";"Reta";"Não";2;0;1;0;0;1;1;2;-7,2021;-35,1038;"SPRF-PB";"DEL01-PB";"UOP03-DEL01-PB"
662145;2025-02-16;"domingo";"23:50:00";"RJ";101;305;"SAO GONCALO";"Demais falhas mecânicas ou elétricas";"Colisão traseira";"Sem Vítimas";"Plena Noite";"Crescente";"Céu Claro";"Dupla";"Reta";"Sim";3;0;0;0;3;0;0;2;-22,78702832;-42,99589293;"SPRF-RJ";"DEL02-RJ";"UOP02-DEL02-RJ"
662147;2025-02-18;"terça-feira";"07:45:00";"MG";40;668;"CARANDAI";"Acessar a via sem observar a presença dos outros veículos";"Atropelamento de Pedestre";"Com Vítimas Feridas";"Pleno dia";"Crescente";"Céu Claro";"Simples";"Reta";"Não";3;0;1;0;1;1;1;3;-20,95232841;-43,79297337;"SPRF-MG";"DEL05-MG";"UOP02-DEL05-MG"
662149;2025-02-18;"terça-feira";"10:30:00";"PE";101;44;"IGARASSU";"Manobra de mudança de faixa";"Colisão lateral mesmo sentido";"Sem Vítimas";"Pleno dia";"Crescente";"Céu Claro";"Múltipla";"Reta";"Sim";2;0;0;0;2;0;0;2;-7,85637001;-34,90842109;"SPRF-PE";"DEL01-PE";"UOP02-DEL01-PE"
662152;2025-02-18;"terça-feira";"08:15:00";"MT";163;1049;"MATUPA";"Ultrapassagem Indevida";"Colisão transversal";"Sem Vítimas";"Pleno dia";"Crescente";"Céu Claro";"Simples";"Reta";"Não";3;0;0;0;2;1;0;3;-10,091035;-54,917637;"SPRF-MT";"DEL06-MT";"UOP03-DEL06-MT"
662157;2025-02-18;"terça-feira";"09:30:00";"PE";104;68,1;"CARUARU";"Reação tardia ou ineficiente do condutor";"Colisão traseira";"Sem Vítimas";"Pleno dia";"Decrescente";"Nublado";"Dupla";"Retorno Regulamentado";"Sim";4;0;0;0;4;0;0;4;-8,3107;-35,9904;"SPRF-PE";"DEL02-PE";"UOP01-DEL02-PE"
662159;2025-02-18;"terça-feira";"04:20:00";"SC";282;614;"MARAVILHA";"Demais Fenômenos da natureza";"Colisão traseira";"Sem Vítimas";"Plena Noite";"Decrescente";"Chuva";"Simples";"Curva";"Não";2;0;0;0;2;0;0;2;-26,76932;-53,264568;"SPRF-SC";"DEL07-SC";"UOP02-DEL07-SC"
662160;2025-02-18;"terça-feira";"11:00:00";"RS";116;566,3;"PEDRO OSORIO";"Reação tardia ou ineficiente do condutor";"Saída de leito carroçável";"Com Vítimas Fatais";"Pleno dia";"Crescente";"Sol";"Simples";"Curva";"Não";3;1;1;0;0;1;1;2;-31,93454899;-52,74641801;"SPRF-RS";"DEL07-RS";"UOP03-DEL07-RS"
662162;2025-02-18;"terça-feira";"10:50:00";"PR";277;350,4;"GUARAPUAVA";"Suicídio (presumido)";"Colisão traseira";"Com Vítimas Fatais";"Pleno dia";"Crescente";"Chuva";"Simples";"Aclive;Reta";"Sim";3;1;0;0;1;3;0;5;-25,39568354;-51,53191827;"SPRF-PR";"DEL08-PR";"UOP01-DEL08-PR"
662166;2025-02-18;"terça-feira";"12:20:00";"MG";381;453;"SABARA";"Acessar a via sem observar a presença dos outros veículos";"Colisão lateral mesmo sentido";"Com Vítimas Feridas";"Pleno dia";"Decrescente";"Sol";"Simples";"Curva";"Sim";3;0;0;1;1;1;1;3;-19,84153255;-43,86207819;"SPRF-MG";"DEL01-MG";"UOP01-DEL01-MG"
662168;2025-02-18;"terça-feira";"11:30:00";"MS";163;452;"CAMPO GRANDE";"Demais falhas mecânicas ou elétricas";"Incêndio";"Sem Vítimas";"Pleno dia";"Crescente";"Nublado";"Dupla";"Aclive;Reta";"Não";1;0;0;0;1;0;0;1;-20,70734807;-54,54695418;"SPRF-MS";"DEL01-MS";"UOP01-DEL01-MS"
662170;2025-02-18;"terça-feira";"12:50:00";"ES";101;382;"RIO NOVO DO SUL";"Acessar a via sem observar a presença dos outros veículos";"Colisão transversal";"Com Vítimas Feridas";"Pleno dia";"Decrescente";"Céu Claro";"Simples";"Reta";"Não";3;0;0;1;1;1;1;3;-20,82072713;-40,84702482;"SPRF-ES";"DEL03-ES";"UOP01-DEL03-ES"
662173;2025-02-18;"terça-feira";"13:00:00";"SC";470;85,6;"RODEIO";"Transitar na contramão";"Colisão frontal";"Com Vítimas Fatais";"Pleno dia";"Crescente";"Céu Claro";"Simples";"Reta";"Não";3;1;0;0;1;1;0;3;-26,9516096;-49,3544902;"SPRF-SC";"DEL04-SC";"UOP01-DEL04-SC"
662175;2025-02-18;"terça-feira";"08:30:00";"RJ";393;180;"PARAIBA DO SUL";"Demais falhas mecânicas ou elétricas";"Colisão transversal";"Com Vítimas Feridas";"Pleno dia";"Decrescente";"Céu Claro";"Simples";"Curva";"Não";33;0;32;1;0;0;33;3;-22,13776891;-43,26535642;"SPRF-RJ";"DEL05-RJ";"UOP03-DEL05-RJ"
662179;2025-02-18;"terça-feira";"12:10:00";"MT";163;871;"SINOP";"Ausência de reação do condutor";"Engavetamento";"Com Vítimas Fatais";"Pleno dia";"Crescente";"Céu Claro";"Simples";"Aclive;Reta";"Não";5;1;0;0;3;4;0;7;-11,552788;-55,400653;"SPRF-MT";"DEL06-MT";"UOP02-DEL06-MT"
662190;2025-02-18;"terça-feira";"12:35:00";"MT";174;250;"JAURU";"Problema na suspensão";"Tombamento";"Com Vítimas Feridas";"Pleno dia";"Crescente";"Céu Claro";"Simples";"Reta";"Não";2;0;2;0;0;0;2;1;-15,48569018;-59,06631404;"SPRF-MT";"DEL04-MT";"UOP01-DEL04-MT"
662192;2025-02-18;"terça-feira";"09:00:00";"PI";316;312;"PICOS";"Demais falhas mecânicas ou elétricas";"Eventos atípicos";"Com Vítimas Feridas";"Pleno dia";"Crescente";"Céu Claro";"Dupla";"Reta";"Sim";3;0;1;0;1;1;1;2;-7,08092534;-41,4582602;"SPRF-PI";"DEL04-PI";"UOP01-DEL04-PI"
662194;2025-02-18;"terça-feira";"13:20:00";"MA";135;7;"SAO LUIS";"Pista Escorregadia";"Tombamento";"Com Vítimas Feridas";"Pleno dia";"Decrescente";"Nublado";"Dupla";"Rotatória";"Sim";3;0;1;0;1;1;1;3;-2,63608835;-44,26848552;"SPRF-MA";"DEL01-MA";"UOP01-DEL01-MA"
662195;2025-02-18;"terça-feira";"10:00:00";"RO";364;1;"JI-PARANA";"Reação tardia ou ineficiente do condutor";"Tombamento";"Sem Vítimas";"Pleno dia";"Crescente";"Sol";"Simples";"Curva;Aclive;Viaduto";"Não";3;0;0;0;2;2;0;3;-10,92068833;-61,93040371;"SPRF-RO";"DEL02-RO";"UOP01-DEL02-RO"
662198;2025-02-18;"terça-feira";"13:30:00";"PB";230;158,9;"CAMPINA GRANDE";"Reação tardia ou ineficiente do condutor";"Tombamento";"Com Vítimas Feridas";"Pleno dia";"Decrescente";"Céu Claro";"Simples";"Reta";"Não";2;0;1;0;0;1;1;2;-7,2582;-35,9267;"SPRF-PB";"DEL02-PB";"UOP01-DEL02-PB"
662200;2025-02-18;"terça-feira";"15:02:00";"PR";369;425,1;"UBIRATA";"Reação tardia ou ineficiente do condutor";"Colisão traseira";"Sem Vítimas";"Pleno dia";"Decrescente";"Nublado";"Simples";"Em Obras;Reta";"Não";4;0;0;0;4;0;0;3;-24,52421;-52,94111;"SPRF-PR";"DEL04-PR";"UOP03-DEL04-PR"
662201;2025-02-18;"terça-feira";"14:45:00";"PA";155;324;"MARABA";"Demais falhas mecânicas ou elétricas";"Saída de leito carroçável";"Com Vítimas Feridas";"Pleno dia";"Crescente";"Céu Claro";"Simples";"Aclive;Reta";"Não";3;0;2;0;0;1;2;2;-5,53989402;-49,07533638;"SPRF-PA";"DEL03-PA";"UOP01-DEL03-PA"
662202;2025-02-18;"terça-feira";"15:45:00";"PR";116;152;"MANDIRITUBA";"Acessar a via sem observar a presença dos outros veículos";"Colisão transversal";"Com Vítimas Feridas";"Pleno dia";"Crescente";"Nublado";"Simples";"Reta";"Sim";3;0;1;0;1;1;1;3;-25,83236296;-49,33609707;"SPRF-PR";"DEL01-PR";"UOP03-DEL01-PR"
662204;2025-01-29;"quarta-feira";"14:50:00";"SP";116;98;"PINDAMONHANGABA";"Ausência de reação do condutor";"Engavetamento";"Com Vítimas Feridas";"Pleno dia";"Decrescente";"Garoa/Chuvisco";"Dupla";"Reta";"Sim";9;0;4;0;4;1;4;7;-22,97805164;-45,45583318;"SPRF-SP";"DEL08-SP";"UOP01-DEL08-SP"
662208;2025-02-18;"terça-feira";"15:00:00";"PE";104;79;"CARUARU";"Transitar na contramão";"Colisão frontal";"Com Vítimas Feridas";"Pleno dia";"Crescente";"Céu Claro";"Simples";"Curva";"Não";5;0;1;0;4;0;1;4;-8,38591529;-35,98104;"SPRF-PE";"DEL02-PE";"UOP01-DEL02-PE"
662214;2025-02-18;"terça-feira";"16:15:00";"RJ";101;477;"ANGRA DOS REIS";"Problema com o freio";"Colisão traseira";"Com Vítimas Feridas";"Pleno dia";"Crescente";"Nublado";"Simples";"Ponte";"Sim";3;0;1;0;2;0;1;3;-22,99820396;-44,26554599;"SPRF-RJ";"DEL03-RJ";"UOP03-DEL03-RJ"
662216;2025-02-18;"terça-feira";"13:15:00";"RO";435;77,8;"COLORADO DO OESTE";"Demais falhas mecânicas ou elétricas";"Colisão com objeto";"Sem Vítimas";"Pleno dia";"Decrescente";"Chuva";"Simples";"Rotatória;Reta";"Não";1;0;0;0;1;0;0;1;-13,10900126;-60,46158606;"SPRF-RO";"DEL04-RO";"UOP02-DEL04-RO"
662225;2025-02-18;"terça-feira";"17:50:00";"DF";20;22;"BRASILIA";"Acessar a via sem observar a presença dos outros veículos";"Colisão traseira";"Com Vítimas Feridas";"Pleno dia";"Crescente";"Céu Claro";"Dupla";"Reta";"Sim";3;0;2;0;1;0;2;2;-15,59834;-47,676186;"SPRF-DF";"DEL02-DF";"UOP01-DEL02-DF"
662228;2025-02-18;"terça-feira";"15:30:00";"SC";101;44,8;"JOINVILLE";"Reação tardia ou ineficiente do condutor";"Colisão frontal";"Com Vítimas Feridas";"Pleno dia";"Decrescente";"Chuva";"Dupla";"Reta";"Sim";4;0;2;0;1;1;2;3;-26,31238996;-48,87458997;"SPRF-SC";"DEL03-SC";"UOP01-DEL03-SC"
662235;2025-02-18;"terça-feira";"15:40:00";"SC";116;105;"MONTE CASTELO";"Ultrapassagem Indevida";"Colisão frontal";"Com Vítimas Feridas";"Pleno dia";"Crescente";"Chuva";"Simples";"Curva";"Não";4;0;1;0;2;1;1;4;-26,75095005;-50,31749478;"SPRF-SC";"DEL06-SC";"UOP02-DEL06-SC"
662236;2025-02-18;"terça-feira";"19:00:00";"MG";381;521,5;"BRUMADINHO";"Demais falhas mecânicas ou elétricas";"Colisão traseira";"Com Vítimas Feridas";"Plena Noite";"Decrescente";"Céu Claro";"Dupla";"Curva";"Não";4;0;1;0;2;1;1;3;-20,13846621;-44,31715274;"SPRF-MG";"DEL04-MG";"UOP03-DEL04-MG"
662238;2025-02-18;"terça-feira";"17:50:00";"BA";116;603;"IRAJUBA";"Falta de acostamento";"Saída de leito carroçável";"Sem Vítimas";"Anoitecer";"Decrescente";"Céu Claro";"Simples";"Aclive;Reta";"Não";2;0;0;0;1;1;0;2;-13,22540422;-40,01948918;"SPRF-BA";"DEL03-BA";"UOP02-DEL03-BA"
662240;2025-02-18;"terça-feira";"19:30:00";"CE";116;17;"ITAITINGA";"Condutor deixou de manter distância do veículo da frente";"Colisão traseira";"Sem Vítimas";"Plena Noite";"Crescente";"Céu Claro";"Dupla";"Curva";"Sim";3;0;0;0;2;1;0;3;-3,89617918;-38,50336042;"SPRF-CE";"DEL01-CE";"UOP02-DEL01-CE"
662241;2025-02-18;"terça-feira";"17:20:00";"PA";230;1123;"ITAITUBA";"Reação tardia ou ineficiente do condutor";"Tombamento";"Com Vítimas Feridas";"Pleno dia";"Crescente";"Sol";"Simples";"Reta";"Não";3;0;1;0;1;2;1;3;-4,38069175;-55,86300009;"SPRF-PA";"DEL05-PA";"UOP02-DEL05-PA"
662246;2025-02-18;"terça-feira";"19:45:00";"GO";60;396;"RIO VERDE";"Reação tardia ou ineficiente do condutor";"Colisão traseira";"Com Vítimas Feridas";"Plena Noite";"Decrescente";"Céu Claro";"Dupla";"Reta;Aclive";"Não";2;0;1;0;1;0;1;2;-17,8244;-51,0172;"SPRF-GO";"DEL04-GO";"UOP02-DEL04-GO"
662250;2025-02-18;"terça-feira";"20:00:00";"MG";381;863;"POUSO ALEGRE";"Avarias e/ou desgaste excessivo no pneu";"Saída de leito carroçável";"Com Vítimas Feridas";"Plena Noite";"Decrescente";"Céu Claro";"Dupla";"Reta";"Não";2;0;0;1;0;1;1;2;-22,3364438;-45,92302431;"SPRF-MG";"DEL16-MG";"UOP01-DEL16-MG"
662253;2025-02-18;"terça-feira";"20:00:00";"PR";476;162;"ARAUCARIA";"Manobra de mudança de faixa";"Colisão traseira";"Com Vítimas Feridas";"Plena Noite";"Decrescente";"Nublado";"Simples";"Reta";"Não";3;0;2;0;1;0;2;2;-25,631102;-49,45784;"SPRF-PR";"DEL01-PR";"UOP06-DEL01-PR"
662258;2025-02-18;"terça-feira";"21:30:00";"MG";116;665,4;"SAO FRANCISCO DO GLORIA";"Curva acentuada";"Tombamento";"Com Vítimas Fatais";"Plena Noite";"Crescente";"Céu Claro";"Simples";"Curva";"Não";2;1;0;0;0;1;0;2;-20,83441437;-42,32220238;"SPRF-MG";"DEL07-MG";"UOP02-DEL07-MG"
662260;2025-02-18;"terça-feira";"20:00:00";"PR";277;560,1;"CASCAVEL";"Ingestão de álcool pelo condutor";"Colisão frontal";"Com Vítimas Feridas";"Plena Noite";"Crescente";"Céu Claro";"Simples";"Curva;Interseção de Vias";"Sim";3;0;0;1;1;1;1;3;-25,06663015;-53,2151556;"SPRF-PR";"DEL04-PR";"UOP04-DEL04-PR"
662264;2025-02-18;"terça-feira";"22:00:00";"SC";470;54,5;"BLUMENAU";"Acessar a via sem observar a presença dos outros veículos";"Colisão transversal";"Sem Vítimas";"Plena Noite";"Crescente";"Garoa/Chuvisco";"Simples";"Interseção de Vias";"Sim";3;0;0;0;2;2;0;4;-26,87320293;-49,11417796;"SPRF-SC";"DEL04-SC";"UOP01-DEL04-SC"
662271;2025-02-18;"terça-feira";"23:30:00";"PE";101;13;"GOIANA";"Condutor Dormindo";"Saída de leito carroçável";"Sem Vítimas";"Plena Noite";"Crescente";"Céu Claro";"Dupla";"Reta";"Não";1;0;0;0;0;1;0;1;-7,612278;-34,974349;"SPRF-PE";"DEL01-PE";"UOP02-DEL01-PE"
662273;2025-02-18;"terça-feira";"20:00:00";"PA";230;584;"VITORIA DO XINGU";"Reação tardia ou ineficiente do condutor";"Colisão lateral sentido oposto";"Com Vítimas Feridas";"Plena Noite";"Crescente";"Garoa/Chuvisco";"Simples";"Curva;Declive";"Não";4;0;3;0;1;0;3;2;-3,12379;-51,791653;"SPRF-PA";"DEL04-PA";"UOP01-DEL04-PA"
662277;2025-02-19;"quarta-feira";"00:30:00";"PR";116;115;"CURITIBA";"Ausência de reação do condutor";"Colisão traseira";"Com Vítimas Feridas";"Plena Noite";"Crescente";"Céu Claro";"Múltipla";"Reta";"Sim";2;0;0;1;1;0;1;2;-25,54925618;-49,30458069;"SPRF-PR";"DEL01-PR";"UOP03-DEL01-PR"
662287;2025-02-19;"quarta-feira";"04:40:00";"SP";116;325;"JUQUITIBA";"Demais falhas mecânicas ou elétricas";"Incêndio";"Sem Vítimas";"Amanhecer";"Crescente";"Céu Claro";"Dupla";"Reta";"Sim";2;0;0;0;2;0;0;1;-23,94085262;-47,05337099;"SPRF-SP";"DEL04-SP";"UOP03-DEL04-SP"
662289;2025-02-19;"quarta-feira";"06:25:00";"SC";101;218;"PALHOCA";"Trafegar com motocicleta (ou similar) entre as faixas";"Colisão traseira";"Com Vítimas Feridas";"Amanhecer";"Decrescente";"Céu Claro";"Dupla";"Reta";"Não";2;0;1;0;1;0;1;2;-27,6758601;-48,67052525;"SPRF-SC";"DEL01-SC";"UOP02-DEL01-SC"
662290;2025-02-19;"quarta-feira";"00:35:00";"RR";174;230;"RORAINOPOLIS";"Transitar na contramão";"Colisão lateral sentido oposto";"Com Vítimas Feridas";"Plena Noite";"Decrescente";"Nublado";"Simples";"Reta";"Não";4;0;0;2;1;2;2;4;1,094062;-60,38805;"SPRF-RR";"DEL01-RR";"UOP01-DEL01-RR"
662300;2025-02-19;"quarta-feira";"06:45:00";"MG";381;370;"SAO GONCALO DO RIO ABAIXO";"Demais falhas mecânicas ou elétricas";"Incêndio";"Sem Vítimas";"Pleno dia";"Decrescente";"Céu Claro";"Simples";"Reta";"Não";2;0;0;0;1;1;0;2;-19,85037766;-43,30242668;"SPRF-MG";"DEL01-MG";"UOP01-DEL01-MG"
662303;2025-02-19;"quarta-feira";"05:30:00";"MT";364;365;"SANTO ANTONIO DO LEVERGER";"Condutor Dormindo";"Saída de leito carroçável";"Com Vítimas Feridas";"Pleno dia";"Crescente";"Céu Claro";"Dupla";"Reta";"Não";1;0;1;0;0;0;1;1;-15,73039588;-55,66817093;"SPRF-MT";"DEL01-MT";"UOP02-DEL01-MT"
662304;2025-02-19;"quarta-feira";"06:15:00";"SP";116;228;"SAO PAULO";"Ultrapassagem Indevida";"Colisão lateral mesmo sentido";"Com Vítimas Feridas";"Pleno dia";"Crescente";"Sol";"Múltipla";"Em Obras;Reta";"Não";2;0;1;0;1;0;1;2;-23,50343484;-46,56638712;"SPRF-SP";"DEL01-SP";"UOP01-DEL01-SP"
662307;2025-02-19;"quarta-feira";"02:30:00";"RJ";493;84;"JAPERI";"Ausência de reação do condutor";"Saída de leito carroçável";"Com Vítimas Feridas";"Plena Noite";"Decrescente";"Céu Claro";"Dupla";"Curva;Viaduto";"Não";1;0;0;1;0;0;1;1;-22,6559459;-43,61201048;"SPRF-RJ";"DEL01-RJ";"UOP03-DEL01-RJ"
662311;2025-02-19;"quarta-feira";"07:50:00";"RS";158;316;"ITAARA";"Velocidade Incompatível";"Tombamento";"Com Vítimas Feridas";"Pleno dia";"Crescente";"Sol";"Simples";"Curva;Declive";"Não";2;0;1;0;0;2;1;3;-29,65231057;-53,76503707;"SPRF-RS";"DEL09-RS";"UOP01-DEL09-RS"
662312;2025-02-19;"quarta-feira";"07:50:00";"SC";101;169;"TIJUCAS";"Entrada inopinada do pedestre";"Atropelamento de Pedestre";"Com Vítimas Feridas";"Pleno dia";"Decrescente";"Nublado";"Dupla";"Reta";"Não";2;0;0;1;1;0;1;2;-27,28790602;-48,63095745;"SPRF-SC";"DEL04-SC";"UOP03-DEL04-SC"
662314;2025-02-19;"quarta-feira";"08:30:00";"MG";365;626;"UBERLANDIA";"Demais falhas na via";"Colisão lateral mesmo sentido";"Com Vítimas Feridas";"Pleno dia";"Crescente";"Céu Claro";"Dupla";"Ponte";"Sim";3;0;2;0;1;0;2;2;-18,90659356;-48,33469405;"SPRF-MG";"DEL15-MG";"UOP01-DEL15-MG"
662316;2025-02-11;"terça-feira";"18:45:00";"MG";381;917,6;"CAMANDUCAIA";"Reação tardia ou ineficiente do condutor";"Colisão com objeto";"Com Vítimas Feridas";"Plena Noite";"Crescente";"Céu Claro";"Dupla";"Aclive;Curva";"Não";4;0;0;2;1;1;2;3;-22,76700121;-46,17875277;"SPRF-MG";"DEL16-MG";"UOP03-DEL16-MG"
662319;2025-02-19;"quarta-feira";"07:55:00";"SP";116;162;"JACAREI";"Reação tardia ou ineficiente do condutor";"Engavetamento";"Com Vítimas Feridas";"Pleno dia";"Decrescente";"Céu Claro";"Dupla";"Reta";"Sim";5;0;1;1;1;2;2;5;-23,28133317;-45,98394689;"SPRF-SP";"DEL02-SP";"UOP01-DEL02-SP"