"id";"data_inversa";"dia_semana";"horario";"uf";"br";"km";"municipio";"causa_acidente";"tipo_acidente";"classificacao_acidente";"fase_dia";"sentido_via";"condicao_metereologica";"tipo_pista";"tracado_via";"uso_solo";"pessoas";"mortos";"feridos_leves";"feridos_graves";"ilesos";"ignorados";"feridos";"veiculos";"latitude";"longitude";"regional";"delegacia";"uop"
662585;2025-02-20;"quinta-feira";"16:10:00";"PR";376;662,5;"GUARATUBA";"Velocidade Incompatível";"Colisão lateral mesmo sentido";"Com Vítimas Feridas";"Pleno dia";"Decrescente";"Chuva";"Dupla";"Curva;Declive";"Não";4;0;2;0;1;1;2;3;-25,8546345;-48,98523394;"SPRF-PR";"DEL01-PR";"UOP04-DEL01-PR"
662590;2025-02-20;"quinta-feira";"16:00:00";"CE";222;304,8;"TIANGUA";"Velocidade Incompatível";"Engavetamento";"Com Vítimas Feridas";"Pleno dia";"Decrescente";"Chuva";"Simples";"Curva";"Não";4;0;1;0;2;1;1;4;-3,66552797;-40,95730864;"SPRF-CE";"DEL04-CE";"UOP02-DEL04-CE"
662595;2025-02-20;"quinta-feira";"17:35:00";"PR";277;650,5;"MATELANDIA";"Acessar a via sem observar a presença dos outros veículos";"Colisão transversal";"Com Vítimas Feridas";"Pleno dia";"Decrescente";"Céu Claro";"Simples";"Reta;Interseção de Vias";"Sim";4;0;1;2;0;1;3;3;-25,19035881;-53,93738222;"SPRF-PR";"DEL05-PR";"UOP02-DEL05-PR"
662596;2025-02-20;"quinta-feira";"10:45:00";"SC";280;166;"MAFRA";"Acessar a via sem observar a presença dos outros veículos";"Colisão lateral mesmo sentido";"Sem Vítimas";"Pleno dia";"Decrescente";"Céu Claro";"Dupla";"Reta";"Não";2;0;0;0;2;0;0;2;-26,17713619;-49,81611416;"SPRF-SC";"DEL06-SC";"UOP01-DEL06-SC"
662598;2025-02-20;"quinta-feira";"14:00:00";"MG";40;546;"NOVA LIMA";"Reação tardia ou ineficiente do condutor";"Colisão traseira";"Com Vítimas Feridas";"Pleno dia";"Crescente";"Céu Claro";"Dupla";"Curva";"Sim";2;0;1;0;1;0;1;2;-20,01444685;-43,96893823;"SPRF-MG";"DEL01-MG";"UOP02-DEL01-MG"
662601;2025-02-20;"quinta-feira";"18:10:00";"SP";116;149;"SAO JOSE DOS CAMPOS";"Trafegar com motocicleta (ou similar) entre as faixas";"Colisão lateral mesmo sentido";"Com Vítimas Feridas";"Anoitecer";"Decrescente";"Céu Claro";"Dupla";"Reta";"Não";5;0;1;0;1;3;1;5;-23,20700047;-45,88626861;"SPRF-SP";"DEL02-SP";"UOP01-DEL02-SP"
662608;2025-02-20;"quinta-feira";"15:15:00";"BA";116;585,4;"NOVA ITARANA";"Ultrapassagem Indevida";"Colisão frontal";"Com Vítimas Feridas";"Pleno dia";"Crescente";"Céu Claro";"Simples";"Curva;Declive";"Não";5;0;0;2;2;2;2;5;-13,10445428;-39,99104101;"SPRF-BA";"DEL03-BA";"UOP02-DEL03-BA"
662610;2025-02-20;"quinta-feira";"19:40:00";"MG";40;606,6;"CONGONHAS";"Acessar a via sem observar a presença dos outros veículos";"Colisão transversal";"Com Vítimas Feridas";"Plena Noite";"Crescente";"Céu Claro";"Simples";"Retorno Regulamentado;Reta";"Não";2;0;1;0;1;0;1;2;-20,46834617;-43,84095284;"SPRF-MG";"DEL05-MG";"UOP02-DEL05-MG"
662615;2025-02-20;"quinta-feira";"19:50:00";"PR";116;120;"CURITIBA";"Velocidade Incompatível";"Saída de leito carroçável";"Com Vítimas Feridas";"Plena Noite";"Crescente";"Garoa/Chuvisco";"Dupla";"Curva";"Sim";4;0;0;1;2;1;1;2;-25,588758;-49,315092;"SPRF-PR";"DEL01-PR";"UOP03-DEL01-PR"
662618;2025-02-20;"quinta-feira";"19:38:00";"RO";364;242,3;"CACOAL";"Reação tardia ou ineficiente do condutor";"Colisão traseira";"Com Vítimas Feridas";"Plena Noite";"Decrescente";"Céu Claro";"Simples";"Aclive;Reta";"Sim";2;0;0;1;1;0;1;2;-11,440688;-61,489965;"SPRF-RO";"DEL02-RO";"UOP02-DEL02-RO"
662619;2025-02-20;"quinta-feira";"20:35:00";"MG";262;42,7;"MANHUACU";"Mal súbito do condutor";"Colisão frontal";"Com Vítimas Feridas";"Plena Noite";"Crescente";"Céu Claro";"Simples";"Reta";"Não";2;0;0;1;1;0;1;2;-20,26976316;-42,06894006;"SPRF-MG";"DEL06-MG";"UOP03-DEL06-MG"
662621;2025-02-20;"quinta-feira";"20:59:00";"ES";101;14;"VITORIA";"Reação tardia ou ineficiente do condutor";"Colisão traseira";"Com Vítimas Feridas";"Plena Noite";"Decrescente";"Céu Claro";"Dupla";"Reta";"Não";2;0;1;0;0;1;1;2;-20,2604544;-40,2980864;"SPRF-ES";"DEL04-ES";"UOP02-DEL04-ES"
662626;2025-02-20;"quinta-feira";"19:45:00";"SC";101;135;"BALNEARIO CAMBORIU";"Reação tardia ou ineficiente do condutor";"Colisão traseira";"Com Vítimas Feridas";"Plena Noite";"Decrescente";"Céu Claro";"Múltipla";"Reta";"Sim";2;0;0;1;1;0;1;2;-27,0050108;-48,62677494;"SPRF-SC";"DEL04-SC";"UOP03-DEL04-SC"
662629;2025-02-20;"quinta-feira";"22:40:00";"SP";381;86;"SAO PAULO";"Entrada inopinada do pedestre";"Atropelamento de Pedestre";"Com Vítimas Feridas";"Plena Noite";"Decrescente";"Céu Claro";"Dupla";"Reta";"Não";3;0;1;0;1;1;1;3;-23,446611;-46,57184;"SPRF-SP";"DEL03-SP";"UOP01-DEL03-SP"
662631;2025-02-20;"quinta-feira";"22:00:00";"PR";376;668,4;"GUARATUBA";"Transitar na contramão";"Colisão frontal";"Com Vítimas Fatais";"Plena Noite";"Decrescente";"Garoa/Chuvisco";"Dupla";"Curva";"Não";7;1;2;0;3;1;2;5;-25,864159;-48,937538;"SPRF-PR";"DEL01-PR";"UOP04-DEL01-PR"
662634;2025-02-21;"sexta-feira";"00:05:00";"SP";381;83;"SAO PAULO";"Manobra de mudança de faixa";"Capotamento";"Com Vítimas Feridas";"Plena Noite";"Decrescente";"Céu Claro";"Múltipla";"Reta";"Sim";3;0;1;0;1;1;1;2;-23,44089978;-46,56782;"SPRF-SP";"DEL03-SP";"UOP01-DEL03-SP"
662635;2025-02-20;"quinta-feira";"23:40:00";"MG";459;70,5;"SENADOR JOSE BENTO";"Velocidade Incompatível";"Colisão lateral sentido oposto";"Com Vítimas Feridas";"Plena Noite";"Decrescente";"Céu Claro";"Simples";"Curva";"Não";3;0;1;1;1;0;2;2;-22,133492;-46,175152;"SPRF-MG";"DEL09-MG";"UOP01-DEL09-MG"
662639;2025-02-20;"quinta-feira";"21:50:00";"MS";60;526,2;"NIOAQUE";"Manobra de mudança de faixa";"Colisão lateral sentido oposto";"Com Vítimas Feridas";"Plena Noite";"Decrescente";"Nublado";"Simples";"Reta";"Não";5;0;2;0;1;2;2;4;-21,13421845;-55,71165513;"SPRF-MS";"DEL05-MS";"UOP01-DEL05-MS"
662640;2025-02-21;"sexta-feira";"03:15:00";"SP";381;75;"SAO PAULO";"Demais falhas mecânicas ou elétricas";"Colisão traseira";"Com Vítimas Feridas";"Plena Noite";"Decrescente";"Céu Claro";"Múltipla";"Aclive;Curva";"Não";4;0;0;1;2;1;1;3;-23,37660089;-46,56409613;"SPRF-SP";"DEL03-SP";"UOP01-DEL03-SP"
662642;2025-02-21;"sexta-feira";"03:30:00";"MG";381;491;"BETIM";"Ingestão de álcool pelo condutor";"Colisão frontal";"Sem Vítimas";"Plena Noite";"Crescente";"Céu Claro";"Dupla";"Reta";"Sim";3;0;0;0;2;1;0;3;-19,97018187;-44,18210416;"SPRF-MG";"DEL01-MG";"UOP03-DEL01-MG"
662643;2025-02-20;"quinta-feira";"22:00:00";"MG";116;223,1;"CATUJI";"Velocidade Incompatível";"Tombamento";"Com Vítimas Feridas";"Plena Noite";"Crescente";"Garoa/Chuvisco";"Simples";"Reta;Aclive";"Não";3;0;1;0;1;1;1;3;-17,431783;-41,514715;"SPRF-MG";"DEL11-MG";"UOP01-DEL11-MG"
662644;2025-02-21;"sexta-feira";"04:30:00";"MG";262;406,1;"PARA DE MINAS";"Ausência de reação do condutor";"Tombamento";"Com Vítimas Fatais";"Plena Noite";"Crescente";"Céu Claro";"Dupla";"Reta;Declive";"Não";2;1;0;0;0;1;0;2;-19,89195069;-44,58054391;"SPRF-MG";"DEL01-MG";"UOP03-DEL01-MG"
662645;2025-02-21;"sexta-feira";"05:15:00";"PR";277;43;"MORRETES";"Reação tardia ou ineficiente do condutor";"Colisão traseira";"Sem Vítimas";"Amanhecer";"Crescente";"Nublado";"Dupla";"Aclive;Reta";"Não";3;0;0;0;2;1;0;3;-25,59122688;-48,89369309;"SPRF-PR";"DEL01-PR";"UOP05-DEL01-PR"
662648;2025-02-21;"sexta-feira";"04:40:00";"ES";101;264;"SERRA";"Condutor desrespeitou a iluminação vermelha do semáforo";"Colisão transversal";"Com Vítimas Feridas";"Amanhecer";"Decrescente";"Sol";"Dupla";"Reta;Interseção de Vias";"Sim";2;0;1;0;1;0;1;2;-20,17292791;-40,26736384;"SPRF-ES";"DEL02-ES";"UOP01-DEL02-ES"
662650;2025-02-21;"sexta-feira";"06:00:00";"GO";60;55;"ABADIANIA";"Acostamento em desnível";"Tombamento";"Sem Vítimas";"Amanhecer";"Crescente";"Céu Claro";"Dupla";"Reta";"Não";2;0;0;0;2;0;0;1;-16,1862;-48,6611;"SPRF-GO";"DEL02-GO";"UOP01-DEL02-GO"
662653;2025-02-21;"sexta-feira";"06:30:00";"BA";101;903;"IBIRAPUA";"Ausência de reação do condutor";"Colisão frontal";"Com Vítimas Feridas";"Amanhecer";"Decrescente";"Céu Claro";"Simples";"Ponte;Curva";"Não";2;0;0;1;0;1;1;2;-17,750617;-39,76344;"SPRF-BA";"DEL09-BA";"UOP02-DEL09-BA"
662654;2025-02-21;"sexta-feira";"04:15:00";"MG";40;300;"TRES MARIAS";"Velocidade Incompatível";"Tombamento";"Com Vítimas Feridas";"Plena Noite";"Decrescente";"Céu Claro";"Simples";"Curva;Aclive;Ponte";"Não";3;0;0;1;1;3;1;5;-18,350118;-45,09330699;"SPRF-MG";"DEL14-MG";"UOP02-DEL14-MG"
662659;2025-02-21;"sexta-feira";"06:50:00";"PR";376;319;"ORTIGUEIRA";"Condutor Dormindo";"Colisão lateral sentido oposto";"Com Vítimas Feridas";"Pleno dia";"Decrescente";"Céu Claro";"Simples";"Reta";"Não";3;0;0;1;1;1;1;3;-24,04618261;-51,07230678;"SPRF-PR";"DEL07-PR";"UOP02-DEL07-PR"
662660;2025-02-21;"sexta-feira";"08:00:00";"PR";476;145,7;"CURITIBA";"Trafegar com motocicleta (ou similar) entre as faixas";"Colisão lateral mesmo sentido";"Com Vítimas Feridas";"Amanhecer";"Crescente";"Nublado";"Dupla";"Reta";"Não";4;0;1;0;1;2;1;4;-25,550225;-49,327464;"SPRF-PR";"DEL01-PR";"UOP06-DEL01-PR"
662662;2025-02-21;"sexta-feira";"08:10:00";"MG";381;2;"BETIM";"Ausência de reação do condutor";"Saída de leito carroçável";"Com Vítimas Feridas";"Pleno dia";"Crescente";"Céu Claro";"Dupla";"Reta";"Sim";2;0;1;0;1;0;1;2;-19,98967868;-44,1898831;"SPRF-MG";"DEL01-MG";"UOP03-DEL01-MG"
662671;2025-02-21;"sexta-feira";"08:45:00";"PR";476;143;"CURITIBA";"Trafegar com motocicleta (ou similar) entre as faixas";"Colisão traseira";"Com Vítimas Feridas";"Pleno dia";"Crescente";"Céu Claro";"Dupla";"Reta;Declive";"Não";3;0;2;0;0;1;2;3;-25,547659;-49,32079;"SPRF-PR";"DEL01-PR";"UOP06-DEL01-PR"
662674;2025-02-02;"domingo";"09:20:00";"SC";101;4;"GARUVA";"Demais falhas mecânicas ou elétricas";"Incêndio";"Sem Vítimas";"Pleno dia";"Crescente";"Céu Claro";"Múltipla";"Curva";"Não";2;0;0;0;1;2;0;3;-26,00908719;-48,86448735;"SPRF-SC";"DEL03-SC";"UOP01-DEL03-SC"
662681;2025-02-21;"sexta-feira";"06:20:00";"ES";262;140,5;"MUNIZ FREIRE";"Velocidade Incompatível";"Colisão frontal";"Com Vítimas Feridas";"Pleno dia";"Crescente";"Nublado";"Simples";"Curva";"Não";2;0;2;0;0;0;2;2;-20,22712702;-41,37163639;"SPRF-ES";"DEL01-ES";"UOP02-DEL01-ES"
662685;2025-02-21;"sexta-feira";"09:20:00";"RN";226;2,8;"NATAL";"Ausência de reação do condutor";"Tombamento";"Com Vítimas Feridas";"Pleno dia";"Decrescente";"Sol";"Simples";"Reta";"Sim";1;0;1;0;0;0;1;1;-5,81998294;-35,25137186;"SPRF-RN";"DEL01-RN";"UOP02-DEL01-RN"
662687;2025-02-21;"sexta-feira";"10:20:00";"PR";153;330;"IRATI";"Estacionar ou parar em local proibido";"Colisão traseira";"Sem Vítimas";"Pleno dia";"Decrescente";"Céu Claro";"Dupla";"Reta";"Sim";4;0;0;0;2;2;0;4;-25,46140879;-50,62177452;"SPRF-PR";"DEL08-PR";"UOP02-DEL08-PR"
662692;2025-02-21;"sexta-feira";"05:00:00";"MG";381;778,7;"CAMPANHA";"Reação tardia ou ineficiente do condutor";"Saída de leito carroçável";"Com Vítimas Feridas";"Pleno dia";"Decrescente";"Sol";"Dupla";"Reta";"Não";1;0;1;0;0;0;1;1;-21,8037385;-45,473322;"SPRF-MG";"DEL16-MG";"UOP02-DEL16-MG"
662695;2025-02-21;"sexta-feira";"05:30:00";"MT";364;1237;"COMODORO";"Ausência de sinalização";"Colisão lateral mesmo sentido";"Com Vítimas Feridas";"Amanhecer";"Decrescente";"Chuva";"Simples";"Reta";"Não";4;0;1;0;2;3;1;6;-13,6967934;-59,71804046;"SPRF-MT";"DEL04-MT";"UOP02-DEL04-MT"
662702;2025-02-21;"sexta-feira";"11:38:00";"CE";222;300;"TIANGUA";"Demais falhas mecânicas ou elétricas";"Colisão com objeto";"Sem Vítimas";"Pleno dia";"Crescente";"Nublado";"Simples";"Curva";"Não";3;0;0;0;2;1;0;2;-3,66184681;-40,94144762;"SPRF-CE";"DEL04-CE";"UOP02-DEL04-CE"
662704;2025-02-21;"sexta-feira";"12:25:00";"MG";40;461,1;"SETE LAGOAS";"Carga excessiva e/ou mal acondicionada";"Tombamento";"Sem Vítimas";"Pleno dia";"Crescente";"Céu Claro";"Dupla";"Declive;Curva";"Não";1;0;0;0;1;0;0;1;-19,40843773;-44,33384657;"SPRF-MG";"DEL02-MG";"UOP01-DEL02-MG"
662711;2025-02-21;"sexta-feira";"13:30:00";"PR";277;186;"PALMEIRA";"Avarias e/ou desgaste excessivo no pneu";"Incêndio";"Sem Vítimas";"Pleno dia";"Crescente";"Céu Claro";"Simples";"Reta";"Não";2;0;0;0;1;1;0;2;-25,4277724;-50,12821198;"SPRF-PR";"DEL08-PR";"UOP02-DEL08-PR"
662717;2025-02-21;"sexta-feira";"11:10:00";"PB";230;516;"BOM JESUS";"Velocidade Incompatível";"Colisão transversal";"Com Vítimas Feridas";"Pleno dia";"Decrescente";"Céu Claro";"Simples";"Aclive;Reta";"Não";2;0;1;0;1;0;1;2;-6,869958;-38,649019;"SPRF-PB";"DEL03-PB";"UOP03-DEL03-PB"
662721;2025-01-27;"segunda-feira";"09:09:00";"PA";163;298,4;"NOVO PROGRESSO";"Reação tardia ou ineficiente do condutor";"Colisão traseira";"Com Vítimas Feridas";"Pleno dia";"Crescente";"Nublado";"Simples";"Reta";"Não";3;0;1;0;1;1;1;3;-7,143111;-55,381828;"SPRF-PA";"DEL05-PA";"UOP03-DEL05-PA"
662722;2025-01-18;"sábado";"09:00:00";"RS";293;293;"SANTANA DO LIVRAMENTO";"Reação tardia ou ineficiente do condutor";"Colisão lateral sentido oposto";"Sem Vítimas";"Pleno dia";"Crescente";"Céu Claro";"Simples";"Reta";"Não";2;0;0;0;1;1;0;2;-30,83197607;-55,07435803;"SPRF-RS";"DEL11-RS";"UOP01-DEL11-RS"
662725;2025-02-21;"sexta-feira";"12:00:00";"PA";155;222;"ELDORADO DO CARAJAS";"Ausência de reação do condutor";"Saída de leito carroçável";"Com Vítimas Fatais";"Pleno dia";"Decrescente";"Nublado";"Simples";"Reta";"Não";3;1;1;0;0;2;1;3;-6,339543;-49,384625;"SPRF-PA";"DEL03-PA";"UOP01-DEL03-PA"
662728;2025-02-21;"sexta-feira";"12:00:00";"MT";163;252;"JUSCIMEIRA";"Carga excessiva e/ou mal acondicionada";"Derramamento de carga";"Sem Vítimas";"Pleno dia";"Crescente";"Céu Claro";"Dupla";"Declive";"Não";2;0;0;0;1;1;0;2;-16,09397992;-54,86778259;"SPRF-MT";"DEL05-MT";"UOP02-DEL05-MT"
662729;2025-02-09;"domingo";"17:45:00";"MT";163;606;"NOVA MUTUM";"Transitar na contramão";"Colisão frontal";"Com Vítimas Fatais";"Anoitecer";"Crescente";"Céu Claro";"Simples";"Reta";"Não";6;2;0;2;1;2;2;4;-13,745972;-56,052046;"SPRF-MT";"DEL01-MT";"UOP01-DEL01-MT"
662737;2025-02-21;"sexta-feira";"15:00:00";"ES";101;393,8;"RIO NOVO DO SUL";"Ingestão de álcool pelo condutor";"Colisão traseira";"Sem Vítimas";"Pleno dia";"Decrescente";"Céu Claro";"Simples";"Reta";"Não";3;0;0;0;2;1;0;3;-20,8654568;-40,9213787;"SPRF-ES";"DEL03-ES";"UOP02-DEL03-ES"
662738;2025-01-21;"terça-feira";"14:20:00";"MG";262;739;"PERDIZES";"Transitar na contramão";"Colisão frontal";"Com Vítimas Feridas";"Pleno dia";"Crescente";"Céu Claro";"Simples";"Reta";"Não";6;0;1;0;4;2;1;7;-19,61106579;-47,41191998;"SPRF-MG";"DEL08-MG";"UOP01-DEL08-MG"
662742;2025-02-21;"sexta-feira";"15:30:00";"RJ";40;106;"DUQUE DE CAXIAS";"Acessar a via sem observar a presença dos outros veículos";"Colisão lateral mesmo sentido";"Sem Vítimas";"Pleno dia";"Crescente";"Céu Claro";"Múltipla";"Reta";"Sim";3;0;0;0;2;2;0;4;-22,64959681;-43,28376215;"SPRF-RJ";"DEL01-RJ";"UOP02-DEL01-RJ"
662744;2025-02-21;"sexta-feira";"11:45:00";"MG";40;649,8;"CRISTIANO OTONI";"Velocidade Incompatível";"Colisão traseira";"Com Vítimas Feridas";"Pleno dia";"Decrescente";"Sol";"Simples";"Reta";"Não";2;0;1;0;0;1;1;2;-20,826294;-43,808867;"SPRF-MG";"DEL05-MG";"UOP02-DEL05-MG"
662748;2025-02-21;"sexta-feira";"15:30:00";"PI";316;8;"TERESINA";"Reação tardia ou ineficiente do condutor";"Colisão traseira";"Com Vítimas Feridas";"Pleno dia";"Decrescente";"Chuva";"Dupla";"Reta";"Sim";5;0;3;0;2;0;3;3;-5,18325728;-42,76332032;"SPRF-PI";"DEL01-PI";"UOP02-DEL01-PI"
662750;2025-02-21;"sexta-feira";"16:50:00";"GO";60;470;"JATAI";"Reação tardia ou ineficiente do condutor";"Colisão lateral mesmo sentido";"Com Vítimas Feridas";"Pleno dia";"Crescente";"Céu Claro";"Dupla";"Curva;Declive";"Não";3;0;1;0;1;2;1;4;-17,91611479;-51,69328809;"SPRF-GO";"DEL05-GO";"UOP01-DEL05-GO"
662754;2025-02-21;"sexta-feira";"15:30:00";"RJ";116;243;"PIRAI";"Ausência de reação do condutor";"Colisão lateral mesmo sentido";"Com Vítimas Feridas";"Pleno dia";"Crescente";"Céu Claro";"Dupla";"Reta";"Sim";3;0;1;0;2;0;1;2;-22,6303066;-43,9088922;"SPRF-RJ";"DEL07-RJ";"UOP01-DEL07-RJ"
662756;2025-02-21;"sexta-feira";"17:00:00";"PR";153;18,1;"JACAREZINHO";"Reação tardia ou ineficiente do condutor";"Colisão lateral mesmo sentido";"Com Vítimas Feridas";"Pleno dia";"Decrescente";"Céu Claro";"Simples";"Aclive;Reta";"Sim";2;0;0;1;1;0;1;2;-23,1470198;-49,9517877;"SPRF-PR";"DEL07-PR";"UOP04-DEL07-PR"
662758;2025-02-21;"sexta-feira";"16:45:00";"PR";376;172,6;"MARINGA";"Reação tardia ou ineficiente do condutor";"Colisão transversal";"Com Vítimas Feridas";"Pleno dia";"Decrescente";"Nublado";"Dupla";"Em Obras;Reta";"Sim";2;0;1;0;1;0;1;2;-23,41865;-51,974165;"SPRF-PR";"DEL09-PR";"UOP01-DEL09-PR"
662762;2025-02-21;"sexta-feira";"16:40:00";"MG";381;484;"BETIM";"Condutor deixou de manter distância do veículo da frente";"Engavetamento";"Com Vítimas Feridas";"Pleno dia";"Crescente";"Céu Claro";"Dupla";"Reta;Declive";"Não";6;0;1;0;4;1;1;6;-20,007659;-44,2004846;"SPRF-MG";"DEL01-MG";"UOP03-DEL01-MG"
662763;2025-02-21;"sexta-feira";"12:55:00";"MT";158;602;"AGUA BOA";"Ausência de reação do condutor";"Saída de leito carroçável";"Com Vítimas Fatais";"Pleno dia";"Decrescente";"Sol";"Simples";"Reta";"Não";1;1;0;0;0;0;0;1;-14,341022;-52,169109;"SPRF-MT";"DEL07-MT";"UOP02-DEL07-MT"
662766;2025-02-21;"sexta-feira";"12:05:00";"BA";20;21;"CORRENTINA";"Reação tardia ou ineficiente do condutor";"Saída de leito carroçável";"Com Vítimas Feridas";"Pleno dia";"Crescente";"Céu Claro";"Simples";"Reta";"Não";1;0;1;0;0;0;1;1;-13,79576926;-46,16410828;"SPRF-BA";"DEL10-BA";"UOP02-DEL10-BA"
662767;2025-02-21;"sexta-feira";"16:20:00";"SC";101;40,2;"JOINVILLE";"Manobra de mudança de faixa";"Colisão lateral mesmo sentido";"Com Vítimas Feridas";"Pleno dia";"Decrescente";"Céu Claro";"Dupla";"Reta";"Sim";3;0;1;0;2;0;1;2;-26,31105274;-48,87652159;"SPRF-SC";"DEL03-SC";"UOP01-DEL03-SC"
662768;2025-02-21;"sexta-feira";"17:30:00";"SC";282;476,2;"VARGEAO";"Velocidade Incompatível";"Colisão lateral mesmo sentido";"Com Vítimas Feridas";"Pleno dia";"Crescente";"Céu Claro";"Simples";"Reta";"Não";3;0;0;1;1;1;1;3;-26,87540651;-52,15727091;"SPRF-SC";"DEL07-SC";"UOP01-DEL07-SC"
662780;2025-02-21;"sexta-feira";"16:40:00";"PR";376;153,9;"MANDAGUACU";"Manobra de mudança de faixa";"Colisão traseira";"Com Vítimas Feridas";"Pleno dia";"Crescente";"Sol";"Dupla";"Declive";"Não";6;0;2;0;1;3;2;5;-23,326946;-52,111538;"SPRF-PR";"DEL09-PR";"UOP02-DEL09-PR"
662790;2025-02-21;"sexta-feira";"19:00:00";"MG";153;36;"CANAPOLIS";"Ingestão de álcool pelo condutor";"Colisão lateral mesmo sentido";"Sem Vítimas";"Anoitecer";"Crescente";"Nublado";"Dupla";"Reta";"Não";2;0;0;0;1;1;0;2;-18,71941;-49,125283;"SPRF-MG";"DEL15-MG";"UOP03-DEL15-MG"
662793;2025-02-21;"sexta-feira";"09:30:00";"RO";364;536;"RIO CRESPO";"Avarias e/ou desgaste excessivo no pneu";"Colisão com objeto";"Sem Vítimas";"Pleno dia";"Decrescente";"Céu Claro";"Simples";"Curva";"Não";2;0;0;0;1;2;0;3;-9,75125628;-63,11162646;"SPRF-RO";"DEL03-RO";"UOP01-DEL03-RO"
662812;2025-02-21;"sexta-feira";"21:30:00";"SC";280;29,5;"ARAQUARI";"Velocidade Incompatível";"Colisão traseira";"Com Vítimas Feridas";"Plena Noite";"Decrescente";"Ignorado";"Simples";"Reta";"Não";2;0;0;1;0;1;1;2;-26,41329937;-48,75830054;"SPRF-SC";"DEL03-SC";"UOP03-DEL03-SC"
662819;2025-02-21;"sexta-feira";"23:05:00";"SP";153;63;"SAO JOSE DO RIO PRETO";"Ingestão de álcool pelo condutor";"Colisão traseira";"Com Vítimas Feridas";"Plena Noite";"Crescente";"Céu Claro";"Dupla";"Reta";"Não";3;0;1;0;1;1;1;3;-20,840448;-49,3912064;"SPRF-SP";"DEL09-SP";"UOP01-DEL09-SP"
662820;2025-02-21;"sexta-feira";"22:00:00";"RJ";493;2;"ITABORAI";"Acessar a via sem observar a presença dos outros veículos";"Colisão lateral mesmo sentido";"Com Vítimas Feridas";"Plena Noite";"Decrescente";"Céu Claro";"Dupla";"Reta";"Não";4;0;0;2;0;2;2;3;-22,76165892;-42,93375492;"SPRF-RJ";"DEL02-RJ";"UOP02-DEL02-RJ"
662821;2025-02-21;"sexta-feira";"23:45:00";"SP";116;223;"GUARULHOS";"Reação tardia ou ineficiente do condutor";"Engavetamento";"Com Vítimas Feridas";"Plena Noite";"Decrescente";"Céu Claro";"Múltipla";"Reta";"Sim";3;0;1;0;1;1;1;3;-23,47622155;-46,52574241;"SPRF-SP";"DEL01-SP";"UOP01-DEL01-SP"
662825;2025-02-21;"sexta-feira";"22:50:00";"SC";101;365;"SANGAO";"Ingestão de álcool pelo condutor";"Colisão traseira";"Com Vítimas Feridas";"Plena Noite";"Crescente";"Céu Claro";"Dupla";"Reta";"Não";2;0;0;1;1;0;1;2;-28,68938296;-49,15935516;"SPRF-SC";"DEL02-SC";"UOP01-DEL02-SC"
662829;2025-02-21;"sexta-feira";"15:30:00";"SC";470;116,4;"IBIRAMA";"Velocidade Incompatível";"Tombamento";"Com Vítimas Feridas";"Pleno dia";"Decrescente";"Nublado";"Simples";"Curva;Declive";"Sim";2;0;0;1;0;1;1;2;-27,08160182;-49,50033367;"SPRF-SC";"DEL04-SC";"UOP02-DEL04-SC"
662830;2025-02-22;"sábado";"02:30:00";"SP";153;72,3;"SAO JOSE DO RIO PRETO";"Ausência de reação do condutor";"Colisão traseira";"Com Vítimas Fatais";"Plena Noite";"Crescente";"Céu Claro";"Dupla";"Reta";"Não";3;1;0;0;0;3;0;4;-20,871635;-49,41661;"SPRF-SP";"DEL09-SP";"UOP01-DEL09-SP"
662841;2025-02-22;"sábado";"04:00:00";"PR";116;119;"CURITIBA";"Ausência de reação do condutor";"Colisão lateral mesmo sentido";"Sem Vítimas";"Plena Noite";"Crescente";"Céu Claro";"Dupla";"Reta";"Sim";2;0;0;0;2;0;0;2;-25,56596039;-49,30927992;"SPRF-PR";"DEL01-PR";"UOP03-DEL01-PR"
662846;2025-02-22;"sábado";"04:30:00";"SC";101;1,4;"GARUVA";"Problema com o freio";"Incêndio";"Sem Vítimas";"Plena Noite";"Crescente";"Céu Claro";"Múltipla";"Reta";"Sim";2;0;0;0;1;1;0;2;-25,99325334;-48,88105452;"SPRF-SC";"DEL03-SC";"UOP01-DEL03-SC"
662863;2025-02-21;"sexta-feira";"22:10:00";"PA";230;1097;"ITAITUBA";"Ausência de reação do condutor";"Saída de leito carroçável";"Com Vítimas Feridas";"Plena Noite";"Decrescente";"Nublado";"Simples";"Aclive";"Não";2;0;0;1;0;2;1;3;-4,349071;-55,789212;"SPRF-PA";"DEL05-PA";"UOP02-DEL05-PA"
662874;2025-02-21;"sexta-feira";"22:00:00";"PA";163;119;"ALTAMIRA";"Transitar na contramão";"Eventos atípicos";"Sem Vítimas";"Plena Noite";"Decrescente";"Céu Claro";"Simples";"Reta";"Não";2;0;0;0;0;2;0;2;-8,628019;-55,042849;"SPRF-MT";"DEL06-MT";"UOP03-DEL06-MT"
662875;2025-02-22;"sábado";"03:40:00";"MG";354;737,3;"POUSO ALTO";"Velocidade Incompatível";"Tombamento";"Sem Vítimas";"Plena Noite";"Crescente";"Céu Claro";"Simples";"Curva";"Não";2;0;0;0;1;1;0;2;-22,20438724;-44,96227026;"SPRF-MG";"DEL17-MG";"UOP01-DEL17-MG"
662892;2025-02-22;"sábado";"10:00:00";"PR";277;21,5;"MORRETES";"Acessar a via sem observar a presença dos outros veículos";"Colisão lateral mesmo sentido";"Sem Vítimas";"Pleno dia";"Decrescente";"Céu Claro";"Dupla";"Em Obras;Reta";"Não";4;0;0;0;3;1;0;3;-25,530523;-48,720102;"SPRF-PR";"DEL01-PR";"UOP05-DEL01-PR"