"id";"data_inversa";"dia_semana";"horario";"uf";"br";"km";"municipio";"causa_acidente";"tipo_acidente";"classificacao_acidente";"fase_dia";"sentido_via";"condicao_metereologica";"tipo_pista";"tracado_via";"uso_solo";"pessoas";"mortos";"feridos_leves";"feridos_graves";"ilesos";"ignorados";"feridos";"veiculos";"latitude";"longitude";"regional";"delegacia";"uop"
662905;2025-02-22;"sábado";"10:35:00";"MG";40;606,2;"CONGONHAS";"Acessar a via sem observar a presença dos outros veículos";"Colisão lateral mesmo sentido";"Com Vítimas Feridas";"Pleno dia";"Decrescente";"Céu Claro";"Simples";"Curva";"Não";4;0;0;1;1;2;1;3;-20,47151372;-43,84423256;"SPRF-MG";"DEL05-MG";"UOP02-DEL05-MG"
662915;2025-02-22;"sábado";"11:05:00";"SC";282;46,2;"PALHOCA";"Pedestre andava na pista";"Atropelamento de Pedestre";"Com Vítimas Fatais";"Pleno dia";"Decrescente";"Céu Claro";"Dupla";"Curva";"Não";4;1;0;0;1;3;0;5;-27,683787;-48,690249;"SPRF-SC";"DEL01-SC";"UOP03-DEL01-SC"
662916;2025-02-22;"sábado";"11:50:00";"RJ";101;294;"ITABORAI";"Manobra de mudança de faixa";"Colisão lateral mesmo sentido";"Sem Vítimas";"Pleno dia";"Crescente";"Céu Claro";"Dupla";"Reta";"Sim";4;0;0;0;3;1;0;3;-22,7624411;-42,9010663;"SPRF-RJ";"DEL02-RJ";"UOP02-DEL02-RJ"
662918;2025-02-22;"sábado";"12:20:00";"MG";251;473,9;"FRANCISCO SA";"Velocidade Incompatível";"Tombamento";"Com Vítimas Feridas";"Pleno dia";"Crescente";"Céu Claro";"Simples";"Curva";"Não";1;0;1;0;0;0;1;1;-16,4735435;-43,4793755;"SPRF-MG";"DEL12-MG";"UOP01-DEL12-MG"
662925;2025-02-22;"sábado";"13:27:00";"ES";262;169,2;"IBATIBA";"Velocidade Incompatível";"Queda de ocupante de veículo";"Com Vítimas Feridas";"Pleno dia";"Crescente";"Garoa/Chuvisco";"Simples";"Curva";"Não";3;0;0;1;1;1;1;3;-20,265357;-41,57852;"SPRF-ES";"DEL01-ES";"UOP02-DEL01-ES"
662928;2025-02-22;"sábado";"12:10:00";"MS";158;79,9;"PARANAIBA";"Condutor deixou de manter distância do veículo da frente";"Tombamento";"Com Vítimas Feridas";"Pleno dia";"Crescente";"Sol";"Simples";"Aclive;Reta";"Não";2;0;0;1;0;2;1;3;-19,57781059;-51,23342425;"SPRF-MS";"DEL08-MS";"UOP01-DEL08-MS"
662929;2025-02-22;"sábado";"09:30:00";"SC";282;347,4;"CAMPOS NOVOS";"Acessar a via sem observar a presença dos outros veículos";"Colisão traseira";"Com Vítimas Fatais";"Pleno dia";"Crescente";"Céu Claro";"Simples";"Reta";"Não";3;1;0;0;2;0;0;2;-27,366833;-51,259747;"SPRF-SC";"DEL07-SC";"UOP06-DEL07-SC"
662935;2025-02-22;"sábado";"09:36:00";"MT";163;546;"DIAMANTINO";"Transitar na contramão";"Colisão lateral sentido oposto";"Com Vítimas Feridas";"Pleno dia";"Decrescente";"Céu Claro";"Simples";"Reta";"Não";3;0;0;1;1;2;1;4;-14,23011265;-56,10712624;"SPRF-MT";"DEL01-MT";"UOP01-DEL01-MT"
662936;2025-02-22;"sábado";"11:30:00";"SC";282;578;"PINHALZINHO";"Condutor usando celular";"Colisão frontal";"Com Vítimas Feridas";"Pleno dia";"Decrescente";"Sol";"Simples";"Reta";"Sim";3;0;1;0;1;3;1;5;-26,85107593;-52,98002291;"SPRF-SC";"DEL07-SC";"UOP02-DEL07-SC"
662938;2025-02-22;"sábado";"14:35:00";"GO";153;126;"ESTRELA DO NORTE";"Acessar a via sem observar a presença dos outros veículos";"Colisão transversal";"Com Vítimas Feridas";"Pleno dia";"Crescente";"Céu Claro";"Simples";"Reta";"Não";3;0;1;0;1;1;1;3;-13,89274421;-49,05807495;"SPRF-GO";"DEL07-GO";"UOP01-DEL07-GO"
662943;2025-02-22;"sábado";"03:00:00";"PB";116;5;"CACHOEIRA DOS INDIOS";"Velocidade Incompatível";"Saída de leito carroçável";"Com Vítimas Feridas";"Plena Noite";"Crescente";"Céu Claro";"Simples";"Reta";"Sim";1;0;1;0;0;0;1;1;-6,94004286;-38,72136176;"SPRF-CE";"DEL05-CE";"UOP03-DEL05-CE"
662949;2025-02-22;"sábado";"14:45:00";"CE";222;37;"CAUCAIA";"Avarias e/ou desgaste excessivo no pneu";"Saída de leito carroçável";"Sem Vítimas";"Pleno dia";"Crescente";"Céu Claro";"Simples";"Reta";"Não";1;0;0;0;1;0;0;1;-3,69372;-38,885293;"SPRF-CE";"DEL01-CE";"UOP01-DEL01-CE"
662950;2025-02-22;"sábado";"13:00:00";"MG";116;533,2;"SANTA RITA DE MINAS";"Desrespeitar a preferência no cruzamento";"Colisão transversal";"Com Vítimas Feridas";"Pleno dia";"Crescente";"Céu Claro";"Simples";"Curva";"Não";4;0;1;0;1;2;1;4;-19,842031;-42,139517;"SPRF-MG";"DEL06-MG";"UOP02-DEL06-MG"
662957;2025-02-22;"sábado";"14:45:00";"MT";364;524;"COMODORO";"Mal súbito do condutor";"Colisão lateral sentido oposto";"Com Vítimas Feridas";"Pleno dia";"Decrescente";"Céu Claro";"Simples";"Reta";"Não";6;0;0;1;4;2;1;5;-13,35257318;-59,87003167;"SPRF-MT";"DEL01-MT";"UOP01-DEL01-MT"
662960;2025-02-22;"sábado";"12:45:00";"SC";282;244,8;"SAO JOSE DO CERRITO";"Velocidade Incompatível";"Tombamento";"Com Vítimas Feridas";"Pleno dia";"Crescente";"Céu Claro";"Simples";"Aclive;Curva";"Não";1;0;1;0;0;0;1;1;-27,7288602;-50,52127898;"SPRF-SC";"DEL05-SC";"UOP02-DEL05-SC"
662971;2025-02-22;"sábado";"17:25:00";"PR";277;585;"CASCAVEL";"Ultrapassagem Indevida";"Colisão lateral mesmo sentido";"Com Vítimas Feridas";"Pleno dia";"Crescente";"Céu Claro";"Simples";"Declive;Reta";"Sim";3;0;0;1;1;1;1;3;-24,964148;-53,411336;"SPRF-PR";"DEL04-PR";"UOP01-DEL04-PR"
662974;2025-02-22;"sábado";"17:35:00";"GO";60;255;"INDIARA";"Ausência de reação do condutor";"Saída de leito carroçável";"Com Vítimas Feridas";"Pleno dia";"Decrescente";"Céu Claro";"Dupla";"Reta";"Sim";1;0;0;1;0;0;1;1;-17,1427422;-50,0022561;"SPRF-GO";"DEL01-GO";"UOP02-DEL01-GO"
662977;2025-02-22;"sábado";"17:30:00";"RJ";116;286;"BARRA MANSA";"Ausência de reação do condutor";"Colisão lateral mesmo sentido";"Com Vítimas Feridas";"Pleno dia";"Crescente";"Céu Claro";"Dupla";"Curva";"Não";4;0;2;0;1;1;2;3;-22,498385;-44,233439;"SPRF-RJ";"DEL07-RJ";"UOP02-DEL07-RJ"
662984;2025-02-22;"sábado";"17:19:00";"AC";364;272;"SENA MADUREIRA";"Condutor deixou de manter distância do veículo da frente";"Queda de ocupante de veículo";"Com Vítimas Fatais";"Pleno dia";"Decrescente";"Céu Claro";"Simples";"Reta";"Sim";2;1;0;0;1;0;0;2;-9,081193;-68,661152;"SPRF-AC";"DEL01-AC";"UOP01-DEL01-AC"
662988;2025-02-22;"sábado";"18:00:00";"BA";20;138;"SAO DESIDERIO";"Acessar a via sem observar a presença dos outros veículos";"Colisão transversal";"Com Vítimas Fatais";"Plena Noite";"Crescente";"Chuva";"Simples";"Reta";"Sim";5;1;0;0;3;3;0;6;-12,739206;-45,939602;"SPRF-BA";"DEL10-BA";"UOP01-DEL10-BA"
663003;2025-02-22;"sábado";"10:30:00";"MA";10;41;"CAROLINA";"Transitar na contramão";"Colisão frontal";"Com Vítimas Fatais";"Pleno dia";"Crescente";"Céu Claro";"Simples";"Reta";"Não";3;2;0;0;0;2;0;4;-7,2849892;-47,4551688;"SPRF-MA";"DEL04-MA";"UOP02-DEL04-MA"
663011;2025-02-22;"sábado";"19:40:00";"SP";116;306;"SAO LOURENCO DA SERRA";"Pedestre - Ingestão de álcool/ substâncias psicoativas";"Atropelamento de Pedestre";"Com Vítimas Feridas";"Plena Noite";"Decrescente";"Céu Claro";"Múltipla";"Reta;Aclive";"Sim";2;0;1;0;0;1;1;2;-23,80564866;-46,92255182;"SPRF-SP";"DEL04-SP";"UOP01-DEL04-SP"
663019;2025-02-22;"sábado";"21:00:00";"SP";153;89;"MIRASSOL";"Ausência de reação do condutor";"Colisão traseira";"Com Vítimas Feridas";"Plena Noite";"Decrescente";"Céu Claro";"Dupla";"Reta";"Não";3;0;1;0;2;0;1;2;-20,94498178;-49,53459612;"SPRF-SP";"DEL09-SP";"UOP01-DEL09-SP"
663020;2025-02-22;"sábado";"16:20:00";"SC";280;291,4;"PORTO UNIAO";"Acessar a via sem observar a presença dos outros veículos";"Colisão transversal";"Com Vítimas Feridas";"Pleno dia";"Decrescente";"Céu Claro";"Simples";"Interseção de Vias;Reta";"Não";4;0;1;0;2;1;1;4;-26,29591587;-50,93223095;"SPRF-SC";"DEL06-SC";"UOP04-DEL06-SC"
663025;2025-02-22;"sábado";"22:28:00";"PA";163;547,5;"TRAIRAO";"Ingestão de álcool pelo condutor";"Colisão frontal";"Com Vítimas Fatais";"Plena Noite";"Crescente";"Nublado";"Simples";"Reta";"Não";3;1;0;0;1;2;0;4;-5,203752;-56,040262;"SPRF-PA";"DEL05-PA";"UOP03-DEL05-PA"
663042;2025-02-22;"sábado";"20:45:00";"MT";163;884;"ITAUBA";"Ausência de reação do condutor";"Colisão traseira";"Com Vítimas Feridas";"Plena Noite";"Decrescente";"Céu Claro";"Simples";"Reta";"Não";6;0;3;0;2;2;3;4;-11,16150303;-55,31378835;"SPRF-MT";"DEL06-MT";"UOP02-DEL06-MT"
663043;2025-02-22;"sábado";"23:40:00";"PR";277;13;"PARANAGUA";"Reação tardia ou ineficiente do condutor";"Colisão lateral mesmo sentido";"Com Vítimas Fatais";"Pleno dia";"Decrescente";"Garoa/Chuvisco";"Dupla";"Reta";"Não";4;1;0;1;1;1;1;3;-25,561367;-48,644905;"SPRF-PR";"DEL01-PR";"UOP05-DEL01-PR"
663045;2025-02-22;"sábado";"23:25:00";"MG";381;351;"JOAO MONLEVADE";"Ingestão de álcool pelo condutor";"Colisão frontal";"Com Vítimas Feridas";"Plena Noite";"Crescente";"Céu Claro";"Simples";"Reta";"Não";6;0;1;2;2;1;3;3;-19,8508673;-43,14275265;"SPRF-MG";"DEL03-MG";"UOP01-DEL03-MG"
663049;2025-02-22;"sábado";"21:00:00";"MG";116;375,4;"MATHIAS LOBATO";"Ingestão de álcool pelo condutor";"Colisão lateral mesmo sentido";"Com Vítimas Feridas";"Plena Noite";"Crescente";"Céu Claro";"Simples";"Reta";"Sim";3;0;1;0;1;1;1;3;-18,57403311;-41,91359282;"SPRF-MG";"DEL06-MG";"UOP01-DEL06-MG"
663062;2025-02-23;"domingo";"00:30:00";"MG";262;587;"CAMPOS ALTOS";"Velocidade Incompatível";"Tombamento";"Com Vítimas Feridas";"Plena Noite";"Crescente";"Céu Claro";"Simples";"Aclive;Curva";"Não";3;0;2;0;0;1;2;2;-19,65870246;-46,13119483;"SPRF-MG";"DEL08-MG";"UOP02-DEL08-MG"
663063;2025-02-23;"domingo";"00:25:00";"PE";316;74;"OURICURI";"Ausência de reação do condutor";"Tombamento";"Com Vítimas Feridas";"Plena Noite";"Decrescente";"Céu Claro";"Simples";"Declive";"Não";3;0;2;0;0;1;2;2;-7,82677705;-40,15323591;"SPRF-PE";"DEL05-PE";"UOP02-DEL05-PE"
663064;2025-02-23;"domingo";"01:30:00";"GO";20;9,1;"FORMOSA";"Ausência de reação do condutor";"Colisão traseira";"Com Vítimas Feridas";"Plena Noite";"Crescente";"Céu Claro";"Simples";"Reta;Declive";"Não";3;0;1;0;1;1;1;3;-15,5562065;-47,27127743;"SPRF-DF";"DEL02-DF";"UOP02-DEL02-DF"
663066;2025-02-22;"sábado";"21:45:00";"PE";407;117,1;"PETROLINA";"Acessar a via sem observar a presença dos outros veículos";"Colisão transversal";"Com Vítimas Fatais";"Plena Noite";"Crescente";"Céu Claro";"Simples";"Reta";"Não";2;1;0;0;1;0;0;2;-9,319069;-40,570842;"SPRF-PE";"DEL06-PE";"UOP01-DEL06-PE"
663067;2025-02-23;"domingo";"01:55:00";"SC";101;363;"SANGAO";"Condutor deixou de manter distância do veículo da frente";"Colisão traseira";"Sem Vítimas";"Plena Noite";"Crescente";"Céu Claro";"Múltipla";"Aclive;Reta";"Não";3;0;0;0;2;1;0;3;-28,67978684;-49,14094632;"SPRF-SC";"DEL02-SC";"UOP01-DEL02-SC"
663071;2025-02-23;"domingo";"01:20:00";"GO";364;205;"JATAI";"Reação tardia ou ineficiente do condutor";"Colisão lateral mesmo sentido";"Com Vítimas Feridas";"Plena Noite";"Decrescente";"Nublado";"Múltipla";"Reta;Declive";"Não";2;0;0;1;1;0;1;2;-17,907701;-51,801361;"SPRF-GO";"DEL05-GO";"UOP01-DEL05-GO"
663079;2025-02-23;"domingo";"01:40:00";"PR";376;338,6;"ORTIGUEIRA";"Velocidade Incompatível";"Tombamento";"Com Vítimas Feridas";"Plena Noite";"Crescente";"Céu Claro";"Simples";"Declive;Curva";"Não";2;0;1;0;0;1;1;2;-24,137624;-51,004054;"SPRF-PR";"DEL07-PR";"UOP02-DEL07-PR"
663086;2025-02-23;"domingo";"04:30:00";"SE";101;59;"ROSARIO DO CATETE";"Reação tardia ou ineficiente do condutor";"Tombamento";"Com Vítimas Feridas";"Plena Noite";"Crescente";"Céu Claro";"Simples";"Curva";"Não";2;0;1;0;1;0;1;1;-10,659626;-37,028757;"SPRF-SE";"DEL02-SE";"UOP02-DEL02-SE"
663101;2025-02-23;"domingo";"05:00:00";"GO";153;205;"URUACU";"Demais falhas mecânicas ou elétricas";"Incêndio";"Sem Vítimas";"Amanhecer";"Decrescente";"Céu Claro";"Simples";"Aclive;Reta";"Não";2;0;0;0;1;2;0;3;-14,5760351;-49,158116;"SPRF-GO";"DEL07-GO";"UOP02-DEL07-GO"
663120;2025-02-22;"sábado";"19:15:00";"BA";242;543;"OLIVEIRA DOS BREJINHOS";"Ultrapassagem Indevida";"Colisão frontal";"Com Vítimas Fatais";"Plena Noite";"Crescente";"Nublado";"Simples";"Reta";"Não";4;1;0;0;2;2;0;4;-12,192964;-42,82117;"SPRF-BA";"DEL06-BA";"UOP03-DEL06-BA"
663128;2025-02-19;"quarta-feira";"22:30:00";"PR";277;160;"PALMEIRA";"Reação tardia ou ineficiente do condutor";"Atropelamento de Pedestre";"Com Vítimas Feridas";"Plena Noite";"Decrescente";"Nublado";"Simples";"Reta";"Não";2;0;1;0;1;0;1;2;-25,4783;-49,8576;"SPRF-PR";"DEL03-PR";"UOP03-DEL03-PR"
663130;2025-02-23;"domingo";"07:59:00";"RJ";465;13;"SEROPEDICA";"Reação tardia ou ineficiente do condutor";"Colisão lateral mesmo sentido";"Com Vítimas Feridas";"Pleno dia";"Decrescente";"Sol";"Simples";"Reta";"Sim";2;0;1;0;0;1;1;2;-22,79879779;-43,64522159;"SPRF-RJ";"DEL06-RJ";"UOP02-DEL06-RJ"
663132;2025-02-23;"domingo";"03:23:00";"CE";222;115,5;"ITAPAJE";"Condutor deixou de manter distância do veículo da frente";"Colisão traseira";"Sem Vítimas";"Plena Noite";"Decrescente";"Céu Claro";"Simples";"Reta;Declive";"Sim";2;0;0;0;0;2;0;2;-3,739186;-39,542932;"SPRF-CE";"DEL04-CE";"UOP03-DEL04-CE"
663140;2025-02-23;"domingo";"07:00:00";"AM";174;898;"MANAUS";"Avarias e/ou desgaste excessivo no pneu";"Colisão com objeto";"Sem Vítimas";"Pleno dia";"Decrescente";"Garoa/Chuvisco";"Simples";"Curva";"Não";1;0;0;0;1;0;0;1;-2,85713;-60,037662;"SPRF-AM";"DEL01-AM";"UOP01-DEL01-AM"
663145;2025-01-30;"quinta-feira";"23:20:00";"SP";116;414;"JUQUIA";"Acessar a via sem observar a presença dos outros veículos";"Colisão lateral mesmo sentido";"Com Vítimas Feridas";"Plena Noite";"Crescente";"Garoa/Chuvisco";"Dupla";"Reta";"Não";3;0;1;0;1;1;1;3;-24,33164;-47,632774;"SPRF-SP";"DEL05-SP";"UOP01-DEL05-SP"
663146;2025-02-23;"domingo";"11:00:00";"SP";116;357,2;"MIRACATU";"Declive acentuado";"Queda de ocupante de veículo";"Com Vítimas Feridas";"Pleno dia";"Crescente";"Céu Claro";"Dupla";"Túnel;Reta;Declive";"Não";5;0;1;0;4;0;1;3;-24,095956;-47,256789;"SPRF-SP";"DEL04-SP";"UOP03-DEL04-SP"
663148;2025-02-23;"domingo";"10:58:00";"SC";282;537,6;"CHAPECO";"Velocidade Incompatível";"Colisão lateral sentido oposto";"Com Vítimas Feridas";"Pleno dia";"Decrescente";"Céu Claro";"Simples";"Curva;Declive";"Não";6;0;0;1;3;3;1;5;-27,00046252;-52,67041504;"SPRF-SC";"DEL07-SC";"UOP01-DEL07-SC"
663151;2025-02-23;"domingo";"08:55:00";"MA";135;60,6;"BACABEIRA";"Reação tardia ou ineficiente do condutor";"Saída de leito carroçável";"Sem Vítimas";"Pleno dia";"Crescente";"Céu Claro";"Dupla";"Reta";"Sim";2;0;0;0;1;2;0;3;-3,057642;-44,320242;"SPRF-MA";"DEL01-MA";"UOP02-DEL01-MA"
663154;2025-02-23;"domingo";"08:50:00";"BA";407;134,8;"SENHOR DO BONFIM";"Reação tardia ou ineficiente do condutor";"Colisão lateral sentido oposto";"Com Vítimas Feridas";"Pleno dia";"Crescente";"Céu Claro";"Simples";"Curva";"Não";3;0;1;0;1;3;1;5;-10,5233;-40,1394;"SPRF-BA";"DEL04-BA";"UOP01-DEL04-BA"
663159;2025-02-23;"domingo";"00:30:00";"SC";116;69;"MONTE CASTELO";"Reação tardia ou ineficiente do condutor";"Tombamento";"Com Vítimas Feridas";"Plena Noite";"Decrescente";"Céu Claro";"Simples";"Rotatória";"Não";2;0;1;0;0;1;1;2;-26,460469111;-50,22865534;"SPRF-SC";"DEL06-SC";"UOP02-DEL06-SC"
663161;2025-02-23;"domingo";"12:30:00";"SP";116;474,9;"JACUPIRANGA";"Ausência de reação do condutor";"Colisão traseira";"Com Vítimas Feridas";"Pleno dia";"Decrescente";"Céu Claro";"Dupla";"Reta";"Sim";6;0;1;0;4;1;1;3;-24,6879219;-47,9905504;"SPRF-SP";"DEL05-SP";"UOP01-DEL05-SP"
663163;2025-02-19;"quarta-feira";"19:15:00";"SC";282;428;"VARGEM BONITA";"Ultrapassagem Indevida";"Tombamento";"Com Vítimas Feridas";"Anoitecer";"Decrescente";"Céu Claro";"Simples";"Declive;Curva";"Não";3;0;1;0;1;1;1;3;-26,9761438;-51,7722168;"SPRF-SC";"DEL07-SC";"UOP05-DEL07-SC"
663168;2025-02-23;"domingo";"13:50:00";"RS";392;93;"PELOTAS";"Acessar a via sem observar a presença dos outros veículos";"Colisão transversal";"Com Vítimas Feridas";"Pleno dia";"Decrescente";"Céu Claro";"Simples";"Curva;Aclive";"Não";3;0;1;0;1;2;1;4;-31,5794126;-52,5344653;"SPRF-RS";"DEL07-RS";"UOP01-DEL07-RS"
663172;2025-02-23;"domingo";"14:30:00";"RJ";101;190;"CASIMIRO DE ABREU";"Acessar a via sem observar a presença dos outros veículos";"Colisão lateral mesmo sentido";"Com Vítimas Feridas";"Pleno dia";"Decrescente";"Céu Claro";"Dupla";"Curva";"Não";3;0;1;0;1;1;1;3;-22,4608502;-42,06287384;"SPRF-RJ";"DEL08-RJ";"UOP04-DEL08-RJ"
663176;2025-02-23;"domingo";"15:00:00";"MG";116;287,9;"TEOFILO OTONI";"Acessar a via sem observar a presença dos outros veículos";"Colisão lateral mesmo sentido";"Com Vítimas Feridas";"Pleno dia";"Crescente";"Céu Claro";"Simples";"Reta;Declive";"Não";3;0;1;0;1;2;1;4;-17,95146;-41,533298;"SPRF-MG";"DEL11-MG";"UOP01-DEL11-MG"
663182;2025-02-23;"domingo";"15:15:00";"GO";153;28,8;"PORANGATU";"Ultrapassagem Indevida";"Colisão lateral sentido oposto";"Com Vítimas Fatais";"Pleno dia";"Decrescente";"Céu Claro";"Simples";"Reta";"Não";8;3;0;1;3;2;1;5;-13,08264;-49,19062;"SPRF-GO";"DEL07-GO";"UOP01-DEL07-GO"
663183;2025-02-23;"domingo";"10:30:00";"MT";70;241;"POXOREO";"Velocidade Incompatível";"Saída de leito carroçável";"Com Vítimas Feridas";"Pleno dia";"Decrescente";"Céu Claro";"Simples";"Curva;Aclive";"Não";4;0;2;0;0;3;2;4;-15,615798;-54,039737;"SPRF-MT";"DEL05-MT";"UOP01-DEL05-MT"
663186;2025-02-23;"domingo";"12:10:00";"RJ";116;284;"BARRA MANSA";"Trafegar com motocicleta (ou similar) entre as faixas";"Colisão traseira";"Com Vítimas Feridas";"Pleno dia";"Decrescente";"Céu Claro";"Dupla";"Curva;Declive";"Não";5;0;2;0;2;1;2;5;-22,5106738;-44,21774983;"SPRF-RJ";"DEL07-RJ";"UOP02-DEL07-RJ"
663205;2025-02-23;"domingo";"17:00:00";"SP";116;36,8;"CACHOEIRA PAULISTA";"Manobra de mudança de faixa";"Capotamento";"Com Vítimas Feridas";"Pleno dia";"Decrescente";"Nublado";"Dupla";"Aclive;Reta";"Sim";2;0;1;0;0;1;1;2;-22,664699;-44,984001;"SPRF-SP";"DEL08-SP";"UOP02-DEL08-SP"
663216;2025-02-23;"domingo";"15:30:00";"RS";158;96,5;"PALMEIRA DAS MISSOES";"Desrespeitar a preferência no cruzamento";"Colisão transversal";"Com Vítimas Feridas";"Pleno dia";"Crescente";"Céu Claro";"Simples";"Interseção de Vias";"Não";5;0;4;0;0;1;4;3;-27,866867;-53,333138;"SPRF-RS";"DEL08-RS";"UOP01-DEL08-RS"
663217;2025-02-23;"domingo";"18:20:00";"PB";101;83;"BAYEUX";"Reação tardia ou ineficiente do condutor";"Colisão lateral mesmo sentido";"Com Vítimas Feridas";"Plena Noite";"Decrescente";"Céu Claro";"Dupla";"Interseção de Vias;Viaduto;Reta";"Sim";3;0;0;1;2;0;1;2;-7,13140572;-34,93222976;"SPRF-PB";"DEL01-PB";"UOP01-DEL01-PB"
663218;2025-02-23;"domingo";"16:50:00";"RJ";393;111,1;"SAPUCAIA";"Mal súbito do condutor";"Saída de leito carroçável";"Com Vítimas Feridas";"Pleno dia";"Crescente";"Céu Claro";"Simples";"Reta";"Não";1;0;1;0;0;0;1;1;-21,9096;-42,73955;"SPRF-RJ";"DEL05-RJ";"UOP01-DEL05-RJ"
663219;2025-02-23;"domingo";"10:30:00";"PR";369;99,7;"CORNELIO PROCOPIO";"Mal súbito do condutor";"Tombamento";"Com Vítimas Feridas";"Pleno dia";"Crescente";"Céu Claro";"Dupla";"Aclive;Curva";"Não";2;0;1;0;0;1;1;2;-23,24482061;-50,71187675;"SPRF-PR";"DEL07-PR";"UOP05-DEL07-PR"
663225;2025-02-23;"domingo";"15:55:00";"MA";135;76;"SANTA RITA";"Ultrapassagem Indevida";"Colisão traseira";"Sem Vítimas";"Pleno dia";"Decrescente";"Céu Claro";"Simples";"Curva";"Não";3;0;0;0;2;2;0;4;-3,192188;-44,352892;"SPRF-MA";"DEL01-MA";"UOP02-DEL01-MA"
663238;2025-02-23;"domingo";"20:20:00";"MG";40;443,8;"PARAOPEBA";"Velocidade Incompatível";"Tombamento";"Sem Vítimas";"Plena Noite";"Crescente";"Céu Claro";"Dupla";"Retorno Regulamentado;Curva";"Não";2;0;0;0;1;1;0;2;-19,2817;-44,409;"SPRF-MG";"DEL02-MG";"UOP01-DEL02-MG"
663245;2025-02-23;"domingo";"20:20:00";"PE";232;251,8;"ARCOVERDE";"Transitar na contramão";"Colisão transversal";"Com Vítimas Feridas";"Plena Noite";"Decrescente";"Céu Claro";"Simples";"Reta";"Sim";2;0;0;1;1;0;1;2;-8,42928005;-37,06062332;"SPRF-PE";"DEL04-PE";"UOP02-DEL04-PE"
663254;2025-02-23;"domingo";"21:20:00";"MG";40;467,9;"SETE LAGOAS";"Condutor deixou de manter distância do veículo da frente";"Colisão traseira";"Com Vítimas Feridas";"Plena Noite";"Crescente";"Céu Claro";"Dupla";"Reta";"Não";4;0;1;0;3;0;1;2;-19,46628292;-44,29640579;"SPRF-MG";"DEL02-MG";"UOP01-DEL02-MG"
663262;2025-02-23;"domingo";"20:50:00";"RS";290;21,2;"SANTO ANTONIO DA PATRULHA";"Manobra de mudança de faixa";"Colisão traseira";"Com Vítimas Feridas";"Plena Noite";"Crescente";"Céu Claro";"Dupla";"Reta";"Não";5;0;1;0;3;1;1;3;-29,88988;-50,466929;"SPRF-RS";"DEL03-RS";"UOP01-DEL03-RS"
663263;2025-02-23;"domingo";"21:18:00";"TO";153;264,5;"BRASILANDIA DO TOCANTINS";"Iluminação deficiente";"Atropelamento de Pedestre";"Com Vítimas Feridas";"Plena Noite";"Decrescente";"Chuva";"Simples";"Reta";"Não";3;0;0;1;2;0;1;2;-8,216412;-48,464197;"SPRF-TO";"DEL02-TO";"UOP02-DEL02-TO"
663275;2025-02-23;"domingo";"23:00:00";"PE";423;55,2;"LAJEDO";"Transitar na contramão";"Colisão frontal";"Com Vítimas Fatais";"Plena Noite";"Crescente";"Céu Claro";"Simples";"Reta";"Não";2;1;1;0;0;0;1;2;-8,6185063;-36,2997266;"SPRF-PE";"DEL03-PE";"UOP01-DEL03-PE"
663277;2025-02-23;"domingo";"16:22:00";"RO";364;286;"PRESIDENTE MEDICI";"Ultrapassagem Indevida";"Colisão lateral sentido oposto";"Com Vítimas Feridas";"Pleno dia";"Crescente";"Nublado";"Simples";"Reta";"Não";2;0;0;1;0;1;1;2;-11,356792;-61,851348;"SPRF-RO";"DEL02-RO";"UOP01-DEL02-RO"
663284;2025-02-24;"segunda-feira";"01:05:00";"PR";163;162,8;"LINDOESTE";"Ausência de reação do condutor";"Tombamento";"Com Vítimas Feridas";"Plena Noite";"Decrescente";"Nublado";"Simples";"Curva";"Não";2;0;1;0;1;0;1;2;-25,18317208;-53,60166092;"SPRF-PR";"DEL05-PR";"UOP05-DEL05-PR"
663285;2025-02-23;"domingo";"21:40:00";"MG";116;453,1;"ENGENHEIRO CALDAS";"Condutor Dormindo";"Saída de leito carroçável";"Com Vítimas Feridas";"Plena Noite";"Crescente";"Céu Claro";"Simples";"Reta";"Não";1;0;0;1;0;0;1;1;-19,178839;-42,037426;"SPRF-MG";"DEL06-MG";"UOP02-DEL06-MG"
663286;2025-02-23;"domingo";"20:30:00";"RJ";393;148;"TRES RIOS";"Demais falhas mecânicas ou elétricas";"Colisão frontal";"Com Vítimas Fatais";"Plena Noite";"Crescente";"Céu Claro";"Simples";"Curva";"Não";3;1;1;0;0;1;1;3;-22,06276153;-43,02894484;"SPRF-RJ";"DEL05-RJ";"UOP01-DEL05-RJ"
663291;2025-02-23;"domingo";"23:00:00";"PI";135;432;"MONTE ALEGRE DO PIAUI";"Transitar na contramão";"Colisão frontal";"Com Vítimas Fatais";"Plena Noite";"Crescente";"Nublado";"Simples";"Aclive;Reta";"Não";4;1;0;2;0;1;2;3;-9,557952;-44,765422;"SPRF-PI";"DEL03-PI";"UOP02-DEL03-PI"
663293;2025-02-24;"segunda-feira";"03:02:00";"PE";101;77;"RECIFE";"Reação tardia ou ineficiente do condutor";"Saída de leito carroçável";"Sem Vítimas";"Plena Noite";"Decrescente";"Céu Claro";"Dupla";"Curva";"Sim";1;0;0;0;1;0;0;1;-8,133824;-34,947203;"SPRF-PE";"DEL01-PE";"UOP01-DEL01-PE"