"id";"data_inversa";"dia_semana";"horario";"uf";"br";"km";"municipio";"causa_acidente";"tipo_acidente";"classificacao_acidente";"fase_dia";"sentido_via";"condicao_metereologica";"tipo_pista";"tracado_via";"uso_solo";"pessoas";"mortos";"feridos_leves";"feridos_graves";"ilesos";"ignorados";"feridos";"veiculos";"latitude";"longitude";"regional";"delegacia";"uop"
663294;2025-02-24;"segunda-feira";"04:25:00";"PR";476;179,9;"CONTENDA";"Transitar na contramão";"Colisão frontal";"Com Vítimas Fatais";"Plena Noite";"Decrescente";"Nublado";"Simples";"Reta";"Não";3;2;0;0;1;0;0;2;-25,707096;-49,597699;"SPRF-PR";"DEL01-PR";"UOP06-DEL01-PR"
663295;2025-02-24;"segunda-feira";"04:43:00";"MG";381;943,8;"EXTREMA";"Demais falhas mecânicas ou elétricas";"Incêndio";"Sem Vítimas";"Amanhecer";"Crescente";"Céu Claro";"Dupla";"Reta;Declive";"Não";2;0;0;0;1;1;0;2;-22,8451282;-46,3316651;"SPRF-MG";"DEL16-MG";"UOP03-DEL16-MG"
663299;2025-02-24;"segunda-feira";"03:30:00";"PI";230;279,9;"DOM EXPEDITO LOPES";"Transitar na contramão";"Colisão lateral sentido oposto";"Sem Vítimas";"Plena Noite";"Crescente";"Céu Claro";"Simples";"Declive";"Não";2;0;0;0;0;2;0;2;-6,96330465;-41,68868781;"SPRF-PI";"DEL03-PI";"UOP01-DEL03-PI"
663300;2025-02-24;"segunda-feira";"05:11:00";"PE";424;83,7;"GARANHUNS";"Acumulo de óleo sobre o pavimento";"Colisão frontal";"Com Vítimas Feridas";"Pleno dia";"Crescente";"Céu Claro";"Simples";"Curva";"Não";2;0;0;1;1;0;1;2;-8,8496641;-36,5152933;"SPRF-PE";"DEL03-PE";"UOP01-DEL03-PE"
663303;2025-02-24;"segunda-feira";"05:50:00";"MG";381;490,7;"BETIM";"Trafegar com motocicleta (ou similar) entre as faixas";"Colisão lateral mesmo sentido";"Com Vítimas Feridas";"Amanhecer";"Crescente";"Céu Claro";"Múltipla";"Reta";"Sim";4;0;0;1;2;1;1;4;-19,9569274;-44,1506997;"SPRF-MG";"DEL01-MG";"UOP03-DEL01-MG"
663307;2025-02-24;"segunda-feira";"04:42:00";"MS";267;223;"NOVA ALVORADA DO SUL";"Manobra de mudança de faixa";"Colisão frontal";"Com Vítimas Feridas";"Amanhecer";"Decrescente";"Céu Claro";"Simples";"Reta";"Não";3;0;1;1;0;2;2;4;-21,547283;-54,151123;"SPRF-MS";"DEL02-MS";"UOP01-DEL02-MS"
663316;2025-02-24;"segunda-feira";"07:10:00";"BA";324;521;"FEIRA DE SANTANA";"Condutor deixou de manter distância do veículo da frente";"Engavetamento";"Sem Vítimas";"Pleno dia";"Crescente";"Céu Claro";"Dupla";"Reta";"Não";3;0;0;0;2;1;0;3;-12,2828006;-38,9215758;"SPRF-BA";"DEL01-BA";"UOP03-DEL01-BA"
663318;2025-02-24;"segunda-feira";"06:45:00";"PR";376;308,2;"ORTIGUEIRA";"Velocidade Incompatível";"Tombamento";"Com Vítimas Feridas";"Amanhecer";"Crescente";"Sol";"Dupla";"Curva";"Não";2;0;0;1;0;1;1;2;-23,9511751;-51,11844063;"SPRF-PR";"DEL07-PR";"UOP02-DEL07-PR"
663323;2025-02-24;"segunda-feira";"06:00:00";"CE";20;380;"CAUCAIA";"Demais falhas mecânicas ou elétricas";"Incêndio";"Sem Vítimas";"Amanhecer";"Crescente";"Nublado";"Simples";"Reta";"Não";1;0;0;0;1;0;0;1;-3,915802;-38,850632;"SPRF-CE";"DEL01-CE";"UOP01-DEL01-CE"
663326;2025-02-24;"segunda-feira";"07:10:00";"SP";153;61,6;"SAO JOSE DO RIO PRETO";"Ingestão de álcool pelo condutor";"Colisão traseira";"Sem Vítimas";"Pleno dia";"Crescente";"Céu Claro";"Dupla";"Reta";"Sim";3;0;0;0;2;1;0;3;-20,80969253;-49,35655653;"SPRF-SP";"DEL09-SP";"UOP01-DEL09-SP"
663327;2025-02-24;"segunda-feira";"06:55:00";"PB";230;36;"SANTA RITA";"Demais falhas mecânicas ou elétricas";"Engavetamento";"Com Vítimas Feridas";"Pleno dia";"Decrescente";"Céu Claro";"Dupla";"Curva;Declive";"Sim";10;0;4;0;6;0;4;6;-7,125307;-34,947477;"SPRF-PB";"DEL01-PB";"UOP03-DEL01-PB"
663339;2025-02-24;"segunda-feira";"08:00:00";"MG";381;798;"SAO GONCALO DO SAPUCAI";"Demais falhas mecânicas ou elétricas";"Incêndio";"Sem Vítimas";"Pleno dia";"Decrescente";"Céu Claro";"Dupla";"Reta";"Não";1;0;0;0;1;0;0;1;-21,91820419;-45,59051514;"SPRF-MG";"DEL16-MG";"UOP02-DEL16-MG"
663340;2025-02-23;"domingo";"16:40:00";"PA";163;513;"ITAITUBA";"Reação tardia ou ineficiente do condutor";"Colisão transversal";"Com Vítimas Feridas";"Pleno dia";"Decrescente";"Céu Claro";"Simples";"Reta";"Não";4;0;2;0;1;3;2;5;-5,411084;-55,886005;"SPRF-PA";"DEL05-PA";"UOP03-DEL05-PA"
663343;2025-02-24;"segunda-feira";"07:50:00";"MG";381;333;"NOVA ERA";"Velocidade Incompatível";"Tombamento";"Com Vítimas Feridas";"Pleno dia";"Decrescente";"Sol";"Simples";"Curva";"Não";1;0;0;1;0;0;1;1;-19,76218018;-43,0355072;"SPRF-MG";"DEL03-MG";"UOP01-DEL03-MG"
663346;2025-02-24;"segunda-feira";"08:30:00";"BA";324;620;"SIMOES FILHO";"Condutor deixou de manter distância do veículo da frente";"Colisão traseira";"Com Vítimas Feridas";"Pleno dia";"Decrescente";"Céu Claro";"Múltipla";"Reta";"Sim";3;0;1;0;2;0;1;3;-12,7930742;-38,4045294;"SPRF-BA";"DEL01-BA";"UOP01-DEL01-BA"
663348;2025-02-24;"segunda-feira";"08:05:00";"MG";146;486;"POCOS DE CALDAS";"Manobra de mudança de faixa";"Colisão lateral mesmo sentido";"Com Vítimas Feridas";"Pleno dia";"Decrescente";"Céu Claro";"Simples";"Reta";"Não";2;0;0;1;1;0;1;2;-21,80818244;-46,4921397;"SPRF-MG";"DEL09-MG";"UOP01-DEL09-MG"
663354;2025-02-24;"segunda-feira";"08:45:00";"BA";101;504;"ITABUNA";"Acessar a via sem observar a presença dos outros veículos";"Colisão transversal";"Com Vítimas Feridas";"Pleno dia";"Crescente";"Sol";"Simples";"Aclive;Reta";"Sim";2;0;1;0;1;0;1;2;-14,781878;-39,289808;"SPRF-BA";"DEL05-BA";"UOP01-DEL05-BA"
663358;2025-02-24;"segunda-feira";"10:03:00";"PE";101;35;"ITAPISSUMA";"Ausência de reação do condutor";"Colisão traseira";"Com Vítimas Feridas";"Pleno dia";"Crescente";"Céu Claro";"Dupla";"Aclive";"Não";2;0;1;0;0;1;1;2;-7,78526765;-34,93079424;"SPRF-PE";"DEL01-PE";"UOP02-DEL01-PE"
663360;2025-02-24;"segunda-feira";"07:40:00";"MA";135;10;"SAO LUIS";"Acessar a via sem observar a presença dos outros veículos";"Colisão lateral mesmo sentido";"Com Vítimas Feridas";"Pleno dia";"Crescente";"Céu Claro";"Dupla";"Reta";"Sim";3;0;3;0;0;0;3;2;-2,662893;-44,285905;"SPRF-MA";"DEL01-MA";"UOP01-DEL01-MA"
663361;2025-02-24;"segunda-feira";"09:40:00";"PB";230;505,5;"CAJAZEIRAS";"Acessar a via sem observar a presença dos outros veículos";"Colisão transversal";"Com Vítimas Feridas";"Pleno dia";"Decrescente";"Céu Claro";"Simples";"Interseção de Vias;Em Obras;Curva";"Sim";2;0;1;0;1;0;1;2;-6,90242;-38,565697;"SPRF-PB";"DEL03-PB";"UOP03-DEL03-PB"
663363;2025-02-24;"segunda-feira";"05:37:00";"MG";116;222;"CATUJI";"Pista Escorregadia";"Colisão lateral sentido oposto";"Com Vítimas Feridas";"Amanhecer";"Crescente";"Garoa/Chuvisco";"Simples";"Curva;Declive";"Não";5;0;1;0;3;2;1;5;-17,430725;-41,51466;"SPRF-MG";"DEL11-MG";"UOP01-DEL11-MG"
663368;2025-02-24;"segunda-feira";"10:30:00";"BA";324;616,5;"SALVADOR";"Ausência de reação do condutor";"Colisão traseira";"Sem Vítimas";"Pleno dia";"Crescente";"Céu Claro";"Múltipla";"Reta";"Sim";3;0;0;0;2;1;0;3;-12,88788;-38,442537;"SPRF-BA";"DEL01-BA";"UOP01-DEL01-BA"
663372;2025-02-24;"segunda-feira";"10:10:00";"SP";381;86,9;"SAO PAULO";"Estacionar ou parar em local proibido";"Colisão traseira";"Com Vítimas Feridas";"Pleno dia";"Crescente";"Céu Claro";"Múltipla";"Reta";"Sim";3;0;1;0;1;1;1;3;-23,47122868;-46,565907;"SPRF-SP";"DEL03-SP";"UOP01-DEL03-SP"
663373;2025-02-24;"segunda-feira";"11:20:00";"MG";40;597,7;"OURO PRETO";"Ausência de reação do condutor";"Colisão frontal";"Com Vítimas Feridas";"Pleno dia";"Crescente";"Sol";"Simples";"Reta";"Não";4;0;0;1;2;1;1;4;-20,4226366;-43,878575;"SPRF-MG";"DEL05-MG";"UOP02-DEL05-MG"
663374;2025-02-24;"segunda-feira";"10:00:00";"PR";277;385;"CANDOI";"Ausência de reação do condutor";"Engavetamento";"Com Vítimas Feridas";"Pleno dia";"Decrescente";"Céu Claro";"Simples";"Reta";"Não";4;0;1;0;2;1;1;4;-25,4386383;-51,8281301;"SPRF-PR";"DEL08-PR";"UOP01-DEL08-PR"
663380;2025-01-31;"sexta-feira";"23:29:00";"RO";364;669;"CANDEIAS DO JAMARI";"Ingestão de substâncias psicoativas pelo condutor";"Colisão frontal";"Com Vítimas Feridas";"Plena Noite";"Decrescente";"Céu Claro";"Simples";"Reta";"Não";16;0;6;4;3;5;10;9;-8,7753;-63,4933;"SPRF-RO";"DEL01-RO";"UOP01-DEL01-RO"
663389;2025-02-24;"segunda-feira";"12:20:00";"AL";316;107,4;"DOIS RIACHOS";"Ultrapassagem Indevida";"Colisão lateral mesmo sentido";"Com Vítimas Feridas";"Pleno dia";"Decrescente";"Céu Claro";"Simples";"Reta";"Não";5;0;1;1;3;0;2;2;-9,388603;-37,05005;"SPRF-AL";"DEL03-AL";"UOP01-DEL03-AL"
663392;2025-02-24;"segunda-feira";"12:20:00";"SC";101;4;"ITAJAI";"Acesso irregular";"Colisão transversal";"Com Vítimas Feridas";"Pleno dia";"Decrescente";"Sol";"Dupla";"Interseção de Vias";"Sim";3;0;1;0;1;1;1;3;-26,94802427;-48,6719272;"SPRF-SC";"DEL03-SC";"UOP01-DEL03-SC"
663395;2025-02-24;"segunda-feira";"11:15:00";"BA";324;534;"CONCEICAO DO JACUIPE";"Ausência de reação do condutor";"Colisão traseira";"Com Vítimas Feridas";"Pleno dia";"Decrescente";"Chuva";"Dupla";"Reta;Declive";"Não";4;0;1;0;3;0;1;3;-12,36056706;-38,82445246;"SPRF-BA";"DEL01-BA";"UOP03-DEL01-BA"
663408;2025-02-24;"segunda-feira";"14:00:00";"GO";60;198,1;"GUAPO";"Ausência de reação do condutor";"Colisão traseira";"Com Vítimas Feridas";"Pleno dia";"Decrescente";"Nublado";"Dupla";"Aclive;Reta";"Não";2;0;1;1;0;0;2;2;-16,872644;-49,611626;"SPRF-GO";"DEL01-GO";"UOP02-DEL01-GO"
663409;2025-02-24;"segunda-feira";"14:05:00";"MG";40;588,3;"ITABIRITO";"Problema com o freio";"Colisão lateral mesmo sentido";"Com Vítimas Feridas";"Pleno dia";"Decrescente";"Sol";"Simples";"Curva;Declive";"Não";7;0;0;2;4;2;2;7;-20,35564082;-43,90951037;"SPRF-MG";"DEL01-MG";"UOP02-DEL01-MG"
663416;2025-02-24;"segunda-feira";"15:00:00";"PR";376;592;"CURITIBA";"Acessar a via sem observar a presença dos outros veículos";"Colisão lateral mesmo sentido";"Com Vítimas Feridas";"Pleno dia";"Crescente";"Céu Claro";"Dupla";"Interseção de Vias";"Sim";3;0;1;1;1;0;2;2;-25,42988909;-49,36635196;"SPRF-PR";"DEL03-PR";"UOP03-DEL03-PR"
663417;2025-02-24;"segunda-feira";"13:30:00";"MT";163;747;"SORRISO";"Acessar a via sem observar a presença dos outros veículos";"Colisão transversal";"Com Vítimas Feridas";"Pleno dia";"Decrescente";"Céu Claro";"Dupla";"Interseção de Vias;Reta";"Sim";3;0;1;0;1;3;1;5;-12,59342331;-55,74354529;"SPRF-MT";"DEL06-MT";"UOP01-DEL06-MT"
663419;2025-02-24;"segunda-feira";"15:10:00";"MG";262;357;"BETIM";"Reação tardia ou ineficiente do condutor";"Colisão traseira";"Com Vítimas Feridas";"Pleno dia";"Decrescente";"Céu Claro";"Dupla";"Reta";"Sim";4;0;1;0;2;1;1;3;-19,9836901;-44,23718405;"SPRF-MG";"DEL01-MG";"UOP03-DEL01-MG"
663421;2025-02-24;"segunda-feira";"09:15:00";"MG";365;490,2;"PATROCINIO";"Demais falhas mecânicas ou elétricas";"Tombamento";"Com Vítimas Feridas";"Pleno dia";"Decrescente";"Céu Claro";"Simples";"Reta";"Não";1;0;1;0;0;0;1;1;-18,94460855;-47,29202271;"SPRF-MG";"DEL10-MG";"UOP01-DEL10-MG"
663424;2025-02-24;"segunda-feira";"16:00:00";"SC";101;111;"NAVEGANTES";"Acessar a via sem observar a presença dos outros veículos";"Colisão lateral mesmo sentido";"Com Vítimas Feridas";"Pleno dia";"Crescente";"Céu Claro";"Múltipla";"Reta";"Não";2;0;1;0;0;1;1;2;-26,84075811;-48,71534538;"SPRF-SC";"DEL04-SC";"UOP04-DEL04-SC"
663427;2025-02-24;"segunda-feira";"15:35:00";"MG";262;431;"SAO GONCALO DO PARA";"Reação tardia ou ineficiente do condutor";"Tombamento";"Com Vítimas Fatais";"Pleno dia";"Decrescente";"Céu Claro";"Dupla";"Curva";"Não";2;1;0;0;0;2;0;3;-19,894253;-44,876348;"SPRF-MG";"DEL08-MG";"UOP03-DEL08-MG"
663433;2025-02-24;"segunda-feira";"16:00:00";"MG";365;794;"GURINHATA";"Velocidade Incompatível";"Saída de leito carroçável";"Com Vítimas Feridas";"Pleno dia";"Crescente";"Chuva";"Simples";"Reta;Declive";"Não";3;0;1;0;1;1;1;2;-18,92529639;-49,85520601;"SPRF-MG";"DEL15-MG";"UOP03-DEL15-MG"
663437;2025-02-24;"segunda-feira";"13:40:00";"MS";262;28;"TRES LAGOAS";"Transitar na contramão";"Colisão frontal";"Com Vítimas Fatais";"Pleno dia";"Crescente";"Céu Claro";"Simples";"Reta";"Não";3;1;0;0;1;3;0;5;-20,74027987;-52,10289717;"SPRF-MS";"DEL07-MS";"UOP01-DEL07-MS"
663438;2025-02-24;"segunda-feira";"14:00:00";"GO";153;688;"PANAMA";"Ausência de reação do condutor";"Colisão traseira";"Sem Vítimas";"Pleno dia";"Decrescente";"Céu Claro";"Dupla";"Aclive";"Não";2;0;0;0;2;0;0;2;-18,16715856;-49,28868055;"SPRF-GO";"DEL03-GO";"UOP02-DEL03-GO"
663447;2025-02-24;"segunda-feira";"16:10:00";"BA";101;349,1;"WENCESLAU GUIMARAES";"Reação tardia ou ineficiente do condutor";"Tombamento";"Com Vítimas Feridas";"Pleno dia";"Decrescente";"Nublado";"Simples";"Curva";"Não";3;0;0;2;0;1;2;2;-13,618328;-39,496742;"SPRF-BA";"DEL05-BA";"UOP03-DEL05-BA"
663448;2025-02-24;"segunda-feira";"12:30:00";"BA";324;534;"CONCEICAO DO JACUIPE";"Pista Escorregadia";"Saída de leito carroçável";"Com Vítimas Feridas";"Pleno dia";"Decrescente";"Chuva";"Dupla";"Reta";"Não";1;0;1;0;0;0;1;1;-12,36280742;-38,82259369;"SPRF-BA";"DEL01-BA";"UOP03-DEL01-BA"
663452;2025-02-24;"segunda-feira";"17:00:00";"MG";153;135;"PRATA";"Velocidade Incompatível";"Saída de leito carroçável";"Com Vítimas Feridas";"Pleno dia";"Decrescente";"Chuva";"Simples";"Reta;Declive";"Não";2;0;1;0;0;1;1;2;-19,49313322;-48,85654449;"SPRF-MG";"DEL15-MG";"UOP03-DEL15-MG"
663455;2025-02-24;"segunda-feira";"17:30:00";"SP";116;230;"SAO PAULO";"Reação tardia ou ineficiente do condutor";"Engavetamento";"Com Vítimas Feridas";"Pleno dia";"Decrescente";"Céu Claro";"Simples";"Reta";"Não";3;0;0;1;2;0;1;3;-23,51965152;-46,58230484;"SPRF-SP";"DEL01-SP";"UOP01-DEL01-SP"
663462;2025-02-24;"segunda-feira";"18:10:00";"PR";277;42;"MORRETES";"Problema com o freio";"Colisão traseira";"Com Vítimas Feridas";"Anoitecer";"Crescente";"Nublado";"Dupla";"Declive;Curva";"Não";2;0;2;0;0;0;2;1;-25,580517;-48,87479;"SPRF-PR";"DEL01-PR";"UOP05-DEL01-PR"
663463;2025-02-24;"segunda-feira";"15:10:00";"BA";116;854;"VITORIA DA CONQUISTA";"Reação tardia ou ineficiente do condutor";"Colisão traseira";"Sem Vítimas";"Pleno dia";"Crescente";"Céu Claro";"Simples";"Em Obras;Reta";"Não";4;0;0;0;3;3;0;6;-15,08523552;-41,01137465;"SPRF-BA";"DEL08-BA";"UOP01-DEL08-BA"
663473;2025-02-22;"sábado";"05:00:00";"MT";364;155;"PEDRA PRETA";"Reação tardia ou ineficiente do condutor";"Saída de leito carroçável";"Com Vítimas Feridas";"Amanhecer";"Decrescente";"Céu Claro";"Simples";"Reta";"Não";2;0;0;1;0;2;1;3;-16,63959701;-54,43081856;"SPRF-MT";"DEL02-MT";"UOP01-DEL02-MT"
663476;2025-02-24;"segunda-feira";"17:30:00";"RS";470;184;"VERANOPOLIS";"Ingestão de álcool pelo condutor";"Saída de leito carroçável";"Com Vítimas Feridas";"Anoitecer";"Crescente";"Céu Claro";"Simples";"Reta";"Sim";1;0;1;0;0;0;1;1;-28,9963455;-51,5585519;"SPRF-RS";"DEL06-RS";"UOP02-DEL06-RS"
663481;2025-02-24;"segunda-feira";"14:20:00";"BA";110;323;"ALAGOINHAS";"Carga excessiva e/ou mal acondicionada";"Tombamento";"Sem Vítimas";"Pleno dia";"Crescente";"Céu Claro";"Simples";"Curva;Declive";"Não";1;0;0;0;1;0;0;1;-12,049;-38,36083;"SPRF-BA";"DEL01-BA";"UOP04-DEL01-BA"
663482;2025-02-24;"segunda-feira";"17:30:00";"RJ";116;27;"SAPUCAIA";"Velocidade Incompatível";"Colisão traseira";"Com Vítimas Feridas";"Plena Noite";"Decrescente";"Chuva";"Simples";"Curva";"Não";3;0;0;2;1;0;2;2;-22,05094401;-42,78921789;"SPRF-RJ";"DEL05-RJ";"UOP01-DEL05-RJ"
663483;2025-02-24;"segunda-feira";"17:30:00";"PR";277;382;"CANDOI";"Ausência de reação do condutor";"Tombamento";"Com Vítimas Feridas";"Pleno dia";"Crescente";"Céu Claro";"Simples";"Curva";"Não";2;0;0;1;0;1;1;2;-25,45902251;-51,95818122;"SPRF-PR";"DEL08-PR";"UOP01-DEL08-PR"
663484;2025-02-24;"segunda-feira";"19:30:00";"MG";381;918,2;"CAMANDUCAIA";"Reação tardia ou ineficiente do condutor";"Colisão traseira";"Com Vítimas Feridas";"Plena Noite";"Crescente";"Céu Claro";"Dupla";"Curva;Declive";"Não";5;0;1;0;3;1;1;3;-22,75200972;-46,14252806;"SPRF-MG";"DEL16-MG";"UOP03-DEL16-MG"
663488;2025-02-24;"segunda-feira";"19:20:00";"MG";381;363;"SAO GONCALO DO RIO ABAIXO";"Transitar na contramão";"Colisão frontal";"Com Vítimas Fatais";"Plena Noite";"Crescente";"Chuva";"Dupla";"Curva;Aclive";"Não";3;1;0;0;0;2;0;3;-19,856754;-43,219754;"SPRF-MG";"DEL03-MG";"UOP01-DEL03-MG"
663489;2025-02-24;"segunda-feira";"18:00:00";"SC";282;2;"FLORIANOPOLIS";"Ingestão de substâncias psicoativas pelo condutor";"Colisão traseira";"Com Vítimas Feridas";"Pleno dia";"Crescente";"Céu Claro";"Múltipla";"Reta";"Sim";3;0;1;0;1;1;1;3;-27,6034998;-48,58758267;"SPRF-SC";"DEL01-SC";"UOP01-DEL01-SC"
663490;2025-02-24;"segunda-feira";"19:50:00";"ES";101;286;"CARIACICA";"Pista Escorregadia";"Saída de leito carroçável";"Com Vítimas Feridas";"Plena Noite";"Crescente";"Nublado";"Dupla";"Curva;Declive";"Sim";2;0;1;0;0;1;1;2;-20,2577618;-40,3774027;"SPRF-ES";"DEL01-ES";"UOP01-DEL01-ES"
663493;2025-02-24;"segunda-feira";"18:30:00";"TO";153;401;"MIRANORTE";"Ausência de reação do condutor";"Colisão lateral sentido oposto";"Com Vítimas Feridas";"Plena Noite";"Crescente";"Chuva";"Dupla";"Reta;Declive";"Não";2;0;1;0;1;0;1;2;-9,45195777;-48,57675205;"SPRF-TO";"DEL02-TO";"UOP02-DEL02-TO"
663496;2025-02-24;"segunda-feira";"16:49:00";"RO";364;391,3;"OURO PRETO DO OESTE";"Ausência de reação do condutor";"Colisão traseira";"Com Vítimas Feridas";"Pleno dia";"Crescente";"Céu Claro";"Simples";"Reta;Aclive";"Não";5;0;4;0;1;0;4;2;-10,666435;-62,290983;"SPRF-RO";"DEL03-RO";"UOP02-DEL03-RO"
663504;2025-02-24;"segunda-feira";"19:55:00";"BA";324;585;"CANDEIAS";"Manobra de mudança de faixa";"Saída de leito carroçável";"Com Vítimas Feridas";"Plena Noite";"Crescente";"Céu Claro";"Dupla";"Reta";"Não";4;0;2;0;1;1;2;2;-12,6991099;-38,4631415;"SPRF-BA";"DEL01-BA";"UOP01-DEL01-BA"
663505;2025-02-24;"segunda-feira";"17:40:00";"PR";116;112;"CURITIBA";"Trafegar com motocicleta (ou similar) entre as faixas";"Colisão traseira";"Com Vítimas Fatais";"Pleno dia";"Crescente";"Céu Claro";"Dupla";"Reta";"Sim";4;1;0;0;2;3;0;6;-25,54928341;-49,28380966;"SPRF-PR";"DEL01-PR";"UOP03-DEL01-PR"
663510;2025-02-24;"segunda-feira";"18:00:00";"GO";60;441;"JATAI";"Avarias e/ou desgaste excessivo no pneu";"Colisão transversal";"Sem Vítimas";"Anoitecer";"Decrescente";"Chuva";"Dupla";"Reta";"Não";3;0;0;0;1;2;0;3;-17,84158;-51,445163;"SPRF-GO";"DEL05-GO";"UOP01-DEL05-GO"
663524;2025-02-24;"segunda-feira";"19:30:00";"SC";116;187,4;"SAO CRISTOVAO DO SUL";"Transitar na contramão";"Colisão frontal";"Com Vítimas Fatais";"Plena Noite";"Decrescente";"Céu Claro";"Simples";"Reta";"Não";5;2;2;0;1;0;2;2;-27,32311063;-50,42296235;"SPRF-SC";"DEL05-SC";"UOP03-DEL05-SC"
663525;2025-02-24;"segunda-feira";"15:04:00";"MT";70;695,2;"CACERES";"Velocidade Incompatível";"Tombamento";"Com Vítimas Feridas";"Pleno dia";"Decrescente";"Nublado";"Simples";"Curva";"Não";2;0;1;0;0;2;1;3;-16,25091;-57,465843;"SPRF-MT";"DEL03-MT";"UOP01-DEL03-MT"
663526;2025-02-24;"segunda-feira";"23:30:00";"SC";101;207,2;"SAO JOSE";"Condutor deixou de manter distância do veículo da frente";"Colisão lateral mesmo sentido";"Com Vítimas Feridas";"Plena Noite";"Decrescente";"Céu Claro";"Dupla";"Curva";"Sim";4;0;2;0;1;1;2;3;-27,59796775;-48,62031698;"SPRF-SC";"DEL01-SC";"UOP01-DEL01-SC"
663527;2025-02-24;"segunda-feira";"13:15:00";"RS";116;104,9;"SAO MARCOS";"Reação tardia ou ineficiente do condutor";"Tombamento";"Com Vítimas Feridas";"Pleno dia";"Crescente";"Céu Claro";"Simples";"Curva";"Não";2;0;1;0;0;1;1;2;-28,91050519;-51,11027835;"SPRF-RS";"DEL05-RS";"UOP01-DEL05-RS"
663529;2025-02-24;"segunda-feira";"23:20:00";"GO";153;490;"GOIANIA";"Mal súbito do condutor";"Colisão com objeto";"Com Vítimas Feridas";"Plena Noite";"Crescente";"Chuva";"Simples";"Declive";"Sim";1;0;1;0;0;0;1;1;-16,61725211;-49,20642441;"SPRF-GO";"DEL01-GO";"UOP01-DEL01-GO"
663532;2025-02-24;"segunda-feira";"23:11:00";"CE";116;54;"PACAJUS";"Condutor Dormindo";"Colisão frontal";"Com Vítimas Fatais";"Plena Noite";"Crescente";"Nublado";"Simples";"Reta";"Não";3;2;1;0;0;0;1;2;-4,205084;-38,471082;"SPRF-CE";"DEL01-CE";"UOP02-DEL01-CE"
663533;2025-02-24;"segunda-feira";"18:15:00";"PI";343;334;"TERESINA";"Condutor deixou de manter distância do veículo da frente";"Colisão com objeto";"Com Vítimas Feridas";"Plena Noite";"Decrescente";"Céu Claro";"Dupla";"Reta";"Sim";2;0;1;0;0;1;1;2;-5,05759166;-42,68778333;"SPRF-PI";"DEL01-PI";"UOP01-DEL01-PI"
663536;2025-02-25;"terça-feira";"00:10:00";"BA";20;193;"LUIS EDUARDO MAGALHAES";"Ingestão de álcool pelo condutor";"Tombamento";"Com Vítimas Feridas";"Plena Noite";"Crescente";"Céu Claro";"Simples";"Reta";"Não";4;0;1;0;0;4;1;4;-12,25815244;-45,84025462;"SPRF-BA";"DEL10-BA";"UOP01-DEL10-BA"
663540;2025-02-25;"terça-feira";"02:15:00";"RJ";116;197;"QUEIMADOS";"Mal súbito do condutor";"Colisão com objeto";"Com Vítimas Fatais";"Plena Noite";"Decrescente";"Céu Claro";"Dupla";"Reta";"Sim";1;1;0;0;0;0;0;1;-22,7300451;-43,562602;"SPRF-RJ";"DEL06-RJ";"UOP02-DEL06-RJ"
663551;2025-02-25;"terça-feira";"06:50:00";"SC";101;211,6;"PALHOCA";"Manobra de mudança de faixa";"Colisão lateral mesmo sentido";"Com Vítimas Feridas";"Pleno dia";"Decrescente";"Céu Claro";"Múltipla";"Reta";"Não";4;0;2;0;0;2;2;3;-27,62771;-48,65666;"SPRF-SC";"DEL01-SC";"UOP02-DEL01-SC"
663559;2025-02-24;"segunda-feira";"22:15:00";"MA";316;425,5;"PERITORO";"Acessar a via sem observar a presença dos outros veículos";"Colisão frontal";"Com Vítimas Feridas";"Plena Noite";"Decrescente";"Céu Claro";"Simples";"Interseção de Vias;Reta";"Sim";3;0;1;0;1;1;1;3;-4,37627944;-44,3270874;"SPRF-MA";"DEL03-MA";"UOP01-DEL03-MA"
663561;2025-02-24;"segunda-feira";"23:00:00";"PR";153;163;"VENTANIA";"Problema com o freio";"Incêndio";"Sem Vítimas";"Plena Noite";"Decrescente";"Céu Claro";"Simples";"Curva;Aclive";"Não";2;0;0;0;1;1;0;2;-24,244887;-50,24858952;"SPRF-PR";"DEL03-PR";"UOP02-DEL03-PR"
663569;2025-02-25;"terça-feira";"06:50:00";"PR";376;602;"CURITIBA";"Trafegar com motocicleta (ou similar) entre as faixas";"Colisão lateral mesmo sentido";"Com Vítimas Feridas";"Amanhecer";"Decrescente";"Céu Claro";"Dupla";"Reta";"Não";3;0;1;0;2;0;1;3;-25,50902735;-49,3395406;"SPRF-PR";"DEL01-PR";"UOP06-DEL01-PR"
663571;2025-02-25;"terça-feira";"08:50:00";"RS";285;457,3;"IJUI";"Condutor deixou de manter distância do veículo da frente";"Colisão traseira";"Com Vítimas Feridas";"Pleno dia";"Crescente";"Céu Claro";"Simples";"Declive";"Não";2;0;2;0;0;0;2;2;-28,40454205;-53,89937103;"SPRF-RS";"DEL10-RS";"UOP01-DEL10-RS"
663582;2025-02-25;"terça-feira";"09:10:00";"GO";153;699,4;"ITUMBIARA";"Acessar a via sem observar a presença dos outros veículos";"Colisão lateral sentido oposto";"Com Vítimas Feridas";"Pleno dia";"Crescente";"Céu Claro";"Simples";"Interseção de Vias;Reta";"Sim";3;0;1;0;1;2;1;4;-18,38125495;-49,20947671;"SPRF-GO";"DEL03-GO";"UOP02-DEL03-GO"