"id";"data_inversa";"dia_semana";"horario";"uf";"br";"km";"municipio";"causa_acidente";"tipo_acidente";"classificacao_acidente";"fase_dia";"sentido_via";"condicao_metereologica";"tipo_pista";"tracado_via";"uso_solo";"pessoas";"mortos";"feridos_leves";"feridos_graves";"ilesos";"ignorados";"feridos";"veiculos";"latitude";"longitude";"regional";"delegacia";"uop"
663588;2025-02-25;"terça-feira";"10:24:00";"CE";116;19;"EUSEBIO";"Acessar a via sem observar a presença dos outros veículos";"Colisão transversal";"Com Vítimas Feridas";"Pleno dia";"Crescente";"Nublado";"Dupla";"Reta";"Sim";4;0;2;0;1;1;2;3;-3,91819259;-38,50735903;"SPRF-CE";"DEL01-CE";"UOP02-DEL01-CE"
663589;2025-02-25;"terça-feira";"09:20:00";"RJ";116;230;"PIRAI";"Ausência de reação do condutor";"Colisão traseira";"Com Vítimas Feridas";"Pleno dia";"Decrescente";"Sol";"Dupla";"Curva";"Não";4;0;1;1;1;1;2;3;-22,67037716;-43,82806242;"SPRF-RJ";"DEL07-RJ";"UOP01-DEL07-RJ"
663590;2025-02-25;"terça-feira";"10:00:00";"PE";101;58,4;"RECIFE";"Manobra de mudança de faixa";"Tombamento";"Com Vítimas Fatais";"Pleno dia";"Decrescente";"Céu Claro";"Dupla";"Reta";"Sim";2;1;0;0;0;1;0;2;-7,97474;-34,92201;"SPRF-PE";"DEL01-PE";"UOP02-DEL01-PE"
663592;2025-02-25;"terça-feira";"10:45:00";"ES";101;340,8;"GUARAPARI";"Manobra de mudança de faixa";"Colisão traseira";"Com Vítimas Feridas";"Pleno dia";"Decrescente";"Sol";"Dupla";"Reta";"Não";4;0;1;1;1;2;2;4;-20,650432;-40,570847;"SPRF-ES";"DEL03-ES";"UOP01-DEL03-ES"
663593;2025-01-29;"quarta-feira";"03:45:00";"RJ";101;115;"CAMPOS DOS GOYTACAZES";"Ausência de reação do condutor";"Colisão traseira";"Com Vítimas Feridas";"Plena Noite";"Decrescente";"Céu Claro";"Dupla";"Curva";"Não";2;0;0;1;1;0;1;2;-21,99406996;-41,66375867;"SPRF-RJ";"DEL08-RJ";"UOP02-DEL08-RJ"
663601;2025-02-25;"terça-feira";"11:50:00";"SC";282;467;"PONTE SERRADA";"Acessar a via sem observar a presença dos outros veículos";"Colisão transversal";"Com Vítimas Feridas";"Pleno dia";"Crescente";"Céu Claro";"Simples";"Reta";"Não";4;0;4;0;0;0;4;2;-26,85436439;-52,08445966;"SPRF-SC";"DEL07-SC";"UOP04-DEL07-SC"
663602;2025-02-25;"terça-feira";"12:45:00";"PR";116;141,7;"MANDIRITUBA";"Acessar a via sem observar a presença dos outros veículos";"Colisão transversal";"Com Vítimas Feridas";"Pleno dia";"Crescente";"Sol";"Dupla";"Interseção de Vias";"Sim";4;0;1;0;2;1;1;3;-25,7772176;-49,3244378;"SPRF-PR";"DEL01-PR";"UOP03-DEL01-PR"
663603;2025-02-25;"terça-feira";"10:40:00";"MT";163;1089;"GUARANTA DO NORTE";"Reação tardia ou ineficiente do condutor";"Colisão com objeto";"Sem Vítimas";"Pleno dia";"Decrescente";"Céu Claro";"Simples";"Curva";"Não";2;0;0;0;1;1;0;2;-9,759202;-54,895701;"SPRF-MT";"DEL06-MT";"UOP03-DEL06-MT"
663609;2025-02-25;"terça-feira";"12:40:00";"SC";282;533;"CHAPECO";"Reação tardia ou ineficiente do condutor";"Colisão lateral sentido oposto";"Com Vítimas Feridas";"Pleno dia";"Crescente";"Céu Claro";"Simples";"Reta";"Não";1;0;1;0;0;0;1;1;-27,00064609;-52,65992761;"SPRF-SC";"DEL07-SC";"UOP01-DEL07-SC"
663611;2025-02-25;"terça-feira";"11:40:00";"BA";101;322;"PRESIDENTE TANCREDO NEVES";"Mal súbito do condutor";"Colisão transversal";"Com Vítimas Fatais";"Pleno dia";"Crescente";"Sol";"Simples";"Reta";"Não";3;1;0;0;1;1;0;3;-13,389;-39,396;"SPRF-BA";"DEL05-BA";"UOP03-DEL05-BA"
663613;2025-02-25;"terça-feira";"13:15:00";"PR";277;23,5;"MORRETES";"Manobra de mudança de faixa";"Colisão lateral mesmo sentido";"Com Vítimas Feridas";"Pleno dia";"Crescente";"Sol";"Dupla";"Curva";"Não";4;0;2;0;0;2;2;3;-25,52801171;-48,73910129;"SPRF-PR";"DEL01-PR";"UOP05-DEL01-PR"
663616;2025-01-28;"terça-feira";"13:40:00";"GO";452;127;"BOM JESUS DE GOIAS";"Transitar na contramão";"Colisão lateral sentido oposto";"Com Vítimas Feridas";"Pleno dia";"Crescente";"Sol";"Simples";"Reta";"Não";5;0;0;1;3;4;1;8;-18,20596184;-49,76484391;"SPRF-GO";"DEL03-GO";"UOP02-DEL03-GO"
663618;2025-02-25;"terça-feira";"13:45:00";"SC";101;41;"PALHOCA";"Condutor deixou de manter distância do veículo da frente";"Colisão traseira";"Com Vítimas Fatais";"Pleno dia";"Crescente";"Céu Claro";"Dupla";"Reta";"Não";3;1;0;0;2;0;0;3;-27,65159075;-48,7247622;"SPRF-SC";"DEL01-SC";"UOP02-DEL01-SC"
663619;2025-02-25;"terça-feira";"13:13:00";"PR";376;3,2;"MARINGA";"Reação tardia ou ineficiente do condutor";"Engavetamento";"Com Vítimas Fatais";"Pleno dia";"Crescente";"Céu Claro";"Dupla";"Em Obras;Reta;Declive";"Não";7;2;1;0;3;2;1;7;-23,38905051;-51,96782988;"SPRF-PR";"DEL09-PR";"UOP01-DEL09-PR"
663620;2025-01-15;"quarta-feira";"20:00:00";"PR";376;199,6;"MARIALVA";"Pedestre andava na pista";"Atropelamento de Pedestre";"Com Vítimas Fatais";"Plena Noite";"Crescente";"Céu Claro";"Dupla";"Aclive";"Não";2;1;0;0;1;0;0;2;-23,50719669;-51,73201193;"SPRF-PR";"DEL09-PR";"UOP01-DEL09-PR"
663622;2025-02-25;"terça-feira";"15:25:00";"BA";116;437,7;"FEIRA DE SANTANA";"Ausência de reação do condutor";"Colisão traseira";"Com Vítimas Feridas";"Pleno dia";"Crescente";"Céu Claro";"Dupla";"Aclive;Reta";"Não";3;0;0;1;1;1;1;3;-12,33198192;-39,0663871;"SPRF-BA";"DEL02-BA";"UOP01-DEL02-BA"
663623;2025-02-25;"terça-feira";"15:10:00";"MG";40;760,9;"JUIZ DE FORA";"Manobra de mudança de faixa";"Saída de leito carroçável";"Com Vítimas Feridas";"Pleno dia";"Crescente";"Céu Claro";"Simples";"Reta";"Não";4;0;1;0;1;2;1;4;-21,61866893;-43,45475622;"SPRF-MG";"DEL05-MG";"UOP01-DEL05-MG"
663626;2025-02-25;"terça-feira";"13:50:00";"MS";267;668,6;"PORTO MURTINHO";"Manobra de mudança de faixa";"Colisão lateral sentido oposto";"Com Vítimas Feridas";"Pleno dia";"Decrescente";"Céu Claro";"Simples";"Reta";"Não";3;0;0;1;1;3;1;5;-21,709801;-57,73449;"SPRF-MS";"DEL05-MS";"UOP01-DEL05-MS"
663628;2025-02-25;"terça-feira";"15:00:00";"PR";277;141;"BALSA NOVA";"Condutor deixou de manter distância do veículo da frente";"Colisão traseira";"Com Vítimas Feridas";"Pleno dia";"Decrescente";"Céu Claro";"Dupla";"Aclive;Reta";"Não";5;0;1;0;4;0;1;2;-25,47124;-49,67495;"SPRF-PR";"DEL03-PR";"UOP03-DEL03-PR"
663631;2025-02-25;"terça-feira";"15:50:00";"BA";101;744;"ITABELA";"Reação tardia ou ineficiente do condutor";"Saída de leito carroçável";"Com Vítimas Feridas";"Pleno dia";"Decrescente";"Céu Claro";"Simples";"Curva";"Não";3;0;2;0;0;1;2;2;-16,56248735;-39,5643558;"SPRF-BA";"DEL09-BA";"UOP01-DEL09-BA"
663633;2025-02-25;"terça-feira";"12:12:00";"RO";364;515;"ARIQUEMES";"Acessar a via sem observar a presença dos outros veículos";"Colisão lateral mesmo sentido";"Sem Vítimas";"Pleno dia";"Decrescente";"Céu Claro";"Simples";"Reta";"Sim";4;0;0;0;2;2;0;4;-9,92433686;-63,05499494;"SPRF-RO";"DEL03-RO";"UOP01-DEL03-RO"
663637;2025-02-25;"terça-feira";"16:20:00";"SP";116;213;"GUARULHOS";"Pedestre andava na pista";"Atropelamento de Pedestre";"Com Vítimas Feridas";"Pleno dia";"Decrescente";"Sol";"Múltipla";"Reta";"Sim";2;0;1;0;1;0;1;2;-23,44160167;-46,44095778;"SPRF-SP";"DEL01-SP";"UOP01-DEL01-SP"
663639;2025-01-05;"domingo";"20:00:00";"MG";262;798;"UBERABA";"Suicídio (presumido)";"Atropelamento de Pedestre";"Com Vítimas Fatais";"Plena Noite";"Crescente";"Nublado";"Simples";"Reta";"Não";3;1;0;0;1;2;0;4;-19,766049;-47,876805;"SPRF-MG";"DEL13-MG";"UOP01-DEL13-MG"
663641;2025-02-13;"quinta-feira";"08:30:00";"BA";242;322;"LAJEDINHO";"Ausência de reação do condutor";"Tombamento";"Sem Vítimas";"Pleno dia";"Decrescente";"Céu Claro";"Simples";"Curva";"Não";2;0;0;0;0;4;0;4;-12,46661659;-41,08145578;"SPRF-BA";"DEL06-BA";"UOP02-DEL06-BA"
663643;2025-02-17;"segunda-feira";"13:30:00";"PB";405;39,7;"SAO JOAO DO RIO DO PEIXE";"Ausência de reação do condutor";"Colisão lateral mesmo sentido";"Com Vítimas Feridas";"Pleno dia";"Decrescente";"Sol";"Simples";"Reta";"Não";2;0;0;1;1;0;1;2;-6,775888;-38,42709;"SPRF-PB";"DEL03-PB";"UOP03-DEL03-PB"
663644;2025-02-25;"terça-feira";"10:00:00";"PR";376;668;"GUARATUBA";"Demais falhas mecânicas ou elétricas";"Incêndio";"Sem Vítimas";"Pleno dia";"Crescente";"Céu Claro";"Dupla";"Declive";"Não";2;0;0;0;1;1;0;2;-25,86950429;-48,93431783;"SPRF-PR";"DEL01-PR";"UOP04-DEL01-PR"
663647;2025-02-25;"terça-feira";"15:20:00";"SC";282;462;"PONTE SERRADA";"Acessar a via sem observar a presença dos outros veículos";"Colisão transversal";"Com Vítimas Feridas";"Pleno dia";"Decrescente";"Garoa/Chuvisco";"Dupla";"Reta";"Não";3;0;0;2;1;0;2;2;-26,86634766;-52,02299416;"SPRF-SC";"DEL07-SC";"UOP04-DEL07-SC"
663649;2025-02-25;"terça-feira";"17:00:00";"SP";116;76,6;"ROSEIRA";"Reação tardia ou ineficiente do condutor";"Engavetamento";"Com Vítimas Feridas";"Anoitecer";"Decrescente";"Céu Claro";"Dupla";"Reta";"Não";7;0;1;0;6;0;1;7;-22,88015417;-45,27558851;"SPRF-SP";"DEL08-SP";"UOP01-DEL08-SP"
663651;2025-02-25;"terça-feira";"14:27:00";"GO";153;551;"PIRACANJUBA";"Chuva";"Saída de leito carroçável";"Com Vítimas Feridas";"Pleno dia";"Crescente";"Chuva";"Dupla";"Declive";"Não";1;0;0;1;0;0;1;1;-17,1632;-49,2126;"SPRF-GO";"DEL01-GO";"UOP03-DEL01-GO"
663655;2025-02-25;"terça-feira";"17:00:00";"BA";324;620;"SALVADOR";"Transitar no Acostamento";"Colisão lateral mesmo sentido";"Com Vítimas Fatais";"Pleno dia";"Decrescente";"Nublado";"Múltipla";"Reta";"Sim";4;1;0;1;1;1;1;3;-12,915117;-38,461017;"SPRF-BA";"DEL01-BA";"UOP01-DEL01-BA"
663656;2025-02-25;"terça-feira";"16:50:00";"PR";153;92,2;"JAPIRA";"Velocidade Incompatível";"Tombamento";"Com Vítimas Feridas";"Pleno dia";"Decrescente";"Céu Claro";"Simples";"Curva";"Não";2;0;1;0;0;2;1;3;-23,70684448;-50,1743331;"SPRF-PR";"DEL07-PR";"UOP04-DEL07-PR"
663657;2025-01-02;"quinta-feira";"12:00:00";"RJ";116;228;"PIRAI";"Velocidade Incompatível";"Colisão traseira";"Com Vítimas Feridas";"Pleno dia";"Decrescente";"Céu Claro";"Simples";"Aclive;Curva";"Não";3;0;1;1;0;1;2;3;-22,660623;-43,82667;"SPRF-RJ";"DEL07-RJ";"UOP01-DEL07-RJ"
663659;2025-02-04;"terça-feira";"09:45:00";"MG";40;24,6;"PARACATU";"Transitar na contramão";"Colisão frontal";"Com Vítimas Fatais";"Pleno dia";"Crescente";"Céu Claro";"Simples";"Reta";"Não";5;3;0;0;1;1;0;3;-17,12698254;-46,97983452;"SPRF-MG";"DEL14-MG";"UOP01-DEL14-MG"
663661;2025-02-25;"terça-feira";"17:01:00";"GO";40;42,7;"LUZIANIA";"Reação tardia ou ineficiente do condutor";"Colisão lateral sentido oposto";"Com Vítimas Feridas";"Pleno dia";"Decrescente";"Chuva";"Dupla";"Curva;Declive";"Não";5;0;0;2;2;1;2;4;-16,381753;-47,826975;"SPRF-DF";"DEL01-DF";"UOP02-DEL01-DF"
663664;2025-02-25;"terça-feira";"17:30:00";"GO";60;173,2;"ABADIA DE GOIAS";"Ausência de reação do condutor";"Saída de leito carroçável";"Com Vítimas Feridas";"Pleno dia";"Decrescente";"Céu Claro";"Dupla";"Reta";"Não";2;0;1;0;0;1;1;2;-16,75221344;-49,43158579;"SPRF-GO";"DEL01-GO";"UOP02-DEL01-GO"
663665;2025-02-25;"terça-feira";"18:20:00";"SE";235;3,3;"ARACAJU";"Condutor deixou de manter distância do veículo da frente";"Colisão traseira";"Com Vítimas Feridas";"Plena Noite";"Crescente";"Céu Claro";"Dupla";"Reta";"Sim";3;0;1;1;1;0;2;3;-10,90647032;-37,1056366;"SPRF-SE";"DEL01-SE";"UOP01-DEL01-SE"
663667;2025-02-25;"terça-feira";"17:54:00";"PB";230;94,5;"GURINHEM";"Reação tardia ou ineficiente do condutor";"Tombamento";"Com Vítimas Feridas";"Plena Noite";"Decrescente";"Céu Claro";"Dupla";"Retorno Regulamentado;Reta";"Não";1;0;1;0;0;0;1;1;-7,18425502;-35,44325173;"SPRF-PB";"DEL01-PB";"UOP03-DEL01-PB"
663670;2025-02-25;"terça-feira";"17:50:00";"MA";10;320,1;"ACAILANDIA";"Acessar a via sem observar a presença dos outros veículos";"Colisão transversal";"Com Vítimas Feridas";"Anoitecer";"Crescente";"Nublado";"Simples";"Interseção de Vias;Reta";"Sim";2;0;1;0;1;0;1;2;-4,950763;-47,503347;"SPRF-MA";"DEL04-MA";"UOP03-DEL04-MA"
663680;2025-02-25;"terça-feira";"19:20:00";"TO";10;458;"PALMAS";"Manobra de mudança de faixa";"Colisão lateral mesmo sentido";"Sem Vítimas";"Plena Noite";"Crescente";"Chuva";"Dupla";"Aclive;Reta";"Sim";2;0;0;0;2;0;0;2;-10,2775;-48,30098;"SPRF-TO";"DEL01-TO";"UOP03-DEL01-TO"
663683;2025-02-25;"terça-feira";"17:15:00";"PI";343;211;"CAPITAO DE CAMPOS";"Manobra de mudança de faixa";"Colisão lateral mesmo sentido";"Sem Vítimas";"Anoitecer";"Decrescente";"Garoa/Chuvisco";"Dupla";"Reta";"Não";2;0;0;0;2;0;0;2;-4,45842233;-41,94119454;"SPRF-PI";"DEL02-PI";"UOP01-DEL02-PI"
663685;2025-02-25;"terça-feira";"16:00:00";"SC";101;319;"PESCARIA BRAVA";"Avarias e/ou desgaste excessivo no pneu";"Colisão com objeto";"Com Vítimas Feridas";"Pleno dia";"Decrescente";"Céu Claro";"Múltipla";"Reta";"Não";1;0;0;1;0;0;1;1;-28,42620765;-48,88870418;"SPRF-SC";"DEL02-SC";"UOP01-DEL02-SC"
663686;2025-02-25;"terça-feira";"17:45:00";"MG";40;672,7;"CARANDAI";"Chuva";"Colisão frontal";"Com Vítimas Fatais";"Anoitecer";"Crescente";"Chuva";"Simples";"Reta";"Não";3;1;0;0;1;1;0;3;-20,99473845;-43,77781391;"SPRF-MG";"DEL05-MG";"UOP02-DEL05-MG"
663687;2025-02-25;"terça-feira";"19:00:00";"BA";324;625,6;"SALVADOR";"Trafegar com motocicleta (ou similar) entre as faixas";"Colisão lateral mesmo sentido";"Com Vítimas Feridas";"Plena Noite";"Decrescente";"Nublado";"Múltipla";"Reta";"Sim";3;0;0;1;1;1;1;3;-12,959585;-38,473059;"SPRF-BA";"DEL01-BA";"UOP01-DEL01-BA"
663689;2025-02-25;"terça-feira";"14:20:00";"RJ";493;3;"ITABORAI";"Acesso irregular";"Colisão lateral mesmo sentido";"Com Vítimas Feridas";"Pleno dia";"Crescente";"Céu Claro";"Dupla";"Reta";"Não";2;0;1;0;1;0;1;2;-22,74430311;-42,95200132;"SPRF-RJ";"DEL02-RJ";"UOP02-DEL02-RJ"
663690;2025-02-25;"terça-feira";"19:33:00";"DF";70;9,5;"BRASILIA";"Ingestão de álcool pelo condutor";"Colisão transversal";"Com Vítimas Feridas";"Plena Noite";"Decrescente";"Céu Claro";"Múltipla";"Interseção de Vias;Reta";"Não";7;0;1;2;3;1;3;4;-15,786157;-48,136345;"SPRF-DF";"DEL03-DF";"UOP02-DEL03-DF"
663706;2025-02-25;"terça-feira";"14:40:00";"MT";163;903;"ITAUBA";"Reação tardia ou ineficiente do condutor";"Saída de leito carroçável";"Sem Vítimas";"Pleno dia";"Crescente";"Nublado";"Simples";"Reta";"Não";2;0;0;0;1;2;0;3;-11,28146;-55,31643;"SPRF-MT";"DEL06-MT";"UOP02-DEL06-MT"
663708;2025-02-25;"terça-feira";"21:05:00";"TO";153;656,1;"GURUPI";"Conversão proibida";"Colisão transversal";"Com Vítimas Feridas";"Plena Noite";"Crescente";"Chuva";"Simples";"Reta";"Não";2;0;0;1;1;0;1;2;-11,6737554;-49,06494141;"SPRF-TO";"DEL01-TO";"UOP02-DEL01-TO"
663709;2025-02-25;"terça-feira";"19:30:00";"CE";230;83;"VARZEA ALEGRE";"Trafegar com motocicleta (ou similar) entre as faixas";"Colisão traseira";"Com Vítimas Fatais";"Plena Noite";"Crescente";"Céu Claro";"Simples";"Reta";"Sim";3;1;0;0;1;1;0;3;-6,790669;-39,321747;"SPRF-CE";"DEL05-CE";"UOP01-DEL05-CE"
663718;2025-02-25;"terça-feira";"22:00:00";"PR";376;525,7;"PONTA GROSSA";"Condutor Dormindo";"Colisão traseira";"Com Vítimas Feridas";"Plena Noite";"Crescente";"Céu Claro";"Dupla";"Aclive;Reta";"Não";7;0;1;3;2;2;4;4;-25,28;-49,919;"SPRF-PR";"DEL03-PR";"UOP04-DEL03-PR"
663719;2025-02-25;"terça-feira";"22:30:00";"SC";116;117,5;"SANTA CECILIA";"Ausência de reação do condutor";"Tombamento";"Sem Vítimas";"Plena Noite";"Decrescente";"Céu Claro";"Simples";"Curva;Aclive";"Não";2;0;0;0;2;0;0;1;-26,8188461;-50,3506027;"SPRF-SC";"DEL06-SC";"UOP02-DEL06-SC"
663721;2025-01-20;"segunda-feira";"13:10:00";"ES";101;278,2;"SERRA";"Condutor deixou de manter distância do veículo da frente";"Colisão traseira";"Sem Vítimas";"Pleno dia";"Crescente";"Sol";"Dupla";"Reta";"Não";3;0;0;0;2;2;0;4;-20,21698365;-40,32974606;"SPRF-ES";"DEL02-ES";"UOP01-DEL02-ES"
663723;2025-02-25;"terça-feira";"22:30:00";"RJ";393;231;"VASSOURAS";"Frear bruscamente";"Derramamento de carga";"Sem Vítimas";"Plena Noite";"Crescente";"Nublado";"Simples";"Aclive;Reta";"Sim";2;0;0;0;1;1;0;2;-22,39547542;-43,65623474;"SPRF-RJ";"DEL05-RJ";"UOP03-DEL05-RJ"
663724;2025-02-26;"quarta-feira";"01:12:00";"SP";153;69;"SAO JOSE DO RIO PRETO";"Reação tardia ou ineficiente do condutor";"Colisão traseira";"Com Vítimas Feridas";"Plena Noite";"Crescente";"Céu Claro";"Dupla";"Curva";"Sim";2;0;1;0;1;0;1;2;-20,851135;-49,398843;"SPRF-SP";"DEL09-SP";"UOP01-DEL09-SP"
663725;2025-02-26;"quarta-feira";"01:50:00";"MG";381;824,4;"SAO SEBASTIAO DA BELA VISTA";"Condutor Dormindo";"Tombamento";"Com Vítimas Feridas";"Plena Noite";"Decrescente";"Céu Claro";"Dupla";"Reta";"Não";2;0;1;0;0;1;1;2;-22,160686;-45,828851;"SPRF-MG";"DEL16-MG";"UOP02-DEL16-MG"
663726;2025-02-26;"quarta-feira";"00:20:00";"SC";101;242,9;"PAULO LOPES";"Ausência de reação do condutor";"Colisão traseira";"Com Vítimas Feridas";"Plena Noite";"Crescente";"Céu Claro";"Múltipla";"Reta";"Não";2;0;1;0;1;0;1;2;-27,94593979;-48,66999191;"SPRF-SC";"DEL01-SC";"UOP02-DEL01-SC"
663727;2025-02-26;"quarta-feira";"02:30:00";"SP";116;348;"MIRACATU";"Demais falhas mecânicas ou elétricas";"Incêndio";"Sem Vítimas";"Plena Noite";"Decrescente";"Céu Claro";"Dupla";"Reta";"Não";3;0;0;0;2;1;0;2;-24,05950155;-47,21983752;"SPRF-SP";"DEL04-SP";"UOP03-DEL04-SP"
663729;2025-02-26;"quarta-feira";"02:40:00";"MG";381;877,5;"ESTIVA";"Condutor Dormindo";"Colisão traseira";"Com Vítimas Feridas";"Plena Noite";"Crescente";"Céu Claro";"Dupla";"Reta";"Não";2;0;1;0;1;0;1;2;-22,44507498;-45,99326928;"SPRF-MG";"DEL16-MG";"UOP01-DEL16-MG"
663730;2025-02-26;"quarta-feira";"02:40:00";"MS";262;177;"RIBAS DO RIO PARDO";"Transitar na contramão";"Colisão lateral sentido oposto";"Com Vítimas Feridas";"Plena Noite";"Crescente";"Chuva";"Simples";"Reta";"Não";3;0;1;0;1;1;1;3;-20,412085;-53,18354;"SPRF-MS";"DEL07-MS";"UOP02-DEL07-MS"
663731;2025-02-26;"quarta-feira";"04:40:00";"MG";153;179;"COMENDADOR GOMES";"Condutor Dormindo";"Colisão frontal";"Com Vítimas Fatais";"Amanhecer";"Decrescente";"Céu Claro";"Simples";"Reta;Declive";"Não";5;1;1;0;2;2;1;4;-19,79374;-48,966392;"SPRF-MG";"DEL13-MG";"UOP02-DEL13-MG"
663739;2025-02-26;"quarta-feira";"06:40:00";"PR";277;484;"NOVA LARANJEIRAS";"Transitar na contramão";"Colisão frontal";"Com Vítimas Feridas";"Pleno dia";"Crescente";"Céu Claro";"Simples";"Reta";"Não";2;0;1;0;1;0;1;2;-25,2608;-52,6263;"SPRF-PR";"DEL04-PR";"UOP02-DEL04-PR"
663740;2025-02-26;"quarta-feira";"07:10:00";"SP";153;58;"SAO JOSE DO RIO PRETO";"Ausência de reação do condutor";"Colisão traseira";"Com Vítimas Feridas";"Pleno dia";"Crescente";"Céu Claro";"Dupla";"Aclive;Reta";"Sim";7;0;1;0;5;3;1;9;-20,78010973;-49,35331106;"SPRF-SP";"DEL09-SP";"UOP01-DEL09-SP"
663741;2025-02-26;"quarta-feira";"06:00:00";"BA";242;401;"SEABRA";"Reação tardia ou ineficiente do condutor";"Tombamento";"Com Vítimas Feridas";"Pleno dia";"Decrescente";"Céu Claro";"Simples";"Curva";"Não";2;0;1;0;0;1;1;2;-12,47073;-41,69463;"SPRF-BA";"DEL06-BA";"UOP01-DEL06-BA"
663742;2025-02-26;"quarta-feira";"06:35:00";"RJ";116;196;"RIO DE JANEIRO";"Ingestão de álcool pelo condutor";"Colisão lateral mesmo sentido";"Sem Vítimas";"Pleno dia";"Crescente";"Céu Claro";"Dupla";"Reta";"Não";2;0;0;0;2;0;0;2;-22,8044457;-43,3451455;"SPRF-RJ";"DEL06-RJ";"UOP01-DEL06-RJ"
663744;2025-02-26;"quarta-feira";"03:00:00";"BA";116;921;"ENCRUZILHADA";"Demais falhas mecânicas ou elétricas";"Incêndio";"Sem Vítimas";"Plena Noite";"Decrescente";"Nublado";"Simples";"Reta";"Não";2;0;0;0;1;1;0;2;-15,59987;-41,28083;"SPRF-BA";"DEL08-BA";"UOP03-DEL08-BA"
663752;2025-02-26;"quarta-feira";"07:30:00";"PE";101;62;"RECIFE";"Condutor deixou de manter distância do veículo da frente";"Engavetamento";"Com Vítimas Feridas";"Pleno dia";"Decrescente";"Céu Claro";"Dupla";"Reta";"Sim";4;0;1;0;3;0;1;3;-7,99998634;-34,93872821;"SPRF-PE";"DEL01-PE";"UOP02-DEL01-PE"
663753;2025-02-26;"quarta-feira";"07:55:00";"SC";101;163;"TIJUCAS";"Desrespeitar a preferência no cruzamento";"Colisão transversal";"Com Vítimas Feridas";"Pleno dia";"Crescente";"Céu Claro";"Dupla";"Interseção de Vias";"Sim";2;0;0;1;1;0;1;2;-27,23083996;-48,62985492;"SPRF-SC";"DEL04-SC";"UOP03-DEL04-SC"
663756;2025-02-26;"quarta-feira";"08:30:00";"SP";116;135;"SAO JOSE DOS CAMPOS";"Reação tardia ou ineficiente do condutor";"Colisão traseira";"Com Vítimas Feridas";"Pleno dia";"Decrescente";"Céu Claro";"Dupla";"Reta";"Sim";2;0;1;0;1;0;1;2;-23,14402645;-45,76885796;"SPRF-SP";"DEL02-SP";"UOP01-DEL02-SP"
663774;2025-02-26;"quarta-feira";"07:50:00";"BA";407;102;"JAGUARARI";"Acessar a via sem observar a presença dos outros veículos";"Colisão transversal";"Com Vítimas Feridas";"Pleno dia";"Decrescente";"Céu Claro";"Dupla";"Reta;Declive";"Sim";3;0;1;0;2;0;1;2;-10,25390716;-40,19304919;"SPRF-BA";"DEL04-BA";"UOP01-DEL04-BA"
663775;2025-02-26;"quarta-feira";"09:50:00";"GO";153;85;"PORANGATU";"Reação tardia ou ineficiente do condutor";"Colisão transversal";"Com Vítimas Feridas";"Pleno dia";"Crescente";"Nublado";"Simples";"Reta;Ponte;Em Obras";"Não";3;0;1;0;1;3;1;5;-13,55246813;-49,09000397;"SPRF-GO";"DEL07-GO";"UOP01-DEL07-GO"
663779;2025-02-26;"quarta-feira";"07:50:00";"PR";277;213;"FERNANDES PINHEIRO";"Ausência de reação do condutor";"Colisão com objeto";"Com Vítimas Feridas";"Pleno dia";"Decrescente";"Céu Claro";"Simples";"Reta";"Não";2;0;1;0;0;2;1;3;-25,471228;-50,471424;"SPRF-PR";"DEL08-PR";"UOP02-DEL08-PR"
663780;2025-02-26;"quarta-feira";"08:35:00";"RS";290;351,9;"SAO SEPE";"Acumulo de areia ou detritos sobre o pavimento";"Colisão transversal";"Com Vítimas Fatais";"Pleno dia";"Decrescente";"Sol";"Simples";"Aclive;Reta";"Não";5;3;1;0;1;0;1;2;-30,37146821;-53,67267609;"SPRF-RS";"DEL09-RS";"UOP02-DEL09-RS"
663785;2025-02-26;"quarta-feira";"09:00:00";"PR";277;65;"SAO JOSE DOS PINHAIS";"Acessar a via sem observar a presença dos outros veículos";"Colisão traseira";"Sem Vítimas";"Pleno dia";"Decrescente";"Céu Claro";"Dupla";"Reta";"Sim";3;0;0;0;1;3;0;4;-25,52986615;-49,08647418;"SPRF-PR";"DEL01-PR";"UOP01-DEL01-PR"
663786;2025-02-26;"quarta-feira";"10:00:00";"RS";287;401;"SANTIAGO";"Acessar a via sem observar a presença dos outros veículos";"Colisão transversal";"Sem Vítimas";"Pleno dia";"Crescente";"Sol";"Simples";"Interseção de Vias;Rotatória";"Sim";2;0;0;0;2;0;0;2;-29,16166353;-54,87882598;"SPRF-RS";"DEL12-RS";"UOP02-DEL12-RS"
663788;2025-02-26;"quarta-feira";"08:50:00";"MG";40;481;"SETE LAGOAS";"Demais falhas mecânicas ou elétricas";"Saída de leito carroçável";"Com Vítimas Feridas";"Pleno dia";"Decrescente";"Céu Claro";"Dupla";"Reta;Declive";"Não";2;0;1;0;1;0;1;2;-19,54860097;-44,2460451;"SPRF-MG";"DEL02-MG";"UOP01-DEL02-MG"
663793;2025-02-25;"terça-feira";"03:39:00";"SP";116;282;"EMBU DAS ARTES";"Reação tardia ou ineficiente do condutor";"Colisão traseira";"Com Vítimas Feridas";"Plena Noite";"Decrescente";"Nublado";"Dupla";"Reta";"Sim";3;0;0;1;1;1;1;3;-23,66697963;-46,85504794;"SPRF-SP";"DEL04-SP";"UOP01-DEL04-SP"