"id";"data_inversa";"dia_semana";"horario";"uf";"br";"km";"municipio";"causa_acidente";"tipo_acidente";"classificacao_acidente";"fase_dia";"sentido_via";"condicao_metereologica";"tipo_pista";"tracado_via";"uso_solo";"pessoas";"mortos";"feridos_leves";"feridos_graves";"ilesos";"ignorados";"feridos";"veiculos";"latitude";"longitude";"regional";"delegacia";"uop"
663795;2025-02-26;"quarta-feira";"11:20:00";"SC";280;32;"ARAQUARI";"Condutor deixou de manter distância do veículo da frente";"Engavetamento";"Com Vítimas Feridas";"Pleno dia";"Decrescente";"Sol";"Simples";"Reta";"Não";4;0;1;0;3;0;1;3;-26,423077;-48,783601;"SPRF-SC";"DEL03-SC";"UOP03-DEL03-SC"
663796;2025-02-26;"quarta-feira";"10:10:00";"MA";135;80;"ITAPECURU MIRIM";"Ausência de reação do condutor";"Saída de leito carroçável";"Sem Vítimas";"Pleno dia";"Decrescente";"Céu Claro";"Simples";"Reta";"Não";2;0;0;0;0;2;0;2;-3,30376746;-44,42103811;"SPRF-MA";"DEL01-MA";"UOP02-DEL01-MA"
663804;2025-02-26;"quarta-feira";"11:00:00";"PR";277;241,7;"IRATI";"Transitar na contramão";"Colisão frontal";"Com Vítimas Fatais";"Pleno dia";"Crescente";"Céu Claro";"Simples";"Aclive;Reta";"Não";4;2;0;2;0;0;2;2;-25,465;-50,585;"SPRF-PR";"DEL08-PR";"UOP02-DEL08-PR"
663805;2025-02-26;"quarta-feira";"10:30:00";"PR";153;17,1;"JACAREZINHO";"Reação tardia ou ineficiente do condutor";"Colisão traseira";"Com Vítimas Feridas";"Pleno dia";"Crescente";"Céu Claro";"Simples";"Reta";"Não";3;0;1;0;1;3;1;5;-23,13264483;-49,94590759;"SPRF-PR";"DEL07-PR";"UOP04-DEL07-PR"
663810;2025-02-04;"terça-feira";"12:55:00";"MG";40;474;"SETE LAGOAS";"Ausência de reação do condutor";"Saída de leito carroçável";"Com Vítimas Fatais";"Pleno dia";"Decrescente";"Céu Claro";"Dupla";"Curva";"Não";2;1;0;0;0;1;0;2;-19,49804878;-44,27929974;"SPRF-MG";"DEL02-MG";"UOP01-DEL02-MG"
663812;2025-02-26;"quarta-feira";"13:10:00";"PR";373;182;"PONTA GROSSA";"Manobra de mudança de faixa";"Colisão lateral mesmo sentido";"Com Vítimas Feridas";"Pleno dia";"Decrescente";"Céu Claro";"Simples";"Reta";"Não";7;0;3;0;3;2;3;6;-25,041666;-50,26666;"SPRF-PR";"DEL03-PR";"UOP01-DEL03-PR"
663813;2025-02-26;"quarta-feira";"13:25:00";"SC";101;37;"JOINVILLE";"Acessar a via sem observar a presença dos outros veículos";"Colisão lateral mesmo sentido";"Com Vítimas Feridas";"Pleno dia";"Crescente";"Céu Claro";"Dupla";"Reta";"Não";2;0;1;0;0;1;1;2;-26,307273;-48,8785814;"SPRF-SC";"DEL03-SC";"UOP01-DEL03-SC"
663815;2025-02-26;"quarta-feira";"12:40:00";"SC";470;128,2;"LONTRAS";"Transitar na contramão";"Colisão frontal";"Com Vítimas Fatais";"Pleno dia";"Crescente";"Sol";"Simples";"Curva";"Não";6;1;0;0;2;4;0;7;-27,14668658;-49,55048561;"SPRF-SC";"DEL04-SC";"UOP02-DEL04-SC"
663816;2025-02-26;"quarta-feira";"14:00:00";"SC";470;58;"BLUMENAU";"Transitar na contramão";"Colisão frontal";"Com Vítimas Fatais";"Pleno dia";"Decrescente";"Céu Claro";"Simples";"Declive;Reta";"Sim";4;1;0;0;1;2;0;3;-26,8842819;-49,1487797;"SPRF-SC";"DEL04-SC";"UOP01-DEL04-SC"
663820;2025-02-26;"quarta-feira";"14:00:00";"SC";101;101,6;"BALNEARIO PICARRAS";"Reação tardia ou ineficiente do condutor";"Colisão traseira";"Com Vítimas Fatais";"Pleno dia";"Crescente";"Sol";"Múltipla";"Reta";"Não";2;1;0;0;1;0;0;2;-26,7713916;-48,6860562;"SPRF-SC";"DEL03-SC";"UOP02-DEL03-SC"
663822;2025-02-26;"quarta-feira";"10:00:00";"RJ";101;286;"ITABORAI";"Avarias e/ou desgaste excessivo no pneu";"Colisão lateral mesmo sentido";"Com Vítimas Feridas";"Pleno dia";"Decrescente";"Céu Claro";"Múltipla";"Reta";"Não";6;0;2;0;4;0;2;3;-22,75917478;-42,8403643;"SPRF-RJ";"DEL02-RJ";"UOP02-DEL02-RJ"
663828;2025-02-26;"quarta-feira";"11:15:00";"MG";381;418;"CAETE";"Velocidade Incompatível";"Colisão traseira";"Com Vítimas Feridas";"Pleno dia";"Decrescente";"Céu Claro";"Dupla";"Curva";"Não";3;0;2;0;1;0;2;2;-19,74575412;-43,61782551;"SPRF-MG";"DEL01-MG";"UOP01-DEL01-MG"
663833;2025-02-26;"quarta-feira";"05:30:00";"MT";158;447;"RIBEIRAO CASCALHEIRA";"Pista esburacada";"Saída de leito carroçável";"Com Vítimas Feridas";"Pleno dia";"Crescente";"Chuva";"Simples";"Declive;Curva";"Não";2;0;1;0;0;1;1;2;-13,11458945;-51,92310333;"SPRF-MT";"DEL07-MT";"UOP02-DEL07-MT"
663840;2025-02-26;"quarta-feira";"15:35:00";"TO";153;640;"ALIANCA DO TOCANTINS";"Ausência de reação do condutor";"Colisão traseira";"Com Vítimas Feridas";"Pleno dia";"Crescente";"Céu Claro";"Múltipla";"Reta";"Não";3;0;0;1;1;1;1;3;-11,446417;-48,9905255;"SPRF-TO";"DEL01-TO";"UOP02-DEL01-TO"
663842;2025-02-26;"quarta-feira";"14:46:00";"BA";116;479,7;"RAFAEL JAMBEIRO";"Ausência de reação do condutor";"Saída de leito carroçável";"Com Vítimas Feridas";"Pleno dia";"Decrescente";"Céu Claro";"Dupla";"Reta";"Não";2;0;1;0;0;2;1;3;-12,5221;-39,3947;"SPRF-BA";"DEL02-BA";"UOP01-DEL02-BA"
663844;2025-02-26;"quarta-feira";"15:38:00";"SC";280;49,5;"GUARAMIRIM";"Acessar a via sem observar a presença dos outros veículos";"Colisão traseira";"Com Vítimas Feridas";"Pleno dia";"Decrescente";"Céu Claro";"Dupla";"Reta";"Sim";2;0;1;0;1;0;1;2;-26,460152;-48,941106;"SPRF-SC";"DEL03-SC";"UOP03-DEL03-SC"
663845;2025-02-26;"quarta-feira";"11:30:00";"RS";470;3,5;"BARRACAO";"Velocidade Incompatível";"Colisão com objeto";"Sem Vítimas";"Pleno dia";"Decrescente";"Céu Claro";"Simples";"Declive;Curva";"Não";2;0;0;0;1;2;0;3;-27,619513;-51,487423;"SPRF-RS";"DEL08-RS";"UOP05-DEL08-RS"
663850;2025-01-14;"terça-feira";"04:00:00";"AM";230;459;"MANICORE";"Pista Escorregadia";"Tombamento";"Sem Vítimas";"Amanhecer";"Decrescente";"Ignorado";"Simples";"Reta";"Não";1;0;0;0;1;0;0;1;-8,02355866;-61,86488628;"SPRF-AM";"DEL01-AM";"UOP05-DEL01-AM"
663860;2025-02-26;"quarta-feira";"16:20:00";"GO";452;16;"RIO VERDE";"Condutor deixou de manter distância do veículo da frente";"Colisão traseira";"Com Vítimas Feridas";"Pleno dia";"Crescente";"Nublado";"Simples";"Reta";"Não";3;0;0;1;1;1;1;2;-17,84656845;-50,78297876;"SPRF-GO";"DEL04-GO";"UOP01-DEL04-GO"
663862;2025-02-26;"quarta-feira";"16:45:00";"RS";285;341,3;"CARAZINHO";"Acessar a via sem observar a presença dos outros veículos";"Colisão transversal";"Com Vítimas Feridas";"Pleno dia";"Crescente";"Nublado";"Simples";"Interseção de Vias";"Sim";7;0;1;0;5;1;1;4;-28,3174544;-52,8066995;"SPRF-RS";"DEL08-RS";"UOP03-DEL08-RS"
663867;2025-02-26;"quarta-feira";"15:00:00";"MT";163;228;"RONDONOPOLIS";"Ingestão de álcool pelo condutor";"Colisão lateral mesmo sentido";"Sem Vítimas";"Pleno dia";"Decrescente";"Céu Claro";"Dupla";"Reta";"Não";3;0;0;0;3;0;0;2;-16,416768;-54,7028992;"SPRF-MT";"DEL05-MT";"UOP02-DEL05-MT"
663871;2025-02-26;"quarta-feira";"16:35:00";"SC";280;82,5;"CORUPA";"Ausência de reação do condutor";"Colisão transversal";"Com Vítimas Feridas";"Pleno dia";"Decrescente";"Céu Claro";"Simples";"Interseção de Vias;Rotatória";"Sim";4;0;0;1;2;1;1;3;-26,4356;-49,2455;"SPRF-SC";"DEL06-SC";"UOP03-DEL06-SC"
663873;2025-02-26;"quarta-feira";"15:45:00";"PI";407;428;"GEMINIANO";"Curva acentuada";"Tombamento";"Com Vítimas Feridas";"Pleno dia";"Decrescente";"Sol";"Simples";"Curva";"Não";1;0;1;0;0;0;1;1;-7,130195;-41,389094;"SPRF-PI";"DEL04-PI";"UOP01-DEL04-PI"
663879;2025-02-26;"quarta-feira";"18:19:00";"MG";40;566,1;"NOVA LIMA";"Reação tardia ou ineficiente do condutor";"Colisão lateral mesmo sentido";"Sem Vítimas";"Plena Noite";"Decrescente";"Céu Claro";"Simples";"Reta";"Não";3;0;0;0;3;0;0;2;-20,081768;-43,979095;"SPRF-MG";"DEL01-MG";"UOP02-DEL01-MG"
663888;2025-02-26;"quarta-feira";"19:06:00";"MG";40;611,4;"CONGONHAS";"Acessar a via sem observar a presença dos outros veículos";"Atropelamento de Pedestre";"Com Vítimas Feridas";"Plena Noite";"Decrescente";"Céu Claro";"Simples";"Curva";"Sim";3;0;0;1;1;1;1;3;-20,4768105;-43,8424631;"SPRF-MG";"DEL05-MG";"UOP02-DEL05-MG"
663889;2025-02-26;"quarta-feira";"19:00:00";"SC";101;144;"ITAPEMA";"Transitar no Acostamento";"Colisão lateral mesmo sentido";"Com Vítimas Feridas";"Anoitecer";"Decrescente";"Nublado";"Dupla";"Reta";"Sim";2;0;0;1;1;0;1;2;-27,07579419;-48,59782398;"SPRF-SC";"DEL04-SC";"UOP03-DEL04-SC"
663894;2025-02-26;"quarta-feira";"16:15:00";"RR";174;226;"RORAINOPOLIS";"Demais falhas mecânicas ou elétricas";"Incêndio";"Sem Vítimas";"Pleno dia";"Crescente";"Céu Claro";"Simples";"Aclive";"Não";2;0;0;0;1;2;0;3;1,07093;-60,380776;"SPRF-RR";"DEL01-RR";"UOP01-DEL01-RR"
663898;2025-02-26;"quarta-feira";"20:30:00";"SC";470;185;"POUSO REDONDO";"Velocidade Incompatível";"Tombamento";"Com Vítimas Fatais";"Plena Noite";"Crescente";"Céu Claro";"Simples";"Curva";"Não";2;1;0;0;0;1;0;2;-27,25348505;-50,03903389;"SPRF-SC";"DEL04-SC";"UOP02-DEL04-SC"
663902;2025-02-26;"quarta-feira";"20:50:00";"PR";277;148;"BALSA NOVA";"Desrespeitar a preferência no cruzamento";"Colisão transversal";"Com Vítimas Feridas";"Plena Noite";"Crescente";"Nublado";"Simples";"Aclive;Interseção de Vias;Reta";"Não";6;0;0;4;1;1;4;3;-25,46480807;-49,73375022;"SPRF-PR";"DEL03-PR";"UOP03-DEL03-PR"
663910;2025-02-26;"quarta-feira";"21:45:00";"GO";153;305,4;"RIALMA";"Reação tardia ou ineficiente do condutor";"Colisão frontal";"Com Vítimas Feridas";"Plena Noite";"Crescente";"Chuva";"Simples";"Declive;Curva";"Não";3;0;0;2;1;0;2;2;-15,35055754;-49,56800938;"SPRF-GO";"DEL02-GO";"UOP02-DEL02-GO"
663918;2025-02-26;"quarta-feira";"20:50:00";"MG";381;702;"LAVRAS";"Ausência de reação do condutor";"Tombamento";"Com Vítimas Feridas";"Plena Noite";"Crescente";"Céu Claro";"Dupla";"Curva";"Não";1;0;1;0;0;0;1;1;-21,30006092;-45,15148473;"SPRF-MG";"DEL04-MG";"UOP02-DEL04-MG"
663920;2025-02-26;"quarta-feira";"20:20:00";"SP";116;130,9;"CACAPAVA";"Ausência de reação do condutor";"Colisão traseira";"Sem Vítimas";"Plena Noite";"Crescente";"Céu Claro";"Dupla";"Reta";"Sim";4;0;0;0;4;0;0;2;-23,124753;-45,731427;"SPRF-SP";"DEL02-SP";"UOP02-DEL02-SP"
663923;2025-02-26;"quarta-feira";"23:10:00";"RJ";116;222;"SEROPEDICA";"Reação tardia ou ineficiente do condutor";"Colisão traseira";"Com Vítimas Feridas";"Plena Noite";"Crescente";"Céu Claro";"Múltipla";"Reta";"Não";3;0;1;0;1;2;1;4;-22,7147776;-43,7256192;"SPRF-RJ";"DEL06-RJ";"UOP02-DEL06-RJ"
663930;2025-02-27;"quinta-feira";"01:30:00";"MG";381;455;"BELO HORIZONTE";"Condutor Dormindo";"Colisão frontal";"Com Vítimas Feridas";"Plena Noite";"Decrescente";"Céu Claro";"Simples";"Reta";"Sim";3;0;1;0;1;2;1;4;-19,84024594;-43,8759457;"SPRF-MG";"DEL01-MG";"UOP01-DEL01-MG"
663933;2025-02-27;"quinta-feira";"00:40:00";"PE";101;162,6;"AGUA PRETA";"Condutor Dormindo";"Saída de leito carroçável";"Com Vítimas Fatais";"Plena Noite";"Crescente";"Nublado";"Dupla";"Declive;Curva";"Não";1;1;0;0;0;0;0;1;-8,5504446;-35,4472455;"SPRF-PE";"DEL01-PE";"UOP03-DEL01-PE"
663934;2025-02-27;"quinta-feira";"01:15:00";"MG";153;20;"CENTRALINA";"Condutor Dormindo";"Colisão traseira";"Com Vítimas Feridas";"Plena Noite";"Decrescente";"Céu Claro";"Dupla";"Reta";"Sim";3;0;1;0;1;1;1;3;-18,598381;-49,19201174;"SPRF-MG";"DEL15-MG";"UOP03-DEL15-MG"
663935;2025-02-27;"quinta-feira";"03:30:00";"SC";116;24,2;"ITAIOPOLIS";"Ingestão de álcool pelo condutor";"Colisão traseira";"Com Vítimas Feridas";"Plena Noite";"Decrescente";"Céu Claro";"Simples";"Reta";"Sim";2;0;1;0;1;0;1;2;-26,27607582;-49,92267966;"SPRF-SC";"DEL06-SC";"UOP01-DEL06-SC"
663936;2025-02-27;"quinta-feira";"05:15:00";"SE";101;153;"ESTANCIA";"Sinalização mal posicionada";"Colisão traseira";"Com Vítimas Feridas";"Pleno dia";"Decrescente";"Céu Claro";"Simples";"Reta";"Sim";4;0;2;0;1;1;2;3;-11,282715;-37,450113;"SPRF-SE";"DEL02-SE";"UOP01-DEL02-SE"
663939;2025-02-26;"quarta-feira";"16:05:00";"GO";60;203,3;"GUAPO";"Avarias e/ou desgaste excessivo no pneu";"Colisão transversal";"Com Vítimas Feridas";"Pleno dia";"Decrescente";"Chuva";"Dupla";"Reta";"Não";4;0;2;0;1;1;2;3;-16,90968362;-49,65373993;"SPRF-GO";"DEL01-GO";"UOP02-DEL01-GO"
663940;2025-02-27;"quinta-feira";"02:00:00";"CE";222;264,5;"COREAU";"Ingestão de álcool pelo condutor";"Colisão traseira";"Com Vítimas Fatais";"Plena Noite";"Decrescente";"Nublado";"Simples";"Reta";"Sim";4;1;0;1;0;2;1;3;-3,749029;-40,695036;"SPRF-CE";"DEL04-CE";"UOP02-DEL04-CE"
663942;2025-02-27;"quinta-feira";"04:30:00";"PR";277;460,9;"LARANJEIRAS DO SUL";"Velocidade Incompatível";"Saída de leito carroçável";"Com Vítimas Feridas";"Plena Noite";"Decrescente";"Céu Claro";"Simples";"Curva";"Não";5;0;1;0;3;2;1;4;-25,38525905;-52,42453834;"SPRF-PR";"DEL04-PR";"UOP02-DEL04-PR"
663943;2025-02-26;"quarta-feira";"17:00:00";"BA";116;514;"ITATIM";"Ingestão de álcool pelo condutor";"Tombamento";"Com Vítimas Feridas";"Anoitecer";"Crescente";"Nublado";"Simples";"Reta";"Não";2;0;1;0;0;2;1;3;-12,676927;-39,663561;"SPRF-BA";"DEL02-BA";"UOP01-DEL02-BA"
663946;2025-02-27;"quinta-feira";"07:11:00";"SC";280;56;"GUARAMIRIM";"Manobra de mudança de faixa";"Queda de ocupante de veículo";"Com Vítimas Feridas";"Pleno dia";"Crescente";"Céu Claro";"Dupla";"Reta";"Não";2;0;1;0;1;0;1;2;-26,479371;-49,006503;"SPRF-SC";"DEL03-SC";"UOP03-DEL03-SC"
663947;2025-02-26;"quarta-feira";"18:30:00";"RS";158;93,4;"PALMEIRA DAS MISSOES";"Demais falhas mecânicas ou elétricas";"Incêndio";"Sem Vítimas";"Anoitecer";"Decrescente";"Garoa/Chuvisco";"Simples";"Aclive;Reta";"Não";1;0;0;0;1;0;0;1;-27,84514767;-53,33141327;"SPRF-RS";"DEL08-RS";"UOP02-DEL08-RS"
663950;2025-02-27;"quinta-feira";"04:15:00";"PI";343;622;"FLORIANO";"Reação tardia ou ineficiente do condutor";"Saída de leito carroçável";"Com Vítimas Feridas";"Amanhecer";"Decrescente";"Céu Claro";"Simples";"Reta";"Não";5;0;3;0;1;1;3;2;-6,958;-43,22303;"SPRF-PI";"DEL03-PI";"UOP01-DEL03-PI"
663952;2025-02-27;"quinta-feira";"05:15:00";"PI";316;3;"TERESINA";"Velocidade Incompatível";"Colisão traseira";"Sem Vítimas";"Amanhecer";"Crescente";"Céu Claro";"Múltipla";"Reta";"Sim";3;0;0;0;1;2;0;3;-5,13206646;-42,79128785;"SPRF-PI";"DEL01-PI";"UOP02-DEL01-PI"
663955;2025-02-27;"quinta-feira";"01:56:00";"SP";101;1;"UBATUBA";"Estacionar ou parar em local proibido";"Colisão lateral sentido oposto";"Com Vítimas Fatais";"Plena Noite";"Crescente";"Céu Claro";"Simples";"Curva";"Não";3;1;0;0;0;2;0;3;-23,35649934;-44,77051257;"SPRF-SP";"DEL06-SP";"UOP01-DEL06-SP"
663957;2025-02-27;"quinta-feira";"07:00:00";"RJ";116;278;"BARRA MANSA";"Velocidade Incompatível";"Colisão traseira";"Com Vítimas Feridas";"Pleno dia";"Decrescente";"Céu Claro";"Múltipla";"Curva;Aclive";"Sim";2;0;0;1;0;1;1;2;-22,55287902;-44,17904019;"SPRF-RJ";"DEL07-RJ";"UOP02-DEL07-RJ"
663958;2025-02-27;"quinta-feira";"07:39:00";"PI";343;588,8;"FLORIANO";"Condutor deixou de manter distância do veículo da frente";"Colisão lateral mesmo sentido";"Com Vítimas Feridas";"Pleno dia";"Crescente";"Céu Claro";"Simples";"Interseção de Vias";"Sim";4;0;2;0;1;2;2;4;-6,77545283;-43,00797701;"SPRF-PI";"DEL03-PI";"UOP01-DEL03-PI"
663961;2025-02-27;"quinta-feira";"07:45:00";"RS";116;145;"CAXIAS DO SUL";"Ausência de reação do condutor";"Colisão traseira";"Com Vítimas Feridas";"Pleno dia";"Crescente";"Céu Claro";"Dupla";"Reta";"Não";2;0;0;1;0;1;1;2;-29,13430938;-51,12999558;"SPRF-RS";"DEL05-RS";"UOP01-DEL05-RS"
663966;2025-02-27;"quinta-feira";"06:30:00";"PA";163;671;"ITAITUBA";"Ultrapassagem Indevida";"Colisão frontal";"Com Vítimas Fatais";"Pleno dia";"Crescente";"Céu Claro";"Simples";"Aclive;Curva";"Não";4;1;0;0;1;5;0;7;-4,379287;-55,786097;"SPRF-PA";"DEL05-PA";"UOP02-DEL05-PA"
663968;2025-02-27;"quinta-feira";"08:40:00";"PE";101;69,9;"RECIFE";"Manobra de mudança de faixa";"Colisão lateral mesmo sentido";"Sem Vítimas";"Pleno dia";"Decrescente";"Sol";"Dupla";"Reta;Interseção de Vias";"Sim";3;0;0;0;2;1;0;3;-8,06672637;-34,94307109;"SPRF-PE";"DEL01-PE";"UOP01-DEL01-PE"
663974;2025-02-27;"quinta-feira";"04:30:00";"RJ";116;103;"GUAPIMIRIM";"Ausência de reação do condutor";"Colisão traseira";"Com Vítimas Feridas";"Plena Noite";"Crescente";"Céu Claro";"Simples";"Reta";"Não";2;0;1;0;1;0;1;2;-22,51699712;-43,00186157;"SPRF-RJ";"DEL04-RJ";"UOP01-DEL04-RJ"
663976;2025-02-27;"quinta-feira";"08:03:00";"MA";226;302;"BARRA DO CORDA";"Acessar a via sem observar a presença dos outros veículos";"Colisão transversal";"Com Vítimas Feridas";"Pleno dia";"Crescente";"Nublado";"Simples";"Curva";"Sim";2;0;0;1;1;0;1;2;-5,49646219;-45,26887536;"SPRF-MA";"DEL06-MA";"UOP01-DEL06-MA"
663979;2025-02-27;"quinta-feira";"08:12:00";"RN";304;38;"MOSSORO";"Condutor deixou de manter distância do veículo da frente";"Eventos atípicos";"Com Vítimas Feridas";"Pleno dia";"Crescente";"Céu Claro";"Dupla";"Reta;Retorno Regulamentado";"Sim";3;0;0;1;1;1;1;2;-5,186496;-37,372554;"SPRF-RN";"DEL04-RN";"UOP02-DEL04-RN"
663982;2025-02-27;"quinta-feira";"08:40:00";"SC";282;338;"CAMPOS NOVOS";"Condutor Dormindo";"Colisão lateral sentido oposto";"Com Vítimas Feridas";"Pleno dia";"Decrescente";"Céu Claro";"Simples";"Reta";"Sim";7;0;1;0;5;2;1;5;-27,39247595;-51,17617607;"SPRF-SC";"DEL07-SC";"UOP06-DEL07-SC"
663985;2025-02-27;"quinta-feira";"09:42:00";"MT";163;1102;"GUARANTA DO NORTE";"Reação tardia ou ineficiente do condutor";"Tombamento";"Com Vítimas Feridas";"Pleno dia";"Decrescente";"Céu Claro";"Simples";"Curva;Declive";"Não";2;0;0;1;0;2;1;3;-9,65;-54,873;"SPRF-MT";"DEL06-MT";"UOP03-DEL06-MT"
663987;2025-02-27;"quinta-feira";"11:00:00";"ES";101;223,6;"IBIRACU";"Reação tardia ou ineficiente do condutor";"Tombamento";"Com Vítimas Feridas";"Pleno dia";"Crescente";"Céu Claro";"Simples";"Curva";"Não";5;0;1;0;3;1;1;2;-19,880489;-40,417047;"SPRF-ES";"DEL02-ES";"UOP01-DEL02-ES"
663991;2025-02-27;"quinta-feira";"10:00:00";"MT";163;769;"SORRISO";"Sinalização mal posicionada";"Engavetamento";"Com Vítimas Feridas";"Pleno dia";"Crescente";"Chuva";"Simples";"Reta";"Não";5;0;2;0;2;3;2;6;-12,41557;-55,634087;"SPRF-MT";"DEL06-MT";"UOP01-DEL06-MT"
663994;2025-02-27;"quinta-feira";"11:10:00";"SP";116;7,2;"QUELUZ";"Reação tardia ou ineficiente do condutor";"Colisão traseira";"Com Vítimas Feridas";"Pleno dia";"Decrescente";"Céu Claro";"Dupla";"Reta";"Sim";3;0;0;1;2;0;1;3;-22,536232;-44,765067;"SPRF-SP";"DEL08-SP";"UOP02-DEL08-SP"
663995;2025-02-27;"quinta-feira";"10:08:00";"MG";50;112;"UBERABA";"Reação tardia ou ineficiente do condutor";"Saída de leito carroçável";"Com Vítimas Fatais";"Pleno dia";"Crescente";"Céu Claro";"Dupla";"Retorno Regulamentado;Reta";"Não";3;1;0;0;1;3;0;5;-19,248723;-48,136359;"SPRF-MG";"DEL13-MG";"UOP01-DEL13-MG"
663997;2025-02-27;"quinta-feira";"08:30:00";"PE";423;124;"PARANATAMA";"Ausência de sinalização";"Colisão frontal";"Sem Vítimas";"Pleno dia";"Crescente";"Garoa/Chuvisco";"Simples";"Reta";"Não";2;0;0;0;2;0;0;2;-8,935895;-36,720685;"SPRF-PE";"DEL03-PE";"UOP01-DEL03-PE"
663998;2025-02-27;"quinta-feira";"11:30:00";"RJ";101;12;"CAMPOS DOS GOYTACAZES";"Retorno proibido";"Colisão transversal";"Com Vítimas Feridas";"Pleno dia";"Decrescente";"Céu Claro";"Simples";"Interseção de Vias;Reta";"Não";4;0;2;0;1;1;2;3;-21,3213548;-41,3286835;"SPRF-RJ";"DEL08-RJ";"UOP01-DEL08-RJ"
664000;2025-02-27;"quinta-feira";"12:00:00";"SC";470;5,9;"NAVEGANTES";"Reação tardia ou ineficiente do condutor";"Colisão traseira";"Com Vítimas Feridas";"Pleno dia";"Decrescente";"Sol";"Dupla";"Reta";"Não";3;0;1;0;1;2;1;4;-26,85416861;-48,70556831;"SPRF-SC";"DEL04-SC";"UOP04-DEL04-SC"
664002;2025-02-27;"quinta-feira";"11:05:00";"RJ";116;325;"ITATIAIA";"Ausência de reação do condutor";"Engavetamento";"Com Vítimas Fatais";"Pleno dia";"Crescente";"Céu Claro";"Dupla";"Reta";"Sim";6;1;0;1;3;2;1;6;-22,4961584;-44,5726912;"SPRF-RJ";"DEL07-RJ";"UOP02-DEL07-RJ"
664007;2025-01-11;"sábado";"23:00:00";"PI";407;474,5;"JAICOS";"Reação tardia ou ineficiente do condutor";"Colisão com objeto";"Com Vítimas Feridas";"Plena Noite";"Decrescente";"Nublado";"Simples";"Declive;Curva";"Não";3;0;2;1;0;0;3;1;-7,39947492;-41,17380309;"SPRF-PI";"DEL04-PI";"UOP01-DEL04-PI"
664013;2025-02-27;"quinta-feira";"08:30:00";"MG";262;644,6;"IBIA";"Condutor deixou de manter distância do veículo da frente";"Colisão traseira";"Sem Vítimas";"Pleno dia";"Crescente";"Céu Claro";"Simples";"Aclive;Reta";"Não";2;0;0;0;2;0;0;2;-19,581685;-46,608122;"SPRF-MG";"DEL08-MG";"UOP01-DEL08-MG"
664015;2025-02-24;"segunda-feira";"15:30:00";"SP";116;156,6;"SAO JOSE DOS CAMPOS";"Ausência de reação do condutor";"Colisão traseira";"Sem Vítimas";"Pleno dia";"Decrescente";"Céu Claro";"Dupla";"Reta";"Sim";4;0;0;0;3;1;0;3;-23,24850296;-45,9323144;"SPRF-SP";"DEL02-SP";"UOP01-DEL02-SP"
664017;2025-02-27;"quinta-feira";"13:50:00";"RN";226;4,7;"NATAL";"Conversão proibida";"Queda de ocupante de veículo";"Com Vítimas Feridas";"Pleno dia";"Crescente";"Nublado";"Simples";"Curva";"Sim";2;0;1;0;1;0;1;2;-5,819978;-35,266763;"SPRF-RN";"DEL01-RN";"UOP02-DEL01-RN"
664018;2025-02-27;"quinta-feira";"12:30:00";"SP";116;545;"BARRA DO TURVO";"Reação tardia ou ineficiente do condutor";"Tombamento";"Com Vítimas Feridas";"Pleno dia";"Decrescente";"Céu Claro";"Simples";"Curva;Declive";"Não";2;0;1;0;1;0;1;2;-24,95016699;-48,42400302;"SPRF-SP";"DEL05-SP";"UOP02-DEL05-SP"
664023;2025-02-27;"quinta-feira";"12:37:00";"AL";101;47;"FLEXEIRAS";"Manobra de mudança de faixa";"Colisão lateral mesmo sentido";"Com Vítimas Feridas";"Pleno dia";"Decrescente";"Nublado";"Dupla";"Reta";"Não";3;0;1;0;1;1;1;3;-9,234909;-35,768532;"SPRF-AL";"DEL01-AL";"UOP02-DEL01-AL"
664025;2025-02-27;"quinta-feira";"09:30:00";"MT";163;891;"CLAUDIA";"Demais falhas mecânicas ou elétricas";"Incêndio";"Sem Vítimas";"Pleno dia";"Crescente";"Céu Claro";"Simples";"Reta";"Não";2;0;0;0;1;2;0;3;-11,383705;-55,342533;"SPRF-MT";"DEL06-MT";"UOP02-DEL06-MT"
664027;2025-02-27;"quinta-feira";"14:00:00";"BA";101;269;"SANTO ANTONIO DE JESUS";"Carga excessiva e/ou mal acondicionada";"Derramamento de carga";"Com Vítimas Feridas";"Pleno dia";"Decrescente";"Chuva";"Simples";"Curva;Declive";"Não";2;0;1;0;1;0;1;2;-13,01639;-39,289138;"SPRF-BA";"DEL01-BA";"UOP02-DEL01-BA"
664036;2025-02-27;"quinta-feira";"15:11:00";"MG";50;175,8;"UBERABA";"Ausência de reação do condutor";"Colisão com objeto";"Com Vítimas Fatais";"Pleno dia";"Decrescente";"Céu Claro";"Dupla";"Reta;Declive";"Sim";2;1;0;0;0;1;0;2;-19,779025;-47,962022;"SPRF-MG";"DEL13-MG";"UOP01-DEL13-MG"
664038;2025-02-27;"quinta-feira";"09:40:00";"BA";242;450;"SEABRA";"Ultrapassagem Indevida";"Colisão lateral sentido oposto";"Com Vítimas Fatais";"Pleno dia";"Crescente";"Nublado";"Simples";"Reta";"Não";8;3;1;2;1;3;3;7;-12,42822966;-42,03460694;"SPRF-BA";"DEL06-BA";"UOP01-DEL06-BA"
664047;2025-02-27;"quinta-feira";"16:35:00";"MG";40;588,5;"ITABIRITO";"Reação tardia ou ineficiente do condutor";"Colisão lateral mesmo sentido";"Com Vítimas Feridas";"Pleno dia";"Crescente";"Céu Claro";"Simples";"Curva";"Não";4;0;1;0;2;1;1;4;-20,355464;-43,909544;"SPRF-MG";"DEL01-MG";"UOP02-DEL01-MG"