"id";"data_inversa";"dia_semana";"horario";"uf";"br";"km";"municipio";"causa_acidente";"tipo_acidente";"classificacao_acidente";"fase_dia";"sentido_via";"condicao_metereologica";"tipo_pista";"tracado_via";"uso_solo";"pessoas";"mortos";"feridos_leves";"feridos_graves";"ilesos";"ignorados";"feridos";"veiculos";"latitude";"longitude";"regional";"delegacia";"uop"
664050;2025-02-27;"quinta-feira";"17:00:00";"PR";277;43;"MORRETES";"Demais falhas mecânicas ou elétricas";"Incêndio";"Sem Vítimas";"Pleno dia";"Crescente";"Céu Claro";"Dupla";"Aclive;Reta";"Não";1;0;0;0;1;0;0;1;-25,59229082;-48,88068259;"SPRF-PR";"DEL01-PR";"UOP05-DEL01-PR"
664052;2025-02-27;"quinta-feira";"17:40:00";"PR";277;725,9;"FOZ DO IGUACU";"Manobra de mudança de faixa";"Colisão lateral mesmo sentido";"Com Vítimas Feridas";"Pleno dia";"Crescente";"Sol";"Dupla";"Reta";"Sim";5;0;2;0;2;1;2;3;-25,510756;-54,553192;"SPRF-PR";"DEL05-PR";"UOP03-DEL05-PR"
664059;2025-02-27;"quinta-feira";"17:35:00";"MG";381;864,7;"POUSO ALEGRE";"Carga excessiva e/ou mal acondicionada";"Colisão com objeto";"Sem Vítimas";"Pleno dia";"Crescente";"Céu Claro";"Dupla";"Aclive;Curva";"Não";3;0;0;0;2;1;0;3;-22,35187453;-45,92775015;"SPRF-MG";"DEL16-MG";"UOP01-DEL16-MG"
664060;2025-02-27;"quinta-feira";"16:45:00";"SC";282;446;"PONTE SERRADA";"Frear bruscamente";"Colisão frontal";"Com Vítimas Feridas";"Pleno dia";"Decrescente";"Chuva";"Simples";"Declive;Curva";"Não";3;0;0;1;1;1;1;3;-26,91237906;-51,90508962;"SPRF-SC";"DEL07-SC";"UOP04-DEL07-SC"
664066;2025-02-27;"quinta-feira";"17:10:00";"PR";376;490,9;"PONTA GROSSA";"Condutor deixou de manter distância do veículo da frente";"Engavetamento";"Com Vítimas Feridas";"Pleno dia";"Crescente";"Sol";"Dupla";"Declive;Reta";"Não";7;0;1;0;5;3;1;8;-25,107779;-50,191627;"SPRF-PR";"DEL03-PR";"UOP04-DEL03-PR"
664067;2025-02-27;"quinta-feira";"17:30:00";"SC";282;26,7;"SANTO AMARO DA IMPERATRIZ";"Acessar a via sem observar a presença dos outros veículos";"Colisão transversal";"Com Vítimas Feridas";"Pleno dia";"Crescente";"Nublado";"Simples";"Interseção de Vias;Reta";"Sim";8;0;3;2;2;1;5;3;-27,680267;-48,762482;"SPRF-SC";"DEL01-SC";"UOP03-DEL01-SC"
664068;2025-02-27;"quinta-feira";"17:00:00";"MS";463;55;"PONTA PORA";"Mal súbito do condutor";"Saída de leito carroçável";"Com Vítimas Fatais";"Pleno dia";"Decrescente";"Céu Claro";"Simples";"Reta";"Não";2;1;0;0;1;0;0;1;-22,391452;-55,280833;"SPRF-MS";"DEL04-MS";"UOP03-DEL04-MS"
664071;2025-02-09;"domingo";"06:00:00";"PE";232;531,6;"TERRA NOVA";"Demais falhas mecânicas ou elétricas";"Incêndio";"Sem Vítimas";"Pleno dia";"Crescente";"Céu Claro";"Simples";"Reta";"Não";2;0;0;0;1;2;0;3;-8,07649811;-39,32277899;"SPRF-PE";"DEL05-PE";"UOP01-DEL05-PE"
664082;2025-02-27;"quinta-feira";"15:05:00";"MG";365;737,1;"ITUIUTABA";"Velocidade Incompatível";"Colisão lateral sentido oposto";"Com Vítimas Feridas";"Pleno dia";"Crescente";"Chuva";"Simples";"Reta";"Não";7;0;2;0;2;4;2;6;-18,908399;-49,344792;"SPRF-MG";"DEL15-MG";"UOP03-DEL15-MG"
664087;2025-02-27;"quinta-feira";"18:00:00";"SC";280;41;"ARAQUARI";"Demais falhas mecânicas ou elétricas";"Tombamento";"Com Vítimas Feridas";"Plena Noite";"Decrescente";"Céu Claro";"Dupla";"Reta";"Não";1;0;1;0;0;0;1;1;-26,4502429;-48,8603418;"SPRF-SC";"DEL03-SC";"UOP03-DEL03-SC"
664090;2025-02-27;"quinta-feira";"19:30:00";"RS";116;224;"DOIS IRMAOS";"Desrespeitar a preferência no cruzamento";"Colisão transversal";"Com Vítimas Feridas";"Plena Noite";"Crescente";"Nublado";"Simples";"Rotatória;Reta;Interseção de Vias";"Sim";5;0;4;0;1;0;4;2;-29,589446;-51,107672;"SPRF-RS";"DEL01-RS";"UOP02-DEL01-RS"
664095;2025-02-27;"quinta-feira";"20:00:00";"GO";452;19;"RIO VERDE";"Reação tardia ou ineficiente do condutor";"Saída de leito carroçável";"Com Vítimas Feridas";"Plena Noite";"Crescente";"Céu Claro";"Simples";"Declive";"Não";2;0;1;0;0;1;1;2;-17,866898;-50,735388;"SPRF-GO";"DEL04-GO";"UOP01-DEL04-GO"
664098;2025-02-27;"quinta-feira";"17:20:00";"PA";163;665,9;"ITAITUBA";"Reação tardia ou ineficiente do condutor";"Colisão traseira";"Com Vítimas Feridas";"Pleno dia";"Decrescente";"Céu Claro";"Simples";"Reta";"Não";3;0;2;0;0;5;2;7;-4,420145;-55,802515;"SPRF-PA";"DEL05-PA";"UOP02-DEL05-PA"
664102;2025-02-27;"quinta-feira";"20:15:00";"RJ";101;108,3;"CAMPOS DOS GOYTACAZES";"Condutor deixou de manter distância do veículo da frente";"Colisão traseira";"Com Vítimas Feridas";"Plena Noite";"Crescente";"Céu Claro";"Dupla";"Reta";"Não";2;0;1;0;1;0;1;2;-21,943888;-41,63403;"SPRF-RJ";"DEL08-RJ";"UOP02-DEL08-RJ"
664107;2025-02-27;"quinta-feira";"19:12:00";"PE";316;43;"ARARIPINA";"Transitar na contramão";"Colisão frontal";"Com Vítimas Feridas";"Plena Noite";"Decrescente";"Nublado";"Simples";"Reta";"Não";2;0;1;0;1;0;1;2;-7,678528;-40,370075;"SPRF-PE";"DEL05-PE";"UOP02-DEL05-PE"
664109;2025-02-27;"quinta-feira";"20:57:00";"BA";116;751,6;"POCOES";"Manobra de mudança de faixa";"Colisão transversal";"Com Vítimas Feridas";"Plena Noite";"Decrescente";"Nublado";"Simples";"Reta;Aclive";"Não";3;0;0;2;1;0;2;2;-14,491227;-40,344483;"SPRF-BA";"DEL08-BA";"UOP02-DEL08-BA"
664110;2025-02-27;"quinta-feira";"21:30:00";"PR";277;3;"PARANAGUA";"Condutor deixou de manter distância do veículo da frente";"Engavetamento";"Com Vítimas Feridas";"Plena Noite";"Crescente";"Céu Claro";"Simples";"Reta";"Sim";5;0;2;0;2;3;2;6;-25,54601444;-48,56017828;"SPRF-PR";"DEL01-PR";"UOP05-DEL01-PR"
664113;2025-02-27;"quinta-feira";"17:50:00";"PR";163;159,8;"LINDOESTE";"Velocidade Incompatível";"Tombamento";"Com Vítimas Fatais";"Pleno dia";"Crescente";"Céu Claro";"Dupla";"Aclive;Curva";"Não";2;1;0;0;0;2;0;3;-25,3174797;-53,59033763;"SPRF-PR";"DEL05-PR";"UOP05-DEL05-PR"
664116;2025-02-27;"quinta-feira";"20:30:00";"RJ";116;269;"BARRA MANSA";"Condutor deixou de manter distância do veículo da frente";"Colisão traseira";"Com Vítimas Feridas";"Plena Noite";"Crescente";"Céu Claro";"Simples";"Aclive;Curva";"Não";4;0;1;0;2;1;1;4;-22,56143471;-44,15404497;"SPRF-RJ";"DEL07-RJ";"UOP02-DEL07-RJ"
664124;2025-02-27;"quinta-feira";"22:54:00";"MS";163;456;"CAMPO GRANDE";"Acessar a via sem observar a presença dos outros veículos";"Colisão transversal";"Com Vítimas Feridas";"Plena Noite";"Crescente";"Céu Claro";"Simples";"Interseção de Vias;Reta";"Não";4;0;1;1;1;1;2;3;-20,6852183;-54,5539127;"SPRF-MS";"DEL01-MS";"UOP01-DEL01-MS"
664133;2025-02-28;"sexta-feira";"03:22:00";"PE";101;83;"JABOATAO DOS GUARARAPES";"Ausência de reação do condutor";"Saída de leito carroçável";"Com Vítimas Feridas";"Plena Noite";"Decrescente";"Céu Claro";"Dupla";"Reta";"Sim";1;0;0;1;0;0;1;1;-8,1780821;-34,9487675;"SPRF-PE";"DEL01-PE";"UOP01-DEL01-PE"
664140;2025-02-28;"sexta-feira";"05:30:00";"MA";316;499,6;"CODO";"Demais falhas mecânicas ou elétricas";"Incêndio";"Sem Vítimas";"Amanhecer";"Crescente";"Nublado";"Simples";"Reta";"Não";2;0;0;0;1;1;0;2;-4,710512;-43,769145;"SPRF-MA";"DEL03-MA";"UOP02-DEL03-MA"
664142;2025-02-28;"sexta-feira";"06:15:00";"RJ";116;201;"QUEIMADOS";"Ausência de reação do condutor";"Colisão traseira";"Sem Vítimas";"Amanhecer";"Decrescente";"Sol";"Dupla";"Reta";"Não";4;0;0;0;4;0;0;3;-22,7303282;-43,5941753;"SPRF-RJ";"DEL06-RJ";"UOP02-DEL06-RJ"
664144;2025-02-28;"sexta-feira";"06:10:00";"GO";20;231;"GUARANI DE GOIAS";"Demais falhas mecânicas ou elétricas";"Incêndio";"Sem Vítimas";"Amanhecer";"Decrescente";"Céu Claro";"Simples";"Reta";"Não";2;0;0;0;1;3;0;4;-14,03210497;-46,24671936;"SPRF-DF";"DEL02-DF";"UOP03-DEL02-DF"
664145;2025-01-17;"sexta-feira";"15:30:00";"RJ";116;32;"SAPUCAIA";"Condutor deixou de manter distância do veículo da frente";"Colisão transversal";"Sem Vítimas";"Pleno dia";"Decrescente";"Céu Claro";"Simples";"Curva";"Não";3;0;0;0;3;0;0;2;-22,08349192;-42,808942;"SPRF-RJ";"DEL05-RJ";"UOP01-DEL05-RJ"
664147;2025-02-28;"sexta-feira";"05:30:00";"SC";101;158;"PORTO BELO";"Condutor Dormindo";"Colisão lateral mesmo sentido";"Sem Vítimas";"Amanhecer";"Crescente";"Céu Claro";"Dupla";"Reta";"Sim";4;0;0;0;3;3;0;6;-27,19413635;-48,6128615;"SPRF-SC";"DEL04-SC";"UOP03-DEL04-SC"
664150;2025-02-28;"sexta-feira";"06:30:00";"ES";101;283,9;"CARIACICA";"Ingestão de álcool pelo condutor";"Engavetamento";"Com Vítimas Feridas";"Pleno dia";"Decrescente";"Sol";"Múltipla";"Aclive;Reta";"Não";6;0;1;0;3;2;1;6;-20,24403965;-40,36985958;"SPRF-ES";"DEL01-ES";"UOP01-DEL01-ES"
664153;2025-02-28;"sexta-feira";"07:00:00";"MG";381;365;"SAO GONCALO DO RIO ABAIXO";"Velocidade Incompatível";"Tombamento";"Com Vítimas Feridas";"Pleno dia";"Crescente";"Céu Claro";"Simples";"Curva";"Não";3;0;1;0;1;2;1;4;-19,84818298;-43,25205803;"SPRF-MG";"DEL03-MG";"UOP01-DEL03-MG"
664164;2025-02-28;"sexta-feira";"07:20:00";"RS";470;217;"BENTO GONCALVES";"Manobra de mudança de faixa";"Colisão lateral mesmo sentido";"Sem Vítimas";"Pleno dia";"Crescente";"Céu Claro";"Dupla";"Reta;Rotatória";"Sim";4;0;0;0;3;1;0;3;-29,17485903;-51,52388871;"SPRF-RS";"DEL06-RS";"UOP01-DEL06-RS"
664167;2025-02-25;"terça-feira";"23:20:00";"MG";116;383,5;"MATHIAS LOBATO";"Transitar na contramão";"Colisão lateral sentido oposto";"Com Vítimas Feridas";"Plena Noite";"Decrescente";"Céu Claro";"Simples";"Reta";"Não";2;0;0;1;1;0;1;2;-18,635704;-41,948747;"SPRF-MG";"DEL06-MG";"UOP01-DEL06-MG"
664169;2025-02-28;"sexta-feira";"04:20:00";"RS";116;95,5;"SAO MARCOS";"Reação tardia ou ineficiente do condutor";"Colisão com objeto";"Sem Vítimas";"Amanhecer";"Decrescente";"Ignorado";"Simples";"Reta";"Não";1;0;0;0;1;0;0;1;-28,882461;-51,148005;"SPRF-RS";"DEL05-RS";"UOP03-DEL05-RS"
664177;2025-02-28;"sexta-feira";"07:45:00";"PR";376;488,4;"PONTA GROSSA";"Reação tardia ou ineficiente do condutor";"Colisão traseira";"Com Vítimas Feridas";"Pleno dia";"Decrescente";"Céu Claro";"Dupla";"Aclive;Reta";"Sim";3;0;0;1;2;0;1;3;-25,08688592;-50,1936847;"SPRF-PR";"DEL03-PR";"UOP04-DEL03-PR"
664184;2025-02-28;"sexta-feira";"09:30:00";"PR";277;608;"SANTA TEREZA DO OESTE";"Ausência de reação do condutor";"Colisão lateral sentido oposto";"Com Vítimas Feridas";"Pleno dia";"Crescente";"Céu Claro";"Simples";"Reta";"Sim";4;0;1;0;2;3;1;6;-25,0430143;-53,6049417;"SPRF-PR";"DEL05-PR";"UOP02-DEL05-PR"
664185;2025-02-28;"sexta-feira";"09:05:00";"RJ";116;89;"TERESOPOLIS";"Velocidade Incompatível";"Tombamento";"Sem Vítimas";"Pleno dia";"Decrescente";"Céu Claro";"Simples";"Curva";"Não";2;0;0;0;1;3;0;4;-22,45916279;-42,97373056;"SPRF-RJ";"DEL04-RJ";"UOP01-DEL04-RJ"
664186;2025-02-28;"sexta-feira";"10:10:00";"RJ";101;162;"MACAE";"Demais falhas mecânicas ou elétricas";"Colisão transversal";"Com Vítimas Feridas";"Pleno dia";"Crescente";"Céu Claro";"Simples";"Reta";"Não";2;0;1;0;1;0;1;2;-22,34277239;-41,91764832;"SPRF-RJ";"DEL08-RJ";"UOP04-DEL08-RJ"
664191;2025-02-28;"sexta-feira";"10:00:00";"PE";101;86;"JABOATAO DOS GUARARAPES";"Acessar a via sem observar a presença dos outros veículos";"Colisão transversal";"Com Vítimas Feridas";"Pleno dia";"Decrescente";"Nublado";"Dupla";"Reta";"Sim";3;0;2;0;0;1;2;3;-8,18452;-34,96705;"SPRF-PE";"DEL01-PE";"UOP01-DEL01-PE"
664194;2025-02-28;"sexta-feira";"10:50:00";"RS";470;231,5;"CARLOS BARBOSA";"Demais falhas mecânicas ou elétricas";"Incêndio";"Sem Vítimas";"Pleno dia";"Decrescente";"Céu Claro";"Simples";"Aclive;Reta";"Não";2;0;0;0;2;0;0;1;-29,28776932;-51,48893064;"SPRF-RS";"DEL06-RS";"UOP01-DEL06-RS"
664196;2025-02-28;"sexta-feira";"10:30:00";"SC";280;1;"MAFRA";"Problema com o freio";"Saída de leito carroçável";"Sem Vítimas";"Pleno dia";"Crescente";"Céu Claro";"Simples";"Reta;Declive";"Não";2;0;0;0;1;1;0;2;-26,20386631;-49,79088509;"SPRF-SC";"DEL03-SC";"UOP03-DEL03-SC"
664199;2025-02-28;"sexta-feira";"11:00:00";"PR";369;359;"MAMBORE";"Problema com o freio";"Incêndio";"Com Vítimas Feridas";"Pleno dia";"Decrescente";"Céu Claro";"Simples";"Reta";"Não";2;0;1;0;1;0;1;1;-24,24027323;-52,52170801;"SPRF-PR";"DEL09-PR";"UOP03-DEL09-PR"
664202;2025-02-28;"sexta-feira";"11:50:00";"PR";376;201;"MANDAGUARI";"Ausência de reação do condutor";"Colisão traseira";"Com Vítimas Feridas";"Pleno dia";"Crescente";"Céu Claro";"Dupla";"Reta";"Não";2;0;0;1;1;0;1;2;-23,5082744;-51,72706604;"SPRF-PR";"DEL09-PR";"UOP01-DEL09-PR"
664207;2025-02-28;"sexta-feira";"07:00:00";"RS";392;223,5;"CACAPAVA DO SUL";"Reação tardia ou ineficiente do condutor";"Saída de leito carroçável";"Com Vítimas Feridas";"Amanhecer";"Decrescente";"Chuva";"Simples";"Curva";"Não";2;0;1;0;0;2;1;3;-30,708;-53,234;"SPRF-RS";"DEL09-RS";"UOP02-DEL09-RS"
664212;2025-02-28;"sexta-feira";"12:00:00";"RS";116;42,8;"VACARIA";"Acessar a via sem observar a presença dos outros veículos";"Colisão transversal";"Sem Vítimas";"Pleno dia";"Crescente";"Céu Claro";"Simples";"Interseção de Vias;Rotatória;Reta";"Não";2;0;0;0;2;0;0;2;-28,53519485;-50,96142948;"SPRF-RS";"DEL05-RS";"UOP03-DEL05-RS"
664215;2025-02-28;"sexta-feira";"11:30:00";"BA";101;241;"CONCEICAO DO ALMEIDA";"Ultrapassagem Indevida";"Colisão frontal";"Com Vítimas Fatais";"Pleno dia";"Decrescente";"Chuva";"Simples";"Curva";"Não";4;1;0;1;1;1;1;3;-12,80911634;-39,19964433;"SPRF-BA";"DEL01-BA";"UOP02-DEL01-BA"
664216;2025-02-28;"sexta-feira";"12:00:00";"ES";101;289;"CARIACICA";"Ausência de reação do condutor";"Engavetamento";"Com Vítimas Feridas";"Pleno dia";"Decrescente";"Céu Claro";"Dupla";"Reta";"Sim";11;0;0;1;8;2;1;11;-20,28835907;-40,39202213;"SPRF-ES";"DEL01-ES";"UOP01-DEL01-ES"
664221;2025-02-20;"quinta-feira";"07:40:00";"RS";116;153,8;"CAXIAS DO SUL";"Manobra de mudança de faixa";"Tombamento";"Com Vítimas Feridas";"Pleno dia";"Decrescente";"Céu Claro";"Dupla";"Reta";"Sim";2;0;1;0;1;0;1;2;-29,18877854;-51,18237913;"SPRF-RS";"DEL05-RS";"UOP01-DEL05-RS"
664222;2025-02-28;"sexta-feira";"12:20:00";"RS";285;182,3;"CAPAO BONITO DO SUL";"Curva acentuada";"Saída de leito carroçável";"Com Vítimas Feridas";"Pleno dia";"Decrescente";"Sol";"Simples";"Curva";"Não";2;0;1;0;0;2;1;3;-28,29368361;-51,4109087;"SPRF-RS";"DEL08-RS";"UOP05-DEL08-RS"
664224;2025-02-20;"quinta-feira";"05:00:00";"BA";101;569;"ARATACA";"Velocidade Incompatível";"Saída de leito carroçável";"Com Vítimas Feridas";"Amanhecer";"Crescente";"Chuva";"Simples";"Curva";"Não";2;0;1;0;0;1;1;2;-15,2712702;-39,4657376;"SPRF-BA";"DEL05-BA";"UOP02-DEL05-BA"
664235;2025-02-28;"sexta-feira";"14:30:00";"RJ";101;59;"CAMPOS DOS GOYTACAZES";"Suicídio (presumido)";"Atropelamento de Pedestre";"Com Vítimas Fatais";"Pleno dia";"Decrescente";"Céu Claro";"Simples";"Reta";"Sim";3;1;0;0;1;2;0;4;-21,719578;-41,313288;"SPRF-RJ";"DEL08-RJ";"UOP01-DEL08-RJ"
664239;2025-02-28;"sexta-feira";"14:30:00";"RS";285;293,9;"PASSO FUNDO";"Carga excessiva e/ou mal acondicionada";"Derramamento de carga";"Sem Vítimas";"Pleno dia";"Crescente";"Nublado";"Simples";"Curva;Declive";"Sim";2;0;0;0;1;1;0;2;-28,2349;-52,3822;"SPRF-RS";"DEL08-RS";"UOP03-DEL08-RS"
664242;2025-02-28;"sexta-feira";"10:30:00";"RO";364;381,2;"OURO PRETO DO OESTE";"Reação tardia ou ineficiente do condutor";"Saída de leito carroçável";"Sem Vítimas";"Pleno dia";"Crescente";"Céu Claro";"Simples";"Curva";"Não";2;0;0;0;1;1;0;2;-10,727823;-62,230608;"SPRF-RO";"DEL02-RO";"UOP01-DEL02-RO"
664244;2025-01-24;"sexta-feira";"07:30:00";"MG";251;349,6;"FRUTA DE LEITE";"Velocidade Incompatível";"Tombamento";"Com Vítimas Fatais";"Pleno dia";"Decrescente";"Céu Claro";"Simples";"Declive;Curva";"Não";4;1;0;0;0;3;0;3;-16,27293323;-42,53130451;"SPRF-MG";"DEL12-MG";"UOP02-DEL12-MG"
664252;2025-02-28;"sexta-feira";"14:12:00";"PA";163;416;"ITAITUBA";"Pista Escorregadia";"Colisão frontal";"Com Vítimas Fatais";"Pleno dia";"Crescente";"Chuva";"Simples";"Reta;Declive";"Não";4;1;0;0;2;6;0;9;-6,16064089;-55,62961578;"SPRF-PA";"DEL05-PA";"UOP03-DEL05-PA"
664255;2025-02-28;"sexta-feira";"15:40:00";"MG";262;481;"CONTAGEM";"Velocidade Incompatível";"Tombamento";"Com Vítimas Feridas";"Pleno dia";"Crescente";"Sol";"Dupla";"Interseção de Vias;Reta";"Sim";3;0;1;0;1;1;1;3;-19,95860061;-44,06208027;"SPRF-MG";"DEL08-MG";"UOP03-DEL08-MG"
664258;2025-02-28;"sexta-feira";"11:20:00";"SC";101;121;"ITAJAI";"Reação tardia ou ineficiente do condutor";"Engavetamento";"Com Vítimas Feridas";"Pleno dia";"Decrescente";"Céu Claro";"Dupla";"Reta";"Sim";4;0;2;0;2;0;2;3;-26,92105;-48,70838;"SPRF-SC";"DEL04-SC";"UOP04-DEL04-SC"
664265;2025-02-28;"sexta-feira";"10:40:00";"RO";364;99;"VILHENA";"Ausência de reação do condutor";"Colisão traseira";"Com Vítimas Feridas";"Pleno dia";"Decrescente";"Céu Claro";"Simples";"Reta";"Não";4;0;1;0;2;1;1;2;-12,275626;-60,64165;"SPRF-RO";"DEL04-RO";"UOP01-DEL04-RO"
664271;2025-02-28;"sexta-feira";"12:20:00";"SP";116;165;"JACAREI";"Reação tardia ou ineficiente do condutor";"Colisão traseira";"Sem Vítimas";"Pleno dia";"Crescente";"Céu Claro";"Múltipla";"Reta";"Não";3;0;0;0;2;2;0;4;-23,29649559;-46,00753784;"SPRF-SP";"DEL02-SP";"UOP01-DEL02-SP"
664273;2025-02-26;"quarta-feira";"06:40:00";"MG";146;424;"PATOS DE MINAS";"Demais falhas na via";"Saída de leito carroçável";"Com Vítimas Feridas";"Pleno dia";"Decrescente";"Céu Claro";"Simples";"Declive;Reta";"Não";1;0;1;0;0;0;1;1;-18,7193;-46,613;"SPRF-MG";"DEL09-MG";"UOP01-DEL09-MG"
664274;2025-02-28;"sexta-feira";"16:50:00";"MG";381;4,2;"BETIM";"Manobra de mudança de faixa";"Colisão lateral mesmo sentido";"Com Vítimas Feridas";"Pleno dia";"Crescente";"Céu Claro";"Dupla";"Reta";"Sim";2;0;1;0;1;0;1;2;-19,98698111;-44,17757034;"SPRF-MG";"DEL01-MG";"UOP03-DEL01-MG"
664276;2025-02-28;"sexta-feira";"17:20:00";"SP";381;41;"ATIBAIA";"Ausência de reação do condutor";"Colisão traseira";"Com Vítimas Feridas";"Pleno dia";"Decrescente";"Céu Claro";"Múltipla";"Reta";"Não";2;0;1;0;1;0;1;2;-23,16631509;-46,57556916;"SPRF-SP";"DEL03-SP";"UOP01-DEL03-SP"
664278;2025-02-28;"sexta-feira";"04:15:00";"SC";101;284,8;"IMBITUBA";"Ausência de reação do condutor";"Colisão traseira";"Sem Vítimas";"Plena Noite";"Crescente";"Ignorado";"Dupla";"Curva";"Não";2;0;0;0;1;1;0;2;-28,236519;-48,700818;"SPRF-SC";"DEL02-SC";"UOP03-DEL02-SC"
664285;2025-02-27;"quinta-feira";"11:10:00";"SC";116;205,2;"PONTE ALTA";"Ausência de reação do condutor";"Colisão lateral sentido oposto";"Com Vítimas Feridas";"Pleno dia";"Crescente";"Céu Claro";"Simples";"Aclive;Reta";"Sim";3;0;2;0;0;2;2;4;-27,465591;-50,385976;"SPRF-SC";"DEL05-SC";"UOP03-DEL05-SC"
664289;2025-02-28;"sexta-feira";"16:00:00";"PR";376;0,8;"SAO JOSE DOS PINHAIS";"Manobra de mudança de faixa";"Colisão traseira";"Com Vítimas Fatais";"Pleno dia";"Decrescente";"Céu Claro";"Dupla";"Reta";"Sim";2;1;0;0;1;0;0;2;-25,5613309;-49,1846452;"SPRF-PR";"DEL01-PR";"UOP04-DEL01-PR"
664293;2025-02-28;"sexta-feira";"09:45:00";"SC";282;409,9;"CATANDUVAS";"Desrespeitar a preferência no cruzamento";"Colisão transversal";"Com Vítimas Feridas";"Pleno dia";"Crescente";"Céu Claro";"Simples";"Interseção de Vias";"Sim";3;0;2;0;1;0;2;2;-27,066995;-51,66306;"SPRF-SC";"DEL07-SC";"UOP05-DEL07-SC"
664296;2025-02-28;"sexta-feira";"18:35:00";"MG";381;913,8;"CAMANDUCAIA";"Ausência de reação do condutor";"Colisão lateral mesmo sentido";"Com Vítimas Fatais";"Anoitecer";"Crescente";"Céu Claro";"Dupla";"Declive;Reta";"Não";3;1;0;0;0;2;0;3;-22,714952;-46,124257;"SPRF-MG";"DEL16-MG";"UOP03-DEL16-MG"
664299;2025-02-28;"sexta-feira";"19:15:00";"SP";381;67;"ATIBAIA";"Ausência de reação do condutor";"Colisão lateral mesmo sentido";"Com Vítimas Feridas";"Plena Noite";"Decrescente";"Garoa/Chuvisco";"Múltipla";"Reta";"Não";4;0;1;0;2;1;1;3;-23,191453;-46,5853588;"SPRF-SP";"DEL03-SP";"UOP01-DEL03-SP"
664302;2025-02-28;"sexta-feira";"17:30:00";"PA";155;239;"ELDORADO DO CARAJAS";"Ausência de reação do condutor";"Colisão traseira";"Com Vítimas Feridas";"Anoitecer";"Crescente";"Garoa/Chuvisco";"Simples";"Reta";"Não";5;0;1;1;2;6;2;9;-6,196067;-49,368835;"SPRF-PA";"DEL03-PA";"UOP01-DEL03-PA"
664303;2025-02-28;"sexta-feira";"19:00:00";"SP";153;73,9;"SAO JOSE DO RIO PRETO";"Manobra de mudança de faixa";"Colisão traseira";"Com Vítimas Feridas";"Plena Noite";"Decrescente";"Nublado";"Dupla";"Reta";"Não";4;0;1;0;3;0;1;2;-20,88255172;-49,42450279;"SPRF-SP";"DEL09-SP";"UOP01-DEL09-SP"
664307;2025-02-28;"sexta-feira";"12:35:00";"PR";277;363,3;"GUARAPUAVA";"Conversão proibida";"Colisão transversal";"Com Vítimas Feridas";"Pleno dia";"Decrescente";"Céu Claro";"Simples";"Reta;Declive";"Não";4;0;1;1;1;2;2;4;-25,43747169;-51,63902454;"SPRF-PR";"DEL08-PR";"UOP01-DEL08-PR"
664310;2025-02-28;"sexta-feira";"19:00:00";"RJ";40;111;"DUQUE DE CAXIAS";"Condutor deixou de manter distância do veículo da frente";"Colisão traseira";"Com Vítimas Feridas";"Anoitecer";"Decrescente";"Céu Claro";"Múltipla";"Declive;Reta";"Sim";5;0;2;0;3;0;2;4;-22,69174657;-43,28734093;"SPRF-RJ";"DEL01-RJ";"UOP02-DEL01-RJ"
664312;2025-02-27;"quinta-feira";"16:20:00";"SP";116;218;"GUARULHOS";"Ausência de reação do condutor";"Colisão lateral mesmo sentido";"Sem Vítimas";"Pleno dia";"Crescente";"Nublado";"Múltipla";"Reta";"Sim";3;0;0;0;3;0;0;2;-23,4565396;-46,4778432;"SPRF-SP";"DEL01-SP";"UOP01-DEL01-SP"
664328;2025-02-28;"sexta-feira";"20:35:00";"ES";101;453,3;"MIMOSO DO SUL";"Condutor Dormindo";"Saída de leito carroçável";"Com Vítimas Feridas";"Plena Noite";"Crescente";"Céu Claro";"Simples";"Reta";"Não";1;0;1;0;0;0;1;1;-21,16979798;-41,28762156;"SPRF-ES";"DEL03-ES";"UOP02-DEL03-ES"
664332;2025-02-28;"sexta-feira";"21:10:00";"PR";116;10;"COLOMBO";"Reação tardia ou ineficiente do condutor";"Colisão traseira";"Com Vítimas Feridas";"Plena Noite";"Decrescente";"Nublado";"Dupla";"Reta";"Sim";2;0;0;1;1;0;1;2;-25,37221649;-49,13561761;"SPRF-PR";"DEL01-PR";"UOP02-DEL01-PR"
664334;2025-02-28;"sexta-feira";"20:50:00";"PR";376;301,5;"MAUA DA SERRA";"Reação tardia ou ineficiente do condutor";"Colisão traseira";"Com Vítimas Feridas";"Plena Noite";"Crescente";"Céu Claro";"Dupla";"Aclive;Reta";"Não";7;0;3;2;1;1;5;3;-23,93554132;-51,15049839;"SPRF-PR";"DEL07-PR";"UOP02-DEL07-PR"
664337;2025-02-28;"sexta-feira";"20:10:00";"PE";232;320;"CUSTODIA";"Ultrapassagem Indevida";"Colisão frontal";"Com Vítimas Fatais";"Plena Noite";"Decrescente";"Céu Claro";"Simples";"Reta";"Não";12;1;3;6;1;1;9;4;-8,123078;-37,533947;"SPRF-PE";"DEL04-PE";"UOP02-DEL04-PE"
664339;2025-02-28;"sexta-feira";"16:45:00";"GO";364;199;"JATAI";"Condutor deixou de manter distância do veículo da frente";"Colisão lateral mesmo sentido";"Com Vítimas Fatais";"Pleno dia";"Decrescente";"Céu Claro";"Dupla";"Reta;Em Obras;Ponte";"Não";3;1;0;0;1;3;0;5;-17,91906946;-51,75119704;"SPRF-GO";"DEL05-GO";"UOP01-DEL05-GO"