"id";"data_inversa";"dia_semana";"horario";"uf";"br";"km";"municipio";"causa_acidente";"tipo_acidente";"classificacao_acidente";"fase_dia";"sentido_via";"condicao_metereologica";"tipo_pista";"tracado_via";"uso_solo";"pessoas";"mortos";"feridos_leves";"feridos_graves";"ilesos";"ignorados";"feridos";"veiculos";"latitude";"longitude";"regional";"delegacia";"uop"
664341;2025-02-28;"sexta-feira";"21:50:00";"RS";285;456;"IJUI";"Acessar a via sem observar a presença dos outros veículos";"Colisão transversal";"Com Vítimas Feridas";"Plena Noite";"Decrescente";"Nublado";"Simples";"Reta;Interseção de Vias";"Sim";3;0;1;0;1;1;1;3;-28,38894637;-53,89240265;"SPRF-RS";"DEL10-RS";"UOP01-DEL10-RS"
664342;2025-02-28;"sexta-feira";"19:26:00";"GO";60;42;"ALEXANIA";"Condutor Dormindo";"Colisão traseira";"Com Vítimas Feridas";"Plena Noite";"Crescente";"Céu Claro";"Dupla";"Reta";"Não";4;0;1;1;1;1;2;3;-16,109948;-48,577502;"SPRF-DF";"DEL03-DF";"UOP01-DEL03-DF"
664349;2025-02-28;"sexta-feira";"22:18:00";"SP";116;299;"SAO LOURENCO DA SERRA";"Manobra de mudança de faixa";"Colisão lateral mesmo sentido";"Sem Vítimas";"Plena Noite";"Crescente";"Céu Claro";"Dupla";"Reta;Declive";"Não";6;0;0;0;6;0;0;2;-23,79211345;-46,91506944;"SPRF-SP";"DEL04-SP";"UOP01-DEL04-SP"
664350;2025-02-28;"sexta-feira";"20:00:00";"MA";135;67;"SANTA RITA";"Transitar na contramão";"Colisão frontal";"Com Vítimas Feridas";"Plena Noite";"Crescente";"Céu Claro";"Dupla";"Reta";"Não";5;0;3;0;1;2;3;5;-3,114607;-44,32343;"SPRF-MA";"DEL01-MA";"UOP02-DEL01-MA"
664353;2025-02-28;"sexta-feira";"12:55:00";"PA";163;424;"ITAITUBA";"Velocidade Incompatível";"Colisão lateral sentido oposto";"Com Vítimas Feridas";"Anoitecer";"Decrescente";"Chuva";"Dupla";"Curva;Aclive";"Não";4;0;0;1;1;6;1;8;-6,10752;-55,61864;"SPRF-PA";"DEL05-PA";"UOP03-DEL05-PA"
664355;2025-02-28;"sexta-feira";"21:25:00";"BA";101;351;"WENCESLAU GUIMARAES";"Reação tardia ou ineficiente do condutor";"Colisão traseira";"Com Vítimas Feridas";"Plena Noite";"Crescente";"Nublado";"Simples";"Reta";"Não";3;0;0;1;1;2;1;4;-13,630816;-39,493423;"SPRF-BA";"DEL05-BA";"UOP03-DEL05-BA"
664356;2025-02-28;"sexta-feira";"22:50:00";"ES";101;391,1;"RIO NOVO DO SUL";"Ausência de reação do condutor";"Tombamento";"Com Vítimas Feridas";"Plena Noite";"Crescente";"Céu Claro";"Simples";"Curva";"Não";2;0;0;1;0;1;1;2;-20,86507;-40,89711;"SPRF-ES";"DEL03-ES";"UOP02-DEL03-ES"
664372;2025-02-28;"sexta-feira";"20:20:00";"SC";116;114,9;"SANTA CECILIA";"Velocidade Incompatível";"Tombamento";"Com Vítimas Feridas";"Plena Noite";"Decrescente";"Céu Claro";"Simples";"Declive;Curva";"Não";2;0;1;0;0;1;1;2;-26,80149036;-50,33860445;"SPRF-SC";"DEL06-SC";"UOP02-DEL06-SC"
664373;2025-02-28;"sexta-feira";"16:00:00";"MT";174;543;"COMODORO";"Mal súbito do condutor";"Colisão lateral sentido oposto";"Com Vítimas Fatais";"Pleno dia";"Crescente";"Chuva";"Simples";"Aclive";"Não";5;1;1;0;2;4;1;8;-13,15258956;-59,87681866;"SPRF-MT";"DEL04-MT";"UOP02-DEL04-MT"
664393;2025-02-28;"sexta-feira";"19:30:00";"PA";10;217;"IPIXUNA DO PARA";"Acostamento em desnível";"Derramamento de carga";"Com Vítimas Feridas";"Plena Noite";"Crescente";"Chuva";"Simples";"Reta";"Não";2;0;1;0;0;1;1;2;-2,529609;-47,502161;"SPRF-PA";"DEL02-PA";"UOP01-DEL02-PA"
664394;2025-02-28;"sexta-feira";"22:35:00";"PR";277;199,9;"PALMEIRA";"Reação tardia ou ineficiente do condutor";"Colisão lateral mesmo sentido";"Sem Vítimas";"Plena Noite";"Crescente";"Nublado";"Simples";"Reta";"Não";5;0;0;0;4;1;0;3;-25,458757;-50,213085;"SPRF-PR";"DEL08-PR";"UOP02-DEL08-PR"
664405;2025-02-28;"sexta-feira";"17:00:00";"PI";135;607,1;"CORRENTE";"Transitar na contramão";"Colisão frontal";"Com Vítimas Feridas";"Pleno dia";"Decrescente";"Céu Claro";"Simples";"Reta";"Não";4;0;2;0;2;0;2;3;-10,570163;-45,20443;"SPRF-PI";"DEL03-PI";"UOP02-DEL03-PI"
664427;2025-02-28;"sexta-feira";"13:25:00";"RJ";116;25;"SAPUCAIA";"Condutor usando celular";"Colisão transversal";"Com Vítimas Feridas";"Pleno dia";"Crescente";"Sol";"Simples";"Reta";"Não";2;0;1;0;1;0;1;2;-22,03492126;-42,77958155;"SPRF-RJ";"DEL05-RJ";"UOP01-DEL05-RJ"
664428;2025-02-28;"sexta-feira";"20:00:00";"RS";290;60;"GRAVATAI";"Ausência de reação do condutor";"Colisão lateral mesmo sentido";"Sem Vítimas";"Plena Noite";"Decrescente";"Céu Claro";"Múltipla";"Reta";"Não";3;0;0;0;2;1;0;3;-29,9248484;-50,8617438;"SPRF-RS";"DEL03-RS";"UOP01-DEL03-RS"
664434;2025-02-28;"sexta-feira";"00:00:00";"MT";364;493;"JANGADA";"Ausência de reação do condutor";"Saída de leito carroçável";"Sem Vítimas";"Plena Noite";"Crescente";"Nevoeiro/Neblina";"Simples";"Reta";"Sim";2;0;0;0;0;2;0;2;-15,25209577;-56,46728039;"SPRF-MT";"DEL01-MT";"UOP01-DEL01-MT"
664440;2025-02-09;"domingo";"08:44:00";"PR";376;186;"MARIALVA";"Manobra de mudança de faixa";"Colisão lateral mesmo sentido";"Com Vítimas Feridas";"Pleno dia";"Crescente";"Céu Claro";"Dupla";"Reta";"Não";4;0;1;0;2;1;1;2;-23,45643624;-51,84510713;"SPRF-PR";"DEL09-PR";"UOP01-DEL09-PR"
664536;2025-01-16;"quinta-feira";"12:20:00";"ES";101;272;"SERRA";"Reação tardia ou ineficiente do condutor";"Colisão traseira";"Com Vítimas Feridas";"Pleno dia";"Crescente";"Céu Claro";"Dupla";"Reta";"Não";2;0;1;0;0;1;1;2;-20,2159533;-40,2937106;"SPRF-ES";"DEL02-ES";"UOP01-DEL02-ES"
664754;2025-02-03;"segunda-feira";"06:40:00";"RJ";40;109;"DUQUE DE CAXIAS";"Reação tardia ou ineficiente do condutor";"Colisão traseira";"Com Vítimas Feridas";"Pleno dia";"Decrescente";"Céu Claro";"Múltipla";"Reta";"Sim";4;0;1;0;3;0;1;2;-22,67374628;-43,28638368;"SPRF-RJ";"DEL01-RJ";"UOP02-DEL01-RJ"
664930;2025-02-28;"sexta-feira";"07:30:00";"PR";116;124;"FAZENDA RIO GRANDE";"Manobra de mudança de faixa";"Colisão traseira";"Com Vítimas Feridas";"Amanhecer";"Decrescente";"Céu Claro";"Dupla";"Reta";"Sim";2;0;1;0;0;1;1;2;-25,627023;-49,314547;"SPRF-PR";"DEL01-PR";"UOP03-DEL01-PR"
665157;2025-02-08;"sábado";"16:00:00";"MT";163;669;"LUCAS DO RIO VERDE";"Demais falhas mecânicas ou elétricas";"Colisão lateral sentido oposto";"Com Vítimas Feridas";"Pleno dia";"Decrescente";"Chuva";"Simples";"Reta";"Não";2;0;1;0;1;0;1;2;-13,2238;-56,0042;"SPRF-MT";"DEL06-MT";"UOP01-DEL06-MT"
665203;2025-01-26;"domingo";"23:25:00";"SP";116;496;"CAJATI";"Ausência de reação do condutor";"Colisão lateral mesmo sentido";"Com Vítimas Feridas";"Plena Noite";"Decrescente";"Chuva";"Dupla";"Reta";"Não";2;0;1;0;1;0;1;2;-24,75945513;-48,16458078;"SPRF-SP";"DEL05-SP";"UOP01-DEL05-SP"
665222;2025-02-10;"segunda-feira";"03:00:00";"SE";101;193;"CRISTINAPOLIS";"Velocidade Incompatível";"Colisão com objeto";"Com Vítimas Feridas";"Plena Noite";"Crescente";"Chuva";"Simples";"Reta";"Não";2;0;1;0;0;1;1;2;-11,44262788;-37,73258333;"SPRF-SE";"DEL02-SE";"UOP03-DEL02-SE"
665335;2025-02-10;"segunda-feira";"01:05:00";"RO";364;381;"OURO PRETO DO OESTE";"Transitar na contramão";"Colisão frontal";"Com Vítimas Fatais";"Plena Noite";"Crescente";"Céu Claro";"Simples";"Curva";"Não";2;1;0;0;1;0;0;2;-10,7277;-62,230684;"SPRF-RO";"DEL02-RO";"UOP01-DEL02-RO"
665572;2025-02-19;"quarta-feira";"05:15:00";"AL";101;152;"JEQUIA DA PRAIA";"Demais falhas mecânicas ou elétricas";"Incêndio";"Sem Vítimas";"Amanhecer";"Crescente";"Céu Claro";"Dupla";"Reta";"Não";2;0;0;0;1;1;0;2;-9,88974591;-36,16761599;"SPRF-AL";"DEL02-AL";"UOP02-DEL02-AL"
665586;2025-02-11;"terça-feira";"06:30:00";"MT";364;636;"DIAMANTINO";"Acumulo de água sobre o pavimento";"Saída de leito carroçável";"Sem Vítimas";"Pleno dia";"Crescente";"Chuva";"Simples";"Reta";"Não";2;0;0;0;0;3;0;3;-14,37879592;-56,37227995;"SPRF-MT";"DEL01-MT";"UOP01-DEL01-MT"
665743;2025-02-07;"sexta-feira";"14:40:00";"RJ";101;208;"CASIMIRO DE ABREU";"Ultrapassagem Indevida";"Colisão transversal";"Com Vítimas Feridas";"Pleno dia";"Decrescente";"Céu Claro";"Simples";"Reta";"Não";10;0;0;1;8;1;1;5;-22,4806698;-42,22017209;"SPRF-RJ";"DEL08-RJ";"UOP04-DEL08-RJ"
665781;2025-01-02;"quinta-feira";"17:20:00";"RJ";101;384;"RIO DE JANEIRO";"Manobra de mudança de faixa";"Colisão lateral mesmo sentido";"Com Vítimas Feridas";"Pleno dia";"Decrescente";"Céu Claro";"Dupla";"Reta";"Não";3;0;1;0;1;1;1;3;-22,87911609;-43,62323999;"SPRF-RJ";"DEL03-RJ";"UOP01-DEL03-RJ"
665815;2025-02-15;"sábado";"10:40:00";"RJ";116;128;"MAGE";"Carga excessiva e/ou mal acondicionada";"Tombamento";"Sem Vítimas";"Pleno dia";"Decrescente";"Sol";"Dupla";"Curva;Aclive";"Não";3;0;0;0;2;1;0;3;-22,6657139;-43,10092001;"SPRF-RJ";"DEL04-RJ";"UOP02-DEL04-RJ"
665886;2025-01-24;"sexta-feira";"03:50:00";"PI";316;306;"PICOS";"Ausência de reação do condutor";"Saída de leito carroçável";"Com Vítimas Feridas";"Plena Noite";"Crescente";"Nublado";"Simples";"Curva;Declive";"Sim";1;0;0;1;0;0;1;1;-7,07700699;-41,50959795;"SPRF-PI";"DEL04-PI";"UOP01-DEL04-PI"
665891;2025-02-26;"quarta-feira";"15:20:00";"BA";242;519;"OLIVEIRA DOS BREJINHOS";"Ultrapassagem Indevida";"Saída de leito carroçável";"Com Vítimas Feridas";"Pleno dia";"Decrescente";"Céu Claro";"Simples";"Reta";"Não";3;0;1;0;1;1;1;2;-12,307081;-42,61531;"SPRF-BA";"DEL06-BA";"UOP01-DEL06-BA"
666400;2025-02-22;"sábado";"14:55:00";"RS";290;367,5;"VILA NOVA DO SUL";"Ausência de reação do condutor";"Saída de leito carroçável";"Com Vítimas Feridas";"Pleno dia";"Crescente";"Céu Claro";"Simples";"Curva;Aclive";"Não";2;0;1;0;0;1;1;2;-30,34354672;-53,83575439;"SPRF-RS";"DEL09-RS";"UOP02-DEL09-RS"
666443;2025-02-13;"quinta-feira";"02:00:00";"RJ";116;261,9;"PINHEIRAL";"Ausência de reação do condutor";"Colisão traseira";"Com Vítimas Feridas";"Plena Noite";"Decrescente";"Céu Claro";"Dupla";"Reta";"Não";5;0;1;0;3;3;1;7;-22,58476877;-44,05026905;"SPRF-RJ";"DEL07-RJ";"UOP02-DEL07-RJ"
666568;2025-02-17;"segunda-feira";"16:14:00";"PA";163;448,9;"ITAITUBA";"Ausência de reação do condutor";"Saída de leito carroçável";"Com Vítimas Feridas";"Pleno dia";"Decrescente";"Nublado";"Simples";"Declive;Curva";"Não";2;0;1;0;0;1;1;2;-5,93522394;-55,71063483;"SPRF-PA";"DEL05-PA";"UOP03-DEL05-PA"
666569;2025-01-08;"quarta-feira";"03:30:00";"AM";174;924;"MANAUS";"Acumulo de água sobre o pavimento";"Saída de leito carroçável";"Com Vítimas Fatais";"Plena Noite";"Crescente";"Chuva";"Simples";"Reta";"Não";4;2;1;1;0;0;2;1;-2,57875418;-60,11793315;"SPRF-AM";"DEL01-AM";"UOP01-DEL01-AM"
666575;2025-01-18;"sábado";"08:45:00";"ES";101;249,8;"SERRA";"Transitar na contramão";"Colisão frontal";"Com Vítimas Feridas";"Pleno dia";"Crescente";"Sol";"Simples";"Curva";"Não";5;0;1;1;2;1;2;3;-20,07371936;-40,35345531;"SPRF-ES";"DEL02-ES";"UOP01-DEL02-ES"
666584;2025-01-21;"terça-feira";"12:50:00";"MT";163;1102;"GUARANTA DO NORTE";"Manobra de mudança de faixa";"Colisão lateral sentido oposto";"Com Vítimas Feridas";"Pleno dia";"Crescente";"Céu Claro";"Simples";"Curva";"Não";4;0;2;1;0;3;3;5;-9,78200529;-54,90867173;"SPRF-MT";"DEL06-MT";"UOP03-DEL06-MT"
666773;2025-02-08;"sábado";"15:00:00";"MG";365;430;"PATOS DE MINAS";"Ausência de reação do condutor";"Colisão traseira";"Sem Vítimas";"Pleno dia";"Decrescente";"Céu Claro";"Dupla";"Reta";"Não";3;0;0;0;2;1;0;3;-18,75345328;-46,64905071;"SPRF-MG";"DEL10-MG";"UOP01-DEL10-MG"
666777;2025-02-04;"terça-feira";"16:50:00";"SC";282;180;"BOCAINA DO SUL";"Acessar a via sem observar a presença dos outros veículos";"Saída de leito carroçável";"Com Vítimas Feridas";"Pleno dia";"Crescente";"Nublado";"Simples";"Reta";"Sim";7;0;1;1;4;1;2;3;-27,742239;-49,939873;"SPRF-SC";"DEL05-SC";"UOP01-DEL05-SC"
666781;2025-02-20;"quinta-feira";"13:35:00";"SC";158;118,7;"CAIBI";"Demais falhas mecânicas ou elétricas";"Saída de leito carroçável";"Com Vítimas Feridas";"Pleno dia";"Decrescente";"Sol";"Simples";"Curva;Aclive";"Não";2;0;0;1;0;1;1;2;-26,95849138;-53,20453466;"SPRF-SC";"DEL07-SC";"UOP02-DEL07-SC"
666930;2025-02-23;"domingo";"16:40:00";"PR";476;14;"ADRIANOPOLIS";"Velocidade Incompatível";"Colisão lateral sentido oposto";"Com Vítimas Feridas";"Pleno dia";"Decrescente";"Céu Claro";"Simples";"Curva;Aclive";"Não";6;0;3;0;2;2;3;4;-24,73551;-48,984659;"SPRF-PR";"DEL01-PR";"UOP01-DEL01-PR"
667066;2025-02-02;"domingo";"13:30:00";"RR";174;226;"RORAINOPOLIS";"Fumaça";"Colisão frontal";"Com Vítimas Feridas";"Pleno dia";"Crescente";"Sol";"Simples";"Aclive";"Não";6;0;0;4;1;2;4;5;1,059343;-60,381851;"SPRF-RR";"DEL01-RR";"UOP01-DEL01-RR"
667124;2025-02-22;"sábado";"15:07:00";"MG";381;484;"BETIM";"Problema com o freio";"Colisão traseira";"Com Vítimas Feridas";"Pleno dia";"Crescente";"Céu Claro";"Múltipla";"Reta;Aclive";"Sim";4;0;1;0;3;0;1;3;-19,957867;-44,092264;"SPRF-MG";"DEL01-MG";"UOP03-DEL01-MG"
667131;2025-02-19;"quarta-feira";"17:00:00";"RS";101;5,3;"MAQUINE";"Acessar a via sem observar a presença dos outros veículos";"Colisão transversal";"Com Vítimas Feridas";"Pleno dia";"Crescente";"Nublado";"Simples";"Interseção de Vias";"Não";3;0;0;1;1;2;1;4;-29,722206;-50,198171;"SPRF-RS";"DEL03-RS";"UOP01-DEL03-RS"
667156;2025-02-03;"segunda-feira";"06:20:00";"AL";316;232,8;"ATALAIA";"Ultrapassagem Indevida";"Colisão lateral sentido oposto";"Com Vítimas Feridas";"Amanhecer";"Decrescente";"Céu Claro";"Dupla";"Reta";"Não";6;0;3;0;3;0;3;3;-9,49454317;-36,10062101;"SPRF-AL";"DEL01-AL";"UOP01-DEL01-AL"
653223;2025-01-04;"sábado";"20:50:00";"MS";163;85;"ITAQUIRAI";"Ausência de reação do condutor";"Colisão traseira";"Sem Vítimas";"Plena Noite";"Crescente";"Céu Claro";"Simples";"Reta";"Não";2;0;0;0;1;1;0;2;-23,41486497;-54,20829976;"SPRF-MS";"DEL09-MS";"UOP01-DEL09-MS"
653975;2025-01-09;"quinta-feira";"07:40:00";"DF";20;13;"BRASILIA";"Chuva";"Saída de leito carroçável";"Sem Vítimas";"Pleno dia";"Decrescente";"Chuva";"Dupla";"Reta";"Sim";2;0;0;0;1;1;0;2;-15,63700583;-47,74559498;"SPRF-DF";"DEL02-DF";"UOP01-DEL02-DF"
655189;2025-01-15;"quarta-feira";"05:40:00";"BA";116;570,8;"BREJOES";"Condutor deixou de manter distância do veículo da frente";"Colisão traseira";"Com Vítimas Feridas";"Pleno dia";"Decrescente";"Chuva";"Simples";"Declive";"Não";3;0;1;0;1;1;1;2;-13,0445;-39,9633;"SPRF-BA";"DEL03-BA";"UOP02-DEL03-BA"
655607;2025-01-17;"sexta-feira";"10:31:00";"PI";0;0;"FLORIANO";"Reação tardia ou ineficiente do condutor";"Colisão com objeto";"Sem Vítimas";"Pleno dia";"Não Informado";"Nublado";"Simples";"Reta";"Sim";2;0;0;0;1;1;0;2;-6,788374;-43,044399;"SPRF-PI";"DEL03-PI";"UOP01-DEL03-PI"
657431;2025-01-26;"domingo";"09:45:00";"MG";381;498,2;"BETIM";"Ausência de reação do condutor";"Colisão lateral mesmo sentido";"Com Vítimas Feridas";"Pleno dia";"Crescente";"Céu Claro";"Múltipla";"Aclive;Curva";"Sim";6;0;4;0;0;2;4;3;-19,98850167;-44,20481152;"SPRF-MG";"DEL01-MG";"UOP03-DEL01-MG"
662156;2025-02-18;"terça-feira";"09:55:00";"SC";282;99;"CUNHA PORA";"Ausência de reação do condutor";"Colisão traseira";"Com Vítimas Feridas";"Pleno dia";"Decrescente";"Céu Claro";"Simples";"Reta";"Não";5;0;2;0;3;0;2;4;-26,80712721;-53,18156546;"SPRF-SC";"DEL01-SC";"UOP03-DEL01-SC"
662525;2025-02-20;"quinta-feira";"09:00:00";"AL";101;178,4;"TEOTONIO VILELA";"Mal súbito do condutor";"Colisão traseira";"Com Vítimas Feridas";"Pleno dia";"Decrescente";"Céu Claro";"Dupla";"Reta";"Não";7;0;3;0;4;0;3;3;-9,88723897;-36,390828;"SPRF-AL";"DEL02-AL";"UOP02-DEL02-AL"
662779;2025-02-21;"sexta-feira";"18:30:00";"PE";232;13,9;"JABOATAO DOS GUARARAPES";"Manobra de mudança de faixa";"Colisão lateral mesmo sentido";"Com Vítimas Feridas";"Plena Noite";"Crescente";"Nublado";"Dupla";"Reta";"Não";3;0;2;0;0;1;2;2;-8,09836;-35,01904;"SPRF-PE";"DEL01-PE";"UOP01-DEL01-PE"
662934;2025-02-22;"sábado";"13:50:00";"SC";101;158;"PORTO BELO";"Ausência de reação do condutor";"Colisão lateral mesmo sentido";"Com Vítimas Feridas";"Pleno dia";"Crescente";"Céu Claro";"Dupla";"Reta";"Sim";3;0;0;1;0;2;1;3;-27,19306042;-48,61267269;"SPRF-SC";"DEL04-SC";"UOP03-DEL04-SC"
663061;2025-02-08;"sábado";"12:00:00";"ES";101;294,6;"CARIACICA";"Condutor deixou de manter distância do veículo da frente";"Colisão traseira";"Com Vítimas Feridas";"Pleno dia";"Crescente";"Sol";"Múltipla";"Viaduto;Declive;Reta";"Sim";9;0;1;0;7;1;1;4;-20,32983151;-40,39897619;"SPRF-ES";"DEL01-ES";"UOP01-DEL01-ES"
663606;2025-01-28;"terça-feira";"13:47:00";"BA";101;70;"ENTRE RIOS";"Demais falhas mecânicas ou elétricas";"Incêndio";"Sem Vítimas";"Pleno dia";"Decrescente";"Céu Claro";"Dupla";"Reta";"Não";1;0;0;0;1;0;0;1;-11,9674778;-38,1247283;"SPRF-BA";"DEL01-BA";"UOP04-DEL01-BA"
664008;2025-02-12;"quarta-feira";"17:00:00";"MG";50;70;"UBERLANDIA";"Ultrapassagem Indevida";"Colisão lateral mesmo sentido";"Com Vítimas Feridas";"Pleno dia";"Crescente";"Chuva";"Dupla";"Reta";"Sim";2;0;1;0;0;1;1;2;-18,89049233;-48,25650215;"SPRF-MG";"DEL15-MG";"UOP01-DEL15-MG"
655013;2025-01-14;"terça-feira";"06:30:00";"PB";104;145,4;"QUEIMADAS";"Ausência de reação do condutor";"Saída de leito carroçável";"Sem Vítimas";"Amanhecer";"Decrescente";"Céu Claro";"Simples";"Reta";"Não";4;0;0;0;0;5;0;4;-7,42278697;-35,89513073;"SPRF-PB";"DEL02-PB";"UOP03-DEL02-PB"
660367;2025-02-09;"domingo";"20:10:00";"RS";392;628;"SETE DE SETEMBRO";"Ingestão de álcool pelo condutor";"Colisão lateral sentido oposto";"Com Vítimas Feridas";"Plena Noite";"Decrescente";"Céu Claro";"Simples";"Curva";"Não";4;0;1;0;2;2;1;4;-28,16327844;-54,42763111;"SPRF-RS";"DEL10-RS";"UOP01-DEL10-RS"
663538;2025-02-25;"terça-feira";"01:50:00";"MG";381;754,5;"TRES CORACOES";"Reação tardia ou ineficiente do condutor";"Saída de leito carroçável";"Com Vítimas Feridas";"Plena Noite";"Crescente";"Céu Claro";"Dupla";"Reta";"Não";4;0;2;1;0;1;3;2;-21,6675385;-45,3198355;"SPRF-MG";"DEL16-MG";"UOP02-DEL16-MG"
652555;2025-01-01;"quarta-feira";"13:30:00";"RS";290;27,1;"SANTO ANTONIO DA PATRULHA";"Demais falhas mecânicas ou elétricas";"Saída de leito carroçável";NA;"Pleno dia";"Crescente";"Céu Claro";"Dupla";"Reta";"Não";3;0;1;0;1;1;1;2;-29,880135;-50,514297;"SPRF-RS";"DEL03-RS";"UOP01-DEL03-RS"
652808;2025-01-02;"quinta-feira";"14:30:00";"MT";70;672,5;"CACERES";"Ausência de reação do condutor";"Colisão lateral sentido oposto";"Com Vítimas Feridas";"Pleno dia";"Crescente";"Céu Claro";"Simples";"Reta";"Não";6;0;0;4;1;1;4;3;-16,06383102;-57,27074894;"SPRF-MT";"DEL03-MT";"UOP02-DEL03-MT"
653041;2025-01-03;"sexta-feira";"19:40:00";"MS";359;64,3;"COSTA RICA";"Iluminação deficiente";"Colisão traseira";"Com Vítimas Fatais";"Plena Noite";"Crescente";"Céu Claro";"Simples";"Reta";"Não";5;1;3;0;0;1;3;3;-18,4612422;-53,60594447;"SPRF-MS";"DEL06-MS";"UOP01-DEL06-MS"
653189;2025-01-04;"sábado";"16:53:00";"RO";319;59;"PORTO VELHO";"Transitar na contramão";"Colisão frontal";"Com Vítimas Feridas";"Pleno dia";"Decrescente";"Nublado";"Dupla";"Reta";"Sim";3;0;1;0;0;2;1;3;-8,7407094;-63,8944298;"SPRF-RO";"DEL01-RO";"UOP01-DEL01-RO"
653221;2025-01-04;"sábado";"19:30:00";"PE";232;461;"MIRANDIBA";"Animais na Pista";"Atropelamento de Animal";"Com Vítimas Feridas";"Plena Noite";"Decrescente";"Céu Claro";"Simples";"Aclive;Curva";"Não";8;0;5;2;0;1;7;3;-8,0274382;-38,72264791;"SPRF-PE";"DEL05-PE";"UOP01-DEL05-PE"
653435;2025-01-06;"segunda-feira";"04:35:00";"PR";277;466,6;"LARANJEIRAS DO SUL";"Transitar na contramão";"Colisão frontal";"Com Vítimas Feridas";"Plena Noite";"Decrescente";"Céu Claro";"Simples";"Curva";"Não";4;0;2;0;1;1;2;3;-25,33780089;-52,50711679;"SPRF-PR";"DEL04-PR";"UOP02-DEL04-PR"
653509;2025-01-06;"segunda-feira";"12:00:00";"RO";364;114,6;"PIMENTA BUENO";"Ausência de reação do condutor";"Colisão lateral sentido oposto";"Com Vítimas Feridas";"Pleno dia";"Crescente";"Céu Claro";"Simples";"Reta";"Não";10;0;3;0;6;1;3;3;-12,17450404;-60,71161829;"SPRF-RO";"DEL04-RO";"UOP01-DEL04-RO"
653588;2025-01-06;"segunda-feira";"17:25:00";"PB";230;151;"CAMPINA GRANDE";"Carga excessiva e/ou mal acondicionada";"Derramamento de carga";"Com Vítimas Feridas";"Pleno dia";"Crescente";"Céu Claro";"Simples";"Reta";"Sim";3;0;1;0;1;1;1;3;-7,2587;-35,8778;"SPRF-PB";"DEL02-PB";"UOP01-DEL02-PB"
653706;2025-01-07;"terça-feira";"14:00:00";"RS";386;266;"CANOAS";"Reação tardia ou ineficiente do condutor";"Colisão com objeto";"Com Vítimas Feridas";"Pleno dia";"Decrescente";"Céu Claro";"Múltipla";"Reta";"Sim";3;0;2;0;0;1;2;2;-29,94381632;-51,17686987;"SPRF-RS";"DEL04-RS";"UOP03-DEL04-RS"
654027;2025-01-04;"sábado";"19:50:00";"GO";153;491;"GOIANIA";"Reação tardia ou ineficiente do condutor";"Colisão com objeto";"Com Vítimas Feridas";"Plena Noite";"Crescente";"Céu Claro";"Dupla";"Reta";"Sim";3;0;0;1;1;1;1;3;-16,639;-49,2063;"SPRF-GO";"DEL01-GO";"UOP01-DEL01-GO"
654304;2025-01-10;"sexta-feira";"16:13:00";"MT";163;841;"SINOP";"Acessar a via sem observar a presença dos outros veículos";"Colisão transversal";"Com Vítimas Feridas";"Anoitecer";"Crescente";"Céu Claro";"Simples";"Reta";"Sim";3;0;1;0;1;1;1;3;-11,93347098;-55,51404107;"SPRF-MT";"DEL06-MT";"UOP02-DEL06-MT"
654478;2025-01-11;"sábado";"16:20:00";"PE";101;126;"ESCADA";"Acessar a via sem observar a presença dos outros veículos";"Colisão frontal";"Sem Vítimas";"Anoitecer";"Crescente";"Céu Claro";"Simples";"Reta";"Não";3;0;0;0;2;1;0;3;-8,36958202;-35,22919699;"SPRF-PE";"DEL01-PE";"UOP03-DEL01-PE"
654583;2025-01-12;"domingo";"07:55:00";"GO";60;136;"GOIANAPOLIS";"Trafegar com motocicleta (ou similar) entre as faixas";"Colisão lateral mesmo sentido";"Com Vítimas Feridas";"Pleno dia";"Decrescente";"Nublado";"Dupla";"Curva;Aclive";"Não";5;0;1;0;3;1;1;3;-16,5959;-49,1965;"SPRF-GO";"DEL01-GO";"UOP01-DEL01-GO"
654618;2025-01-12;"domingo";"12:20:00";"SP";116;155;"SAO JOSE DOS CAMPOS";"Condutor deixou de manter distância do veículo da frente";"Colisão traseira";"Com Vítimas Feridas";"Pleno dia";"Crescente";"Céu Claro";"Múltipla";"Reta";"Sim";4;0;3;0;0;1;3;3;-23,24524337;-45,92772774;"SPRF-SP";"DEL02-SP";"UOP01-DEL02-SP"
654758;2025-01-13;"segunda-feira";"02:00:00";"PR";116;48;"CAMPINA GRANDE DO SUL";"Condutor deixou de manter distância do veículo da frente";"Colisão lateral mesmo sentido";"Com Vítimas Feridas";"Plena Noite";"Decrescente";"Nublado";"Dupla";"Reta;Aclive";"Sim";6;0;2;0;2;2;2;4;-25,224;-48,905;"SPRF-PR";"DEL01-PR";"UOP02-DEL01-PR"
655418;2025-01-16;"quinta-feira";"09:20:00";"MA";10;251;"IMPERATRIZ";"Retorno proibido";"Colisão lateral mesmo sentido";"Com Vítimas Feridas";"Pleno dia";"Crescente";"Chuva";"Simples";"Em Obras;Curva";"Sim";3;0;0;1;1;1;1;3;-5,543249;-47,464447;"SPRF-MA";"DEL04-MA";"UOP01-DEL04-MA"
655422;2025-01-16;"quinta-feira";"10:45:00";"RS";116;611,8;"ARROIO GRANDE";"Animais na Pista";"Saída de leito carroçável";"Com Vítimas Feridas";"Pleno dia";"Decrescente";"Céu Claro";"Simples";"Reta";"Não";2;0;0;1;0;1;1;2;-32,24408345;-53,06929357;"SPRF-RS";"DEL07-RS";"UOP03-DEL07-RS"