"id";"data_inversa";"dia_semana";"horario";"uf";"br";"km";"municipio";"causa_acidente";"tipo_acidente";"classificacao_acidente";"fase_dia";"sentido_via";"condicao_metereologica";"tipo_pista";"tracado_via";"uso_solo";"pessoas";"mortos";"feridos_leves";"feridos_graves";"ilesos";"ignorados";"feridos";"veiculos";"latitude";"longitude";"regional";"delegacia";"uop"
656046;2025-01-19;"domingo";"14:00:00";"SP";116;72;"APARECIDA";"Ausência de reação do condutor";"Colisão lateral mesmo sentido";"Sem Vítimas";"Pleno dia";"Crescente";"Céu Claro";"Dupla";"Reta";"Não";3;0;0;0;2;1;0;3;-22,86354218;-45,23746093;"SPRF-SP";"DEL08-SP";"UOP01-DEL08-SP"
656202;2025-01-20;"segunda-feira";"08:10:00";"MG";365;627;"UBERLANDIA";"Condutor deixou de manter distância do veículo da frente";"Colisão traseira";"Com Vítimas Feridas";"Pleno dia";"Decrescente";"Céu Claro";"Dupla";"Declive;Reta";"Sim";3;0;0;1;1;1;1;3;-18,90359335;-48,34361612;"SPRF-MG";"DEL15-MG";"UOP01-DEL15-MG"
656313;2025-01-20;"segunda-feira";"16:20:00";"PE";423;72,4;"JUPI";"Acessar a via sem observar a presença dos outros veículos";"Colisão transversal";"Com Vítimas Feridas";"Pleno dia";"Decrescente";"Céu Claro";"Simples";"Declive";"Sim";5;0;2;0;1;2;2;3;-8,70118191;-36,4154612;"SPRF-PE";"DEL03-PE";"UOP01-DEL03-PE"
656373;2025-01-20;"segunda-feira";"19:20:00";"MS";262;562,2;"MIRANDA";"Avarias e/ou desgaste excessivo no pneu";"Colisão lateral sentido oposto";"Sem Vítimas";"Plena Noite";"Decrescente";"Céu Claro";"Simples";"Reta";"Não";4;0;0;0;3;1;0;3;-20,21854602;-56,40954601;"SPRF-MS";"DEL03-MS";"UOP02-DEL03-MS"
656536;2025-01-21;"terça-feira";"18:30:00";"SP";116;325;"JUQUITIBA";"Demais falhas mecânicas ou elétricas";"Saída de leito carroçável";"Sem Vítimas";"Anoitecer";"Crescente";"Céu Claro";"Dupla";"Reta";"Não";2;0;0;0;0;2;0;2;-23,94085262;-47,05337099;"SPRF-SP";"DEL04-SP";"UOP03-DEL04-SP"
656671;2025-01-22;"quarta-feira";"14:35:00";"SC";101;283;"IMBITUBA";"Demais falhas mecânicas ou elétricas";"Capotamento";"Com Vítimas Feridas";"Pleno dia";"Crescente";"Céu Claro";"Múltipla";"Reta";"Sim";3;0;2;0;0;1;2;2;-28,20457404;-48,6984006;"SPRF-SC";"DEL02-SC";"UOP03-DEL02-SC"
656678;2025-01-22;"quarta-feira";"16:24:00";"PE";101;72,5;"RECIFE";"Demais falhas mecânicas ou elétricas";"Colisão traseira";"Com Vítimas Feridas";"Pleno dia";"Decrescente";"Sol";"Dupla";"Reta";"Sim";3;0;0;1;1;1;1;3;-8,08493106;-34,9450639;"SPRF-PE";"DEL01-PE";"UOP01-DEL01-PE"
656732;2025-01-22;"quarta-feira";"18:30:00";"GO";153;418;"ANAPOLIS";"Ingestão de álcool pelo condutor";"Tombamento";"Sem Vítimas";"Pleno dia";"Crescente";"Céu Claro";"Dupla";"Reta";"Não";2;0;0;0;1;1;0;2;-16,159821;-49,04351;"SPRF-GO";"DEL02-GO";"UOP01-DEL02-GO"
657213;2025-01-25;"sábado";"09:50:00";"GO";50;261;"CATALAO";"Velocidade Incompatível";"Saída de leito carroçável";"Com Vítimas Feridas";"Pleno dia";"Decrescente";"Céu Claro";"Dupla";"Reta";"Não";3;0;2;0;0;1;2;2;-18,0377;-47,853;"SPRF-GO";"DEL06-GO";"UOP01-DEL06-GO"
657299;2025-01-25;"sábado";"15:55:00";"MS";163;28,7;"MUNDO NOVO";"Chuva";"Saída de leito carroçável";"Sem Vítimas";"Pleno dia";"Decrescente";"Chuva";"Simples";"Reta";"Não";2;0;0;0;1;1;0;2;-23,86670284;-54,32884278;"SPRF-MS";"DEL09-MS";"UOP02-DEL09-MS"
657363;2025-01-26;"domingo";"00:01:00";"MG";50;2,7;"UBERLANDIA";"Reação tardia ou ineficiente do condutor";"Colisão com objeto";"Com Vítimas Feridas";"Plena Noite";"Decrescente";"Céu Claro";"Dupla";"Reta";"Não";3;0;1;0;1;1;1;3;-18,9113;-48,2622;"SPRF-MG";"DEL15-MG";"UOP01-DEL15-MG"
657373;2025-01-25;"sábado";"20:30:00";"PI";222;85;"PIRIPIRI";"Demais falhas na via";"Saída de leito carroçável";"Com Vítimas Fatais";"Plena Noite";"Crescente";"Céu Claro";"Simples";"Ponte";"Não";2;1;0;0;0;1;0;2;-4,24033984;-41,83304398;"SPRF-PI";"DEL02-PI";"UOP01-DEL02-PI"
657644;2025-01-27;"segunda-feira";"07:00:00";"GO";364;131;"APARECIDA DO RIO DOCE";"Condutor Dormindo";"Saída de leito carroçável";"Com Vítimas Feridas";"Pleno dia";"Crescente";"Céu Claro";"Simples";"Reta";"Não";3;0;2;0;0;1;2;2;-18,233049;-51,281437;"SPRF-GO";"DEL05-GO";"UOP02-DEL05-GO"
657666;2025-01-27;"segunda-feira";"08:50:00";"BA";101;916,9;"NOVA VICOSA";"Acessar a via sem observar a presença dos outros veículos";"Colisão traseira";"Com Vítimas Fatais";"Pleno dia";"Crescente";"Céu Claro";"Simples";"Reta";"Não";5;1;0;1;2;1;1;3;-17,86061142;-39,80354118;"SPRF-BA";"DEL09-BA";"UOP02-DEL09-BA"
658139;2025-01-29;"quarta-feira";"17:30:00";"MT";163;900,6;"CLAUDIA";"Ultrapassagem Indevida";"Colisão frontal";"Com Vítimas Fatais";"Anoitecer";"Crescente";"Nublado";"Simples";"Reta";"Não";7;1;0;4;1;1;4;3;-11,310755;-55,32402;"SPRF-MT";"DEL06-MT";"UOP02-DEL06-MT"
658480;2025-01-31;"sexta-feira";"16:40:00";"RO";364;605;"ITAPUA DO OESTE";"Acessar a via sem observar a presença dos outros veículos";"Colisão transversal";"Com Vítimas Feridas";"Pleno dia";"Crescente";"Céu Claro";"Simples";"Interseção de Vias;Reta";"Sim";3;0;1;0;1;1;1;3;-9,18603983;-63,19487383;"SPRF-RO";"DEL01-RO";"UOP04-DEL01-RO"
658535;2025-02-01;"sábado";"04:00:00";"SC";101;145;"ITAPEMA";"Ingestão de álcool pelo condutor";"Colisão lateral mesmo sentido";"Com Vítimas Feridas";"Plena Noite";"Crescente";"Nublado";"Dupla";"Reta";"Não";3;0;1;0;1;1;1;3;-27,08139206;-48,60130993;"SPRF-SC";"DEL04-SC";"UOP03-DEL04-SC"
658616;2025-02-01;"sábado";"12:00:00";"MG";365;620;"UBERLANDIA";"Reação tardia ou ineficiente do condutor";"Colisão traseira";"Sem Vítimas";"Pleno dia";"Crescente";"Nublado";"Múltipla";"Reta;Em Obras";"Não";3;0;0;0;1;2;0;3;-18,90349687;-48,28130603;"SPRF-MG";"DEL15-MG";"UOP01-DEL15-MG"
658660;2025-02-01;"sábado";"16:40:00";"GO";60;418,8;"RIO VERDE";"Condutor Dormindo";"Colisão traseira";"Sem Vítimas";"Pleno dia";"Decrescente";"Nublado";"Dupla";"Reta";"Não";3;0;0;0;2;1;0;3;-17,8205;-51,2209;"SPRF-GO";"DEL04-GO";"UOP02-DEL04-GO"
658726;2025-02-02;"domingo";"01:10:00";"PR";376;603;"CURITIBA";"Reação tardia ou ineficiente do condutor";"Colisão traseira";"Com Vítimas Feridas";"Plena Noite";"Decrescente";"Nublado";"Dupla";"Reta";"Não";5;0;2;0;2;1;2;3;-25,5452876;-49,29755393;"SPRF-PR";"DEL01-PR";"UOP06-DEL01-PR"
658866;2025-02-02;"domingo";"17:00:00";"MG";365;818,5;"SANTA VITORIA";"Chuva";"Colisão frontal";"Com Vítimas Fatais";"Pleno dia";"Decrescente";"Chuva";"Simples";"Reta";"Não";6;2;1;2;0;1;3;3;-18,87981755;-50,07725755;"SPRF-MG";"DEL15-MG";"UOP03-DEL15-MG"
658882;2025-02-02;"domingo";"19:50:00";"SP";116;74;"APARECIDA";"Acessar a via sem observar a presença dos outros veículos";"Colisão lateral mesmo sentido";"Sem Vítimas";"Plena Noite";"Decrescente";"Nublado";"Dupla";"Rotatória";"Sim";3;0;0;0;2;1;0;3;-22,87353809;-45,25320023;"SPRF-SP";"DEL08-SP";"UOP01-DEL08-SP"
659680;2025-02-06;"quinta-feira";"19:45:00";"PB";230;289;"SANTA LUZIA";"Transitar na contramão";"Colisão frontal";"Com Vítimas Feridas";"Plena Noite";"Crescente";"Céu Claro";"Simples";"Reta";"Sim";3;0;0;1;1;1;1;3;-6,8816;-36,9002;"SPRF-PB";"DEL03-PB";"UOP01-DEL03-PB"
659958;2025-02-08;"sábado";"03:30:00";"RS";153;410;"CACHOEIRA DO SUL";"Condutor deixou de manter distância do veículo da frente";"Colisão traseira";"Sem Vítimas";"Plena Noite";"Crescente";"Céu Claro";"Simples";"Reta;Declive";"Sim";7;0;0;0;6;1;0;3;-30,08129021;-52,87412957;"SPRF-RS";"DEL02-RS";"UOP03-DEL02-RS"
660036;2025-02-08;"sábado";"11:00:00";"PB";230;314,1;"SAO MAMEDE";"Ausência de reação do condutor";"Colisão traseira";"Com Vítimas Feridas";"Pleno dia";"Crescente";"Céu Claro";"Simples";"Reta";"Não";3;0;0;1;1;1;1;3;-6,9412;-37,1016;"SPRF-PB";"DEL03-PB";"UOP01-DEL03-PB"
660616;2025-02-10;"segunda-feira";"21:30:00";"BA";324;526;"FEIRA DE SANTANA";"Ausência de reação do condutor";"Colisão traseira";"Com Vítimas Feridas";"Plena Noite";"Decrescente";"Céu Claro";"Dupla";"Reta";"Sim";3;0;0;1;1;1;1;3;-12,30639712;-38,89051509;"SPRF-BA";"DEL01-BA";"UOP03-DEL01-BA"
660834;2025-02-11;"terça-feira";"19:50:00";"RO";319;55;"PORTO VELHO";"Avarias e/ou desgaste excessivo no pneu";"Saída de leito carroçável";"Com Vítimas Feridas";"Plena Noite";"Decrescente";"Chuva";"Simples";"Curva";"Não";3;0;2;0;0;1;2;2;-8,7436393;-63,94888401;"SPRF-RO";"DEL01-RO";"UOP01-DEL01-RO"
660850;2025-02-12;"quarta-feira";"06:25:00";"SP";116;175,9;"GUARAREMA";"Condutor deixou de manter distância do veículo da frente";"Colisão traseira";"Com Vítimas Feridas";"Pleno dia";"Decrescente";"Sol";"Dupla";"Reta";"Sim";5;0;2;0;2;1;2;3;-23,32173972;-46,100353;"SPRF-SP";"DEL01-SP";"UOP01-DEL01-SP"
661181;2025-02-13;"quinta-feira";"19:37:00";"TO";226;47,5;"DARCINOPOLIS";"Ausência de reação do condutor";"Colisão traseira";"Sem Vítimas";"Plena Noite";"Decrescente";"Céu Claro";"Simples";"Reta";"Não";5;0;0;0;4;1;0;3;-6,767156;-47,789856;"SPRF-TO";"DEL02-TO";"UOP03-DEL02-TO"
661184;2025-02-13;"quinta-feira";"17:00:00";"RJ";493;68;"NOVA IGUACU";"Condutor Dormindo";"Saída de leito carroçável";"Com Vítimas Feridas";"Pleno dia";"Crescente";"Céu Claro";"Dupla";"Reta";"Não";4;0;0;1;2;1;1;2;-22,68209;-43,46737;"SPRF-RJ";"DEL01-RJ";"UOP03-DEL01-RJ"
661647;2025-02-15;"sábado";"23:10:00";"AP";210;106;"PORTO GRANDE";"Reação tardia ou ineficiente do condutor";"Colisão traseira";"Sem Vítimas";"Plena Noite";"Crescente";"Chuva";"Simples";"Reta";"Sim";3;0;0;0;2;1;0;3;0,70564616;-51,41271608;"SPRF-AP";"DEL01-AP";"UOP01-DEL01-AP"
661913;2025-02-17;"segunda-feira";"06:35:00";"RO";364;516;"ARIQUEMES";"Acessar a via sem observar a presença dos outros veículos";"Colisão traseira";"Com Vítimas Feridas";"Pleno dia";"Decrescente";"Garoa/Chuvisco";"Simples";"Reta;Interseção de Vias";"Sim";3;0;0;1;1;1;1;3;-9,915961;-63,05532;"SPRF-RO";"DEL03-RO";"UOP01-DEL03-RO"
662606;2025-02-20;"quinta-feira";"18:30:00";"PR";376;594;"CURITIBA";"Condutor deixou de manter distância do veículo da frente";"Colisão traseira";"Com Vítimas Feridas";"Anoitecer";"Decrescente";"Nublado";"Dupla";"Reta";"Não";5;0;0;1;3;1;1;4;-25,45139991;-49,36251104;"SPRF-PR";"DEL03-PR";"UOP03-DEL03-PR"
663270;2025-02-23;"domingo";"20:00:00";"SC";158;139;"PALMITOS";"Acesso irregular";"Colisão transversal";"Com Vítimas Feridas";"Plena Noite";"Crescente";"Céu Claro";"Simples";"Reta";"Não";3;0;1;0;1;1;1;3;-27,1139854;-53,2161278;"SPRF-SC";"DEL07-SC";"UOP02-DEL07-SC"
663782;2025-02-26;"quarta-feira";"07:30:00";"SC";101;356;"SANGAO";"Manobra de mudança de faixa";"Saída de leito carroçável";"Com Vítimas Feridas";"Pleno dia";"Decrescente";"Céu Claro";"Dupla";"Reta";"Não";2;0;1;0;0;1;1;2;-28,6282017;-49,08490509;"SPRF-SC";"DEL02-SC";"UOP01-DEL02-SC"
664211;2025-01-31;"sexta-feira";"13:50:00";"MS";463;84;"PONTA PORA";"Velocidade Incompatível";"Colisão lateral sentido oposto";"Com Vítimas Feridas";"Pleno dia";"Crescente";"Chuva";"Simples";"Declive;Reta";"Não";8;0;3;0;4;1;3;4;-22,55735694;-55,48876906;"SPRF-MS";"DEL04-MS";"UOP03-DEL04-MS"
664425;2025-02-28;"sexta-feira";"17:40:00";"RJ";116;302;"PORTO REAL";"Ausência de reação do condutor";"Colisão traseira";"Com Vítimas Feridas";"Pleno dia";"Crescente";"Céu Claro";"Dupla";"Ponte";"Não";4;0;1;0;2;1;1;3;-22,4534457;-44,3698319;"SPRF-RJ";"DEL07-RJ";"UOP02-DEL07-RJ"
664894;2025-02-27;"quinta-feira";"12:00:00";"RJ";40;101;"DUQUE DE CAXIAS";"Conversão proibida";"Colisão transversal";"Com Vítimas Feridas";"Pleno dia";"Decrescente";"Céu Claro";"Simples";"Curva";"Sim";3;0;1;0;1;1;1;3;-22,610842;-43,284035;"SPRF-RJ";"DEL01-RJ";"UOP01-DEL01-RJ"
652468;2025-01-01;"quarta-feira";"00:30:00";"PE";101;89,5;"JABOATAO DOS GUARARAPES";"Reação tardia ou ineficiente do condutor";"Colisão traseira";"Com Vítimas Feridas";"Plena Noite";"Decrescente";"Céu Claro";"Dupla";"Reta";"Não";4;0;2;0;0;2;2;3;-8,20760697;-34,98372005;"SPRF-PE";"DEL01-PE";"UOP01-DEL01-PE"
652469;2025-01-01;"quarta-feira";"00:50:00";"SC";101;120;"ITAJAI";"Ausência de reação do condutor";"Tombamento";"Com Vítimas Feridas";"Plena Noite";"Decrescente";"Nublado";"Dupla";"Reta";"Não";2;0;1;0;1;0;1;1;-26,912758;-48,711998;"SPRF-SC";"DEL04-SC";"UOP04-DEL04-SC"
652470;2025-01-01;"quarta-feira";"01:15:00";"GO";153;414;"ANAPOLIS";"Transitar na contramão";"Colisão lateral sentido oposto";"Com Vítimas Feridas";"Plena Noite";"Decrescente";"Garoa/Chuvisco";"Simples";"Reta";"Não";5;0;0;1;4;0;1;2;-16,133518;-49,047565;"SPRF-GO";"DEL02-GO";"UOP02-DEL02-GO"
652471;2025-01-01;"quarta-feira";"02:00:00";"PR";116;11,3;"COLOMBO";"Ingestão de álcool pelo condutor";"Saída de leito carroçável";"Sem Vítimas";"Plena Noite";"Crescente";"Céu Claro";"Dupla";"Reta";"Não";1;0;0;0;1;0;0;1;-25,37228723;-49,13813353;"SPRF-PR";"DEL01-PR";"UOP02-DEL01-PR"
652473;2025-01-01;"quarta-feira";"01:40:00";"DF";20;8,8;"BRASILIA";"Reação tardia ou ineficiente do condutor";"Colisão transversal";"Sem Vítimas";"Plena Noite";"Crescente";"Céu Claro";"Dupla";"Reta";"Sim";3;0;0;0;3;0;0;2;-15,658386;-47,791534;"SPRF-DF";"DEL02-DF";"UOP01-DEL02-DF"
652474;2025-01-01;"quarta-feira";"02:30:00";"PR";163;219,7;"CASCAVEL";"Velocidade Incompatível";"Capotamento";"Com Vítimas Feridas";"Plena Noite";"Decrescente";"Céu Claro";"Dupla";"Reta";"Não";3;0;2;0;1;0;2;1;-24,897235;-53,533793;"SPRF-PR";"DEL04-PR";"UOP01-DEL04-PR"
652475;2025-01-01;"quarta-feira";"02:37:00";"PB";230;35,9;"SANTA RITA";"Ausência de reação do condutor";"Tombamento";"Com Vítimas Feridas";"Plena Noite";"Crescente";"Céu Claro";"Dupla";"Reta";"Sim";1;0;1;0;0;0;1;1;-7,12664996;-34,95011855;"SPRF-PB";"DEL01-PB";"UOP03-DEL01-PB"
652476;2025-01-01;"quarta-feira";"01:30:00";"SP";116;6,7;"QUELUZ";"Ausência de reação do condutor";"Colisão com objeto";"Com Vítimas Feridas";"Plena Noite";"Decrescente";"Céu Claro";"Dupla";"Reta";"Não";2;0;2;0;0;0;2;1;-22,53158181;-44,75374706;"SPRF-SP";"DEL08-SP";"UOP02-DEL08-SP"
652477;2025-01-01;"quarta-feira";"03:00:00";"PR";116;14;"COLOMBO";"Suicídio (presumido)";"Capotamento";"Com Vítimas Fatais";"Plena Noite";"Decrescente";"Nublado";"Dupla";"Reta";"Sim";5;1;1;0;1;2;1;2;-25,3818;-49,1643;"SPRF-PR";"DEL01-PR";"UOP02-DEL01-PR"
652478;2025-01-01;"quarta-feira";"03:15:00";"SC";101;143;"ITAPEMA";"Demais falhas mecânicas ou elétricas";"Incêndio";"Sem Vítimas";"Plena Noite";"Crescente";"Céu Claro";"Dupla";"Reta";"Não";1;0;0;0;1;0;0;1;-27,06436;-48,59599405;"SPRF-SC";"DEL04-SC";"UOP03-DEL04-SC"
652479;2025-01-01;"quarta-feira";"03:35:00";"PI";343;8,4;"PARNAIBA";"Ausência de reação do condutor";"Colisão traseira";"Sem Vítimas";"Plena Noite";"Crescente";"Céu Claro";"Simples";"Reta";"Sim";2;0;0;0;1;1;0;2;-2,899382;-41,723724;"SPRF-PI";"DEL05-PI";"UOP01-DEL05-PI"
652480;2025-01-01;"quarta-feira";"03:50:00";"PE";101;41;"IGARASSU";"Velocidade Incompatível";"Saída de leito carroçável";"Sem Vítimas";"Plena Noite";"Crescente";"Céu Claro";"Dupla";"Ponte";"Sim";1;0;0;0;0;1;0;1;-7,83539746;-34,91316676;"SPRF-PE";"DEL01-PE";"UOP02-DEL01-PE"
652481;2025-01-01;"quarta-feira";"01:50:00";"PR";373;173;"PONTA GROSSA";"Entrada inopinada do pedestre";"Atropelamento de Pedestre";"Com Vítimas Feridas";"Plena Noite";"Crescente";"Nublado";"Dupla";"Curva";"Sim";3;0;0;1;1;1;1;2;-25,07594908;-50,20995715;"SPRF-PR";"DEL03-PR";"UOP01-DEL03-PR"
652482;2025-01-01;"quarta-feira";"04:00:00";"PR";376;141,9;"NOVA ESPERANCA";"Ingestão de álcool pelo condutor";"Colisão traseira";"Com Vítimas Feridas";"Plena Noite";"Decrescente";"Céu Claro";"Dupla";"Declive;Reta";"Não";4;0;1;2;1;0;3;3;-23,24847;-52,168648;"SPRF-PR";"DEL09-PR";"UOP02-DEL09-PR"
652483;2025-01-01;"quarta-feira";"04:15:00";"DF";70;16;"BRASILIA";"Ausência de reação do condutor";"Colisão com objeto";"Com Vítimas Feridas";"Plena Noite";"Decrescente";"Nublado";"Dupla";"Reta;Rotatória";"Sim";1;0;0;1;0;0;1;1;-15,796144;-48,194225;"SPRF-DF";"DEL03-DF";"UOP02-DEL03-DF"
652484;2025-01-01;"quarta-feira";"03:15:00";"SC";101;446;"SANTA ROSA DO SUL";"Ingestão de álcool pelo condutor";"Colisão traseira";"Com Vítimas Feridas";"Plena Noite";"Decrescente";"Céu Claro";"Dupla";"Reta";"Não";3;0;1;1;1;0;2;2;-29,1519083;-49,72709298;"SPRF-SC";"DEL02-SC";"UOP02-DEL02-SC"
652485;2025-01-01;"quarta-feira";"03:15:00";"RJ";101;530,8;"ANGRA DOS REIS";"Retorno proibido";"Colisão transversal";"Com Vítimas Feridas";"Plena Noite";"Decrescente";"Nublado";"Simples";"Reta";"Sim";2;0;0;1;0;1;1;2;-23,0232454;-44,51684972;"SPRF-RJ";"DEL03-RJ";"UOP03-DEL03-RJ"
652486;2025-01-01;"quarta-feira";"03:40:00";"PR";476;143;"CURITIBA";"Ausência de reação do condutor";"Saída de leito carroçável";"Sem Vítimas";"Plena Noite";"Decrescente";"Céu Claro";"Dupla";"Curva";"Não";1;0;0;0;0;1;0;1;-25,53852381;-49,3106597;"SPRF-PR";"DEL01-PR";"UOP06-DEL01-PR"
652487;2025-01-01;"quarta-feira";"03:15:00";"PR";373;234;"IMBITUVA";"Ausência de reação do condutor";"Saída de leito carroçável";"Sem Vítimas";"Plena Noite";"Crescente";"Céu Claro";"Simples";"Reta";"Não";1;0;0;0;0;1;0;1;-25,18453854;-50,70672388;"SPRF-PR";"DEL03-PR";"UOP01-DEL03-PR"
652489;2025-01-01;"quarta-feira";"03:00:00";"MT";364;266;"SAO PEDRO DA CIPA";"Ingestão de álcool pelo condutor";"Saída de leito carroçável";"Com Vítimas Feridas";"Plena Noite";"Decrescente";"Céu Claro";"Simples";"Curva";"Sim";5;0;1;0;4;0;1;1;-15,995969;-54,92259699;"SPRF-MT";"DEL02-MT";"UOP01-DEL02-MT"
652490;2025-01-01;"quarta-feira";"05:40:00";"PR";153;330;"IRATI";"Ausência de reação do condutor";"Colisão com objeto";"Sem Vítimas";"Amanhecer";"Decrescente";"Céu Claro";"Simples";"Rotatória";"Não";1;0;0;0;0;1;0;1;-25,45471011;-50,6196247;"SPRF-PR";"DEL08-PR";"UOP02-DEL08-PR"
652491;2025-01-01;"quarta-feira";"06:00:00";"MG";50;177;"UBERABA";"Ingestão de álcool pelo condutor";"Colisão traseira";"Com Vítimas Feridas";"Pleno dia";"Crescente";"Céu Claro";"Dupla";"Aclive;Curva";"Sim";2;0;1;0;1;0;1;2;-19,77914852;-47,95047701;"SPRF-MG";"DEL13-MG";"UOP01-DEL13-MG"
652492;2025-01-01;"quarta-feira";"03:00:00";"PR";277;35;"MORRETES";"Reação tardia ou ineficiente do condutor";"Tombamento";"Sem Vítimas";"Plena Noite";"Crescente";"Nevoeiro/Neblina";"Dupla";"Curva;Aclive";"Não";2;0;0;0;0;2;0;1;-25,55225338;-48,79892578;"SPRF-PR";"DEL01-PR";"UOP05-DEL01-PR"
652494;2025-01-01;"quarta-feira";"06:00:00";"MG";50;180;"UBERABA";"Reação tardia ou ineficiente do condutor";"Capotamento";"Com Vítimas Feridas";"Amanhecer";"Decrescente";"Céu Claro";"Simples";"Retorno Regulamentado;Interseção de Vias";"Não";2;0;1;0;1;0;1;1;-19,77848216;-47,92194709;"SPRF-MG";"DEL13-MG";"UOP01-DEL13-MG"
652495;2025-01-01;"quarta-feira";"03:55:00";"MG";381;497;"BETIM";"Velocidade Incompatível";"Colisão com objeto";"Sem Vítimas";"Plena Noite";"Decrescente";"Chuva";"Dupla";"Reta";"Sim";1;0;0;0;1;0;0;1;-20,00483625;-44,21367172;"SPRF-MG";"DEL01-MG";"UOP03-DEL01-MG"
652496;2025-01-01;"quarta-feira";"07:10:00";"DF";20;10;"BRASILIA";"Reação tardia ou ineficiente do condutor";"Saída de leito carroçável";"Sem Vítimas";"Pleno dia";"Crescente";"Nublado";"Dupla";"Reta";"Sim";1;0;0;0;1;0;0;1;-15,650243;-47,773872;"SPRF-DF";"DEL02-DF";"UOP01-DEL02-DF"
652497;2025-01-01;"quarta-feira";"06:20:00";"RS";290;18;"SANTO ANTONIO DA PATRULHA";"Demais falhas mecânicas ou elétricas";"Saída de leito carroçável";"Com Vítimas Feridas";"Pleno dia";"Crescente";"Céu Claro";"Dupla";"Reta";"Não";1;0;1;0;0;0;1;1;-29,881149;-50,435249;"SPRF-RS";"DEL03-RS";"UOP01-DEL03-RS"
652500;2025-01-01;"quarta-feira";"04:30:00";"MG";459;96;"POUSO ALEGRE";"Transitar na contramão";"Colisão transversal";"Sem Vítimas";"Plena Noite";"Crescente";"Céu Claro";"Simples";"Reta;Declive";"Não";2;0;0;0;1;1;0;2;-22,196163;-45,978573;"SPRF-MG";"DEL09-MG";"UOP01-DEL09-MG"
652501;2025-01-01;"quarta-feira";"02:09:00";"SC";280;79,7;"CORUPA";"Reação tardia ou ineficiente do condutor";"Tombamento";"Com Vítimas Feridas";"Plena Noite";"Crescente";"Céu Claro";"Simples";"Reta";"Não";1;0;1;0;0;0;1;1;-26,44657315;-49,20157809;"SPRF-SC";"DEL06-SC";"UOP03-DEL06-SC"
652502;2025-01-01;"quarta-feira";"05:50:00";"SC";101;46,1;"JOINVILLE";"Condutor deixou de manter distância do veículo da frente";"Colisão traseira";"Com Vítimas Feridas";"Amanhecer";"Crescente";"Céu Claro";"Dupla";"Reta";"Sim";2;0;1;0;1;0;1;2;-26,33150083;-48,86187762;"SPRF-SC";"DEL03-SC";"UOP01-DEL03-SC"
652504;2025-01-01;"quarta-feira";"07:00:00";"PR";277;19,7;"MORRETES";"Velocidade Incompatível";"Saída de leito carroçável";"Com Vítimas Feridas";"Pleno dia";"Decrescente";"Sol";"Dupla";"Curva";"Não";2;0;2;0;0;0;2;1;-25,535132;-48,703615;"SPRF-PR";"DEL01-PR";"UOP05-DEL01-PR"
652506;2025-01-01;"quarta-feira";"07:00:00";"GO";70;1;"AGUAS LINDAS DE GOIAS";"Ausência de reação do condutor";"Capotamento";"Sem Vítimas";"Pleno dia";"Decrescente";"Nublado";"Dupla";"Reta;Declive";"Sim";2;0;0;0;0;2;0;1;-15,77579351;-48,23259001;"SPRF-DF";"DEL03-DF";"UOP02-DEL03-DF"
652508;2025-01-01;"quarta-feira";"05:30:00";"PE";428;192;"PETROLINA";"Ausência de reação do condutor";"Saída de leito carroçável";"Com Vítimas Feridas";"Amanhecer";"Crescente";"Céu Claro";"Simples";"Interseção de Vias;Rotatória";"Sim";1;0;1;0;0;0;1;1;-9,38067769;-40,51113714;"SPRF-PE";"DEL06-PE";"UOP01-DEL06-PE"
652509;2025-01-01;"quarta-feira";"07:00:00";"PB";230;514,9;"BOM JESUS";"Desrespeitar a preferência no cruzamento";"Colisão transversal";"Com Vítimas Feridas";"Pleno dia";"Decrescente";"Céu Claro";"Simples";"Interseção de Vias";"Sim";2;0;0;2;0;0;2;2;-6,871335;-38,646712;"SPRF-PB";"DEL03-PB";"UOP03-DEL03-PB"
652510;2025-01-01;"quarta-feira";"07:10:00";"GO";20;119;"FLORES DE GOIAS";"Condutor Dormindo";"Saída de leito carroçável";"Com Vítimas Feridas";"Pleno dia";"Decrescente";"Nublado";"Simples";"Reta";"Não";1;0;0;1;0;0;1;1;-14,873932;-46,835747;"SPRF-DF";"DEL02-DF";"UOP03-DEL02-DF"
652513;2025-01-01;"quarta-feira";"04:45:00";"MG";267;37;"ARGIRITA";"Demais Fenômenos da natureza";"Saída de leito carroçável";"Sem Vítimas";"Plena Noite";"Decrescente";"Garoa/Chuvisco";"Simples";"Reta";"Não";2;0;0;0;2;0;0;1;-21,66671274;-42,88426505;"SPRF-MG";"DEL07-MG";"UOP01-DEL07-MG"
652515;2025-01-01;"quarta-feira";"05:25:00";"MT";163;790;"VERA";"Ingestão de álcool pelo condutor";"Saída de leito carroçável";"Sem Vítimas";"Pleno dia";"Decrescente";"Chuva";"Simples";"Reta";"Não";2;0;0;0;2;0;0;1;-12,256255;-55,552873;"SPRF-MT";"DEL06-MT";"UOP02-DEL06-MT"
652516;2025-01-01;"quarta-feira";"07:53:00";"SP";381;37,4;"ATIBAIA";"Reação tardia ou ineficiente do condutor";"Colisão traseira";"Sem Vítimas";"Pleno dia";"Decrescente";"Céu Claro";"Dupla";"Reta";"Sim";4;0;0;0;4;0;0;2;-23,10506237;-46,56881577;"SPRF-SP";"DEL03-SP";"UOP01-DEL03-SP"