"id";"data_inversa";"dia_semana";"horario";"uf";"br";"km";"municipio";"causa_acidente";"tipo_acidente";"classificacao_acidente";"fase_dia";"sentido_via";"condicao_metereologica";"tipo_pista";"tracado_via";"uso_solo";"pessoas";"mortos";"feridos_leves";"feridos_graves";"ilesos";"ignorados";"feridos";"veiculos";"latitude";"longitude";"regional";"delegacia";"uop"
652517;2025-01-01;"quarta-feira";"07:05:00";"PR";277;445,1;"LARANJEIRAS DO SUL";"Acessar a via sem observar a presença dos outros veículos";"Colisão lateral mesmo sentido";"Com Vítimas Feridas";"Pleno dia";"Crescente";"Céu Claro";"Simples";"Aclive;Reta";"Não";2;0;0;1;0;1;1;2;-25,370514;-52,329772;"SPRF-PR";"DEL04-PR";"UOP02-DEL04-PR"
652518;2025-01-01;"quarta-feira";"06:00:00";"SC";101;197,5;"SAO JOSE";"Reação tardia ou ineficiente do condutor";"Atropelamento de Pedestre";"Com Vítimas Feridas";"Amanhecer";"Crescente";"Nublado";"Múltipla";"Reta";"Não";2;0;1;0;0;1;1;2;-27,51844497;-48,63848496;"SPRF-SC";"DEL01-SC";"UOP01-DEL01-SC"
652520;2025-01-01;"quarta-feira";"06:50:00";"RO";319;58;"PORTO VELHO";"Condutor deixou de manter distância do veículo da frente";"Colisão traseira";"Sem Vítimas";"Pleno dia";"Decrescente";"Chuva";"Dupla";"Reta";"Sim";2;0;0;0;2;0;0;2;-8,739714;-63,93214024;"SPRF-RO";"DEL01-RO";"UOP01-DEL01-RO"
652521;2025-01-01;"quarta-feira";"08:50:00";"SC";101;150;"ITAPEMA";"Ingestão de álcool pelo condutor";"Colisão com objeto";"Sem Vítimas";"Pleno dia";"Decrescente";"Nublado";"Múltipla";"Retorno Regulamentado";"Sim";1;0;0;0;0;1;0;1;-27,11744799;-48,60940987;"SPRF-SC";"DEL04-SC";"UOP03-DEL04-SC"
652523;2025-01-01;"quarta-feira";"07:15:00";"PB";230;4;"CABEDELO";"Ingestão de álcool pelo condutor";"Colisão com objeto";"Com Vítimas Feridas";"Pleno dia";"Crescente";"Céu Claro";"Simples";"Curva";"Sim";1;0;1;0;0;0;1;1;-7,0004;-34,8284;"SPRF-PB";"DEL01-PB";"UOP01-DEL01-PB"
652524;2025-01-01;"quarta-feira";"07:51:00";"SC";470;72;"INDAIAL";"Ingestão de álcool pelo condutor";"Saída de leito carroçável";"Com Vítimas Feridas";"Pleno dia";"Crescente";"Céu Claro";"Simples";"Reta";"Não";4;0;0;4;0;0;4;1;-26,901979;-49,268745;"SPRF-SC";"DEL04-SC";"UOP01-DEL04-SC"
652526;2025-01-01;"quarta-feira";"06:30:00";"MA";226;297,4;"BARRA DO CORDA";"Ingestão de álcool pelo condutor";"Colisão traseira";"Sem Vítimas";"Pleno dia";"Decrescente";"Céu Claro";"Simples";"Curva";"Sim";2;0;0;0;2;0;0;2;-5,50151358;-45,24431705;"SPRF-MA";"DEL06-MA";"UOP01-DEL06-MA"
652527;2025-01-01;"quarta-feira";"02:15:00";"MT";163;1044,8;"MATUPA";"Ingestão de álcool pelo condutor";"Saída de leito carroçável";"Sem Vítimas";"Amanhecer";"Crescente";"Nublado";"Simples";"Aclive";"Não";1;0;0;0;1;0;0;1;-10,24279574;-54,98732729;"SPRF-MT";"DEL06-MT";"UOP03-DEL06-MT"
652529;2025-01-01;"quarta-feira";"09:50:00";"SC";101;135;"BALNEARIO CAMBORIU";"Transitar na contramão";"Colisão frontal";"Com Vítimas Feridas";"Pleno dia";"Crescente";"Céu Claro";"Múltipla";"Reta";"Sim";2;0;1;0;1;0;1;2;-27,0050108;-48,62677494;"SPRF-SC";"DEL04-SC";"UOP03-DEL04-SC"
652530;2025-01-01;"quarta-feira";"09:55:00";"PB";230;52;"CRUZ DO ESPIRITO SANTO";"Demais falhas mecânicas ou elétricas";"Tombamento";"Com Vítimas Feridas";"Pleno dia";"Crescente";"Céu Claro";"Dupla";"Reta";"Não";2;0;1;1;0;0;2;1;-7,1951;-35,0691;"SPRF-PB";"DEL01-PB";"UOP03-DEL01-PB"
652531;2025-01-01;"quarta-feira";"09:45:00";"SC";101;368;"ICARA";"Condutor Dormindo";"Saída de leito carroçável";"Com Vítimas Feridas";"Pleno dia";"Decrescente";"Céu Claro";"Dupla";"Reta";"Não";2;0;0;2;0;0;2;1;-28,6957326;-49,17347228;"SPRF-SC";"DEL02-SC";"UOP01-DEL02-SC"
652532;2025-01-01;"quarta-feira";"07:20:00";"MG";50;180;"UBERABA";"Ingestão de álcool pelo condutor";"Colisão com objeto";"Sem Vítimas";"Pleno dia";"Crescente";"Céu Claro";"Simples";"Viaduto";"Sim";1;0;0;0;0;1;0;1;-19,77848216;-47,92194709;"SPRF-MG";"DEL13-MG";"UOP01-DEL13-MG"
652533;2025-01-01;"quarta-feira";"09:15:00";"MA";135;33;"BACABEIRA";"Ausência de reação do condutor";"Saída de leito carroçável";"Sem Vítimas";"Pleno dia";"Decrescente";"Céu Claro";"Dupla";"Reta";"Não";4;0;0;0;4;0;0;2;-2,83108301;-44,3745066;"SPRF-MA";"DEL01-MA";"UOP01-DEL01-MA"
652534;2025-01-01;"quarta-feira";"10:00:00";"SC";101;109;"PENHA";"Avarias e/ou desgaste excessivo no pneu";"Queda de ocupante de veículo";"Com Vítimas Feridas";"Pleno dia";"Decrescente";"Sol";"Múltipla";"Curva";"Não";2;0;2;0;0;0;2;1;-26,8333519;-48,69632106;"SPRF-SC";"DEL03-SC";"UOP02-DEL03-SC"
652536;2025-01-01;"quarta-feira";"10:30:00";"SC";470;7;"NAVEGANTES";"Transitar na contramão";"Colisão frontal";"Com Vítimas Feridas";"Pleno dia";"Crescente";"Céu Claro";"Dupla";"Aclive;Reta;Viaduto";"Não";3;0;1;1;1;0;2;3;-26,84499;-48,71505;"SPRF-SC";"DEL04-SC";"UOP04-DEL04-SC"
652537;2025-01-01;"quarta-feira";"08:20:00";"MG";262;129;"RIO CASCA";"Ausência de reação do condutor";"Saída de leito carroçável";"Com Vítimas Feridas";"Pleno dia";"Decrescente";"Garoa/Chuvisco";"Simples";"Curva";"Não";5;0;1;0;4;0;1;1;-20,21312389;-42,65721909;"SPRF-MG";"DEL03-MG";"UOP03-DEL03-MG"
652538;2025-01-01;"quarta-feira";"04:00:00";"CE";222;126;"ITAPAJE";"Reação tardia ou ineficiente do condutor";"Atropelamento de Pedestre";"Com Vítimas Fatais";"Amanhecer";"Decrescente";"Nublado";"Simples";"Curva;Declive";"Não";2;1;0;0;0;1;0;2;-3,69613087;-39,6007584;"SPRF-CE";"DEL04-CE";"UOP03-DEL04-CE"
652539;2025-01-01;"quarta-feira";"10:00:00";"RS";116;632,9;"JAGUARAO";"Ausência de reação do condutor";"Saída de leito carroçável";"Com Vítimas Feridas";"Pleno dia";"Crescente";"Céu Claro";"Simples";"Reta";"Não";2;0;1;0;1;0;1;1;-32,416934;-53,235894;"SPRF-RS";"DEL07-RS";"UOP03-DEL07-RS"
652540;2025-01-01;"quarta-feira";"11:05:00";"SC";280;20,2;"ARAQUARI";"Velocidade Incompatível";"Capotamento";"Com Vítimas Feridas";"Pleno dia";"Crescente";"Céu Claro";"Simples";"Reta";"Não";3;0;0;3;0;0;3;1;-26,36990477;-48,68224301;"SPRF-SC";"DEL03-SC";"UOP03-DEL03-SC"
652541;2025-01-01;"quarta-feira";"09:50:00";"MG";116;643,5;"FERVEDOURO";"Velocidade Incompatível";"Colisão lateral mesmo sentido";"Com Vítimas Fatais";"Pleno dia";"Crescente";"Nublado";"Simples";"Reta";"Não";4;1;1;1;1;0;2;2;-20,66154092;-42,26743625;"SPRF-MG";"DEL07-MG";"UOP02-DEL07-MG"
652542;2025-01-01;"quarta-feira";"10:45:00";"PR";163;33;"SANTO ANTONIO DO SUDOESTE";"Acessar a via sem observar a presença dos outros veículos";"Colisão transversal";"Com Vítimas Feridas";"Pleno dia";"Crescente";"Céu Claro";"Simples";"Reta";"Sim";4;0;0;1;3;0;1;2;-26,082715;-53,716463;"SPRF-PR";"DEL02-PR";"UOP02-DEL02-PR"
652543;2025-01-01;"quarta-feira";"11:00:00";"CE";222;1,8;"FORTALEZA";"Condutor deixou de manter distância do veículo da frente";"Colisão traseira";"Com Vítimas Feridas";"Pleno dia";"Crescente";"Céu Claro";"Múltipla";"Reta";"Sim";2;0;0;1;1;0;1;2;-3,737804;-38,578061;"SPRF-CE";"DEL01-CE";"UOP01-DEL01-CE"
652547;2025-01-01;"quarta-feira";"09:15:00";"SC";282;99,3;"ALFREDO WAGNER";"Demais falhas mecânicas ou elétricas";"Colisão frontal";"Com Vítimas Feridas";"Pleno dia";"Decrescente";"Céu Claro";"Simples";"Curva";"Não";3;0;2;0;1;0;2;2;-27,700373;-49,287563;"SPRF-SC";"DEL01-SC";"UOP03-DEL01-SC"
652548;2025-01-01;"quarta-feira";"12:59:00";"PR";116;144;"MANDIRITUBA";"Condutor deixou de manter distância do veículo da frente";"Colisão traseira";"Com Vítimas Feridas";"Pleno dia";"Decrescente";"Céu Claro";"Simples";"Reta";"Não";4;0;0;1;3;0;1;2;-25,76405694;-49,32116324;"SPRF-PR";"DEL01-PR";"UOP03-DEL01-PR"
652550;2025-01-01;"quarta-feira";"12:40:00";"MG";365;607;"UBERLANDIA";"Acessar a via sem observar a presença dos outros veículos";"Colisão transversal";"Com Vítimas Feridas";"Pleno dia";"Crescente";"Céu Claro";"Simples";"Reta";"Não";2;0;0;1;1;0;1;2;-18,92245913;-48,18448691;"SPRF-MG";"DEL15-MG";"UOP01-DEL15-MG"
652551;2025-01-01;"quarta-feira";"13:00:00";"SC";101;132;"BALNEARIO CAMBORIU";"Ingestão de álcool pelo condutor";"Colisão traseira";"Com Vítimas Feridas";"Pleno dia";"Crescente";"Céu Claro";"Dupla";"Reta";"Sim";3;0;1;1;1;0;2;2;-26,99654133;-48,65564711;"SPRF-SC";"DEL04-SC";"UOP03-DEL04-SC"
652552;2025-01-01;"quarta-feira";"12:35:00";"RS";392;285,4;"SAO SEPE";"Reação tardia ou ineficiente do condutor";"Colisão transversal";"Sem Vítimas";"Pleno dia";"Crescente";"Sol";"Simples";"Declive;Reta";"Não";2;0;0;0;2;0;0;2;-30,28693867;-53,54049683;"SPRF-RS";"DEL09-RS";"UOP02-DEL09-RS"
652554;2025-01-01;"quarta-feira";"08:30:00";"MG";381;428;"CAETE";"Acumulo de água sobre o pavimento";"Colisão lateral sentido oposto";"Com Vítimas Feridas";"Pleno dia";"Decrescente";"Nublado";"Simples";"Reta";"Não";2;0;1;0;1;0;1;2;-19,78885371;-43,70613892;"SPRF-MG";"DEL01-MG";"UOP01-DEL01-MG"
652557;2025-01-01;"quarta-feira";"09:30:00";"MT";70;42,3;"BARRA DO GARCAS";"Ausência de reação do condutor";"Saída de leito carroçável";"Com Vítimas Feridas";"Pleno dia";"Crescente";"Céu Claro";"Simples";"Reta";"Não";2;0;1;0;1;0;1;1;-15,7690862;-52,5780752;"SPRF-MT";"DEL07-MT";"UOP01-DEL07-MT"
652558;2025-01-01;"quarta-feira";"13:52:00";"MG";381;482;"BETIM";"Condutor Dormindo";"Colisão com objeto";"Com Vítimas Feridas";"Pleno dia";"Crescente";"Céu Claro";"Dupla";"Declive;Reta";"Sim";1;0;1;0;0;0;1;1;-19,95882786;-44,07543182;"SPRF-MG";"DEL01-MG";"UOP03-DEL01-MG"
652559;2025-01-01;"quarta-feira";"09:20:00";"MG";40;78,3;"PARACATU";"Ausência de reação do condutor";"Saída de leito carroçável";"Com Vítimas Feridas";"Pleno dia";"Crescente";"Nublado";"Simples";"Reta";"Não";2;0;0;1;1;0;1;1;-17,45277425;-46,67703013;"SPRF-MG";"DEL14-MG";"UOP01-DEL14-MG"
652560;2025-01-01;"quarta-feira";"13:20:00";"SC";101;157;"PORTO BELO";"Velocidade Incompatível";"Colisão lateral mesmo sentido";"Com Vítimas Feridas";"Pleno dia";"Decrescente";"Céu Claro";"Dupla";"Reta";"Sim";2;0;0;1;1;0;1;2;-27,181625;-48,6121179;"SPRF-SC";"DEL04-SC";"UOP03-DEL04-SC"
652561;2025-01-01;"quarta-feira";"14:00:00";"MG";50;155;"UBERABA";"Demais falhas mecânicas ou elétricas";"Incêndio";"Sem Vítimas";"Pleno dia";"Crescente";"Sol";"Dupla";"Reta";"Não";3;0;0;0;3;0;0;1;-19,60825703;-48,02198508;"SPRF-MG";"DEL13-MG";"UOP01-DEL13-MG"
652562;2025-01-01;"quarta-feira";"13:18:00";"PR";369;56,9;"BANDEIRANTES";"Condutor desrespeitou a iluminação vermelha do semáforo";"Queda de ocupante de veículo";"Com Vítimas Fatais";"Pleno dia";"Decrescente";"Nublado";"Simples";"Interseção de Vias;Reta";"Sim";4;1;1;0;1;1;1;3;-23,1195952;-50,37745357;"SPRF-PR";"DEL07-PR";"UOP05-DEL07-PR"
652563;2025-01-01;"quarta-feira";"13:00:00";"RO";364;691;"CANDEIAS DO JAMARI";"Ingestão de álcool pelo condutor";"Colisão com objeto";"Com Vítimas Feridas";"Pleno dia";"Crescente";"Chuva";"Dupla";"Reta";"Sim";1;0;1;0;0;0;1;1;-8,7961943;-63,68738597;"SPRF-RO";"DEL01-RO";"UOP01-DEL01-RO"
652564;2025-01-01;"quarta-feira";"13:30:00";"BA";101;31;"ESPLANADA";"Velocidade Incompatível";"Capotamento";"Com Vítimas Feridas";"Pleno dia";"Crescente";"Céu Claro";"Dupla";"Em Obras;Curva";"Não";4;0;1;0;3;0;1;1;-11,79445617;-37,9546697;"SPRF-SE";"DEL02-SE";"UOP03-DEL02-SE"
652565;2025-01-01;"quarta-feira";"14:10:00";"SC";282;448;"CAMPOS NOVOS";"Manobra de mudança de faixa";"Saída de leito carroçável";"Com Vítimas Feridas";"Pleno dia";"Crescente";"Garoa/Chuvisco";"Simples";"Reta;Declive";"Não";4;0;3;1;0;0;4;1;-27,36561;-51,263102;"SPRF-SC";"DEL07-SC";"UOP04-DEL07-SC"
652566;2025-01-01;"quarta-feira";"13:30:00";"MG";40;463,8;"SETE LAGOAS";"Pista esburacada";"Saída de leito carroçável";"Com Vítimas Feridas";"Pleno dia";"Decrescente";"Céu Claro";"Dupla";"Reta;Declive";"Não";1;0;1;0;0;0;1;1;-19,42224803;-44,33870213;"SPRF-MG";"DEL02-MG";"UOP01-DEL02-MG"
652567;2025-01-01;"quarta-feira";"14:40:00";"CE";222;64,9;"SAO GONCALO DO AMARANTE";"Conversão proibida";"Colisão lateral mesmo sentido";"Com Vítimas Feridas";"Pleno dia";"Crescente";"Céu Claro";"Simples";"Curva";"Não";2;0;0;1;1;0;1;2;-3,67087;-39,124455;"SPRF-CE";"DEL01-CE";"UOP03-DEL01-CE"
652568;2025-01-01;"quarta-feira";"14:00:00";"PA";230;120;"MARABA";"Acesso irregular";"Colisão transversal";"Com Vítimas Feridas";"Pleno dia";"Crescente";"Céu Claro";"Dupla";"Reta";"Não";2;0;0;1;0;1;1;2;-5,35038318;-49,11434;"SPRF-PA";"DEL03-PA";"UOP01-DEL03-PA"
652570;2025-01-01;"quarta-feira";"12:10:00";"ES";262;155;"IBATIBA";"Reação tardia ou ineficiente do condutor";"Colisão com objeto";"Com Vítimas Feridas";"Pleno dia";"Crescente";"Nublado";"Simples";"Reta";"Não";2;0;1;0;1;0;1;1;-20,22651793;-41,47055672;"SPRF-ES";"DEL01-ES";"UOP02-DEL01-ES"
652571;2025-01-01;"quarta-feira";"13:20:00";"RJ";116;129;"MAGE";"Condutor deixou de manter distância do veículo da frente";"Tombamento";"Sem Vítimas";"Pleno dia";"Decrescente";"Nublado";"Dupla";"Curva";"Não";1;0;0;0;1;0;0;1;-22,66067042;-43,1166172;"SPRF-RJ";"DEL04-RJ";"UOP02-DEL04-RJ"
652575;2025-01-01;"quarta-feira";"13:46:00";"BA";101;924;"NOVA VICOSA";"Reação tardia ou ineficiente do condutor";"Colisão lateral sentido oposto";"Com Vítimas Feridas";"Pleno dia";"Crescente";"Nublado";"Simples";"Reta";"Não";5;0;3;0;2;0;3;2;-17,931067;-39,839278;"SPRF-BA";"DEL09-BA";"UOP02-DEL09-BA"
652576;2025-01-01;"quarta-feira";"13:44:00";"GO";60;210,8;"VARJAO";"Ausência de reação do condutor";"Queda de ocupante de veículo";"Com Vítimas Feridas";"Pleno dia";"Decrescente";"Céu Claro";"Dupla";"Reta";"Não";1;0;1;0;0;0;1;1;-16,9406;-49,6717;"SPRF-GO";"DEL01-GO";"UOP02-DEL01-GO"
652578;2025-01-01;"quarta-feira";"14:25:00";"PB";230;10;"CABEDELO";"Acostamento em desnível";"Tombamento";"Com Vítimas Feridas";"Pleno dia";"Crescente";"Céu Claro";"Simples";"Reta;Em Obras";"Sim";1;0;1;0;0;0;1;1;-7,0514;-34,8499;"SPRF-PB";"DEL01-PB";"UOP01-DEL01-PB"
652579;2025-01-01;"quarta-feira";"14:00:00";"PR";277;131;"CAMPO LARGO";"Ingestão de álcool pelo condutor";"Saída de leito carroçável";"Com Vítimas Feridas";"Pleno dia";"Crescente";"Céu Claro";"Dupla";"Reta";"Não";1;0;0;1;0;0;1;1;-25,44518045;-49,4985659;"SPRF-PR";"DEL03-PR";"UOP03-DEL03-PR"
652580;2025-01-01;"quarta-feira";"15:15:00";"PB";101;64,5;"SANTA RITA";"Manobra de mudança de faixa";"Colisão traseira";"Com Vítimas Feridas";"Pleno dia";"Crescente";"Céu Claro";"Dupla";"Reta";"Não";3;0;0;1;1;1;1;3;-7,03485287;-35,05528078;"SPRF-PB";"DEL01-PB";"UOP04-DEL01-PB"
652581;2025-01-01;"quarta-feira";"14:05:00";"RJ";101;481,5;"ANGRA DOS REIS";"Ausência de reação do condutor";"Colisão traseira";"Com Vítimas Feridas";"Pleno dia";"Decrescente";"Nublado";"Simples";"Reta";"Sim";2;0;1;0;1;0;1;2;-23,00976021;-44,29153237;"SPRF-RJ";"DEL03-RJ";"UOP03-DEL03-RJ"
652582;2025-01-01;"quarta-feira";"15:20:00";"PR";376;407;"TIBAGI";"Demais falhas mecânicas ou elétricas";"Colisão com objeto";"Com Vítimas Feridas";"Pleno dia";"Decrescente";"Nublado";"Dupla";"Curva";"Não";2;0;2;0;0;0;2;1;-24,6024391;-50,66420585;"SPRF-PR";"DEL03-PR";"UOP02-DEL03-PR"
652583;2025-01-01;"quarta-feira";"15:13:00";"MS";163;755;"COXIM";"Demais falhas mecânicas ou elétricas";"Tombamento";"Com Vítimas Feridas";"Pleno dia";"Decrescente";"Céu Claro";"Simples";"Aclive";"Não";2;0;1;1;0;0;2;1;-18,30225301;-54,66631836;"SPRF-MS";"DEL06-MS";"UOP01-DEL06-MS"
652584;2025-01-01;"quarta-feira";"14:45:00";"MG";381;408;"NOVA UNIAO";"Pista Escorregadia";"Saída de leito carroçável";"Com Vítimas Feridas";"Pleno dia";"Crescente";"Chuva";"Dupla";"Reta;Declive";"Não";3;0;2;1;0;0;3;1;-19,72515688;-43,56957794;"SPRF-MG";"DEL01-MG";"UOP01-DEL01-MG"
652585;2025-01-01;"quarta-feira";"15:30:00";"CE";116;61,2;"CHOROZINHO";"Condutor deixou de manter distância do veículo da frente";"Engavetamento";"Com Vítimas Feridas";"Pleno dia";"Decrescente";"Céu Claro";"Simples";"Reta";"Não";6;0;2;0;3;1;2;5;-4,25539588;-38,48633338;"SPRF-CE";"DEL01-CE";"UOP02-DEL01-CE"
652588;2025-01-01;"quarta-feira";"16:20:00";"MG";381;564,9;"ITAGUARA";"Pedestre andava na pista";"Atropelamento de Pedestre";"Com Vítimas Fatais";"Pleno dia";"Decrescente";"Céu Claro";"Dupla";"Reta";"Sim";2;1;0;0;1;0;0;2;-20,39337497;-44,49681044;"SPRF-MG";"DEL04-MG";"UOP03-DEL04-MG"
652589;2025-01-01;"quarta-feira";"16:10:00";"RJ";116;203;"QUEIMADOS";"Acesso irregular";"Atropelamento de Pedestre";"Com Vítimas Feridas";"Pleno dia";"Decrescente";"Céu Claro";"Dupla";"Reta";"Sim";3;0;2;1;0;0;3;2;-22,73096751;-43,62245615;"SPRF-RJ";"DEL06-RJ";"UOP02-DEL06-RJ"
652590;2025-01-01;"quarta-feira";"13:20:00";"RN";304;116,4;"ITAJA";"Ingestão de álcool pelo condutor";"Saída de leito carroçável";"Sem Vítimas";"Pleno dia";"Crescente";"Céu Claro";"Simples";"Ponte;Reta";"Não";1;0;0;0;0;1;0;1;-5,61789417;-36,88865608;"SPRF-RN";"DEL04-RN";"UOP01-DEL04-RN"
652592;2025-01-01;"quarta-feira";"16:20:00";"SC";101;222,3;"PALHOCA";"Manobra de mudança de faixa";"Colisão lateral mesmo sentido";"Com Vítimas Feridas";"Pleno dia";"Decrescente";"Nublado";"Dupla";"Declive";"Não";2;0;1;0;1;0;1;2;-27,70865409;-48,65586407;"SPRF-SC";"DEL01-SC";"UOP02-DEL01-SC"
652593;2025-01-01;"quarta-feira";"16:00:00";"MG";262;580;"CAMPOS ALTOS";"Ausência de reação do condutor";"Queda de ocupante de veículo";"Com Vítimas Feridas";"Pleno dia";"Crescente";"Céu Claro";"Simples";"Retorno Regulamentado;Interseção de Vias;Rotatória";"Não";1;0;0;1;0;0;1;1;-19,6646721;-46,06563103;"SPRF-MG";"DEL08-MG";"UOP02-DEL08-MG"
652594;2025-01-01;"quarta-feira";"15:50:00";"PE";101;46;"IGARASSU";"Trafegar com motocicleta (ou similar) entre as faixas";"Colisão lateral mesmo sentido";"Com Vítimas Feridas";"Pleno dia";"Decrescente";"Céu Claro";"Múltipla";"Reta";"Sim";3;0;2;0;1;0;2;2;-7,87406004;-34,90588126;"SPRF-PE";"DEL01-PE";"UOP02-DEL01-PE"
652595;2025-01-01;"quarta-feira";"14:20:00";"RS";158;564;"SANTANA DO LIVRAMENTO";"Ausência de reação do condutor";"Colisão com objeto";"Sem Vítimas";"Pleno dia";"Crescente";"Céu Claro";"Simples";"Declive;Reta";"Não";2;0;0;0;1;1;0;2;-30,86869677;-55,50787794;"SPRF-RS";"DEL11-RS";"UOP01-DEL11-RS"
652596;2025-01-01;"quarta-feira";"15:50:00";"SC";280;19,8;"ARAQUARI";"Reação tardia ou ineficiente do condutor";"Colisão traseira";"Com Vítimas Feridas";"Pleno dia";"Crescente";"Nublado";"Simples";"Reta";"Não";2;0;1;0;0;1;1;2;-26,3693676;-48,67221803;"SPRF-SC";"DEL03-SC";"UOP03-DEL03-SC"
652597;2025-01-01;"quarta-feira";"16:26:00";"RJ";116;259;"VOLTA REDONDA";"Demais falhas mecânicas ou elétricas";"Queda de ocupante de veículo";"Com Vítimas Feridas";"Pleno dia";"Decrescente";"Nublado";"Dupla";"Reta";"Não";2;0;1;0;1;0;1;1;-22,58204838;-44,03112799;"SPRF-RJ";"DEL07-RJ";"UOP02-DEL07-RJ"
652598;2025-01-01;"quarta-feira";"16:10:00";"PI";316;10,9;"TERESINA";"Desrespeitar a preferência no cruzamento";"Colisão transversal";"Com Vítimas Feridas";"Pleno dia";"Crescente";"Sol";"Dupla";"Rotatória";"Sim";2;0;1;0;1;0;1;2;-5,19103422;-42,76066303;"SPRF-PI";"DEL01-PI";"UOP02-DEL01-PI"
652599;2025-01-01;"quarta-feira";"17:00:00";"CE";116;3,3;"FORTALEZA";"Condutor deixou de manter distância do veículo da frente";"Colisão traseira";"Com Vítimas Feridas";"Anoitecer";"Decrescente";"Céu Claro";"Dupla";"Reta";"Sim";2;0;0;1;1;0;1;2;-3,77866493;-38,51490171;"SPRF-CE";"DEL01-CE";"UOP02-DEL01-CE"
652600;2025-01-01;"quarta-feira";"16:15:00";"PB";230;124,2;"RIACHAO DO BACAMARTE";"Reação tardia ou ineficiente do condutor";"Saída de leito carroçável";"Com Vítimas Feridas";"Pleno dia";"Crescente";"Céu Claro";"Dupla";"Reta;Aclive";"Não";1;0;0;1;0;0;1;1;-7,2465;-35,6751;"SPRF-PB";"DEL02-PB";"UOP01-DEL02-PB"
652601;2025-01-01;"quarta-feira";"17:00:00";"SP";116;564;"BARRA DO TURVO";"Acumulo de água sobre o pavimento";"Colisão com objeto";"Com Vítimas Feridas";"Anoitecer";"Crescente";"Chuva";"Simples";"Curva";"Não";2;0;1;0;1;0;1;1;-25,05014672;-48,55373383;"SPRF-SP";"DEL05-SP";"UOP02-DEL05-SP"
652602;2025-01-01;"quarta-feira";"14:45:00";"MG";262;58,5;"MANHUACU";"Demais falhas mecânicas ou elétricas";"Incêndio";"Sem Vítimas";"Pleno dia";"Crescente";"Nublado";"Simples";"Reta";"Não";2;0;0;0;2;0;0;1;-20,27569196;-42,19796103;"SPRF-MG";"DEL06-MG";"UOP03-DEL06-MG"
652605;2025-01-01;"quarta-feira";"17:10:00";"PR";476;161,1;"ARAUCARIA";"Acessar a via sem observar a presença dos outros veículos";"Colisão frontal";"Sem Vítimas";"Pleno dia";"Decrescente";"Nublado";"Simples";"Reta";"Sim";2;0;0;0;1;1;0;2;-25,563601;-49,377041;"SPRF-PR";"DEL01-PR";"UOP06-DEL01-PR"
652606;2025-01-01;"quarta-feira";"17:15:00";"MG";381;908,3;"CAMBUI";"Ausência de reação do condutor";"Saída de leito carroçável";"Com Vítimas Feridas";"Pleno dia";"Crescente";"Chuva";"Dupla";"Curva";"Não";2;0;2;0;0;0;2;1;-22,67643127;-46,09828949;"SPRF-MG";"DEL16-MG";"UOP03-DEL16-MG"
652607;2025-01-01;"quarta-feira";"14:30:00";"PR";277;657,9;"MATELANDIA";"Ausência de reação do condutor";"Colisão com objeto";"Sem Vítimas";"Pleno dia";"Decrescente";"Céu Claro";"Dupla";"Aclive;Curva";"Não";1;0;0;0;0;1;0;1;-25,24283274;-53,97750378;"SPRF-PR";"DEL05-PR";"UOP02-DEL05-PR"
652608;2025-01-01;"quarta-feira";"16:00:00";"CE";20;376,7;"CAUCAIA";"Ultrapassagem Indevida";"Colisão frontal";"Com Vítimas Feridas";"Pleno dia";"Crescente";"Céu Claro";"Simples";"Reta";"Não";5;0;2;0;3;0;2;2;-3,94627231;-38,87101554;"SPRF-CE";"DEL01-CE";"UOP01-DEL01-CE"
652609;2025-01-01;"quarta-feira";"17:30:00";"PR";277;69,8;"SAO JOSE DOS PINHAIS";"Condutor deixou de manter distância do veículo da frente";"Engavetamento";"Com Vítimas Feridas";"Pleno dia";"Crescente";"Chuva";"Dupla";"Reta";"Sim";5;0;1;0;3;1;1;4;-25,51417;-49,121903;"SPRF-PR";"DEL01-PR";"UOP01-DEL01-PR"
652610;2025-01-01;"quarta-feira";"17:25:00";"BA";324;615;"SIMOES FILHO";"Manobra de mudança de faixa";"Colisão traseira";"Com Vítimas Feridas";"Pleno dia";"Decrescente";"Céu Claro";"Dupla";"Interseção de Vias;Reta";"Sim";4;0;2;0;1;1;2;3;-12,87206398;-38,42746403;"SPRF-BA";"DEL01-BA";"UOP01-DEL01-BA"
652611;2025-01-01;"quarta-feira";"16:45:00";"PR";116;66;"CAMPINA GRANDE DO SUL";"Velocidade Incompatível";"Colisão traseira";"Com Vítimas Feridas";"Pleno dia";"Decrescente";"Nublado";"Dupla";"Reta";"Não";7;0;2;0;5;0;2;2;-25,31033956;-49,01212903;"SPRF-PR";"DEL01-PR";"UOP02-DEL01-PR"
652612;2025-01-01;"quarta-feira";"17:05:00";"RS";290;43;"GLORINHA";"Ausência de reação do condutor";"Saída de leito carroçável";"Com Vítimas Feridas";"Pleno dia";"Crescente";"Garoa/Chuvisco";"Dupla";"Reta";"Não";5;0;1;0;4;0;1;1;-29,889574;-50,689316;"SPRF-RS";"DEL03-RS";"UOP01-DEL03-RS"
652613;2025-01-01;"quarta-feira";"17:50:00";"RS";290;42;"GLORINHA";"Manobra de mudança de faixa";"Colisão lateral mesmo sentido";"Com Vítimas Feridas";"Pleno dia";"Crescente";"Chuva";"Dupla";"Reta";"Não";2;0;1;0;1;0;1;2;-29,888767;-50,679028;"SPRF-RS";"DEL03-RS";"UOP01-DEL03-RS"