"id";"data_inversa";"dia_semana";"horario";"uf";"br";"km";"municipio";"causa_acidente";"tipo_acidente";"classificacao_acidente";"fase_dia";"sentido_via";"condicao_metereologica";"tipo_pista";"tracado_via";"uso_solo";"pessoas";"mortos";"feridos_leves";"feridos_graves";"ilesos";"ignorados";"feridos";"veiculos";"latitude";"longitude";"regional";"delegacia";"uop"
652614;2025-01-01;"quarta-feira";"14:15:00";"RO";174;13;"VILHENA";"Velocidade Incompatível";"Colisão lateral mesmo sentido";"Com Vítimas Feridas";"Pleno dia";"Decrescente";"Nublado";"Dupla";"Reta;Interseção de Vias";"Sim";3;0;1;1;1;0;2;2;-12,74140004;-60,13026401;"SPRF-RO";"DEL04-RO";"UOP01-DEL04-RO"
652615;2025-01-01;"quarta-feira";"11:00:00";"DF";20;15;"BRASILIA";"Reação tardia ou ineficiente do condutor";"Saída de leito carroçável";"Sem Vítimas";"Pleno dia";"Decrescente";"Nublado";"Dupla";"Declive;Reta";"Sim";2;0;0;0;0;2;0;1;-15,630189;-47,733288;"SPRF-DF";"DEL02-DF";"UOP01-DEL02-DF"
652616;2025-01-01;"quarta-feira";"17:38:00";"RJ";101;322;"NITEROI";"Ausência de reação do condutor";"Colisão lateral mesmo sentido";"Com Vítimas Feridas";"Anoitecer";"Crescente";"Céu Claro";"Dupla";"Reta";"Sim";3;0;2;0;1;0;2;2;-22,878923;-43,110676;"SPRF-RJ";"DEL02-RJ";"UOP01-DEL02-RJ"
652620;2025-01-01;"quarta-feira";"16:55:00";"PB";230;115,3;"INGA";"Condutor deixou de manter distância do veículo da frente";"Colisão traseira";"Com Vítimas Feridas";"Pleno dia";"Crescente";"Céu Claro";"Dupla";"Curva";"Não";2;0;0;1;0;1;1;2;-7,2296;-35,5998;"SPRF-PB";"DEL01-PB";"UOP03-DEL01-PB"
652621;2025-01-01;"quarta-feira";"14:40:00";"MG";116;406,6;"GOVERNADOR VALADARES";"Acessar a via sem observar a presença dos outros veículos";"Colisão traseira";"Sem Vítimas";"Pleno dia";"Crescente";"Nublado";"Simples";"Reta";"Sim";2;0;0;0;2;0;0;2;-18,82669347;-41,98753335;"SPRF-MG";"DEL06-MG";"UOP01-DEL06-MG"
652622;2025-01-01;"quarta-feira";"18:00:00";"SC";101;115;"ITAJAI";"Avarias e/ou desgaste excessivo no pneu";"Tombamento";"Com Vítimas Feridas";"Anoitecer";"Crescente";"Nublado";"Dupla";"Reta";"Não";2;0;2;0;0;0;2;1;-26,87064015;-48,72954134;"SPRF-SC";"DEL04-SC";"UOP04-DEL04-SC"
652623;2025-01-01;"quarta-feira";"18:40:00";"ES";101;288,3;"CARIACICA";"Demais falhas mecânicas ou elétricas";"Colisão com objeto";"Com Vítimas Feridas";"Plena Noite";"Crescente";"Nublado";"Dupla";"Reta";"Sim";1;0;1;0;0;0;1;1;-20,2738116;-40,39210439;"SPRF-ES";"DEL01-ES";"UOP01-DEL01-ES"
652624;2025-01-01;"quarta-feira";"17:00:00";"PR";369;91,2;"CORNELIO PROCOPIO";"Falta de elemento de contenção que evite a saída do leito carroçável";"Saída de leito carroçável";"Com Vítimas Feridas";"Pleno dia";"Crescente";"Chuva";"Simples";"Reta;Declive";"Sim";5;0;3;1;1;0;4;1;-23,202938;-50,655234;"SPRF-PR";"DEL07-PR";"UOP05-DEL07-PR"
652626;2025-01-01;"quarta-feira";"18:01:00";"SC";280;11;"SAO FRANCISCO DO SUL";"Acessar a via sem observar a presença dos outros veículos";"Colisão transversal";"Com Vítimas Feridas";"Pleno dia";"Crescente";"Nublado";"Simples";"Reta";"Não";2;0;0;1;1;0;1;2;-26,3301861;-48,65148076;"SPRF-SC";"DEL03-SC";"UOP03-DEL03-SC"
652627;2025-01-01;"quarta-feira";"18:25:00";"MG";40;720,6;"BARBACENA";"Reação tardia ou ineficiente do condutor";"Colisão traseira";"Com Vítimas Feridas";"Plena Noite";"Decrescente";"Chuva";"Dupla";"Reta";"Sim";7;0;3;0;4;0;3;2;-21,2939763;-43,62048364;"SPRF-MG";"DEL05-MG";"UOP01-DEL05-MG"
652629;2025-01-01;"quarta-feira";"17:00:00";"PR";277;213;"PALMEIRA";"Velocidade Incompatível";"Saída de leito carroçável";"Com Vítimas Feridas";"Pleno dia";"Decrescente";"Nublado";"Simples";"Curva";"Não";2;0;2;0;0;0;2;1;-25,461229;-50,331289;"SPRF-PR";"DEL08-PR";"UOP02-DEL08-PR"
652630;2025-01-01;"quarta-feira";"18:37:00";"RN";226;4;"NATAL";"Pedestre andava na pista";"Atropelamento de Pedestre";"Com Vítimas Feridas";"Plena Noite";"Crescente";"Céu Claro";"Simples";"Reta";"Sim";2;0;2;0;0;0;2;2;-5,81958019;-35,25969486;"SPRF-RN";"DEL01-RN";"UOP02-DEL01-RN"
652633;2025-01-01;"quarta-feira";"17:45:00";"MG";40;631,2;"CONSELHEIRO LAFAIETE";"Ausência de reação do condutor";"Colisão lateral sentido oposto";"Sem Vítimas";"Pleno dia";"Crescente";"Céu Claro";"Simples";"Reta";"Sim";2;0;0;0;1;1;0;2;-20,66692199;-43,80314095;"SPRF-MG";"DEL05-MG";"UOP02-DEL05-MG"
652634;2025-01-01;"quarta-feira";"19:25:00";"MG";365;689,5;"MONTE ALEGRE DE MINAS";"Pedestre cruzava a pista fora da faixa";"Atropelamento de Pedestre";"Com Vítimas Feridas";"Plena Noite";"Crescente";"Nublado";"Dupla";"Reta";"Não";2;0;0;1;0;1;1;2;-18,87617045;-48,89351998;"SPRF-MG";"DEL15-MG";"UOP03-DEL15-MG"
652635;2025-01-01;"quarta-feira";"18:22:00";"CE";116;68;"CHOROZINHO";"Transitar na contramão";"Colisão lateral sentido oposto";"Com Vítimas Fatais";"Anoitecer";"Decrescente";"Céu Claro";"Simples";"Reta";"Não";6;1;0;0;3;2;0;3;-4,3140702;-38,49723925;"SPRF-CE";"DEL01-CE";"UOP02-DEL01-CE"
652636;2025-01-01;"quarta-feira";"19:00:00";"PR";277;47;"MORRETES";"Chuva";"Tombamento";"Com Vítimas Feridas";"Plena Noite";"Crescente";"Chuva";"Dupla";"Reta";"Não";2;0;2;0;0;0;2;1;-25,58937591;-48,87336932;"SPRF-PR";"DEL01-PR";"UOP05-DEL01-PR"
652637;2025-01-01;"quarta-feira";"13:20:00";"SC";280;102;"SAO BENTO DO SUL";"Chuva";"Queda de ocupante de veículo";"Com Vítimas Feridas";"Pleno dia";"Crescente";"Chuva";"Simples";"Aclive;Curva";"Não";2;0;0;1;1;0;1;1;-26,36381888;-49,34016753;"SPRF-SC";"DEL06-SC";"UOP03-DEL06-SC"
652638;2025-01-01;"quarta-feira";"19:05:00";"PR";277;584,3;"CASCAVEL";"Ingestão de álcool pelo condutor";"Colisão com objeto";"Sem Vítimas";"Anoitecer";"Crescente";"Céu Claro";"Múltipla";"Interseção de Vias;Viaduto;Rotatória;Curva";"Sim";1;0;0;0;1;0;0;1;-24,9642727;-53,40655804;"SPRF-PR";"DEL04-PR";"UOP01-DEL04-PR"
652639;2025-01-01;"quarta-feira";"19:30:00";"RJ";101;512;"ANGRA DOS REIS";"Condutor deixou de manter distância do veículo da frente";"Colisão traseira";"Sem Vítimas";"Pleno dia";"Decrescente";"Nublado";"Simples";"Ponte";"Não";3;0;0;0;3;0;0;3;-22,96909;-44,44151;"SPRF-RJ";"DEL03-RJ";"UOP03-DEL03-RJ"
652640;2025-01-01;"quarta-feira";"19:00:00";"BA";116;828,3;"VITORIA DA CONQUISTA";"Acesso irregular";"Colisão com objeto";"Com Vítimas Feridas";"Plena Noite";"Decrescente";"Nublado";"Dupla";"Reta";"Sim";2;0;2;0;0;0;2;1;-14,896664;-40,865994;"SPRF-BA";"DEL08-BA";"UOP01-DEL08-BA"
652641;2025-01-01;"quarta-feira";"19:30:00";"SE";101;95;"SAO CRISTOVAO";"Ingestão de álcool pelo condutor";"Colisão com objeto";"Com Vítimas Feridas";"Plena Noite";"Crescente";"Céu Claro";"Simples";"Curva;Retorno Regulamentado";"Não";1;0;1;0;0;0;1;1;-10,91877187;-37,16854161;"SPRF-SE";"DEL02-SE";"UOP01-DEL02-SE"
652642;2025-01-01;"quarta-feira";"20:20:00";"RN";101;85,7;"NATAL";"Reação tardia ou ineficiente do condutor";"Colisão com objeto";"Com Vítimas Feridas";"Plena Noite";"Decrescente";"Céu Claro";"Dupla";"Reta;Em Obras;Ponte";"Sim";7;0;5;0;2;0;5;1;-5,78457455;-35,2464956;"SPRF-RN";"DEL02-RN";"UOP01-DEL02-RN"
652643;2025-01-01;"quarta-feira";"20:30:00";"ES";262;124,6;"CONCEICAO DO CASTELO";"Ingestão de álcool pelo condutor";"Colisão lateral sentido oposto";"Com Vítimas Feridas";"Plena Noite";"Crescente";"Chuva";"Simples";"Curva";"Não";4;0;2;0;2;0;2;3;-20,28654241;-41,25440952;"SPRF-ES";"DEL01-ES";"UOP02-DEL01-ES"
652644;2025-01-01;"quarta-feira";"19:50:00";"PI";316;32,3;"DEMERVAL LOBAO";"Ausência de reação do condutor";"Colisão traseira";"Sem Vítimas";"Plena Noite";"Crescente";"Céu Claro";"Dupla";"Reta";"Sim";2;0;0;0;2;0;0;2;-5,34217984;-42,68627493;"SPRF-PI";"DEL01-PI";"UOP02-DEL01-PI"
652645;2025-01-01;"quarta-feira";"20:00:00";"MG";116;626,9;"ORIZANIA";"Pedestre andava na pista";"Atropelamento de Pedestre";"Com Vítimas Fatais";"Plena Noite";"Crescente";"Garoa/Chuvisco";"Simples";"Aclive;Reta";"Não";2;1;0;1;0;0;1;2;-20,547563;-42,208299;"SPRF-MG";"DEL07-MG";"UOP02-DEL07-MG"
652647;2025-01-01;"quarta-feira";"19:00:00";"MT";163;750;"SORRISO";"Ausência de reação do condutor";"Colisão com objeto";"Com Vítimas Feridas";"Plena Noite";"Decrescente";"Céu Claro";"Dupla";"Rotatória;Reta";"Não";1;0;1;0;0;0;1;1;-12,573227;-55,727875;"SPRF-MT";"DEL06-MT";"UOP01-DEL06-MT"
652649;2025-01-01;"quarta-feira";"19:30:00";"BA";367;23;"PORTO SEGURO";"Acesso irregular";"Colisão frontal";"Com Vítimas Feridas";"Plena Noite";"Crescente";"Céu Claro";"Simples";"Reta";"Sim";2;0;1;0;1;0;1;2;-16,43517732;-39,07201198;"SPRF-BA";"DEL09-BA";"UOP03-DEL09-BA"
652650;2025-01-01;"quarta-feira";"20:55:00";"RS";290;53;"GLORINHA";"Reação tardia ou ineficiente do condutor";"Colisão traseira";"Com Vítimas Feridas";"Plena Noite";"Crescente";"Chuva";"Dupla";"Reta";"Não";2;0;1;0;1;0;1;2;-29,912077;-50,787758;"SPRF-RS";"DEL03-RS";"UOP01-DEL03-RS"
652651;2025-01-01;"quarta-feira";"20:40:00";"SP";116;567;"BARRA DO TURVO";"Chuva";"Queda de ocupante de veículo";"Com Vítimas Feridas";"Plena Noite";"Crescente";"Chuva";"Simples";"Curva;Declive";"Não";1;0;1;0;0;0;1;1;-25,0475499;-48,55355172;"SPRF-SP";"DEL05-SP";"UOP02-DEL05-SP"
652652;2025-01-01;"quarta-feira";"16:00:00";"MG";251;319,4;"SALINAS";"Transitar na contramão";"Colisão frontal";"Com Vítimas Fatais";"Pleno dia";"Crescente";"Nublado";"Simples";"Curva;Aclive";"Não";3;2;0;0;1;0;0;2;-16,17279;-42,33262;"SPRF-MG";"DEL12-MG";"UOP02-DEL12-MG"
652653;2025-01-01;"quarta-feira";"19:45:00";"RS";293;90,5;"PIRATINI";"Afundamento ou ondulação no pavimento";"Saída de leito carroçável";"Com Vítimas Feridas";"Anoitecer";"Decrescente";"Ignorado";"Simples";"Declive";"Não";1;0;1;0;0;0;1;1;-31,636463;-53,217259;"SPRF-RS";"DEL07-RS";"UOP01-DEL07-RS"
652657;2025-01-01;"quarta-feira";"19:30:00";"PR";277;12;"PARANAGUA";"Ausência de reação do condutor";"Tombamento";"Com Vítimas Feridas";"Plena Noite";"Crescente";"Garoa/Chuvisco";"Dupla";"Reta";"Não";2;0;2;0;0;0;2;1;-25,563497;-48,63496;"SPRF-PR";"DEL01-PR";"UOP05-DEL01-PR"
652658;2025-01-01;"quarta-feira";"10:15:00";"SP";101;46;"UBATUBA";"Acesso irregular";"Colisão transversal";"Com Vítimas Feridas";"Pleno dia";"Decrescente";"Céu Claro";"Simples";"Reta";"Sim";2;0;1;0;1;0;1;2;-23,42403383;-45,07492113;"SPRF-SP";"DEL06-SP";"UOP01-DEL06-SP"
652659;2025-01-01;"quarta-feira";"21:15:00";"PR";376;636,5;"TIJUCAS DO SUL";"Manobra de mudança de faixa";"Colisão lateral mesmo sentido";"Com Vítimas Feridas";"Plena Noite";"Decrescente";"Nublado";"Dupla";"Declive";"Não";4;0;2;0;2;0;2;2;-25,76723798;-49,12369251;"SPRF-PR";"DEL01-PR";"UOP04-DEL01-PR"
652660;2025-01-01;"quarta-feira";"20:15:00";"SP";101;16,5;"UBATUBA";"Transitar no Acostamento";"Atropelamento de Pedestre";"Com Vítimas Feridas";"Plena Noite";"Crescente";"Céu Claro";"Simples";"Reta";"Não";2;0;0;1;0;1;1;2;-23,32700315;-44,88452224;"SPRF-SP";"DEL06-SP";"UOP01-DEL06-SP"
652661;2025-01-01;"quarta-feira";"18:45:00";"PR";116;47;"CAMPINA GRANDE DO SUL";"Chuva";"Saída de leito carroçável";"Com Vítimas Feridas";"Amanhecer";"Crescente";"Chuva";"Dupla";"Reta";"Não";1;0;1;0;0;0;1;1;-25,21058799;-48,89720903;"SPRF-PR";"DEL01-PR";"UOP02-DEL01-PR"
652662;2025-01-01;"quarta-feira";"21:20:00";"PR";163;184,9;"SANTA TEREZA DO OESTE";"Velocidade Incompatível";"Saída de leito carroçável";"Sem Vítimas";"Plena Noite";"Decrescente";"Céu Claro";"Dupla";"Curva";"Não";1;0;0;0;1;0;0;1;-25,14321919;-53,58795779;"SPRF-PR";"DEL05-PR";"UOP05-DEL05-PR"
652663;2025-01-01;"quarta-feira";"19:05:00";"MG";116;116,9;"ITAOBIM";"Acessar a via sem observar a presença dos outros veículos";"Colisão traseira";"Com Vítimas Feridas";"Plena Noite";"Decrescente";"Ignorado";"Simples";"Interseção de Vias";"Sim";6;0;2;0;4;0;2;3;-16,565216;-41,504654;"SPRF-MG";"DEL11-MG";"UOP02-DEL11-MG"
652664;2025-01-01;"quarta-feira";"17:30:00";"PE";104;73;"CARUARU";"Ultrapassagem Indevida";"Atropelamento de Pedestre";"Com Vítimas Feridas";"Anoitecer";"Decrescente";"Céu Claro";"Simples";"Aclive;Reta";"Não";3;0;0;1;1;1;1;2;-8,341347;-35,982346;"SPRF-PE";"DEL02-PE";"UOP01-DEL02-PE"
652665;2025-01-01;"quarta-feira";"20:45:00";"PI";343;345,5;"TERESINA";"Acessar a via sem observar a presença dos outros veículos";"Colisão lateral sentido oposto";"Com Vítimas Feridas";"Plena Noite";"Decrescente";"Céu Claro";"Simples";"Reta;Interseção de Vias";"Sim";3;0;1;0;2;0;1;2;-5,102889;-42,766506;"SPRF-PI";"DEL01-PI";"UOP01-DEL01-PI"
652666;2025-01-01;"quarta-feira";"21:00:00";"RS";386;439;"NOVA SANTA RITA";"Ausência de reação do condutor";"Colisão traseira";"Com Vítimas Feridas";"Plena Noite";"Decrescente";"Nublado";"Dupla";"Reta";"Não";1;0;1;0;0;0;1;1;-29,87313079;-51,24708306;"SPRF-RS";"DEL04-RS";"UOP02-DEL04-RS"
652667;2025-01-01;"quarta-feira";"21:45:00";"SC";101;58;"ARAQUARI";"Reação tardia ou ineficiente do condutor";"Colisão com objeto";"Com Vítimas Feridas";"Plena Noite";"Decrescente";"Chuva";"Múltipla";"Curva";"Não";3;0;3;0;0;0;3;1;-26,44025049;-48,80129043;"SPRF-SC";"DEL03-SC";"UOP02-DEL03-SC"
652668;2025-01-01;"quarta-feira";"20:20:00";"MT";364;580;"DIAMANTINO";"Reação tardia ou ineficiente do condutor";"Saída de leito carroçável";"Sem Vítimas";"Plena Noite";"Decrescente";"Céu Claro";"Dupla";"Reta";"Não";1;0;0;0;1;0;0;1;-14,65567222;-56,29443276;"SPRF-MT";"DEL01-MT";"UOP01-DEL01-MT"
652669;2025-01-01;"quarta-feira";"19:50:00";"MT";163;753;"SORRISO";"Transitar na contramão";"Queda de ocupante de veículo";"Com Vítimas Feridas";"Plena Noite";"Crescente";"Céu Claro";"Dupla";"Reta";"Sim";1;0;1;0;0;0;1;1;-12,64601993;-55,78671414;"SPRF-MT";"DEL06-MT";"UOP01-DEL06-MT"
652670;2025-01-01;"quarta-feira";"22:00:00";"PR";376;666,4;"GUARATUBA";"Velocidade Incompatível";"Capotamento";"Com Vítimas Feridas";"Pleno dia";"Decrescente";"Garoa/Chuvisco";"Dupla";"Aclive;Curva";"Não";2;0;1;0;1;0;1;1;-25,86037408;-48,95087256;"SPRF-PR";"DEL01-PR";"UOP04-DEL01-PR"
652672;2025-01-01;"quarta-feira";"22:20:00";"MG";40;277;"TRES MARIAS";"Acumulo de água sobre o pavimento";"Saída de leito carroçável";"Sem Vítimas";"Plena Noite";"Decrescente";"Chuva";"Simples";"Curva";"Não";1;0;0;0;1;0;0;1;-18,21264695;-45,22480595;"SPRF-MG";"DEL14-MG";"UOP02-DEL14-MG"
652673;2025-01-01;"quarta-feira";"19:37:00";"PR";369;56,9;"BANDEIRANTES";"Condutor desrespeitou a iluminação vermelha do semáforo";"Colisão frontal";"Com Vítimas Feridas";"Plena Noite";"Crescente";"Céu Claro";"Simples";"Interseção de Vias;Reta";"Sim";2;0;1;0;1;0;1;2;-23,119671;-50,377422;"SPRF-PR";"DEL07-PR";"UOP05-DEL07-PR"
652674;2025-01-01;"quarta-feira";"17:30:00";"RJ";116;270;"VOLTA REDONDA";"Reação tardia ou ineficiente do condutor";"Colisão com objeto";"Com Vítimas Feridas";"Pleno dia";"Crescente";"Sol";"Múltipla";"Reta";"Não";8;0;3;0;5;0;3;4;-22,56923335;-44,12024318;"SPRF-RJ";"DEL07-RJ";"UOP02-DEL07-RJ"
652676;2025-01-01;"quarta-feira";"23:00:00";"RJ";40;123,8;"DUQUE DE CAXIAS";"Reação tardia ou ineficiente do condutor";"Colisão lateral mesmo sentido";"Com Vítimas Feridas";"Plena Noite";"Decrescente";"Céu Claro";"Múltipla";"Reta";"Sim";3;0;3;0;0;0;3;2;-22,79907687;-43,29015739;"SPRF-RJ";"DEL01-RJ";"UOP02-DEL01-RJ"
652677;2025-01-01;"quarta-feira";"17:00:00";"PI";316;336,5;"GEMINIANO";"Manobra de mudança de faixa";"Colisão lateral sentido oposto";"Com Vítimas Feridas";"Pleno dia";"Crescente";"Céu Claro";"Simples";"Reta";"Não";2;0;1;0;1;0;1;2;-7,10961002;-41,245025;"SPRF-PI";"DEL04-PI";"UOP01-DEL04-PI"
652678;2025-01-01;"quarta-feira";"22:48:00";"MS";262;265,5;"RIBAS DO RIO PARDO";"Animais na Pista";"Atropelamento de Animal";"Com Vítimas Fatais";"Plena Noite";"Decrescente";"Céu Claro";"Simples";"Reta";"Não";1;1;0;0;0;0;0;1;-20,4299829;-53,97832505;"SPRF-MS";"DEL01-MS";"UOP05-DEL01-MS"
652679;2025-01-02;"quinta-feira";"00:30:00";"PR";277;64;"SAO JOSE DOS PINHAIS";"Velocidade Incompatível";"Saída de leito carroçável";"Sem Vítimas";"Plena Noite";"Crescente";"Nublado";"Dupla";"Reta";"Não";1;0;0;0;0;1;0;1;-25,55703867;-49,02612685;"SPRF-PR";"DEL01-PR";"UOP01-DEL01-PR"
652680;2025-01-01;"quarta-feira";"23:40:00";"SC";480;125,5;"CHAPECO";"Ausência de reação do condutor";"Saída de leito carroçável";"Com Vítimas Feridas";"Plena Noite";"Decrescente";"Chuva";"Múltipla";"Aclive;Reta";"Não";1;0;1;0;0;0;1;1;-27,01410583;-52,63789058;"SPRF-SC";"DEL07-SC";"UOP01-DEL07-SC"
652681;2025-01-02;"quinta-feira";"01:30:00";"PR";153;204;"TIBAGI";"Reação tardia ou ineficiente do condutor";"Saída de leito carroçável";"Com Vítimas Feridas";"Plena Noite";"Crescente";"Céu Claro";"Simples";"Interseção de Vias;Rotatória";"Não";4;0;4;0;0;0;4;1;-24,49947212;-50,44548845;"SPRF-PR";"DEL03-PR";"UOP02-DEL03-PR"
652682;2025-01-02;"quinta-feira";"02:30:00";"SC";101;124;"ITAJAI";"Deficiência do Sistema de Iluminação/Sinalização";"Colisão traseira";"Com Vítimas Feridas";"Plena Noite";"Decrescente";"Nublado";"Dupla";"Reta";"Não";2;0;1;0;0;1;1;2;-26,94335064;-48,69198648;"SPRF-SC";"DEL04-SC";"UOP04-DEL04-SC"
652683;2025-01-02;"quinta-feira";"03:50:00";"PI";316;314;"PICOS";"Conversão proibida";"Colisão transversal";"Com Vítimas Feridas";"Plena Noite";"Crescente";"Céu Claro";"Simples";"Interseção de Vias;Reta";"Sim";3;0;1;1;0;1;2;2;-7,07938614;-41,43321991;"SPRF-PI";"DEL04-PI";"UOP01-DEL04-PI"
652684;2025-01-02;"quinta-feira";"04:30:00";"MG";262;37,5;"MANHUACU";"Ausência de reação do condutor";"Saída de leito carroçável";"Sem Vítimas";"Amanhecer";"Crescente";"Céu Claro";"Simples";"Reta";"Sim";2;0;0;0;2;0;0;1;-20,25748975;-42,03048732;"SPRF-MG";"DEL06-MG";"UOP03-DEL06-MG"
652685;2025-01-02;"quinta-feira";"05:15:00";"RS";470;217;"BENTO GONCALVES";"Reação tardia ou ineficiente do condutor";"Colisão com objeto";"Com Vítimas Feridas";"Pleno dia";"Decrescente";"Nublado";"Dupla";"Aclive;Curva;Interseção de Vias;Rotatória";"Sim";2;0;1;0;1;0;1;1;-29,16462512;-51,52551964;"SPRF-RS";"DEL06-RS";"UOP01-DEL06-RS"
652686;2025-01-02;"quinta-feira";"04:30:00";"BA";116;403,9;"FEIRA DE SANTANA";"Animais na Pista";"Atropelamento de Animal";"Sem Vítimas";"Plena Noite";"Crescente";"Céu Claro";"Dupla";"Reta";"Não";4;0;0;0;4;0;0;2;-12,06301657;-38,96984811;"SPRF-BA";"DEL02-BA";"UOP01-DEL02-BA"
652688;2025-01-01;"quarta-feira";"22:25:00";"MT";70;499,6;"CUIABA";"Conversão proibida";"Colisão lateral mesmo sentido";"Com Vítimas Feridas";"Plena Noite";"Decrescente";"Nublado";"Simples";"Reta";"Não";3;0;1;1;0;1;2;2;-15,67966827;-56,01505637;"SPRF-MT";"DEL01-MT";"UOP02-DEL01-MT"
652689;2025-01-02;"quinta-feira";"06:17:00";"SC";101;197;"SAO JOSE";"Acessar a via sem observar a presença dos outros veículos";"Colisão lateral mesmo sentido";"Com Vítimas Feridas";"Pleno dia";"Crescente";"Céu Claro";"Simples";"Reta";"Sim";2;0;1;0;1;0;1;2;-27,51844497;-48,63848496;"SPRF-SC";"DEL01-SC";"UOP01-DEL01-SC"
652692;2025-01-02;"quinta-feira";"06:54:00";"ES";101;51,4;"SAO MATEUS";"Ausência de reação do condutor";"Saída de leito carroçável";"Com Vítimas Feridas";"Pleno dia";"Crescente";"Céu Claro";"Simples";"Reta";"Não";2;0;1;0;1;0;1;1;-18,59458104;-39,88970815;"SPRF-ES";"DEL04-ES";"UOP02-DEL04-ES"
652693;2025-01-02;"quinta-feira";"06:35:00";"RJ";101;329;"RIO DE JANEIRO";"Reação tardia ou ineficiente do condutor";"Colisão traseira";"Com Vítimas Feridas";"Pleno dia";"Crescente";"Céu Claro";"Dupla";"Ponte;Declive;Reta";"Não";2;0;1;0;0;1;1;2;-22,86939305;-43,175642;"SPRF-RJ";"DEL02-RJ";"UOP01-DEL02-RJ"
652694;2025-01-02;"quinta-feira";"07:00:00";"BA";324;609;"SIMOES FILHO";"Ausência de reação do condutor";"Colisão traseira";"Sem Vítimas";"Pleno dia";"Crescente";"Céu Claro";"Dupla";"Reta";"Sim";1;0;0;0;1;0;0;1;-12,82066;-38,40798;"SPRF-BA";"DEL01-BA";"UOP01-DEL01-BA"
652695;2025-01-02;"quinta-feira";"07:05:00";"PE";101;69;"RECIFE";"Reação tardia ou ineficiente do condutor";"Queda de ocupante de veículo";"Com Vítimas Feridas";"Pleno dia";"Crescente";"Céu Claro";"Múltipla";"Reta";"Não";1;0;0;1;0;0;1;1;-8,05951606;-34,94581024;"SPRF-PE";"DEL01-PE";"UOP01-DEL01-PE"
652696;2025-01-02;"quinta-feira";"07:00:00";"MG";50;52;"ARAGUARI";"Reação tardia ou ineficiente do condutor";"Colisão com objeto";"Com Vítimas Feridas";"Pleno dia";"Decrescente";"Céu Claro";"Dupla";"Reta";"Não";1;0;1;0;0;0;1;1;-18,75140135;-48,2369687;"SPRF-MG";"DEL15-MG";"UOP02-DEL15-MG"
652697;2025-01-02;"quinta-feira";"07:40:00";"ES";101;163;"LINHARES";"Acessar a via sem observar a presença dos outros veículos";"Colisão transversal";"Com Vítimas Feridas";"Pleno dia";"Crescente";"Nublado";"Simples";"Interseção de Vias";"Não";2;0;1;0;1;0;1;2;-19,49806194;-40,13058524;"SPRF-ES";"DEL04-ES";"UOP01-DEL04-ES"
652698;2025-01-02;"quinta-feira";"06:55:00";"RN";304;41;"MOSSORO";"Acessar a via sem observar a presença dos outros veículos";"Colisão lateral mesmo sentido";"Com Vítimas Feridas";"Pleno dia";"Decrescente";"Céu Claro";"Dupla";"Retorno Regulamentado";"Sim";3;0;0;2;1;0;2;2;-5,20483515;-37,37615746;"SPRF-RN";"DEL04-RN";"UOP01-DEL04-RN"
652700;2025-01-02;"quinta-feira";"07:00:00";"RJ";101;53;"CAMPOS DOS GOYTACAZES";"Demais falhas mecânicas ou elétricas";"Tombamento";"Com Vítimas Feridas";"Pleno dia";"Crescente";"Céu Claro";"Simples";"Reta";"Não";2;0;2;0;0;0;2;1;-21,64578107;-41,31151199;"SPRF-RJ";"DEL08-RJ";"UOP01-DEL08-RJ"
652702;2025-01-02;"quinta-feira";"06:40:00";"PE";407;110;"PETROLINA";"Reação tardia ou ineficiente do condutor";"Colisão transversal";"Com Vítimas Feridas";"Pleno dia";"Crescente";"Céu Claro";"Simples";"Reta";"Sim";2;0;1;0;1;0;1;2;-9,25998286;-40,60533876;"SPRF-PE";"DEL06-PE";"UOP01-DEL06-PE"
652704;2025-01-02;"quinta-feira";"06:40:00";"RJ";116;285;"BARRA MANSA";"Demais falhas mecânicas ou elétricas";"Incêndio";"Sem Vítimas";"Pleno dia";"Decrescente";"Céu Claro";"Dupla";"Reta";"Sim";1;0;0;0;1;0;0;1;-22,50496778;-44,22509483;"SPRF-RJ";"DEL07-RJ";"UOP02-DEL07-RJ"
652705;2025-01-02;"quinta-feira";"07:50:00";"GO";40;2,9;"VALPARAISO DE GOIAS";"Acessar a via sem observar a presença dos outros veículos";"Colisão transversal";"Com Vítimas Feridas";"Pleno dia";"Crescente";"Céu Claro";"Dupla";"Reta";"Sim";2;0;1;0;1;0;1;2;-16,067129;-47,984235;"SPRF-DF";"DEL01-DF";"UOP01-DEL01-DF"
652707;2025-01-02;"quinta-feira";"06:00:00";"RN";304;192;"LAJES";"Acessar a via sem observar a presença dos outros veículos";"Colisão transversal";"Com Vítimas Feridas";"Amanhecer";"Crescente";"Céu Claro";"Simples";"Reta";"Sim";5;0;3;0;2;0;3;2;-5,70618096;-36,22696638;"SPRF-RN";"DEL01-RN";"UOP03-DEL01-RN"
652709;2025-01-02;"quinta-feira";"06:30:00";"AL";101;243,2;"PORTO REAL DO COLEGIO";"Ausência de reação do condutor";"Saída de leito carroçável";"Com Vítimas Fatais";"Amanhecer";"Crescente";"Céu Claro";"Dupla";"Reta";"Não";6;1;0;4;0;1;4;2;-10,1677149;-36,82012712;"SPRF-AL";"DEL02-AL";"UOP02-DEL02-AL"