"id";"data_inversa";"dia_semana";"horario";"uf";"br";"km";"municipio";"causa_acidente";"tipo_acidente";"classificacao_acidente";"fase_dia";"sentido_via";"condicao_metereologica";"tipo_pista";"tracado_via";"uso_solo";"pessoas";"mortos";"feridos_leves";"feridos_graves";"ilesos";"ignorados";"feridos";"veiculos";"latitude";"longitude";"regional";"delegacia";"uop"
652710;2025-01-02;"quinta-feira";"05:30:00";"MG";251;457;"GRAO MOGOL";"Reação tardia ou ineficiente do condutor";"Saída de leito carroçável";"Com Vítimas Feridas";"Pleno dia";"Crescente";"Chuva";"Simples";"Curva";"Não";4;0;4;0;0;0;4;1;-16,41138662;-43,37539673;"SPRF-MG";"DEL12-MG";"UOP01-DEL12-MG"
652711;2025-01-02;"quinta-feira";"08:15:00";"RS";153;403;"CACHOEIRA DO SUL";"Condutor deixou de manter distância do veículo da frente";"Colisão traseira";"Com Vítimas Feridas";"Pleno dia";"Crescente";"Céu Claro";"Dupla";"Reta";"Sim";2;0;1;0;1;0;1;2;-30,03550492;-52,91456559;"SPRF-RS";"DEL02-RS";"UOP03-DEL02-RS"
652712;2025-01-02;"quinta-feira";"08:30:00";"RJ";101;488;"ANGRA DOS REIS";"Acessar a via sem observar a presença dos outros veículos";"Colisão transversal";"Com Vítimas Feridas";"Pleno dia";"Decrescente";"Céu Claro";"Simples";"Reta";"Sim";2;0;1;0;1;0;1;2;-22,95658892;-44,30116385;"SPRF-RJ";"DEL03-RJ";"UOP03-DEL03-RJ"
652715;2025-01-02;"quinta-feira";"08:35:00";"PI";343;13,6;"PARNAIBA";"Acessar a via sem observar a presença dos outros veículos";"Colisão transversal";"Com Vítimas Feridas";"Pleno dia";"Crescente";"Sol";"Simples";"Reta";"Sim";3;0;1;0;2;0;1;2;-2,919029;-41,754124;"SPRF-PI";"DEL05-PI";"UOP01-DEL05-PI"
652716;2025-01-02;"quinta-feira";"09:00:00";"MG";381;484;"BETIM";"Ausência de reação do condutor";"Engavetamento";"Com Vítimas Feridas";"Pleno dia";"Decrescente";"Céu Claro";"Dupla";"Reta;Aclive";"Sim";4;0;3;0;0;1;3;4;-19,9596244;-44,087641;"SPRF-MG";"DEL01-MG";"UOP03-DEL01-MG"
652717;2025-01-02;"quinta-feira";"09:15:00";"SC";101;128;"BALNEARIO CAMBORIU";"Trafegar com motocicleta (ou similar) entre as faixas";"Colisão traseira";"Com Vítimas Feridas";"Pleno dia";"Decrescente";"Sol";"Dupla";"Reta";"Não";2;0;1;0;1;0;1;2;-26,97284292;-48,68299451;"SPRF-SC";"DEL04-SC";"UOP04-DEL04-SC"
652718;2025-01-02;"quinta-feira";"07:50:00";"CE";304;47,7;"ARACATI";"Acessar a via sem observar a presença dos outros veículos";"Colisão transversal";"Com Vítimas Feridas";"Pleno dia";"Crescente";"Sol";"Simples";"Retorno Regulamentado";"Sim";3;0;0;1;2;0;1;2;-4,57573881;-37,78945494;"SPRF-CE";"DEL03-CE";"UOP03-DEL03-CE"
652721;2025-01-02;"quinta-feira";"07:30:00";"MT";163;1082;"GUARANTA DO NORTE";"Velocidade Incompatível";"Saída de leito carroçável";"Com Vítimas Feridas";"Pleno dia";"Decrescente";"Chuva";"Simples";"Curva";"Não";1;0;1;0;0;0;1;1;-9,9350228;-54,9038086;"SPRF-MT";"DEL06-MT";"UOP03-DEL06-MT"
652722;2025-01-02;"quinta-feira";"09:10:00";"PR";163;82;"PLANALTO";"Pedestre cruzava a pista fora da faixa";"Atropelamento de Pedestre";"Com Vítimas Feridas";"Pleno dia";"Decrescente";"Céu Claro";"Simples";"Interseção de Vias;Reta";"Sim";2;0;1;0;1;0;1;2;-25,73774102;-53,80206511;"SPRF-PR";"DEL02-PR";"UOP02-DEL02-PR"
652723;2025-01-02;"quinta-feira";"07:10:00";"RJ";40;105;"DUQUE DE CAXIAS";"Reação tardia ou ineficiente do condutor";"Colisão traseira";"Com Vítimas Feridas";"Pleno dia";"Decrescente";"Nublado";"Simples";"Interseção de Vias;Reta;Aclive";"Sim";2;0;1;0;1;0;1;2;-22,63784806;-43,28428824;"SPRF-RJ";"DEL01-RJ";"UOP02-DEL01-RJ"
652724;2025-01-02;"quinta-feira";"00:00:00";"PR";376;112;"PARANAVAI";"Ausência de reação do condutor";"Colisão com objeto";"Sem Vítimas";"Plena Noite";"Crescente";"Céu Claro";"Dupla";"Reta";"Não";1;0;0;0;0;1;0;1;-23,09343108;-52,38419702;"SPRF-PR";"DEL09-PR";"UOP02-DEL09-PR"
652725;2025-01-02;"quinta-feira";"09:10:00";"SP";116;227;"GUARULHOS";"Estacionar ou parar em local proibido";"Colisão traseira";"Com Vítimas Feridas";"Pleno dia";"Decrescente";"Sol";"Dupla";"Reta";"Sim";2;0;1;0;1;0;1;2;-23,49659264;-46,55648754;"SPRF-SP";"DEL01-SP";"UOP01-DEL01-SP"
652726;2025-01-02;"quinta-feira";"09:30:00";"RJ";493;103;"SEROPEDICA";"Avarias e/ou desgaste excessivo no pneu";"Queda de ocupante de veículo";"Com Vítimas Feridas";"Pleno dia";"Decrescente";"Céu Claro";"Dupla";"Reta";"Não";2;0;2;0;0;0;2;1;-22,768291;-43,73893;"SPRF-RJ";"DEL01-RJ";"UOP03-DEL01-RJ"
652727;2025-01-02;"quinta-feira";"07:20:00";"GO";50;248,6;"CATALAO";"Demais falhas mecânicas ou elétricas";"Incêndio";"Sem Vítimas";"Pleno dia";"Crescente";"Céu Claro";"Dupla";"Reta";"Não";1;0;0;0;1;0;0;1;-17,9522;-47,7883;"SPRF-GO";"DEL06-GO";"UOP01-DEL06-GO"
652728;2025-01-02;"quinta-feira";"09:00:00";"PR";163;273;"QUATRO PONTES";"Condutor Dormindo";"Saída de leito carroçável";"Com Vítimas Feridas";"Pleno dia";"Crescente";"Céu Claro";"Dupla";"Curva;Declive";"Não";2;0;1;0;1;0;1;1;-24,61478139;-53,93524012;"SPRF-PR";"DEL06-PR";"UOP02-DEL06-PR"
652730;2025-01-02;"quinta-feira";"09:50:00";"PB";230;25;"JOAO PESSOA";"Ausência de reação do condutor";"Colisão traseira";"Com Vítimas Feridas";"Pleno dia";"Decrescente";"Céu Claro";"Dupla";"Reta";"Sim";2;0;1;0;1;0;1;2;-7,1707;-34,8684;"SPRF-PB";"DEL01-PB";"UOP01-DEL01-PB"
652731;2025-01-02;"quinta-feira";"09:10:00";"PI";316;415;"MARCOLANDIA";"Ingestão de álcool pelo condutor";"Saída de leito carroçável";"Com Vítimas Feridas";"Pleno dia";"Decrescente";"Céu Claro";"Simples";"Reta";"Sim";2;0;2;0;0;0;2;1;-7,43280012;-40,68261908;"SPRF-PI";"DEL04-PI";"UOP03-DEL04-PI"
652733;2025-01-02;"quinta-feira";"09:15:00";"MS";262;328;"CAMPO GRANDE";"Acessar a via sem observar a presença dos outros veículos";"Colisão transversal";"Com Vítimas Feridas";"Pleno dia";"Decrescente";"Céu Claro";"Múltipla";"Interseção de Vias;Reta";"Sim";4;0;1;0;3;0;1;2;-20,46452794;-54,55291421;"SPRF-MS";"DEL01-MS";"UOP01-DEL01-MS"
652735;2025-01-02;"quinta-feira";"09:53:00";"SC";101;31;"JOINVILLE";"Condutor deixou de manter distância do veículo da frente";"Colisão traseira";"Sem Vítimas";"Pleno dia";"Decrescente";"Céu Claro";"Dupla";"Reta";"Não";7;0;0;0;7;0;0;2;-26,22195899;-48,91634925;"SPRF-SC";"DEL03-SC";"UOP01-DEL03-SC"
652737;2025-01-02;"quinta-feira";"07:50:00";"SC";282;606,9;"MARAVILHA";"Acessar a via sem observar a presença dos outros veículos";"Colisão transversal";"Com Vítimas Feridas";"Pleno dia";"Crescente";"Chuva";"Simples";"Reta";"Sim";2;0;1;0;1;0;1;2;-26,778643;-53,198692;"SPRF-SC";"DEL07-SC";"UOP02-DEL07-SC"
652738;2025-01-02;"quinta-feira";"10:10:00";"SC";101;1,9;"BIGUACU";"Reação tardia ou ineficiente do condutor";"Colisão transversal";"Com Vítimas Feridas";"Pleno dia";"Crescente";"Céu Claro";"Dupla";"Reta";"Não";4;0;1;0;3;0;1;2;-27,4946;-48,6561;"SPRF-SC";"DEL01-SC";"UOP01-DEL01-SC"
652740;2025-01-02;"quinta-feira";"09:10:00";"MT";364;189;"RONDONOPOLIS";"Ausência de reação do condutor";"Queda de ocupante de veículo";"Com Vítimas Feridas";"Pleno dia";"Decrescente";"Céu Claro";"Simples";"Reta";"Não";1;0;1;0;0;0;1;1;-16,55814995;-54,56173598;"SPRF-MT";"DEL02-MT";"UOP01-DEL02-MT"
652741;2025-01-02;"quinta-feira";"10:30:00";"SC";282;49,7;"AGUAS MORNAS";"Velocidade Incompatível";"Colisão lateral sentido oposto";"Com Vítimas Feridas";"Pleno dia";"Decrescente";"Chuva";"Simples";"Curva;Declive";"Não";2;0;1;0;1;0;1;2;-27,708536;-48,952251;"SPRF-SC";"DEL01-SC";"UOP03-DEL01-SC"
652742;2025-01-02;"quinta-feira";"09:55:00";"SC";282;279;"SAO JOSE DO CERRITO";"Acessar a via sem observar a presença dos outros veículos";"Colisão transversal";"Com Vítimas Feridas";"Pleno dia";"Crescente";"Céu Claro";"Simples";"Reta";"Não";2;0;1;0;1;0;1;2;-27,584951;-50,744953;"SPRF-SC";"DEL05-SC";"UOP02-DEL05-SC"
652743;2025-01-02;"quinta-feira";"10:05:00";"GO";60;325;"ACREUNA";"Ausência de reação do condutor";"Saída de leito carroçável";"Com Vítimas Feridas";"Pleno dia";"Crescente";"Nublado";"Dupla";"Reta";"Não";2;0;1;1;0;0;2;1;-17,5204;-50,4872;"SPRF-GO";"DEL04-GO";"UOP02-DEL04-GO"
652744;2025-01-02;"quinta-feira";"09:50:00";"SP";101;50;"UBATUBA";"Conversão proibida";"Colisão transversal";"Com Vítimas Feridas";"Pleno dia";"Crescente";"Céu Claro";"Simples";"Reta";"Sim";3;0;1;0;1;1;1;2;-23,45018939;-45,07743735;"SPRF-SP";"DEL06-SP";"UOP01-DEL06-SP"
652745;2025-01-02;"quinta-feira";"11:40:00";"PR";116;1;"QUATRO BARRAS";"Ausência de reação do condutor";"Queda de ocupante de veículo";"Com Vítimas Feridas";"Pleno dia";"Decrescente";"Céu Claro";"Simples";"Curva;Retorno Regulamentado";"Não";2;0;2;0;0;0;2;1;-25,3514;-49,0599;"SPRF-PR";"DEL01-PR";"UOP02-DEL01-PR"
652746;2025-01-02;"quinta-feira";"11:27:00";"RS";290;11,1;"SANTO ANTONIO DA PATRULHA";"Manobra de mudança de faixa";"Colisão lateral mesmo sentido";"Com Vítimas Feridas";"Pleno dia";"Crescente";"Sol";"Dupla";"Reta";"Não";3;0;2;0;1;0;2;2;-29,882519;-50,390564;"SPRF-RS";"DEL03-RS";"UOP01-DEL03-RS"
652747;2025-01-02;"quinta-feira";"09:45:00";"MG";262;824;"UBERABA";"Reação tardia ou ineficiente do condutor";"Capotamento";"Com Vítimas Feridas";"Pleno dia";"Decrescente";"Céu Claro";"Dupla";"Reta";"Não";4;0;4;0;0;0;4;1;-19,75559016;-48,15903004;"SPRF-MG";"DEL13-MG";"UOP01-DEL13-MG"
652748;2025-01-02;"quinta-feira";"11:10:00";"GO";60;444;"JATAI";"Reação tardia ou ineficiente do condutor";"Saída de leito carroçável";"Com Vítimas Feridas";"Pleno dia";"Decrescente";"Chuva";"Dupla";"Reta";"Não";5;0;4;0;1;0;4;1;-17,8449;-51,4691;"SPRF-GO";"DEL05-GO";"UOP01-DEL05-GO"
652751;2025-01-02;"quinta-feira";"09:20:00";"RJ";393;229;"VASSOURAS";"Ausência de reação do condutor";"Colisão frontal";"Com Vítimas Feridas";"Pleno dia";"Crescente";"Céu Claro";"Simples";"Curva";"Sim";2;0;0;1;1;0;1;2;-22,35662374;-43,59317007;"SPRF-RJ";"DEL05-RJ";"UOP03-DEL05-RJ"
652752;2025-01-02;"quinta-feira";"12:05:00";"RJ";101;429;"MANGARATIBA";"Ultrapassagem Indevida";"Colisão lateral mesmo sentido";"Com Vítimas Feridas";"Pleno dia";"Decrescente";"Céu Claro";"Simples";"Reta";"Não";2;0;2;0;0;0;2;1;-22,935335;-44,0004;"SPRF-RJ";"DEL03-RJ";"UOP02-DEL03-RJ"
652753;2025-01-02;"quinta-feira";"11:45:00";"SC";282;30;"SANTO AMARO DA IMPERATRIZ";"Velocidade Incompatível";"Colisão transversal";"Com Vítimas Feridas";"Pleno dia";"Crescente";"Chuva";"Simples";"Aclive;Curva";"Não";6;0;3;0;3;0;3;3;-27,687376;-48,79071;"SPRF-SC";"DEL01-SC";"UOP03-DEL01-SC"
652755;2025-01-02;"quinta-feira";"10:45:00";"SC";282;413,7;"CATANDUVAS";"Transitar na contramão";"Colisão frontal";"Com Vítimas Feridas";"Pleno dia";"Crescente";"Garoa/Chuvisco";"Simples";"Curva";"Não";14;0;3;1;10;0;4;3;-27,055775;-51,688843;"SPRF-SC";"DEL07-SC";"UOP05-DEL07-SC"
652756;2025-01-02;"quinta-feira";"11:35:00";"PE";101;72,2;"RECIFE";"Manobra de mudança de faixa";"Colisão lateral mesmo sentido";"Com Vítimas Feridas";"Pleno dia";"Decrescente";"Nublado";"Dupla";"Reta";"Sim";2;0;1;0;1;0;1;2;-8,08493106;-34,9450639;"SPRF-PE";"DEL01-PE";"UOP01-DEL01-PE"
652757;2025-01-02;"quinta-feira";"12:50:00";"RJ";101;548,5;"PARATY";"Velocidade Incompatível";"Colisão traseira";"Com Vítimas Feridas";"Pleno dia";"Decrescente";"Céu Claro";"Simples";"Reta";"Não";4;0;1;0;3;0;1;3;-23,04505073;-44,64600895;"SPRF-RJ";"DEL03-RJ";"UOP04-DEL03-RJ"
652759;2025-01-02;"quinta-feira";"10:10:00";"PR";277;288;"PRUDENTOPOLIS";"Ultrapassagem Indevida";"Colisão traseira";"Com Vítimas Feridas";"Pleno dia";"Crescente";"Céu Claro";"Simples";"Reta";"Não";2;0;1;0;0;1;1;2;-25,32270428;-50,9854861;"SPRF-PR";"DEL08-PR";"UOP02-DEL08-PR"
652763;2025-01-02;"quinta-feira";"11:55:00";"PR";277;524,8;"GUARANIACU";"Objeto estático sobre o leito carroçável";"Tombamento";"Com Vítimas Feridas";"Pleno dia";"Decrescente";"Céu Claro";"Simples";"Reta;Aclive";"Não";1;0;0;1;0;0;1;1;-25,09489849;-52,9138399;"SPRF-PR";"DEL04-PR";"UOP04-DEL04-PR"
652764;2025-01-02;"quinta-feira";"11:05:00";"MG";381;245;"SANTANA DO PARAISO";"Acessar a via sem observar a presença dos outros veículos";"Colisão transversal";"Com Vítimas Feridas";"Pleno dia";"Decrescente";"Chuva";"Simples";"Aclive;Reta";"Não";7;0;1;0;6;0;1;2;-19,45135074;-42,51844723;"SPRF-MG";"DEL06-MG";"UOP01-DEL06-MG"
652765;2025-01-02;"quinta-feira";"13:00:00";"PA";230;666,6;"ALTAMIRA";"Ingestão de álcool pelo condutor";"Saída de leito carroçável";"Com Vítimas Feridas";"Pleno dia";"Crescente";"Céu Claro";"Simples";"Declive;Reta";"Não";1;0;0;1;0;0;1;1;-3,25634605;-52,35353196;"SPRF-PA";"DEL04-PA";"UOP01-DEL04-PA"
652766;2025-01-02;"quinta-feira";"09:00:00";"RJ";101;282;"ITABORAI";"Ausência de reação do condutor";"Tombamento";"Com Vítimas Feridas";"Pleno dia";"Decrescente";"Céu Claro";"Dupla";"Retorno Regulamentado;Curva";"Sim";1;0;1;0;0;0;1;1;-22,7371391;-42,79664601;"SPRF-RJ";"DEL02-RJ";"UOP02-DEL02-RJ"
652767;2025-01-02;"quinta-feira";"13:30:00";"SP";101;50;"UBATUBA";"Acessar a via sem observar a presença dos outros veículos";"Colisão transversal";"Com Vítimas Feridas";"Pleno dia";"Crescente";"Céu Claro";"Simples";"Reta;Interseção de Vias";"Sim";3;0;1;0;2;0;1;2;-23,45018939;-45,07743735;"SPRF-SP";"DEL06-SP";"UOP01-DEL06-SP"
652768;2025-01-02;"quinta-feira";"12:20:00";"SC";470;119;"IBIRAMA";"Ultrapassagem Indevida";"Colisão frontal";"Com Vítimas Feridas";"Pleno dia";"Crescente";"Céu Claro";"Simples";"Curva";"Não";4;0;1;1;1;1;2;3;-27,081554;-49,520206;"SPRF-SC";"DEL04-SC";"UOP02-DEL04-SC"
652769;2025-01-02;"quinta-feira";"12:50:00";"SP";116;102,5;"PINDAMONHANGABA";"Ausência de reação do condutor";"Engavetamento";"Com Vítimas Feridas";"Pleno dia";"Crescente";"Sol";"Dupla";"Reta;Declive";"Sim";3;0;1;0;2;0;1;3;-22,99497994;-45,48951403;"SPRF-SP";"DEL08-SP";"UOP01-DEL08-SP"
652771;2025-01-02;"quinta-feira";"13:50:00";"PR";277;3,5;"PARANAGUA";"Acumulo de óleo sobre o pavimento";"Tombamento";"Com Vítimas Feridas";"Pleno dia";"Crescente";"Sol";"Dupla";"Rotatória";"Sim";1;0;1;0;0;0;1;1;-25,5406175;-48,5360228;"SPRF-PR";"DEL01-PR";"UOP05-DEL01-PR"
652772;2025-01-02;"quinta-feira";"11:00:00";"PA";10;337;"SANTA MARIA DO PARA";"Ultrapassagem Indevida";"Colisão frontal";"Com Vítimas Feridas";"Pleno dia";"Decrescente";"Céu Claro";"Simples";"Reta";"Não";5;0;5;0;0;0;5;2;-1,49330205;-47,5266692;"SPRF-PA";"DEL01-PA";"UOP02-DEL01-PA"
652773;2025-01-02;"quinta-feira";"13:45:00";"SP";116;100,5;"PINDAMONHANGABA";"Frear bruscamente";"Colisão traseira";"Sem Vítimas";"Pleno dia";"Crescente";"Sol";"Dupla";"Aclive;Reta";"Não";4;0;0;0;4;0;0;4;-22,986552;-45,47276;"SPRF-SP";"DEL08-SP";"UOP01-DEL08-SP"
652774;2025-01-02;"quinta-feira";"13:30:00";"PR";376;3,5;"SAO JOSE DOS PINHAIS";"Reação tardia ou ineficiente do condutor";"Colisão transversal";"Com Vítimas Feridas";"Pleno dia";"Crescente";"Céu Claro";"Dupla";"Reta";"Sim";2;0;1;0;1;0;1;2;-25,5307;-49,1958;"SPRF-PR";"DEL01-PR";"UOP04-DEL01-PR"
652775;2025-01-02;"quinta-feira";"13:40:00";"RS";472;124,8;"TRES DE MAIO";"Acesso irregular";"Colisão transversal";"Com Vítimas Feridas";"Pleno dia";"Crescente";"Céu Claro";"Simples";"Aclive;Curva";"Não";3;0;2;0;1;0;2;2;-27,70969697;-54,17204205;"SPRF-RS";"DEL10-RS";"UOP01-DEL10-RS"
652776;2025-01-02;"quinta-feira";"13:00:00";"SP";116;278;"EMBU DAS ARTES";"Ausência de reação do condutor";"Colisão lateral mesmo sentido";"Com Vítimas Feridas";"Pleno dia";"Decrescente";"Céu Claro";"Múltipla";"Aclive;Viaduto;Reta";"Não";2;0;1;0;0;1;1;2;-23,65508497;-46,84918605;"SPRF-SP";"DEL04-SP";"UOP01-DEL04-SP"
652777;2025-01-02;"quinta-feira";"15:00:00";"SC";101;350;"JAGUARUNA";"Velocidade Incompatível";"Saída de leito carroçável";"Com Vítimas Feridas";"Pleno dia";"Crescente";"Céu Claro";"Múltipla";"Reta";"Sim";1;0;1;0;0;0;1;1;-28,58988203;-49,04517307;"SPRF-SC";"DEL02-SC";"UOP01-DEL02-SC"
652779;2025-01-02;"quinta-feira";"12:00:00";"MA";10;245;"IMPERATRIZ";"Acessar a via sem observar a presença dos outros veículos";"Colisão transversal";"Com Vítimas Feridas";"Pleno dia";"Decrescente";"Céu Claro";"Simples";"Rotatória";"Sim";2;0;1;0;0;1;1;2;-5,588685;-47,433857;"SPRF-MA";"DEL04-MA";"UOP01-DEL04-MA"
652782;2025-01-02;"quinta-feira";"16:05:00";"PB";230;20,2;"JOAO PESSOA";"Ingestão de álcool pelo condutor";"Colisão traseira";"Com Vítimas Feridas";"Pleno dia";"Crescente";"Céu Claro";"Dupla";"Curva";"Não";2;0;1;0;1;0;1;2;-7,13917605;-34,8526454;"SPRF-PB";"DEL01-PB";"UOP01-DEL01-PB"
652783;2025-01-02;"quinta-feira";"15:50:00";"SC";101;149;"ITAPEMA";"Condutor deixou de manter distância do veículo da frente";"Colisão lateral mesmo sentido";"Com Vítimas Feridas";"Pleno dia";"Decrescente";"Céu Claro";"Múltipla";"Reta";"Sim";4;0;3;0;1;0;3;3;-27,1089649;-48,61277586;"SPRF-SC";"DEL04-SC";"UOP03-DEL04-SC"
652784;2025-01-02;"quinta-feira";"13:55:00";"PR";277;144;"CAMPO LARGO";"Manobra de mudança de faixa";"Colisão lateral mesmo sentido";"Sem Vítimas";"Pleno dia";"Decrescente";"Céu Claro";"Dupla";"Reta";"Não";4;0;0;0;4;0;0;2;-25,47358827;-49,70068508;"SPRF-PR";"DEL03-PR";"UOP03-DEL03-PR"
652786;2025-01-02;"quinta-feira";"16:08:00";"PR";116;46,5;"CAMPINA GRANDE DO SUL";"Chuva";"Saída de leito carroçável";"Com Vítimas Feridas";"Pleno dia";"Decrescente";"Chuva";"Dupla";"Curva";"Não";5;0;2;0;3;0;2;1;-25,20185401;-48,8962139;"SPRF-PR";"DEL01-PR";"UOP02-DEL01-PR"
652787;2025-01-02;"quinta-feira";"16:35:00";"SP";116;61,4;"GUARATINGUETA";"Ausência de reação do condutor";"Colisão traseira";"Com Vítimas Feridas";"Pleno dia";"Crescente";"Chuva";"Dupla";"Declive;Reta";"Não";2;0;1;0;1;0;1;2;-22,79754708;-45,16765952;"SPRF-SP";"DEL08-SP";"UOP01-DEL08-SP"
652788;2025-01-02;"quinta-feira";"16:25:00";"PR";376;653;"TIJUCAS DO SUL";"Reação tardia ou ineficiente do condutor";"Saída de leito carroçável";"Com Vítimas Feridas";"Pleno dia";"Decrescente";"Céu Claro";"Simples";"Curva;Declive";"Não";4;0;1;0;0;3;1;1;-25,841523;-49,048668;"SPRF-PR";"DEL01-PR";"UOP04-DEL01-PR"
652789;2025-01-02;"quinta-feira";"16:30:00";"SP";116;225;"GUARULHOS";"Ausência de reação do condutor";"Colisão traseira";"Com Vítimas Feridas";"Pleno dia";"Decrescente";"Nublado";"Múltipla";"Reta";"Sim";2;0;1;0;1;0;1;2;-23,48586772;-46,54075317;"SPRF-SP";"DEL01-SP";"UOP01-DEL01-SP"
652790;2025-01-02;"quinta-feira";"17:09:00";"RN";101;104;"PARNAMIRIM";"Condutor deixou de manter distância do veículo da frente";"Colisão traseira";"Com Vítimas Feridas";"Anoitecer";"Crescente";"Sol";"Dupla";"Reta;Aclive";"Sim";2;0;0;1;1;0;1;2;-5,892745;-35,257225;"SPRF-RN";"DEL01-RN";"UOP01-DEL01-RN"
652791;2025-01-02;"quinta-feira";"17:00:00";"PR";116;0,3;"CAMPINA GRANDE DO SUL";"Ausência de reação do condutor";"Colisão transversal";"Com Vítimas Feridas";"Pleno dia";"Crescente";"Garoa/Chuvisco";"Múltipla";"Curva";"Não";3;0;2;0;1;0;2;2;-25,0604;-48,562973;"SPRF-PR";"DEL01-PR";"UOP02-DEL01-PR"
652792;2025-01-02;"quinta-feira";"17:14:00";"PB";101;85,1;"BAYEUX";"Trafegar com motocicleta (ou similar) entre as faixas";"Colisão traseira";"Com Vítimas Feridas";"Anoitecer";"Decrescente";"Céu Claro";"Dupla";"Reta";"Sim";8;0;3;0;3;2;3;5;-7,145158;-34,91662887;"SPRF-PB";"DEL01-PB";"UOP01-DEL01-PB"
652795;2025-01-02;"quinta-feira";"15:35:00";"MG";116;284;"TEOFILO OTONI";"Transitar na contramão";"Colisão lateral sentido oposto";"Com Vítimas Feridas";"Pleno dia";"Crescente";"Chuva";"Simples";"Reta";"Não";6;0;1;1;4;0;2;2;-17,91853602;-41,52729437;"SPRF-MG";"DEL11-MG";"UOP01-DEL11-MG"
652798;2025-01-02;"quinta-feira";"16:10:00";"MG";40;697,5;"BARBACENA";"Manobra de mudança de faixa";"Colisão com objeto";"Com Vítimas Feridas";"Pleno dia";"Decrescente";"Nublado";"Simples";"Reta;Declive";"Não";8;0;6;0;2;0;6;2;-21,15466699;-43,76265769;"SPRF-MG";"DEL05-MG";"UOP02-DEL05-MG"
652800;2025-01-02;"quinta-feira";"17:00:00";"RS";116;153,7;"CAXIAS DO SUL";"Condutor usando celular";"Colisão com objeto";"Com Vítimas Feridas";"Pleno dia";"Decrescente";"Céu Claro";"Dupla";"Rotatória";"Não";1;0;1;0;0;0;1;1;-29,18873449;-51,18118286;"SPRF-RS";"DEL05-RS";"UOP01-DEL05-RS"
652801;2025-01-02;"quinta-feira";"17:07:00";"RJ";101;262;"RIO BONITO";"Trafegar com motocicleta (ou similar) entre as faixas";"Colisão lateral mesmo sentido";"Com Vítimas Feridas";"Pleno dia";"Crescente";"Céu Claro";"Dupla";"Declive;Reta";"Sim";4;0;2;0;2;0;2;3;-22,71864598;-42,62908816;"SPRF-RJ";"DEL02-RJ";"UOP03-DEL02-RJ"
652804;2025-01-02;"quinta-feira";"18:25:00";"MG";40;754,6;"EWBANK DA CAMARA";"Chuva";"Colisão lateral sentido oposto";"Com Vítimas Feridas";"Anoitecer";"Decrescente";"Chuva";"Simples";"Curva";"Não";3;0;1;0;2;0;1;3;-21,47980333;-43,54250614;"SPRF-MG";"DEL05-MG";"UOP01-DEL05-MG"
652805;2025-01-02;"quinta-feira";"18:20:00";"RS";386;356;"ESTRELA";"Acessar a via sem observar a presença dos outros veículos";"Colisão transversal";"Com Vítimas Feridas";"Pleno dia";"Decrescente";"Céu Claro";"Dupla";"Reta";"Não";3;0;2;0;1;0;2;2;-29,522612;-51,935017;"SPRF-RS";"DEL04-RS";"UOP01-DEL04-RS"
652807;2025-01-02;"quinta-feira";"17:51:00";"ES";259;8;"JOAO NEIVA";"Reação tardia ou ineficiente do condutor";"Tombamento";"Com Vítimas Feridas";"Anoitecer";"Decrescente";"Chuva";"Simples";"Curva;Declive";"Não";2;0;2;0;0;0;2;1;-19,68073376;-40,39141693;"SPRF-ES";"DEL02-ES";"UOP01-DEL02-ES"
652809;2025-01-02;"quinta-feira";"17:20:00";"MT";70;0,7;"BARRA DO GARCAS";"Ultrapassagem Indevida";"Colisão transversal";"Com Vítimas Feridas";"Anoitecer";"Decrescente";"Nublado";"Simples";"Reta";"Sim";2;0;1;0;1;0;1;2;-15,895538;-52,25599;"SPRF-MT";"DEL07-MT";"UOP01-DEL07-MT"
652810;2025-01-02;"quinta-feira";"18:05:00";"CE";222;228;"SOBRAL";"Acessar a via sem observar a presença dos outros veículos";"Colisão transversal";"Com Vítimas Feridas";"Anoitecer";"Decrescente";"Céu Claro";"Simples";"Declive;Reta";"Não";3;0;3;0;0;0;3;2;-3,70011842;-40,39142847;"SPRF-CE";"DEL04-CE";"UOP01-DEL04-CE"
652811;2025-01-02;"quinta-feira";"18:50:00";"SC";101;218;"PALHOCA";"Acessar a via sem observar a presença dos outros veículos";"Colisão transversal";"Com Vítimas Feridas";"Plena Noite";"Decrescente";"Ignorado";"Dupla";"Reta";"Sim";3;0;1;0;2;0;1;2;-27,6758601;-48,67052525;"SPRF-SC";"DEL01-SC";"UOP02-DEL01-SC"
652813;2025-01-02;"quinta-feira";"18:20:00";"MT";70;525;"VARZEA GRANDE";"Acessar a via sem observar a presença dos outros veículos";"Colisão transversal";"Com Vítimas Feridas";"Plena Noite";"Crescente";"Céu Claro";"Simples";"Interseção de Vias;Declive;Reta";"Sim";4;0;1;0;3;0;1;2;-15,65220746;-56,20141279;"SPRF-MT";"DEL01-MT";"UOP02-DEL01-MT"
652814;2025-01-02;"quinta-feira";"19:34:00";"ES";101;24,8;"CONCEICAO DA BARRA";"Restrição de visibilidade em curvas verticais";"Saída de leito carroçável";"Com Vítimas Feridas";"Plena Noite";"Crescente";"Nublado";"Simples";"Reta";"Não";3;0;3;0;0;0;3;1;-18,3592689;-39,95388073;"SPRF-ES";"DEL04-ES";"UOP02-DEL04-ES"