"id";"data_inversa";"dia_semana";"horario";"uf";"br";"km";"municipio";"causa_acidente";"tipo_acidente";"classificacao_acidente";"fase_dia";"sentido_via";"condicao_metereologica";"tipo_pista";"tracado_via";"uso_solo";"pessoas";"mortos";"feridos_leves";"feridos_graves";"ilesos";"ignorados";"feridos";"veiculos";"latitude";"longitude";"regional";"delegacia";"uop"
653037;2025-01-03;"sexta-feira";"17:00:00";"SC";280;37,8;"JOINVILLE";"Acessar a via sem observar a presença dos outros veículos";"Colisão transversal";"Com Vítimas Fatais";"Pleno dia";"Decrescente";"Céu Claro";"Simples";"Reta;Em Obras";"Sim";7;2;1;2;2;0;3;2;-26,4481041;-48,8270084;"SPRF-SC";"DEL03-SC";"UOP03-DEL03-SC"
653040;2025-01-03;"sexta-feira";"20:20:00";"RJ";465;3;"SEROPEDICA";"Ausência de reação do condutor";"Colisão lateral mesmo sentido";"Com Vítimas Feridas";"Plena Noite";"Crescente";"Nublado";"Simples";"Reta";"Não";3;0;2;0;1;0;2;2;-22,73427;-43,711994;"SPRF-RJ";"DEL06-RJ";"UOP02-DEL06-RJ"
653042;2025-01-03;"sexta-feira";"15:01:00";"RO";364;844;"PORTO VELHO";"Falta de elemento de contenção que evite a saída do leito carroçável";"Saída de leito carroçável";"Com Vítimas Feridas";"Pleno dia";"Decrescente";"Céu Claro";"Simples";"Reta";"Não";5;0;3;2;0;0;5;1;-9,43661591;-64,71270505;"SPRF-RO";"DEL01-RO";"UOP02-DEL01-RO"
653045;2025-01-03;"sexta-feira";"23:40:00";"PR";369;192,2;"ARAPONGAS";"Ingestão de álcool pelo condutor";"Colisão transversal";"Com Vítimas Feridas";"Plena Noite";"Decrescente";"Céu Claro";"Dupla";"Interseção de Vias;Reta";"Não";5;0;3;0;2;0;3;2;-23,46928902;-51,42357945;"SPRF-PR";"DEL07-PR";"UOP03-DEL07-PR"
653046;2025-01-03;"sexta-feira";"21:00:00";"MG";40;495;"ESMERALDAS";"Demais falhas mecânicas ou elétricas";"Incêndio";"Sem Vítimas";"Plena Noite";"Decrescente";"Nevoeiro/Neblina";"Dupla";"Aclive;Reta";"Não";1;0;0;0;1;0;0;1;-19,66258914;-44,19686822;"SPRF-MG";"DEL02-MG";"UOP01-DEL02-MG"
653047;2025-01-03;"sexta-feira";"22:50:00";"SC";101;142;"BALNEARIO CAMBORIU";"Avarias e/ou desgaste excessivo no pneu";"Tombamento";"Com Vítimas Feridas";"Plena Noite";"Decrescente";"Nublado";"Dupla";"Reta";"Sim";2;0;1;0;1;0;1;1;-27,056089;-48,599449;"SPRF-SC";"DEL04-SC";"UOP03-DEL04-SC"
653048;2025-01-03;"sexta-feira";"21:30:00";"RS";293;55,6;"CERRITO";"Demais falhas mecânicas ou elétricas";"Saída de leito carroçável";"Com Vítimas Feridas";"Plena Noite";"Crescente";"Céu Claro";"Simples";"Reta;Declive";"Não";4;0;2;0;2;0;2;1;-31,72512626;-52,87836603;"SPRF-RS";"DEL07-RS";"UOP01-DEL07-RS"
653049;2025-01-03;"sexta-feira";"23:20:00";"RS";158;329;"SANTA MARIA";"Entrada inopinada do pedestre";"Atropelamento de Pedestre";"Com Vítimas Fatais";"Plena Noite";"Decrescente";"Céu Claro";"Dupla";"Ponte;Reta";"Sim";2;1;1;0;0;0;1;2;-29,70285264;-53,83538961;"SPRF-RS";"DEL09-RS";"UOP01-DEL09-RS"
653050;2025-01-04;"sábado";"00:05:00";"RS";392;113,7;"CANGUCU";"Ingestão de álcool pelo condutor";"Saída de leito carroçável";"Sem Vítimas";"Plena Noite";"Crescente";"Céu Claro";"Simples";"Reta;Aclive";"Não";2;0;0;0;2;0;0;1;-31,43953295;-52,64988094;"SPRF-RS";"DEL07-RS";"UOP01-DEL07-RS"
653053;2025-01-03;"sexta-feira";"23:50:00";"RS";392;347;"SANTA MARIA";"Manobra de mudança de faixa";"Colisão transversal";"Com Vítimas Feridas";"Plena Noite";"Decrescente";"Céu Claro";"Simples";"Reta";"Sim";3;0;0;1;2;0;1;2;-29,75733341;-53,78817737;"SPRF-RS";"DEL09-RS";"UOP01-DEL09-RS"
653054;2025-01-04;"sábado";"00:45:00";"PR";277;345;"GUARAPUAVA";"Acessar a via sem observar a presença dos outros veículos";"Colisão lateral mesmo sentido";"Com Vítimas Feridas";"Plena Noite";"Crescente";"Céu Claro";"Dupla";"Reta";"Sim";4;0;2;0;2;0;2;2;-25,33928412;-51,42880296;"SPRF-PR";"DEL08-PR";"UOP01-DEL08-PR"
653055;2025-01-03;"sexta-feira";"22:30:00";"SC";280;110,2;"SAO BENTO DO SUL";"Transitar na contramão";"Colisão frontal";"Com Vítimas Fatais";"Plena Noite";"Crescente";"Céu Claro";"Simples";"Reta";"Não";2;1;1;0;0;0;1;2;-26,3191009;-49,3893416;"SPRF-SC";"DEL06-SC";"UOP03-DEL06-SC"
653056;2025-01-04;"sábado";"01:30:00";"PR";369;161;"CAMBE";"Desrespeitar a preferência no cruzamento";"Colisão transversal";"Com Vítimas Feridas";"Plena Noite";"Crescente";"Céu Claro";"Dupla";"Interseção de Vias";"Sim";4;0;1;0;3;0;1;2;-23,28833001;-51,26149893;"SPRF-PR";"DEL07-PR";"UOP01-DEL07-PR"
653057;2025-01-03;"sexta-feira";"23:40:00";"RJ";101;511;"ANGRA DOS REIS";"Reação tardia ou ineficiente do condutor";"Colisão lateral mesmo sentido";"Com Vítimas Feridas";"Plena Noite";"Decrescente";"Nublado";"Simples";"Reta";"Sim";5;0;3;0;2;0;3;3;-22,9609111;-44,4382966;"SPRF-RJ";"DEL03-RJ";"UOP03-DEL03-RJ"
653059;2025-01-04;"sábado";"03:00:00";"CE";116;23;"AQUIRAZ";"Velocidade Incompatível";"Saída de leito carroçável";"Com Vítimas Feridas";"Plena Noite";"Decrescente";"Céu Claro";"Dupla";"Reta";"Sim";1;0;1;0;0;0;1;1;-3,95243321;-38,51232648;"SPRF-CE";"DEL01-CE";"UOP02-DEL01-CE"
653061;2025-01-04;"sábado";"00:30:00";"MG";116;679,6;"MIRADOURO";"Reação tardia ou ineficiente do condutor";"Saída de leito carroçável";"Com Vítimas Feridas";"Plena Noite";"Crescente";"Nublado";"Simples";"Curva";"Não";2;0;1;1;0;0;2;1;-20,9321532;-42,34137072;"SPRF-MG";"DEL07-MG";"UOP02-DEL07-MG"
653063;2025-01-04;"sábado";"03:43:00";"PB";230;20;"JOAO PESSOA";"Acumulo de areia ou detritos sobre o pavimento";"Tombamento";"Com Vítimas Feridas";"Plena Noite";"Decrescente";"Céu Claro";"Dupla";"Aclive;Interseção de Vias";"Sim";1;0;1;0;0;0;1;1;-7,13832817;-34,85312462;"SPRF-PB";"DEL01-PB";"UOP01-DEL01-PB"
653064;2025-01-04;"sábado";"02:15:00";"PR";376;606;"CURITIBA";"Ingestão de álcool pelo condutor";"Colisão transversal";"Com Vítimas Fatais";"Plena Noite";"Crescente";"Céu Claro";"Dupla";"Curva";"Sim";9;1;4;1;3;0;5;3;-25,54381283;-49,30606842;"SPRF-PR";"DEL01-PR";"UOP06-DEL01-PR"
653065;2025-01-04;"sábado";"02:40:00";"MS";163;546,9;"BANDEIRANTES";"Condutor Dormindo";"Saída de leito carroçável";"Sem Vítimas";"Plena Noite";"Decrescente";"Nublado";"Simples";"Curva";"Não";1;0;0;0;0;1;0;1;-19,931226;-54,365014;"SPRF-MS";"DEL01-MS";"UOP02-DEL01-MS"
653067;2025-01-04;"sábado";"04:05:00";"PR";116;125;"FAZENDA RIO GRANDE";"Ausência de reação do condutor";"Colisão com objeto";"Sem Vítimas";"Plena Noite";"Decrescente";"Nevoeiro/Neblina";"Dupla";"Reta";"Sim";1;0;0;0;1;0;0;1;-25,59505309;-49,31630659;"SPRF-PR";"DEL01-PR";"UOP03-DEL01-PR"
653068;2025-01-03;"sexta-feira";"20:00:00";"RO";319;54;"PORTO VELHO";"Deficiência do Sistema de Iluminação/Sinalização";"Capotamento";"Com Vítimas Feridas";"Plena Noite";"Crescente";"Chuva";"Simples";"Declive";"Não";2;0;1;0;0;1;1;2;-8,74350592;-63,94936497;"SPRF-RO";"DEL01-RO";"UOP01-DEL01-RO"
653070;2025-01-03;"sexta-feira";"20:10:00";"PI";343;347;"TERESINA";"Reação tardia ou ineficiente do condutor";"Colisão lateral mesmo sentido";"Sem Vítimas";"Plena Noite";"Crescente";"Céu Claro";"Simples";"Reta";"Sim";2;0;0;0;2;0;0;2;-5,114822;-42,778355;"SPRF-PI";"DEL01-PI";"UOP01-DEL01-PI"
653071;2025-01-04;"sábado";"04:10:00";"SC";101;36,5;"JOINVILLE";"Ingestão de substâncias psicoativas pelo condutor";"Colisão com objeto";"Sem Vítimas";"Amanhecer";"Crescente";"Garoa/Chuvisco";"Dupla";"Reta";"Não";1;0;0;0;1;0;0;1;-26,2797056;-48,8913703;"SPRF-SC";"DEL03-SC";"UOP01-DEL03-SC"
653073;2025-01-04;"sábado";"01:15:00";"RS";472;184;"SANTO CRISTO";"Ingestão de álcool pelo condutor";"Saída de leito carroçável";"Com Vítimas Feridas";"Plena Noite";"Crescente";"Céu Claro";"Simples";"Reta;Declive";"Não";1;0;1;0;0;0;1;1;-27,83842358;-54,59267093;"SPRF-RS";"DEL10-RS";"UOP01-DEL10-RS"
653074;2025-01-04;"sábado";"05:45:00";"SP";116;147;"SAO JOSE DOS CAMPOS";"Falta de acostamento";"Colisão traseira";"Com Vítimas Feridas";"Pleno dia";"Crescente";"Sol";"Múltipla";"Reta";"Não";2;0;1;1;0;0;2;2;-23,19542994;-45,87176303;"SPRF-SP";"DEL02-SP";"UOP01-DEL02-SP"
653075;2025-01-04;"sábado";"04:00:00";"SC";158;121;"CAIBI";"Ingestão de álcool pelo condutor";"Colisão traseira";"Com Vítimas Feridas";"Plena Noite";"Crescente";"Céu Claro";"Simples";"Reta";"Não";2;0;1;0;0;1;1;2;-26,973764;-53,214668;"SPRF-SC";"DEL07-SC";"UOP02-DEL07-SC"
653076;2025-01-04;"sábado";"01:50:00";"MG";50;188;"UBERABA";"Ausência de reação do condutor";"Saída de leito carroçável";"Com Vítimas Feridas";"Plena Noite";"Decrescente";"Nublado";"Dupla";"Reta;Aclive";"Não";1;0;1;0;0;0;1;1;-19,84070819;-47,87993327;"SPRF-MG";"DEL13-MG";"UOP01-DEL13-MG"
653077;2025-01-04;"sábado";"04:30:00";"MG";116;642,4;"FERVEDOURO";"Ausência de reação do condutor";"Saída de leito carroçável";"Com Vítimas Feridas";"Plena Noite";"Crescente";"Chuva";"Simples";"Curva";"Não";1;0;0;1;0;0;1;1;-20,66308397;-42,26765513;"SPRF-MG";"DEL07-MG";"UOP02-DEL07-MG"
653079;2025-01-04;"sábado";"05:20:00";"MS";158;114,4;"PARANAIBA";"Conversão proibida";"Saída de leito carroçável";"Sem Vítimas";"Amanhecer";"Crescente";"Céu Claro";"Simples";"Aclive;Reta";"Não";3;0;0;0;3;0;0;2;-19,82292705;-51,11442018;"SPRF-MS";"DEL08-MS";"UOP01-DEL08-MS"
653080;2025-01-04;"sábado";"07:00:00";"PB";230;9;"CABEDELO";"Manobra de mudança de faixa";"Colisão lateral mesmo sentido";"Sem Vítimas";"Pleno dia";"Decrescente";"Céu Claro";"Dupla";"Reta";"Sim";6;0;0;0;6;0;0;2;-7,0433;-34,8466;"SPRF-PB";"DEL01-PB";"UOP01-DEL01-PB"
653081;2025-01-04;"sábado";"06:15:00";"RJ";116;177;"SAO JOAO DE MERITI";"Trafegar com motocicleta (ou similar) entre as faixas";"Colisão lateral mesmo sentido";"Com Vítimas Feridas";"Pleno dia";"Decrescente";"Céu Claro";"Dupla";"Reta";"Não";2;0;1;0;1;0;1;2;-22,78055198;-43,39208599;"SPRF-RJ";"DEL06-RJ";"UOP01-DEL06-RJ"
653084;2025-01-04;"sábado";"06:45:00";"SC";101;40;"JOINVILLE";"Velocidade Incompatível";"Colisão com objeto";"Com Vítimas Feridas";"Pleno dia";"Decrescente";"Nublado";"Múltipla";"Reta";"Sim";1;0;1;0;0;0;1;1;-26,27176094;-48,89468382;"SPRF-SC";"DEL03-SC";"UOP01-DEL03-SC"
653085;2025-01-04;"sábado";"07:05:00";"GO";20;48;"FORMOSA";"Condutor Dormindo";"Colisão lateral sentido oposto";"Sem Vítimas";"Amanhecer";"Crescente";"Céu Claro";"Simples";"Reta";"Sim";6;0;0;0;6;0;0;2;-15,34398;-47,120541;"SPRF-DF";"DEL02-DF";"UOP02-DEL02-DF"
653086;2025-01-04;"sábado";"02:35:00";"RJ";116;211;"SEROPEDICA";"Ausência de reação do condutor";"Colisão com objeto";"Com Vítimas Feridas";"Plena Noite";"Decrescente";"Ignorado";"Dupla";"Reta";"Não";2;0;2;0;0;0;2;1;-22,71844298;-43,700897;"SPRF-RJ";"DEL06-RJ";"UOP02-DEL06-RJ"
653087;2025-01-04;"sábado";"08:14:00";"RJ";116;176;"SAO JOAO DE MERITI";"Demais falhas mecânicas ou elétricas";"Queda de ocupante de veículo";"Com Vítimas Feridas";"Pleno dia";"Crescente";"Céu Claro";"Dupla";"Reta";"Não";2;0;1;0;1;0;1;1;-22,7839538;-43,38195488;"SPRF-RJ";"DEL06-RJ";"UOP01-DEL06-RJ"
653088;2025-01-04;"sábado";"07:20:00";"SC";101;116,8;"ITAJAI";"Ausência de reação do condutor";"Colisão lateral mesmo sentido";"Com Vítimas Feridas";"Pleno dia";"Decrescente";"Sol";"Dupla";"Reta";"Não";2;0;0;2;0;0;2;2;-26,87905605;-48,72603512;"SPRF-SC";"DEL04-SC";"UOP04-DEL04-SC"
653089;2025-01-04;"sábado";"08:45:00";"RJ";116;172;"SAO JOAO DE MERITI";"Ausência de reação do condutor";"Colisão traseira";"Com Vítimas Feridas";"Pleno dia";"Decrescente";"Céu Claro";"Dupla";"Reta";"Sim";3;0;1;0;2;0;1;2;-22,80188151;-43,35043673;"SPRF-RJ";"DEL06-RJ";"UOP01-DEL06-RJ"
653090;2025-01-04;"sábado";"07:49:00";"PE";101;7,4;"GOIANA";"Acessar a via sem observar a presença dos outros veículos";"Colisão transversal";"Com Vítimas Feridas";"Pleno dia";"Crescente";"Céu Claro";"Dupla";"Reta";"Sim";2;0;1;0;1;0;1;2;-7,564785;-34,990213;"SPRF-PE";"DEL01-PE";"UOP02-DEL01-PE"
653091;2025-01-04;"sábado";"08:30:00";"SE";101;152;"ESTANCIA";"Afundamento ou ondulação no pavimento";"Saída de leito carroçável";"Sem Vítimas";"Pleno dia";"Decrescente";"Sol";"Simples";"Reta";"Sim";2;0;0;0;2;0;0;1;-11,27423982;-37,44799376;"SPRF-SE";"DEL02-SE";"UOP01-DEL02-SE"
653092;2025-01-04;"sábado";"03:20:00";"RJ";116;145;"DUQUE DE CAXIAS";"Ausência de reação do condutor";"Colisão traseira";"Com Vítimas Feridas";"Plena Noite";"Decrescente";"Céu Claro";"Múltipla";"Reta";"Sim";2;0;1;0;1;0;1;2;-22,66237951;-43,25529831;"SPRF-RJ";"DEL01-RJ";"UOP02-DEL01-RJ"
653094;2025-01-04;"sábado";"08:50:00";"RJ";101;469;"ANGRA DOS REIS";"Ausência de reação do condutor";"Colisão frontal";"Com Vítimas Feridas";"Pleno dia";"Crescente";"Céu Claro";"Simples";"Reta";"Não";6;0;4;0;2;0;4;3;-23,01160388;-44,23091089;"SPRF-RJ";"DEL03-RJ";"UOP03-DEL03-RJ"
653096;2025-01-04;"sábado";"08:45:00";"DF";70;3,8;"BRASILIA";"Acesso irregular";"Colisão transversal";"Com Vítimas Feridas";"Pleno dia";"Decrescente";"Céu Claro";"Dupla";"Reta";"Sim";3;0;1;0;2;0;1;2;-15,802453;-48,080387;"SPRF-DF";"DEL03-DF";"UOP02-DEL03-DF"
653097;2025-01-04;"sábado";"09:20:00";"TO";153;701,5;"CARIRI DO TOCANTINS";"Acessar a via sem observar a presença dos outros veículos";"Colisão transversal";"Com Vítimas Feridas";"Pleno dia";"Decrescente";"Céu Claro";"Simples";"Interseção de Vias;Reta";"Não";5;0;3;1;1;0;4;2;-11,9609026;-49,19947692;"SPRF-TO";"DEL01-TO";"UOP02-DEL01-TO"
653098;2025-01-04;"sábado";"07:50:00";"MG";381;941,1;"EXTREMA";"Afundamento ou ondulação no pavimento";"Saída de leito carroçável";"Com Vítimas Feridas";"Pleno dia";"Crescente";"Chuva";"Dupla";"Curva;Declive";"Sim";2;0;1;0;1;0;1;1;-22,86021873;-46,34260711;"SPRF-MG";"DEL16-MG";"UOP03-DEL16-MG"
653100;2025-01-04;"sábado";"08:15:00";"RJ";101;384,7;"RIO DE JANEIRO";"Manobra de mudança de faixa";"Colisão lateral mesmo sentido";"Com Vítimas Feridas";"Pleno dia";"Crescente";"Sol";"Dupla";"Reta";"Não";2;0;1;0;1;0;1;2;-22,87911609;-43,62323999;"SPRF-RJ";"DEL03-RJ";"UOP01-DEL03-RJ"
653102;2025-01-04;"sábado";"08:00:00";"BA";324;404;"NOVA FATIMA";"Condutor deixou de manter distância do veículo da frente";"Colisão traseira";"Com Vítimas Feridas";"Pleno dia";"Decrescente";"Céu Claro";"Simples";"Curva";"Sim";3;0;1;0;2;0;1;2;-11,60427899;-39,6312174;"SPRF-BA";"DEL04-BA";"UOP02-DEL04-BA"
653103;2025-01-04;"sábado";"10:20:00";"SP";116;159,4;"JACAREI";"Demais falhas mecânicas ou elétricas";"Queda de ocupante de veículo";"Com Vítimas Feridas";"Pleno dia";"Decrescente";"Céu Claro";"Dupla";"Reta";"Sim";2;0;2;0;0;0;2;1;-23,26585409;-45,95983994;"SPRF-SP";"DEL02-SP";"UOP01-DEL02-SP"
653105;2025-01-04;"sábado";"10:10:00";"RS";158;194,8;"CRUZ ALTA";"Desrespeitar a preferência no cruzamento";"Colisão transversal";"Com Vítimas Feridas";"Pleno dia";"Crescente";"Céu Claro";"Dupla";"Interseção de Vias";"Sim";2;0;1;0;1;0;1;2;-28,63883986;-53,57203169;"SPRF-RS";"DEL10-RS";"UOP02-DEL10-RS"
653107;2025-01-04;"sábado";"09:25:00";"RJ";116;198;"QUEIMADOS";"Reação tardia ou ineficiente do condutor";"Colisão traseira";"Com Vítimas Feridas";"Pleno dia";"Decrescente";"Sol";"Dupla";"Reta";"Não";2;0;1;0;1;0;1;2;-22,72952183;-43,57481597;"SPRF-RJ";"DEL06-RJ";"UOP02-DEL06-RJ"
653108;2025-01-04;"sábado";"08:15:00";"MG";153;184,6;"FRUTAL";"Reação tardia ou ineficiente do condutor";"Colisão lateral mesmo sentido";"Com Vítimas Feridas";"Pleno dia";"Crescente";"Céu Claro";"Simples";"Reta";"Não";4;0;1;0;3;0;1;2;-19,83954443;-48,96469116;"SPRF-MG";"DEL13-MG";"UOP02-DEL13-MG"
653109;2025-01-04;"sábado";"09:45:00";"SC";282;59,2;"RANCHO QUEIMADO";"Conversão proibida";"Colisão transversal";"Com Vítimas Fatais";"Pleno dia";"Crescente";"Céu Claro";"Simples";"Aclive;Interseção de Vias;Em Obras;Curva";"Não";3;1;0;0;2;0;0;3;-27,676822;-49,015042;"SPRF-SC";"DEL01-SC";"UOP03-DEL01-SC"
653111;2025-01-04;"sábado";"10:20:00";"SC";101;214;"PALHOCA";"Desrespeitar a preferência no cruzamento";"Colisão transversal";"Com Vítimas Feridas";"Pleno dia";"Decrescente";"Sol";"Múltipla";"Interseção de Vias";"Não";2;0;1;0;0;1;1;2;-27,64443;-48,67057;"SPRF-SC";"DEL01-SC";"UOP02-DEL01-SC"
653112;2025-01-04;"sábado";"10:30:00";"RS";386;344;"LAJEADO";"Reação tardia ou ineficiente do condutor";"Tombamento";"Com Vítimas Feridas";"Pleno dia";"Decrescente";"Céu Claro";"Múltipla";"Reta";"Sim";2;0;1;1;0;0;2;1;-29,439268;-51,993633;"SPRF-RS";"DEL04-RS";"UOP01-DEL04-RS"
653120;2025-01-04;"sábado";"11:30:00";"RJ";101;482;"ANGRA DOS REIS";"Transitar na contramão";"Colisão lateral sentido oposto";"Com Vítimas Feridas";"Pleno dia";"Crescente";"Nublado";"Simples";"Reta";"Não";4;0;0;1;1;2;1;3;-22,995193;-44,301309;"SPRF-RJ";"DEL03-RJ";"UOP03-DEL03-RJ"
653121;2025-01-04;"sábado";"11:40:00";"CE";20;306;"CANINDE";"Desrespeitar a preferência no cruzamento";"Colisão transversal";"Com Vítimas Feridas";"Pleno dia";"Decrescente";"Sol";"Simples";"Interseção de Vias";"Sim";5;0;1;0;4;0;1;2;-4,36698604;-39,30270365;"SPRF-CE";"DEL02-CE";"UOP01-DEL02-CE"
653123;2025-01-04;"sábado";"11:45:00";"CE";116;163,8;"RUSSAS";"Objeto estático sobre o leito carroçável";"Queda de ocupante de veículo";"Com Vítimas Feridas";"Pleno dia";"Crescente";"Céu Claro";"Simples";"Reta";"Sim";2;0;2;0;0;0;2;1;-4,95066655;-37,99422026;"SPRF-CE";"DEL03-CE";"UOP01-DEL03-CE"
653124;2025-01-04;"sábado";"11:30:00";"SC";101;126,1;"ITAJAI";"Trafegar com motocicleta (ou similar) entre as faixas";"Colisão lateral mesmo sentido";"Com Vítimas Feridas";"Pleno dia";"Decrescente";"Nublado";"Dupla";"Reta";"Sim";3;0;1;0;2;0;1;2;-26,95564404;-48,67978366;"SPRF-SC";"DEL04-SC";"UOP04-DEL04-SC"
653125;2025-01-04;"sábado";"11:50:00";"MT";158;626;"AGUA BOA";"Ausência de reação do condutor";"Saída de leito carroçável";"Com Vítimas Feridas";"Pleno dia";"Crescente";"Sol";"Simples";"Reta";"Não";4;0;2;0;2;0;2;1;-14,4766339;-52,2771232;"SPRF-MT";"DEL07-MT";"UOP02-DEL07-MT"
653128;2025-01-04;"sábado";"13:10:00";"SC";101;458;"PASSO DE TORRES";"Manobra de mudança de faixa";"Colisão traseira";"Com Vítimas Feridas";"Pleno dia";"Crescente";"Céu Claro";"Dupla";"Reta";"Não";2;0;0;1;1;0;1;2;-29,24075694;-49,75535784;"SPRF-SC";"DEL02-SC";"UOP02-DEL02-SC"
653130;2025-01-04;"sábado";"12:16:00";"BA";116;7;"VITORIA DA CONQUISTA";"Acumulo de areia ou detritos sobre o pavimento";"Queda de ocupante de veículo";"Com Vítimas Feridas";"Pleno dia";"Crescente";"Céu Claro";"Simples";"Curva;Rotatória";"Sim";1;0;1;0;0;0;1;1;-14,84472001;-40,88896751;"SPRF-BA";"DEL08-BA";"UOP01-DEL08-BA"
653131;2025-01-04;"sábado";"10:15:00";"MG";116;777,4;"LEOPOLDINA";"Reação tardia ou ineficiente do condutor";"Colisão frontal";"Com Vítimas Feridas";"Pleno dia";"Crescente";"Nublado";"Simples";"Curva";"Não";3;0;1;0;2;0;1;2;-21,59632074;-42,69196405;"SPRF-MG";"DEL07-MG";"UOP01-DEL07-MG"
653132;2025-01-04;"sábado";"12:30:00";"PR";277;74,7;"SAO JOSE DOS PINHAIS";"Reação tardia ou ineficiente do condutor";"Saída de leito carroçável";"Com Vítimas Feridas";"Pleno dia";"Crescente";"Céu Claro";"Simples";"Reta";"Não";1;0;1;0;0;0;1;1;-25,51726115;-49,11540707;"SPRF-PR";"DEL01-PR";"UOP07-DEL01-PR"
653133;2025-01-04;"sábado";"12:00:00";"SC";101;353,4;"JAGUARUNA";"Ausência de reação do condutor";"Colisão traseira";"Com Vítimas Feridas";"Pleno dia";"Decrescente";"Céu Claro";"Dupla";"Reta";"Não";5;0;4;0;1;0;4;2;-28,61232036;-49,06197674;"SPRF-SC";"DEL02-SC";"UOP01-DEL02-SC"
653134;2025-01-04;"sábado";"12:30:00";"MG";381;752;"TRES CORACOES";"Velocidade Incompatível";"Tombamento";"Com Vítimas Feridas";"Pleno dia";"Decrescente";"Sol";"Dupla";"Aclive;Retorno Regulamentado;Curva";"Sim";2;0;1;1;0;0;2;1;-21,67246754;-45,33430028;"SPRF-MG";"DEL16-MG";"UOP02-DEL16-MG"
653135;2025-01-04;"sábado";"12:45:00";"BA";235;352;"JUAZEIRO";"Frear bruscamente";"Engavetamento";"Com Vítimas Feridas";"Pleno dia";"Crescente";"Sol";"Simples";"Reta";"Não";6;0;1;0;5;0;1;3;-9,4077522;-40,50490917;"SPRF-PE";"DEL06-PE";"UOP01-DEL06-PE"
653136;2025-01-04;"sábado";"13:00:00";"RJ";101;575;"PARATY";"Conversão proibida";"Colisão transversal";"Com Vítimas Feridas";"Pleno dia";"Crescente";"Céu Claro";"Simples";"Curva";"Sim";2;0;1;0;1;0;1;2;-23,21978585;-44,73466957;"SPRF-RJ";"DEL03-RJ";"UOP04-DEL03-RJ"
653137;2025-01-04;"sábado";"13:10:00";"PI";343;261,5;"CAMPO MAIOR";"Ausência de reação do condutor";"Saída de leito carroçável";"Com Vítimas Feridas";"Pleno dia";"Crescente";"Nublado";"Simples";"Reta";"Não";1;0;1;0;0;0;1;1;-4,806726;-42,145878;"SPRF-PI";"DEL01-PI";"UOP03-DEL01-PI"
653139;2025-01-04;"sábado";"13:00:00";"SP";381;31;"ATIBAIA";"Avarias e/ou desgaste excessivo no pneu";"Queda de ocupante de veículo";"Com Vítimas Feridas";"Pleno dia";"Crescente";"Céu Claro";"Dupla";"Aclive;Reta";"Não";1;0;1;0;0;0;1;1;-23,0559669;-46,57063716;"SPRF-SP";"DEL03-SP";"UOP02-DEL03-SP"
653140;2025-01-04;"sábado";"11:20:00";"RJ";40;119;"DUQUE DE CAXIAS";"Demais falhas mecânicas ou elétricas";"Incêndio";"Sem Vítimas";"Pleno dia";"Crescente";"Céu Claro";"Dupla";"Reta";"Sim";1;0;0;0;1;0;0;1;-22,76375592;-43,28683062;"SPRF-RJ";"DEL01-RJ";"UOP02-DEL01-RJ"
653142;2025-01-04;"sábado";"13:35:00";"BA";324;537;"AMELIA RODRIGUES";"Acessar a via sem observar a presença dos outros veículos";"Colisão lateral mesmo sentido";"Com Vítimas Feridas";"Pleno dia";"Decrescente";"Céu Claro";"Dupla";"Reta";"Sim";2;0;1;0;0;1;1;2;-12,36902201;-38,81384601;"SPRF-BA";"DEL01-BA";"UOP03-DEL01-BA"
653143;2025-01-04;"sábado";"11:40:00";"PR";277;346;"GUARAPUAVA";"Reação tardia ou ineficiente do condutor";"Colisão com objeto";"Com Vítimas Feridas";"Pleno dia";"Decrescente";"Céu Claro";"Simples";"Curva";"Não";2;0;2;0;0;0;2;1;-25,33928412;-51,42880296;"SPRF-PR";"DEL08-PR";"UOP01-DEL08-PR"
653146;2025-01-04;"sábado";"14:10:00";"MG";381;283;"JAGUARACU";"Ultrapassagem Indevida";"Colisão frontal";"Com Vítimas Feridas";"Pleno dia";"Decrescente";"Céu Claro";"Simples";"Reta";"Não";6;0;2;0;4;0;2;2;-19,61757501;-42,78412299;"SPRF-MG";"DEL03-MG";"UOP02-DEL03-MG"
653147;2025-01-04;"sábado";"09:30:00";"BA";242;294;"LAJEDINHO";"Acessar a via sem observar a presença dos outros veículos";"Colisão transversal";"Com Vítimas Feridas";"Pleno dia";"Crescente";"Céu Claro";"Simples";"Reta";"Não";9;0;3;0;6;0;3;2;-12,43874222;-40,84106995;"SPRF-BA";"DEL06-BA";"UOP02-DEL06-BA"
653148;2025-01-04;"sábado";"13:50:00";"RS";470;255,9;"SALVADOR DO SUL";"Desrespeitar a preferência no cruzamento";"Colisão transversal";"Com Vítimas Feridas";"Pleno dia";"Crescente";"Céu Claro";"Simples";"Interseção de Vias;Curva;Retorno Regulamentado";"Sim";6;0;2;0;4;0;2;2;-29,44101207;-51,50787592;"SPRF-RS";"DEL06-RS";"UOP01-DEL06-RS"
653149;2025-01-04;"sábado";"14:50:00";"GO";414;436;"ANAPOLIS";"Acessar a via sem observar a presença dos outros veículos";"Colisão transversal";"Com Vítimas Feridas";"Pleno dia";"Crescente";"Céu Claro";"Simples";"Interseção de Vias;Declive";"Sim";2;0;1;0;1;0;1;2;-16,25482505;-48,9361188;"SPRF-GO";"DEL02-GO";"UOP01-DEL02-GO"