"id";"data_inversa";"dia_semana";"horario";"uf";"br";"km";"municipio";"causa_acidente";"tipo_acidente";"classificacao_acidente";"fase_dia";"sentido_via";"condicao_metereologica";"tipo_pista";"tracado_via";"uso_solo";"pessoas";"mortos";"feridos_leves";"feridos_graves";"ilesos";"ignorados";"feridos";"veiculos";"latitude";"longitude";"regional";"delegacia";"uop"
653152;2025-01-04;"sábado";"15:04:00";"SC";101;199,4;"SAO JOSE";"Reação tardia ou ineficiente do condutor";"Queda de ocupante de veículo";"Com Vítimas Feridas";"Pleno dia";"Decrescente";"Sol";"Dupla";"Interseção de Vias";"Não";3;0;2;0;0;1;2;2;-27,53413705;-48,63003205;"SPRF-SC";"DEL01-SC";"UOP01-DEL01-SC"
653153;2025-01-04;"sábado";"10:40:00";"SC";280;233,9;"CANOINHAS";"Acessar a via sem observar a presença dos outros veículos";"Colisão transversal";"Com Vítimas Feridas";"Pleno dia";"Crescente";"Céu Claro";"Simples";"Interseção de Vias";"Sim";3;0;1;1;1;0;2;2;-26,19146187;-50,39215;"SPRF-SC";"DEL06-SC";"UOP04-DEL06-SC"
653155;2025-01-04;"sábado";"13:15:00";"MG";262;401,5;"PARA DE MINAS";"Velocidade Incompatível";"Saída de leito carroçável";"Com Vítimas Feridas";"Pleno dia";"Crescente";"Nublado";"Dupla";"Curva";"Não";1;0;1;0;0;0;1;1;-19,90018759;-44,55287088;"SPRF-MG";"DEL01-MG";"UOP03-DEL01-MG"
653156;2025-01-04;"sábado";"11:20:00";"RJ";116;205;"SEROPEDICA";"Avarias e/ou desgaste excessivo no pneu";"Tombamento";"Com Vítimas Feridas";"Pleno dia";"Crescente";"Céu Claro";"Dupla";"Reta";"Não";1;0;1;0;0;0;1;1;-22,72746688;-43,64167998;"SPRF-RJ";"DEL06-RJ";"UOP02-DEL06-RJ"
653158;2025-01-04;"sábado";"15:10:00";"RS";116;309;"GUAIBA";"Velocidade Incompatível";"Colisão traseira";"Com Vítimas Feridas";"Pleno dia";"Crescente";"Céu Claro";"Dupla";"Reta";"Não";2;0;1;0;1;0;1;2;-30,19187406;-51,39787181;"SPRF-RS";"DEL02-RS";"UOP01-DEL02-RS"
653159;2025-01-04;"sábado";"13:02:00";"SC";470;62,1;"INDAIAL";"Transitar na contramão";"Tombamento";"Com Vítimas Feridas";"Pleno dia";"Crescente";"Céu Claro";"Simples";"Reta";"Não";4;0;1;1;1;1;2;4;-26,874521;-49,182938;"SPRF-SC";"DEL04-SC";"UOP01-DEL04-SC"
653160;2025-01-04;"sábado";"12:32:00";"GO";153;69;"PORANGATU";"Avarias e/ou desgaste excessivo no pneu";"Tombamento";"Com Vítimas Feridas";"Pleno dia";"Decrescente";"Céu Claro";"Simples";"Curva";"Sim";2;0;2;0;0;0;2;1;-13,441854;-49,13295;"SPRF-GO";"DEL07-GO";"UOP01-DEL07-GO"
653161;2025-01-04;"sábado";"15:30:00";"MG";116;419,4;"ALPERCATA";"Velocidade Incompatível";"Saída de leito carroçável";"Com Vítimas Feridas";"Pleno dia";"Decrescente";"Céu Claro";"Simples";"Reta";"Não";2;0;2;0;0;0;2;2;-18,92044406;-41,94023945;"SPRF-MG";"DEL06-MG";"UOP01-DEL06-MG"
653162;2025-01-04;"sábado";"15:15:00";"PR";373;276;"PRUDENTOPOLIS";"Reação tardia ou ineficiente do condutor";"Saída de leito carroçável";"Sem Vítimas";"Pleno dia";"Crescente";"Céu Claro";"Simples";"Reta";"Não";1;0;0;0;1;0;0;1;-25,25754888;-51,07658207;"SPRF-PR";"DEL08-PR";"UOP01-DEL08-PR"
653163;2025-01-04;"sábado";"14:00:00";"SC";282;58;"RANCHO QUEIMADO";"Condutor Dormindo";"Saída de leito carroçável";"Com Vítimas Feridas";"Pleno dia";"Decrescente";"Céu Claro";"Simples";"Reta";"Sim";2;0;1;0;1;0;1;1;-27,683594;-49,005539;"SPRF-SC";"DEL01-SC";"UOP03-DEL01-SC"
653164;2025-01-04;"sábado";"15:00:00";"SC";282;110;"ALFREDO WAGNER";"Condutor deixou de manter distância do veículo da frente";"Colisão traseira";"Com Vítimas Feridas";"Pleno dia";"Crescente";"Céu Claro";"Simples";"Reta";"Não";2;0;0;1;1;0;1;2;-27,727324;-49,360542;"SPRF-SC";"DEL01-SC";"UOP03-DEL01-SC"
653165;2025-01-04;"sábado";"14:20:00";"MG";116;452,8;"ENGENHEIRO CALDAS";"Pedestre andava na pista";"Atropelamento de Pedestre";"Com Vítimas Feridas";"Pleno dia";"Crescente";"Céu Claro";"Simples";"Reta";"Não";3;0;0;1;2;0;1;2;-19,16864814;-42,03097176;"SPRF-MG";"DEL06-MG";"UOP02-DEL06-MG"
653166;2025-01-04;"sábado";"16:50:00";"GO";60;61;"ABADIANIA";"Reação tardia ou ineficiente do condutor";"Colisão traseira";"Com Vítimas Feridas";"Pleno dia";"Crescente";"Céu Claro";"Dupla";"Reta";"Não";2;0;0;1;0;1;1;2;-16,1903;-48,7114;"SPRF-GO";"DEL02-GO";"UOP01-DEL02-GO"
653167;2025-01-04;"sábado";"14:45:00";"MG";116;429,9;"ALPERCATA";"Demais falhas mecânicas ou elétricas";"Saída de leito carroçável";"Com Vítimas Feridas";"Pleno dia";"Decrescente";"Nublado";"Simples";"Curva";"Não";3;0;2;0;1;0;2;1;-18,998271;-41,977464;"SPRF-MG";"DEL06-MG";"UOP01-DEL06-MG"
653168;2025-01-04;"sábado";"13:25:00";"MG";116;546,6;"SANTA BARBARA DO LESTE";"Reação tardia ou ineficiente do condutor";"Saída de leito carroçável";"Com Vítimas Feridas";"Pleno dia";"Crescente";"Céu Claro";"Simples";"Reta";"Não";4;0;3;0;1;0;3;1;-19,93628201;-42,13101771;"SPRF-MG";"DEL06-MG";"UOP02-DEL06-MG"
653170;2025-01-04;"sábado";"16:20:00";"SC";282;3,2;"FLORIANOPOLIS";"Ingestão de álcool pelo condutor";"Colisão traseira";"Com Vítimas Feridas";"Pleno dia";"Crescente";"Nublado";"Simples";"Aclive;Curva";"Não";2;0;1;0;1;0;1;2;-27,600384;-48,599705;"SPRF-SC";"DEL01-SC";"UOP01-DEL01-SC"
653171;2025-01-04;"sábado";"15:20:00";"PR";280;307,3;"BARRACAO";"Condutor deixou de manter distância do veículo da frente";"Colisão traseira";"Com Vítimas Feridas";"Pleno dia";"Decrescente";"Céu Claro";"Simples";"Curva";"Não";7;0;2;0;5;0;2;2;-26,2912219;-53,45385075;"SPRF-PR";"DEL02-PR";"UOP01-DEL02-PR"
653172;2025-01-04;"sábado";"16:35:00";"RJ";101;490;"ANGRA DOS REIS";"Ausência de reação do condutor";"Atropelamento de Pedestre";"Com Vítimas Fatais";"Pleno dia";"Crescente";"Céu Claro";"Simples";"Reta";"Não";3;1;0;0;1;1;0;2;-22,95640053;-44,31282898;"SPRF-RJ";"DEL03-RJ";"UOP03-DEL03-RJ"
653173;2025-01-04;"sábado";"17:00:00";"SE";235;11;"NOSSA SENHORA DO SOCORRO";"Acessar a via sem observar a presença dos outros veículos";"Colisão transversal";"Com Vítimas Feridas";"Pleno dia";"Crescente";"Céu Claro";"Simples";"Interseção de Vias";"Não";2;0;1;0;1;0;1;2;-10,877883;-37,156052;"SPRF-SE";"DEL01-SE";"UOP01-DEL01-SE"
653174;2025-01-04;"sábado";"16:15:00";"PE";101;51;"ABREU E LIMA";"Velocidade Incompatível";"Saída de leito carroçável";"Com Vítimas Feridas";"Pleno dia";"Decrescente";"Sol";"Dupla";"Interseção de Vias;Viaduto";"Sim";2;0;2;0;0;0;2;1;-7,92255402;-34,89412308;"SPRF-PE";"DEL01-PE";"UOP02-DEL01-PE"
653175;2025-01-04;"sábado";"16:15:00";"PE";101;51,8;"ABREU E LIMA";"Velocidade Incompatível";"Saída de leito carroçável";"Com Vítimas Feridas";"Pleno dia";"Decrescente";"Céu Claro";"Dupla";"Curva";"Sim";1;0;1;0;0;0;1;1;-7,92251152;-34,89457369;"SPRF-PE";"DEL01-PE";"UOP02-DEL01-PE"
653178;2025-01-04;"sábado";"17:30:00";"SC";101;118,1;"ITAJAI";"Ausência de reação do condutor";"Tombamento";"Com Vítimas Feridas";"Pleno dia";"Crescente";"Sol";"Dupla";"Reta";"Não";2;0;2;0;0;0;2;1;-26,895859;-48,71903;"SPRF-SC";"DEL04-SC";"UOP04-DEL04-SC"
653179;2025-01-04;"sábado";"15:40:00";"MA";316;406,5;"ALTO ALEGRE DO MARANHAO";"Chuva";"Saída de leito carroçável";"Com Vítimas Feridas";"Pleno dia";"Crescente";"Chuva";"Simples";"Reta";"Não";3;0;1;0;2;0;1;1;-4,24808;-44,435707;"SPRF-MA";"DEL03-MA";"UOP01-DEL03-MA"
653180;2025-01-04;"sábado";"16:40:00";"SC";101;122,7;"ITAJAI";"Manobra de mudança de faixa";"Colisão lateral mesmo sentido";"Com Vítimas Feridas";"Pleno dia";"Decrescente";"Nublado";"Simples";"Reta";"Não";2;0;1;0;1;0;1;2;-26,92955916;-48,70499836;"SPRF-SC";"DEL04-SC";"UOP04-DEL04-SC"
653181;2025-01-04;"sábado";"15:15:00";"RS";290;654;"URUGUAIANA";"Ausência de reação do condutor";"Saída de leito carroçável";"Com Vítimas Feridas";"Pleno dia";"Decrescente";"Céu Claro";"Simples";"Declive;Reta";"Não";2;0;2;0;0;0;2;1;-30,007816;-56,45895;"SPRF-RS";"DEL13-RS";"UOP01-DEL13-RS"
653183;2025-01-04;"sábado";"17:50:00";"RN";101;72;"NATAL";"Desrespeitar a preferência no cruzamento";"Colisão transversal";"Sem Vítimas";"Plena Noite";"Decrescente";"Céu Claro";"Simples";"Interseção de Vias;Reta";"Não";6;0;0;0;6;0;0;2;-5,69866248;-35,26316835;"SPRF-RN";"DEL02-RN";"UOP01-DEL02-RN"
653184;2025-01-04;"sábado";"18:15:00";"ES";101;391,9;"RIO NOVO DO SUL";"Acessar a via sem observar a presença dos outros veículos";"Colisão traseira";"Com Vítimas Feridas";"Anoitecer";"Decrescente";"Céu Claro";"Simples";"Interseção de Vias";"Não";3;0;2;0;1;0;2;2;-20,8657929;-40,89634385;"SPRF-ES";"DEL03-ES";"UOP02-DEL03-ES"
653185;2025-01-04;"sábado";"18:20:00";"PR";373;399;"CANDOI";"Reação tardia ou ineficiente do condutor";"Saída de leito carroçável";"Com Vítimas Feridas";"Plena Noite";"Crescente";"Céu Claro";"Simples";"Reta";"Não";1;0;1;0;0;0;1;1;-25,56145105;-52,04536396;"SPRF-PR";"DEL08-PR";"UOP01-DEL08-PR"
653186;2025-01-04;"sábado";"17:55:00";"ES";101;271,5;"SERRA";"Transitar na contramão";"Colisão lateral sentido oposto";"Com Vítimas Feridas";"Anoitecer";"Decrescente";"Céu Claro";"Dupla";"Reta";"Não";2;0;1;0;1;0;1;2;-20,23267;-40,27658;"SPRF-ES";"DEL02-ES";"UOP01-DEL02-ES"
653187;2025-01-04;"sábado";"15:10:00";"GO";70;373;"MONTES CLAROS DE GOIAS";"Reação tardia ou ineficiente do condutor";"Saída de leito carroçável";"Com Vítimas Feridas";"Pleno dia";"Crescente";"Céu Claro";"Simples";"Ponte;Reta";"Não";1;0;1;0;0;0;1;1;-15,93062866;-51,32846832;"SPRF-GO";"DEL04-GO";"UOP02-DEL04-GO"
653190;2025-01-04;"sábado";"18:36:00";"PE";407;130;"PETROLINA";"Transitar na contramão";"Colisão frontal";"Com Vítimas Feridas";"Plena Noite";"Crescente";"Céu Claro";"Dupla";"Reta;Ponte";"Sim";4;0;2;0;1;1;2;2;-9,40536698;-40,50435309;"SPRF-PE";"DEL06-PE";"UOP01-DEL06-PE"
653191;2025-01-04;"sábado";"19:00:00";"RN";110;51,6;"MOSSORO";"Acessar a via sem observar a presença dos outros veículos";"Colisão transversal";"Com Vítimas Feridas";"Plena Noite";"Crescente";"Céu Claro";"Simples";"Reta";"Sim";3;0;1;0;2;0;1;2;-5,22684393;-37,33197037;"SPRF-RN";"DEL04-RN";"UOP01-DEL04-RN"
653192;2025-01-04;"sábado";"19:15:00";"SP";101;44;"UBATUBA";"Reação tardia ou ineficiente do condutor";"Colisão transversal";"Com Vítimas Feridas";"Plena Noite";"Crescente";"Nublado";"Dupla";"Reta";"Sim";6;0;1;0;5;0;1;2;-23,41014346;-45,06455371;"SPRF-SP";"DEL06-SP";"UOP01-DEL06-SP"
653193;2025-01-04;"sábado";"18:05:00";"PR";376;4,6;"MANDAGUARI";"Conversão proibida";"Colisão transversal";"Com Vítimas Feridas";"Pleno dia";"Crescente";"Céu Claro";"Simples";"Reta";"Sim";3;0;2;0;0;1;2;2;-23,520992;-51,67973;"SPRF-PR";"DEL09-PR";"UOP01-DEL09-PR"
653194;2025-01-04;"sábado";"19:30:00";"MG";116;804;"ALEM PARAIBA";"Velocidade Incompatível";"Saída de leito carroçável";"Com Vítimas Feridas";"Plena Noite";"Decrescente";"Chuva";"Simples";"Reta";"Não";1;0;1;0;0;0;1;1;-21,79286161;-42,71488284;"SPRF-MG";"DEL07-MG";"UOP01-DEL07-MG"
653195;2025-01-04;"sábado";"17:40:00";"SC";101;327;"CAPIVARI DE BAIXO";"Ausência de reação do condutor";"Colisão traseira";"Com Vítimas Feridas";"Pleno dia";"Decrescente";"Céu Claro";"Simples";"Reta";"Sim";2;0;1;0;1;0;1;2;-28,43023306;-48,95205197;"SPRF-SC";"DEL02-SC";"UOP01-DEL02-SC"
653197;2025-01-04;"sábado";"18:30:00";"PI";316;59;"MONSENHOR GIL";"Acessar a via sem observar a presença dos outros veículos";"Colisão transversal";"Com Vítimas Feridas";"Plena Noite";"Decrescente";"Céu Claro";"Simples";"Reta";"Não";3;0;1;1;1;0;2;2;-5,56655;-42,614083;"SPRF-PI";"DEL01-PI";"UOP02-DEL01-PI"
653198;2025-01-04;"sábado";"18:00:00";"CE";222;35;"CAUCAIA";"Velocidade Incompatível";"Colisão com objeto";"Com Vítimas Feridas";"Plena Noite";"Crescente";"Céu Claro";"Dupla";"Em Obras";"Não";3;0;3;0;0;0;3;1;-3,700936;-38,8647996;"SPRF-CE";"DEL01-CE";"UOP01-DEL01-CE"
653199;2025-01-04;"sábado";"19:30:00";"MG";381;498;"BETIM";"Velocidade Incompatível";"Colisão traseira";"Com Vítimas Feridas";"Plena Noite";"Decrescente";"Nublado";"Dupla";"Interseção de Vias";"Não";4;0;4;0;0;0;4;2;-19,99032851;-44,20567989;"SPRF-MG";"DEL01-MG";"UOP03-DEL01-MG"
653201;2025-01-04;"sábado";"20:00:00";"SP";116;102,9;"PINDAMONHANGABA";"Trafegar com motocicleta (ou similar) entre as faixas";"Colisão traseira";"Com Vítimas Feridas";"Plena Noite";"Crescente";"Céu Claro";"Dupla";"Reta";"Não";3;0;1;1;1;0;2;2;-22,99497994;-45,48951403;"SPRF-SP";"DEL08-SP";"UOP01-DEL08-SP"
653202;2025-01-04;"sábado";"18:30:00";"BA";101;100;"ALAGOINHAS";"Ingestão de álcool pelo condutor";"Colisão traseira";"Com Vítimas Feridas";"Plena Noite";"Decrescente";"Céu Claro";"Simples";"Reta";"Não";3;0;2;0;1;0;2;2;-12,14197;-38,39211707;"SPRF-BA";"DEL01-BA";"UOP04-DEL01-BA"
653203;2025-01-04;"sábado";"19:40:00";"RN";406;148;"CEARA-MIRIM";"Animais na Pista";"Atropelamento de Animal";"Com Vítimas Feridas";"Plena Noite";"Crescente";"Céu Claro";"Simples";"Reta";"Não";1;0;0;1;0;0;1;1;-5,64738063;-35,45019595;"SPRF-RN";"DEL02-RN";"UOP01-DEL02-RN"
653205;2025-01-04;"sábado";"20:10:00";"PR";476;151;"ARAUCARIA";"Entrada inopinada do pedestre";"Atropelamento de Pedestre";"Com Vítimas Feridas";"Plena Noite";"Decrescente";"Céu Claro";"Dupla";"Reta";"Sim";2;0;1;0;1;0;1;2;-25,563601;-49,377041;"SPRF-PR";"DEL01-PR";"UOP06-DEL01-PR"
653206;2025-01-04;"sábado";"19:50:00";"PR";376;641;"TIJUCAS DO SUL";"Manobra de mudança de faixa";"Engavetamento";"Com Vítimas Feridas";"Plena Noite";"Decrescente";"Garoa/Chuvisco";"Dupla";"Reta";"Não";5;0;1;0;4;0;1;4;-25,79034012;-49,12563183;"SPRF-PR";"DEL01-PR";"UOP04-DEL01-PR"
653207;2025-01-04;"sábado";"18:40:00";"RN";110;126,9;"AUGUSTO SEVERO";"Reação tardia ou ineficiente do condutor";"Saída de leito carroçável";"Sem Vítimas";"Plena Noite";"Decrescente";"Céu Claro";"Simples";"Reta";"Sim";1;0;0;0;1;0;0;1;-5,85187213;-37,30909352;"SPRF-RN";"DEL04-RN";"UOP01-DEL04-RN"
653209;2025-01-04;"sábado";"20:25:00";"PE";232;256,2;"ARCOVERDE";"Animais na Pista";"Atropelamento de Animal";"Com Vítimas Feridas";"Plena Noite";"Crescente";"Céu Claro";"Simples";"Reta";"Sim";2;0;1;1;0;0;2;1;-8,40988226;-37,09335003;"SPRF-PE";"DEL04-PE";"UOP02-DEL04-PE"
653210;2025-01-04;"sábado";"17:00:00";"TO";153;253;"COLINAS DO TOCANTINS";"Reação tardia ou ineficiente do condutor";"Tombamento";"Com Vítimas Feridas";"Pleno dia";"Crescente";"Céu Claro";"Simples";"Reta";"Não";1;0;1;0;0;0;1;1;-8,1003031;-48,46819639;"SPRF-TO";"DEL02-TO";"UOP02-DEL02-TO"
653212;2025-01-04;"sábado";"20:30:00";"SC";282;16,6;"PALHOCA";"Acesso irregular";"Colisão frontal";"Com Vítimas Feridas";"Plena Noite";"Crescente";"Céu Claro";"Simples";"Reta";"Não";2;0;0;1;1;0;1;2;-27,658611;-48,681847;"SPRF-SC";"DEL01-SC";"UOP02-DEL01-SC"
653213;2025-01-04;"sábado";"20:10:00";"GO";70;8,5;"AGUAS LINDAS DE GOIAS";"Pedestre cruzava a pista fora da faixa";"Atropelamento de Pedestre";"Com Vítimas Feridas";"Plena Noite";"Decrescente";"Céu Claro";"Dupla";"Reta";"Sim";2;0;1;0;1;0;1;2;-15,73733681;-48,27407468;"SPRF-DF";"DEL03-DF";"UOP02-DEL03-DF"
653214;2025-01-04;"sábado";"18:20:00";"RO";435;85,3;"COLORADO DO OESTE";"Ultrapassagem Indevida";"Colisão transversal";"Com Vítimas Feridas";"Anoitecer";"Decrescente";"Céu Claro";"Simples";"Aclive";"Sim";3;0;1;0;2;0;1;3;-13,11884911;-60,53173398;"SPRF-RO";"DEL04-RO";"UOP02-DEL04-RO"
653215;2025-01-04;"sábado";"21:00:00";"RN";226;2;"NATAL";"Pedestre andava na pista";"Atropelamento de Pedestre";"Com Vítimas Feridas";"Plena Noite";"Decrescente";"Céu Claro";"Simples";"Reta";"Sim";2;0;1;0;0;1;1;2;-5,81364934;-35,2466547;"SPRF-RN";"DEL01-RN";"UOP02-DEL01-RN"
653216;2025-01-04;"sábado";"19:50:00";"SC";101;118;"ITAJAI";"Demais falhas mecânicas ou elétricas";"Incêndio";"Sem Vítimas";"Plena Noite";"Crescente";"Céu Claro";"Dupla";"Reta";"Não";1;0;0;0;1;0;0;1;-26,895859;-48,71903;"SPRF-SC";"DEL04-SC";"UOP04-DEL04-SC"
653217;2025-01-04;"sábado";"19:41:00";"PE";232;409;"SERRA TALHADA";"Ultrapassagem Indevida";"Colisão transversal";"Com Vítimas Feridas";"Plena Noite";"Crescente";"Céu Claro";"Simples";"Reta";"Sim";3;0;0;2;1;0;2;2;-7,981944;-38,289467;"SPRF-PE";"DEL04-PE";"UOP01-DEL04-PE"
653218;2025-01-04;"sábado";"20:40:00";"SE";235;36,3;"AREIA BRANCA";"Ingestão de álcool pelo condutor";"Colisão traseira";"Com Vítimas Feridas";"Plena Noite";"Crescente";"Nublado";"Simples";"Reta";"Não";5;0;2;2;0;1;4;3;-10,767558;-37,328533;"SPRF-SE";"DEL01-SE";"UOP02-DEL01-SE"
653219;2025-01-04;"sábado";"21:21:00";"MG";262;362;"BETIM";"Ausência de reação do condutor";"Tombamento";"Com Vítimas Feridas";"Plena Noite";"Decrescente";"Céu Claro";"Dupla";"Reta";"Sim";1;0;1;0;0;0;1;1;-19,98025969;-44,22672112;"SPRF-MG";"DEL01-MG";"UOP03-DEL01-MG"
653220;2025-01-04;"sábado";"20:30:00";"PR";153;73,6;"CONSELHEIRO MAIRINCK";"Condutor desrespeitou a iluminação vermelha do semáforo";"Colisão traseira";"Com Vítimas Fatais";"Plena Noite";"Crescente";"Céu Claro";"Simples";"Curva;Declive";"Não";2;1;0;0;1;0;0;2;-23,55202819;-50,13298631;"SPRF-PR";"DEL07-PR";"UOP04-DEL07-PR"
653222;2025-01-04;"sábado";"17:45:00";"PB";230;408;"POMBAL";"Condutor deixou de manter distância do veículo da frente";"Colisão traseira";"Com Vítimas Feridas";"Anoitecer";"Decrescente";"Ignorado";"Simples";"Reta";"Sim";2;0;1;0;0;1;1;2;-6,7641;-37,794;"SPRF-PB";"DEL03-PB";"UOP02-DEL03-PB"
653224;2025-01-04;"sábado";"20:02:00";"RO";319;64;"PORTO VELHO";"Condutor desrespeitou a iluminação vermelha do semáforo";"Colisão transversal";"Com Vítimas Feridas";"Plena Noite";"Crescente";"Céu Claro";"Múltipla";"Reta;Interseção de Vias";"Sim";6;0;2;0;4;0;2;2;-8,766685;-63,884052;"SPRF-RO";"DEL01-RO";"UOP01-DEL01-RO"
653228;2025-01-04;"sábado";"20:54:00";"PR";369;47,4;"BANDEIRANTES";"Ausência de reação do condutor";"Saída de leito carroçável";"Com Vítimas Feridas";"Plena Noite";"Crescente";"Céu Claro";"Simples";"Reta";"Não";1;0;1;0;0;0;1;1;-23,101987;-50,30936837;"SPRF-PR";"DEL07-PR";"UOP05-DEL07-PR"
653229;2025-01-04;"sábado";"21:20:00";"MS";163;80,4;"ITAQUIRAI";"Ausência de reação do condutor";"Tombamento";"Com Vítimas Feridas";"Plena Noite";"Crescente";"Céu Claro";"Simples";"Aclive;Reta";"Não";2;0;0;2;0;0;2;1;-23,45800218;-54,1957354;"SPRF-MS";"DEL09-MS";"UOP01-DEL09-MS"
653232;2025-01-04;"sábado";"21:20:00";"BA";324;609,5;"SIMOES FILHO";"Ausência de reação do condutor";"Saída de leito carroçável";"Com Vítimas Feridas";"Plena Noite";"Crescente";"Céu Claro";"Dupla";"Reta";"Sim";1;0;1;0;0;0;1;1;-12,82066;-38,40798;"SPRF-BA";"DEL01-BA";"UOP01-DEL01-BA"
653233;2025-01-04;"sábado";"21:25:00";"SC";116;218,9;"CORREIA PINTO";"Entrada inopinada do pedestre";"Atropelamento de Pedestre";"Com Vítimas Feridas";"Plena Noite";"Decrescente";"Céu Claro";"Simples";"Declive;Reta";"Não";3;0;1;0;2;0;1;2;-27,56247698;-50,37616896;"SPRF-SC";"DEL05-SC";"UOP03-DEL05-SC"
653235;2025-01-04;"sábado";"21:00:00";"RR";432;209;"CANTA";"Ausência de reação do condutor";"Colisão com objeto";"Com Vítimas Feridas";"Plena Noite";"Decrescente";"Céu Claro";"Simples";"Reta";"Sim";1;0;0;1;0;0;1;1;2,762605;-60,6088519;"SPRF-RR";"DEL01-RR";"UOP01-DEL01-RR"
653236;2025-01-04;"sábado";"12:00:00";"SC";101;149;"ITAPEMA";"Ultrapassagem Indevida";"Colisão lateral mesmo sentido";"Com Vítimas Feridas";"Pleno dia";"Decrescente";"Sol";"Múltipla";"Reta";"Sim";2;0;1;0;0;1;1;2;-27,1089649;-48,61277586;"SPRF-SC";"DEL04-SC";"UOP03-DEL04-SC"
653239;2025-01-04;"sábado";"22:50:00";"MG";364;30;"FRUTAL";"Animais na Pista";"Atropelamento de Animal";"Com Vítimas Feridas";"Plena Noite";"Crescente";"Céu Claro";"Simples";"Declive;Reta";"Sim";2;0;1;0;1;0;1;2;-20,025185;-48,94096;"SPRF-MG";"DEL13-MG";"UOP02-DEL13-MG"
653240;2025-01-04;"sábado";"19:00:00";"RS";116;91,9;"CAMPESTRE DA SERRA";"Demais falhas na via";"Tombamento";"Com Vítimas Feridas";"Plena Noite";"Crescente";"Céu Claro";"Simples";"Curva";"Não";1;0;1;0;0;0;1;1;-28,86918963;-51,11955903;"SPRF-RS";"DEL05-RS";"UOP03-DEL05-RS"
653241;2025-01-04;"sábado";"21:40:00";"GO";153;338;"JARAGUA";"Condutor deixou de manter distância do veículo da frente";"Colisão traseira";"Com Vítimas Feridas";"Plena Noite";"Crescente";"Céu Claro";"Simples";"Reta";"Não";3;0;2;0;1;0;2;2;-15,579773;-49,416214;"SPRF-GO";"DEL02-GO";"UOP02-DEL02-GO"
653242;2025-01-04;"sábado";"23:30:00";"SC";470;147,2;"RIO DO SUL";"Demais falhas na via";"Saída de leito carroçável";"Com Vítimas Fatais";"Plena Noite";"Crescente";"Céu Claro";"Simples";"Reta";"Não";1;1;0;0;0;0;0;1;-27,24335205;-49,6900403;"SPRF-SC";"DEL04-SC";"UOP02-DEL04-SC"
653243;2025-01-04;"sábado";"21:30:00";"RS";285;5;"SAO BORJA";"Transitar na contramão";"Colisão frontal";"Com Vítimas Feridas";"Plena Noite";"Decrescente";"Céu Claro";"Simples";"Reta";"Não";5;0;1;0;4;0;1;2;-28,661;-56,0052;"SPRF-RS";"DEL12-RS";"UOP01-DEL12-RS"
653244;2025-01-04;"sábado";"20:54:00";"RJ";101;399;"ITAGUAI";"Condutor deixou de manter distância do veículo da frente";"Colisão traseira";"Com Vítimas Feridas";"Plena Noite";"Crescente";"Céu Claro";"Dupla";"Reta";"Não";3;0;2;0;0;1;2;2;-22,85921896;-43,75891497;"SPRF-RJ";"DEL03-RJ";"UOP01-DEL03-RJ"
653245;2025-01-04;"sábado";"21:15:00";"RJ";40;124;"DUQUE DE CAXIAS";"Acesso irregular";"Colisão lateral mesmo sentido";"Com Vítimas Feridas";"Plena Noite";"Decrescente";"Céu Claro";"Múltipla";"Curva";"Não";2;0;1;0;1;0;1;2;-22,807953;-43,289124;"SPRF-RJ";"DEL01-RJ";"UOP02-DEL01-RJ"
653246;2025-01-04;"sábado";"23:57:00";"DF";70;3,3;"BRASILIA";"Ingestão de álcool pelo condutor";"Colisão traseira";"Sem Vítimas";"Plena Noite";"Decrescente";"Céu Claro";"Dupla";"Retorno Regulamentado;Reta";"Não";2;0;0;0;2;0;0;2;-15,802453;-48,080387;"SPRF-DF";"DEL03-DF";"UOP02-DEL03-DF"
653247;2025-01-04;"sábado";"20:50:00";"MG";116;407,8;"GOVERNADOR VALADARES";"Conversão proibida";"Colisão transversal";"Com Vítimas Feridas";"Plena Noite";"Decrescente";"Céu Claro";"Simples";"Reta";"Não";2;0;0;1;1;0;1;2;-18,835552;-41,98926799;"SPRF-MG";"DEL06-MG";"UOP01-DEL06-MG"
653249;2025-01-05;"domingo";"00:05:00";"RJ";101;321;"NITEROI";"Reação tardia ou ineficiente do condutor";"Tombamento";"Com Vítimas Feridas";"Plena Noite";"Decrescente";"Céu Claro";"Múltipla";"Curva";"Sim";2;0;1;1;0;0;2;1;-22,86981096;-43,11046465;"SPRF-RJ";"DEL02-RJ";"UOP01-DEL02-RJ"
653252;2025-01-04;"sábado";"23:45:00";"MG";50;42;"ARAGUARI";"Manobra de mudança de faixa";"Colisão traseira";"Sem Vítimas";"Plena Noite";"Crescente";"Nublado";"Dupla";"Reta";"Não";2;0;0;0;2;0;0;2;-18,69101412;-48,18009275;"SPRF-MG";"DEL15-MG";"UOP02-DEL15-MG"
653253;2025-01-05;"domingo";"01:15:00";"GO";20;179,8;"ALVORADA DO NORTE";"Ingestão de álcool pelo condutor";"Colisão frontal";"Com Vítimas Fatais";"Plena Noite";"Decrescente";"Nublado";"Simples";"Reta;Aclive";"Não";2;1;0;0;1;0;0;2;-14,485163;-46,498554;"SPRF-DF";"DEL02-DF";"UOP03-DEL02-DF"