"id";"data_inversa";"dia_semana";"horario";"uf";"br";"km";"municipio";"causa_acidente";"tipo_acidente";"classificacao_acidente";"fase_dia";"sentido_via";"condicao_metereologica";"tipo_pista";"tracado_via";"uso_solo";"pessoas";"mortos";"feridos_leves";"feridos_graves";"ilesos";"ignorados";"feridos";"veiculos";"latitude";"longitude";"regional";"delegacia";"uop"
653254;2025-01-05;"domingo";"01:20:00";"RN";101;96;"NATAL";"Reação tardia ou ineficiente do condutor";"Colisão com objeto";"Com Vítimas Feridas";"Plena Noite";"Crescente";"Ignorado";"Múltipla";"Curva";"Sim";1;0;1;0;0;0;1;1;-5,84949622;-35,20890752;"SPRF-RN";"DEL01-RN";"UOP01-DEL01-RN"
653255;2025-01-05;"domingo";"00:04:00";"SP";116;546;"BARRA DO TURVO";"Reação tardia ou ineficiente do condutor";"Colisão com objeto";"Sem Vítimas";"Plena Noite";"Crescente";"Garoa/Chuvisco";"Dupla";"Curva;Aclive";"Não";1;0;0;0;1;0;0;1;-24,9470862;-48,43042095;"SPRF-SP";"DEL05-SP";"UOP02-DEL05-SP"
653256;2025-01-05;"domingo";"00:40:00";"RS";470;222,9;"GARIBALDI";"Reação tardia ou ineficiente do condutor";"Saída de leito carroçável";"Com Vítimas Feridas";"Plena Noite";"Crescente";"Céu Claro";"Simples";"Reta";"Sim";3;0;1;1;1;0;2;2;-29,223383;-51,516108;"SPRF-RS";"DEL06-RS";"UOP01-DEL06-RS"
653257;2025-01-04;"sábado";"23:00:00";"RJ";493;66;"NOVA IGUACU";"Entrada inopinada do pedestre";"Atropelamento de Pedestre";"Com Vítimas Fatais";"Plena Noite";"Crescente";"Céu Claro";"Dupla";"Reta";"Sim";2;1;0;0;1;0;0;2;-22,68245002;-43,45333099;"SPRF-RJ";"DEL01-RJ";"UOP03-DEL01-RJ"
653258;2025-01-05;"domingo";"03:00:00";"RN";304;24;"MOSSORO";"Reação tardia ou ineficiente do condutor";"Saída de leito carroçável";"Sem Vítimas";"Plena Noite";"Crescente";"Céu Claro";"Simples";"Rotatória";"Não";1;0;0;0;0;1;0;1;-5,06488233;-37,33287055;"SPRF-RN";"DEL04-RN";"UOP02-DEL04-RN"
653259;2025-01-05;"domingo";"02:00:00";"BA";110;9;"PAULO AFONSO";"Ausência de reação do condutor";"Queda de ocupante de veículo";"Com Vítimas Fatais";"Plena Noite";"Crescente";"Céu Claro";"Simples";"Reta";"Não";1;1;0;0;0;0;0;1;-9,53232396;-38,22095637;"SPRF-BA";"DEL07-BA";"UOP01-DEL07-BA"
653260;2025-01-05;"domingo";"03:30:00";"BA";324;601;"SIMOES FILHO";"Ausência de reação do condutor";"Queda de ocupante de veículo";"Com Vítimas Feridas";"Plena Noite";"Decrescente";"Céu Claro";"Dupla";"Reta";"Sim";1;0;0;1;0;0;1;1;-12,75619292;-38,42803587;"SPRF-BA";"DEL01-BA";"UOP01-DEL01-BA"
653261;2025-01-05;"domingo";"02:48:00";"MS";262;169,9;"RIBAS DO RIO PARDO";"Avarias e/ou desgaste excessivo no pneu";"Saída de leito carroçável";"Com Vítimas Feridas";"Plena Noite";"Crescente";"Céu Claro";"Simples";"Reta";"Não";1;0;1;0;0;0;1;1;-20,42529281;-53,10442696;"SPRF-MS";"DEL07-MS";"UOP02-DEL07-MS"
653262;2025-01-05;"domingo";"03:40:00";"GO";153;493;"GOIANIA";"Ausência de reação do condutor";"Queda de ocupante de veículo";"Com Vítimas Feridas";"Plena Noite";"Crescente";"Céu Claro";"Dupla";"Reta";"Sim";1;0;0;1;0;0;1;1;-16,6537;-49,2172;"SPRF-GO";"DEL01-GO";"UOP01-DEL01-GO"
653263;2025-01-05;"domingo";"03:05:00";"GO";50;257;"CATALAO";"Mal súbito do condutor";"Saída de leito carroçável";"Com Vítimas Feridas";"Amanhecer";"Decrescente";"Chuva";"Dupla";"Reta";"Não";2;0;2;0;0;0;2;1;-18,0231;-47,8203;"SPRF-GO";"DEL06-GO";"UOP01-DEL06-GO"
653264;2025-01-05;"domingo";"04:10:00";"SP";116;54,9;"LORENA";"Ingestão de álcool pelo condutor";"Tombamento";"Sem Vítimas";"Amanhecer";"Decrescente";"Céu Claro";"Dupla";"Reta";"Não";2;0;0;0;2;0;0;1;-22,75803895;-45,11508003;"SPRF-SP";"DEL08-SP";"UOP02-DEL08-SP"
653265;2025-01-05;"domingo";"05:18:00";"MG";40;523;"CONTAGEM";"Demais falhas na via";"Tombamento";"Com Vítimas Feridas";"Amanhecer";"Crescente";"Nublado";"Dupla";"Curva";"Não";1;0;1;0;0;0;1;1;-19,86874894;-44,05962197;"SPRF-MG";"DEL01-MG";"UOP02-DEL01-MG"
653266;2025-01-05;"domingo";"04:26:00";"PR";476;216;"LAPA";"Ausência de reação do condutor";"Saída de leito carroçável";"Sem Vítimas";"Plena Noite";"Decrescente";"Nublado";"Simples";"Reta";"Não";1;0;0;0;0;1;0;1;-25,79723;-49,894169;"SPRF-PR";"DEL01-PR";"UOP06-DEL01-PR"
653267;2025-01-05;"domingo";"05:00:00";"PI";316;16;"TERESINA";"Ingestão de álcool pelo condutor";"Saída de leito carroçável";"Sem Vítimas";"Amanhecer";"Crescente";"Nublado";"Múltipla";"Reta";"Não";1;0;0;0;1;0;0;1;-5,23293685;-42,74590684;"SPRF-PI";"DEL01-PI";"UOP02-DEL01-PI"
653268;2025-01-05;"domingo";"06:10:00";"RN";101;85;"SAO GONCALO DO AMARANTE";"Condutor deixou de manter distância do veículo da frente";"Colisão traseira";"Sem Vítimas";"Pleno dia";"Crescente";"Céu Claro";"Simples";"Reta";"Não";2;0;0;0;2;0;0;2;-5,777664;-35,24937;"SPRF-RN";"DEL02-RN";"UOP01-DEL02-RN"
653269;2025-01-05;"domingo";"06:30:00";"MG";381;746,9;"TRES CORACOES";"Condutor Dormindo";"Saída de leito carroçável";"Com Vítimas Feridas";"Pleno dia";"Crescente";"Céu Claro";"Dupla";"Reta";"Não";2;0;1;0;1;0;1;1;-21,64340081;-45,29046703;"SPRF-MG";"DEL16-MG";"UOP02-DEL16-MG"
653271;2025-01-05;"domingo";"05:00:00";"RS";472;136,8;"TRES DE MAIO";"Demais falhas mecânicas ou elétricas";"Saída de leito carroçável";"Sem Vítimas";"Plena Noite";"Decrescente";"Céu Claro";"Simples";"Curva";"Não";1;0;0;0;1;0;0;1;-27,76660989;-54,27491106;"SPRF-RS";"DEL10-RS";"UOP01-DEL10-RS"
653272;2025-01-05;"domingo";"00:20:00";"BA";324;0,3;"FEIRA DE SANTANA";"Ingestão de álcool pelo condutor";"Colisão com objeto";"Sem Vítimas";"Plena Noite";"Crescente";"Céu Claro";"Dupla";"Curva";"Sim";2;0;0;0;0;2;0;1;-12,27553613;-38,93818731;"SPRF-BA";"DEL02-BA";"UOP01-DEL02-BA"
653273;2025-01-05;"domingo";"06:00:00";"PE";101;160;"GAMELEIRA";"Condutor deixou de manter distância do veículo da frente";"Colisão traseira";"Com Vítimas Feridas";"Pleno dia";"Crescente";"Céu Claro";"Dupla";"Reta";"Não";2;0;0;1;1;0;1;2;-8,55559186;-35,42237611;"SPRF-PE";"DEL01-PE";"UOP03-DEL01-PE"
653275;2025-01-05;"domingo";"06:40:00";"PR";277;180;"PALMEIRA";"Ultrapassagem Indevida";"Colisão frontal";"Com Vítimas Fatais";"Pleno dia";"Crescente";"Nublado";"Simples";"Declive;Reta";"Não";6;2;2;1;0;1;3;2;-25,429011;-50,032296;"SPRF-PR";"DEL08-PR";"UOP02-DEL08-PR"
653276;2025-01-05;"domingo";"06:45:00";"PB";230;19,9;"JOAO PESSOA";"Ausência de reação do condutor";"Tombamento";"Com Vítimas Feridas";"Pleno dia";"Decrescente";"Chuva";"Dupla";"Reta";"Não";1;0;1;0;0;0;1;1;-7,13716779;-34,85377908;"SPRF-PB";"DEL01-PB";"UOP01-DEL01-PB"
653278;2025-01-05;"domingo";"06:45:00";"PB";230;20;"JOAO PESSOA";"Pista Escorregadia";"Tombamento";"Com Vítimas Feridas";"Pleno dia";"Decrescente";"Chuva";"Dupla";"Curva;Viaduto";"Sim";2;0;2;0;0;0;2;1;-7,13716779;-34,85377908;"SPRF-PB";"DEL01-PB";"UOP01-DEL01-PB"
653280;2025-01-04;"sábado";"22:30:00";"RJ";40;120;"DUQUE DE CAXIAS";"Reação tardia ou ineficiente do condutor";"Colisão traseira";"Sem Vítimas";"Plena Noite";"Crescente";"Nublado";"Múltipla";"Reta";"Sim";2;0;0;0;1;1;0;2;-22,78136494;-43,28599334;"SPRF-RJ";"DEL01-RJ";"UOP02-DEL01-RJ"
653281;2025-01-05;"domingo";"05:30:00";"BA";101;448;"AURELINO LEAL";"Condutor Dormindo";"Saída de leito carroçável";"Com Vítimas Feridas";"Pleno dia";"Decrescente";"Céu Claro";"Simples";"Reta";"Não";1;0;0;1;0;0;1;1;-14,339083;-39,315197;"SPRF-BA";"DEL05-BA";"UOP01-DEL05-BA"
653282;2025-01-05;"domingo";"07:45:00";"ES";262;34;"DOMINGOS MARTINS";"Pista Escorregadia";"Saída de leito carroçável";"Com Vítimas Feridas";"Pleno dia";"Crescente";"Chuva";"Simples";"Curva";"Não";2;0;1;0;1;0;1;1;-20,37297172;-40,59246445;"SPRF-ES";"DEL01-ES";"UOP01-DEL01-ES"
653283;2025-01-05;"domingo";"04:20:00";"MG";381;491;"BETIM";"Velocidade Incompatível";"Colisão com objeto";"Com Vítimas Feridas";"Plena Noite";"Decrescente";"Céu Claro";"Dupla";"Reta";"Não";1;0;1;0;0;0;1;1;-19,97018187;-44,18210416;"SPRF-MG";"DEL01-MG";"UOP03-DEL01-MG"
653286;2025-01-05;"domingo";"07:35:00";"PI";343;188;"PIRIPIRI";"Acessar a via sem observar a presença dos outros veículos";"Colisão transversal";"Com Vítimas Feridas";"Pleno dia";"Decrescente";"Céu Claro";"Simples";"Curva";"Sim";2;0;1;0;1;0;1;2;-4,30723;-41,770481;"SPRF-PI";"DEL02-PI";"UOP01-DEL02-PI"
653289;2025-01-05;"domingo";"08:30:00";"SC";101;195,2;"BIGUACU";"Transitar na contramão";"Colisão transversal";"Com Vítimas Feridas";"Pleno dia";"Crescente";"Céu Claro";"Dupla";"Reta";"Sim";2;0;1;0;1;0;1;2;-27,5047092;-48,65010819;"SPRF-SC";"DEL01-SC";"UOP01-DEL01-SC"
653290;2025-01-05;"domingo";"06:30:00";"RO";364;421,3;"JARU";"Velocidade Incompatível";"Tombamento";"Com Vítimas Feridas";"Amanhecer";"Decrescente";"Nublado";"Simples";"Interseção de Vias";"Sim";1;0;0;1;0;0;1;1;-10,46111127;-62,45531042;"SPRF-RO";"DEL03-RO";"UOP02-DEL03-RO"
653292;2025-01-05;"domingo";"08:40:00";"SC";101;123;"ITAJAI";"Desrespeitar a preferência no cruzamento";"Colisão transversal";"Com Vítimas Feridas";"Pleno dia";"Crescente";"Nublado";"Dupla";"Interseção de Vias;Reta";"Não";2;0;1;0;1;0;1;2;-26,93668609;-48,69876905;"SPRF-SC";"DEL04-SC";"UOP04-DEL04-SC"
653295;2025-01-05;"domingo";"09:35:00";"MG";365;41,3;"CLARO DOS POCOES";"Ausência de reação do condutor";"Saída de leito carroçável";"Com Vítimas Feridas";"Pleno dia";"Crescente";"Sol";"Simples";"Reta";"Não";3;0;0;3;0;0;3;1;-16,88846409;-44,1815969;"SPRF-MG";"DEL12-MG";"UOP01-DEL12-MG"
653296;2025-01-05;"domingo";"09:30:00";"MG";262;94;"ABRE CAMPO";"Acessar a via sem observar a presença dos outros veículos";"Colisão transversal";"Com Vítimas Feridas";"Pleno dia";"Decrescente";"Nublado";"Simples";"Curva";"Sim";2;0;0;1;1;0;1;2;-20,30646793;-42,46611787;"SPRF-MG";"DEL03-MG";"UOP03-DEL03-MG"
653297;2025-01-05;"domingo";"08:00:00";"SC";101;198;"BIGUACU";"Demais falhas mecânicas ou elétricas";"Incêndio";"Sem Vítimas";"Pleno dia";"Decrescente";"Céu Claro";"Dupla";"Reta";"Sim";1;0;0;0;1;0;0;1;-27,52658712;-48,63506019;"SPRF-SC";"DEL01-SC";"UOP01-DEL01-SC"
653298;2025-01-05;"domingo";"10:05:00";"PB";230;132,8;"CAMPINA GRANDE";"Ausência de reação do condutor";"Tombamento";"Com Vítimas Feridas";"Pleno dia";"Crescente";"Sol";"Simples";"Curva";"Não";1;0;1;0;0;0;1;1;-7,27541295;-35,75283051;"SPRF-PB";"DEL02-PB";"UOP01-DEL02-PB"
653299;2025-01-05;"domingo";"06:00:00";"MG";40;258,5;"SAO GONCALO DO ABAETE";"Pista esburacada";"Saída de leito carroçável";"Com Vítimas Feridas";"Pleno dia";"Crescente";"Nublado";"Simples";"Reta";"Não";2;0;1;1;0;0;2;1;-18,13557504;-45,38218;"SPRF-MG";"DEL14-MG";"UOP02-DEL14-MG"
653300;2025-01-05;"domingo";"07:30:00";"RJ";116;29;"SAPUCAIA";"Velocidade Incompatível";"Colisão com objeto";"Com Vítimas Feridas";"Pleno dia";"Decrescente";"Nublado";"Simples";"Curva";"Não";1;0;1;0;0;0;1;1;-22,06451983;-42,79542346;"SPRF-RJ";"DEL05-RJ";"UOP01-DEL05-RJ"
653302;2025-01-05;"domingo";"07:20:00";"BA";101;762;"ITABELA";"Avarias e/ou desgaste excessivo no pneu";"Colisão frontal";"Com Vítimas Feridas";"Pleno dia";"Crescente";"Céu Claro";"Simples";"Reta";"Não";4;0;0;1;2;1;1;2;-16,851176;-39,49120135;"SPRF-BA";"DEL09-BA";"UOP01-DEL09-BA"
653303;2025-01-05;"domingo";"10:10:00";"PI";316;10,9;"TERESINA";"Desrespeitar a preferência no cruzamento";"Colisão transversal";"Com Vítimas Feridas";"Pleno dia";"Crescente";"Sol";"Múltipla";"Viaduto;Interseção de Vias;Rotatória";"Sim";2;0;1;0;1;0;1;2;-5,18280197;-42,76350291;"SPRF-PI";"DEL01-PI";"UOP02-DEL01-PI"
653304;2025-01-05;"domingo";"09:40:00";"SP";101;40;"UBATUBA";"Ausência de reação do condutor";"Colisão traseira";"Sem Vítimas";"Pleno dia";"Decrescente";"Céu Claro";"Simples";"Reta";"Não";2;0;0;0;2;0;0;2;-23,41495528;-45,03516778;"SPRF-SP";"DEL06-SP";"UOP01-DEL06-SP"
653305;2025-01-05;"domingo";"09:00:00";"BA";101;128;"ALAGOINHAS";"Demais Fenômenos da natureza";"Saída de leito carroçável";"Com Vítimas Feridas";"Pleno dia";"Crescente";"Céu Claro";"Simples";"Reta";"Não";7;0;6;0;1;0;6;1;-12,20643979;-38,61527134;"SPRF-BA";"DEL01-BA";"UOP04-DEL01-BA"
653307;2025-01-05;"domingo";"09:20:00";"MG";262;532,9;"LUZ";"Reação tardia ou ineficiente do condutor";"Colisão traseira";"Com Vítimas Feridas";"Pleno dia";"Crescente";"Céu Claro";"Simples";"Curva";"Não";9;0;2;0;7;0;2;2;-19,78055943;-45,73305711;"SPRF-MG";"DEL08-MG";"UOP02-DEL08-MG"
653311;2025-01-05;"domingo";"09:40:00";"MA";135;43;"BACABEIRA";"Reação tardia ou ineficiente do condutor";"Colisão traseira";"Sem Vítimas";"Pleno dia";"Crescente";"Céu Claro";"Dupla";"Reta";"Sim";5;0;0;0;4;1;0;2;-2,91264134;-44,35402453;"SPRF-MA";"DEL01-MA";"UOP01-DEL01-MA"
653312;2025-01-05;"domingo";"11:21:00";"ES";101;66;"SAO MATEUS";"Condutor deixou de manter distância do veículo da frente";"Colisão traseira";"Com Vítimas Feridas";"Pleno dia";"Decrescente";"Chuva";"Múltipla";"Reta";"Não";2;0;1;0;1;0;1;2;-18,7165195;-39,87436378;"SPRF-ES";"DEL04-ES";"UOP02-DEL04-ES"
653314;2025-01-05;"domingo";"10:00:00";"RJ";354;20;"RESENDE";"Transitar na contramão";"Colisão lateral sentido oposto";"Com Vítimas Feridas";"Pleno dia";"Crescente";"Céu Claro";"Simples";"Curva";"Não";4;0;1;2;1;0;3;2;-22,477699;-44,70911;"SPRF-RJ";"DEL07-RJ";"UOP02-DEL07-RJ"
653315;2025-01-05;"domingo";"11:00:00";"GO";60;285;"ACREUNA";"Reação tardia ou ineficiente do condutor";"Colisão com objeto";"Com Vítimas Feridas";"Pleno dia";"Decrescente";"Nublado";"Dupla";"Curva";"Não";2;0;2;0;0;0;2;1;-17,2723;-50,2372;"SPRF-GO";"DEL04-GO";"UOP02-DEL04-GO"
653316;2025-01-05;"domingo";"12:06:00";"ES";101;40,7;"CONCEICAO DA BARRA";"Chuva";"Queda de ocupante de veículo";"Com Vítimas Feridas";"Pleno dia";"Crescente";"Chuva";"Simples";"Reta";"Não";1;0;1;0;0;0;1;1;-18,49980697;-39,91851689;"SPRF-ES";"DEL04-ES";"UOP02-DEL04-ES"
653318;2025-01-05;"domingo";"10:55:00";"SC";101;403,3;"MARACAJA";"Condutor deixou de manter distância do veículo da frente";"Engavetamento";"Sem Vítimas";"Pleno dia";"Crescente";"Céu Claro";"Dupla";"Reta";"Não";6;0;0;0;6;0;0;3;-28,88811965;-49,4654274;"SPRF-SC";"DEL02-SC";"UOP02-DEL02-SC"
653319;2025-01-05;"domingo";"11:45:00";"SP";116;307;"SAO LOURENCO DA SERRA";"Manobra de mudança de faixa";"Colisão lateral mesmo sentido";"Com Vítimas Feridas";"Pleno dia";"Decrescente";"Céu Claro";"Dupla";"Reta";"Sim";3;0;2;0;0;1;2;2;-23,85630016;-46,94096988;"SPRF-SP";"DEL04-SP";"UOP01-DEL04-SP"
653320;2025-01-05;"domingo";"12:00:00";"MG";381;0,5;"BETIM";"Trafegar com motocicleta (ou similar) entre as faixas";"Colisão lateral mesmo sentido";"Com Vítimas Feridas";"Pleno dia";"Decrescente";"Céu Claro";"Dupla";"Aclive;Curva";"Não";2;0;1;0;1;0;1;2;-19,96825;-44,198708;"SPRF-MG";"DEL01-MG";"UOP03-DEL01-MG"
653321;2025-01-05;"domingo";"12:10:00";"RS";101;36,7;"TRES CACHOEIRAS";"Ausência de reação do condutor";"Colisão com objeto";"Sem Vítimas";"Pleno dia";"Crescente";"Céu Claro";"Dupla";"Reta";"Não";1;0;0;0;1;0;0;1;-29,52220183;-49,99975009;"SPRF-RS";"DEL03-RS";"UOP02-DEL03-RS"
653323;2025-01-05;"domingo";"11:15:00";"RS";101;33,5;"TRES CACHOEIRAS";"Demais falhas mecânicas ou elétricas";"Tombamento";"Com Vítimas Feridas";"Pleno dia";"Crescente";"Céu Claro";"Dupla";"Reta";"Não";2;0;2;0;0;0;2;1;-29,5028698;-49,97956231;"SPRF-RS";"DEL03-RS";"UOP02-DEL03-RS"
653324;2025-01-05;"domingo";"12:00:00";"PR";277;335,2;"GUARAPUAVA";"Reação tardia ou ineficiente do condutor";"Tombamento";"Com Vítimas Feridas";"Pleno dia";"Crescente";"Céu Claro";"Dupla";"Curva";"Não";2;0;1;1;0;0;2;1;-25,36058272;-51,35210476;"SPRF-PR";"DEL08-PR";"UOP01-DEL08-PR"
653325;2025-01-05;"domingo";"13:10:00";"SP";381;76;"SAO PAULO";"Velocidade Incompatível";"Colisão lateral mesmo sentido";"Com Vítimas Feridas";"Pleno dia";"Decrescente";"Céu Claro";"Dupla";"Aclive;Curva";"Não";3;0;1;0;2;0;1;2;-23,38372401;-46,56502116;"SPRF-SP";"DEL03-SP";"UOP01-DEL03-SP"
653326;2025-01-05;"domingo";"13:15:00";"SP";116;283;"EMBU DAS ARTES";"Conversão proibida";"Colisão transversal";"Com Vítimas Feridas";"Pleno dia";"Decrescente";"Céu Claro";"Dupla";"Interseção de Vias";"Sim";2;0;1;0;1;0;1;2;-23,69297005;-46,86352786;"SPRF-SP";"DEL04-SP";"UOP01-DEL04-SP"
653327;2025-01-05;"domingo";"12:00:00";"RJ";116;264;"VOLTA REDONDA";"Acessar a via sem observar a presença dos outros veículos";"Colisão lateral mesmo sentido";"Com Vítimas Feridas";"Pleno dia";"Crescente";"Céu Claro";"Simples";"Reta";"Não";3;0;1;0;2;0;1;2;-22,59213864;-44,07723781;"SPRF-RJ";"DEL07-RJ";"UOP02-DEL07-RJ"
653328;2025-01-05;"domingo";"13:00:00";"SC";101;12,2;"GARUVA";"Ausência de reação do condutor";"Colisão lateral mesmo sentido";"Com Vítimas Feridas";"Pleno dia";"Decrescente";"Nublado";"Dupla";"Reta";"Não";3;0;3;0;0;0;3;2;-26,08104399;-48,86175612;"SPRF-SC";"DEL03-SC";"UOP01-DEL03-SC"
653329;2025-01-05;"domingo";"13:10:00";"RJ";101;433;"MANGARATIBA";"Conversão proibida";"Colisão transversal";"Sem Vítimas";"Pleno dia";"Decrescente";"Nublado";"Simples";"Reta";"Sim";2;0;0;0;2;0;0;2;-22,93842518;-44,03644001;"SPRF-RJ";"DEL03-RJ";"UOP02-DEL03-RJ"
653330;2025-01-05;"domingo";"09:45:00";"MA";10;167;"PORTO FRANCO";"Transitar na contramão";"Colisão lateral sentido oposto";"Sem Vítimas";"Pleno dia";"Decrescente";"Céu Claro";"Simples";"Reta;Declive";"Não";2;0;0;0;2;0;0;2;-6,257395;-47,354179;"SPRF-MA";"DEL04-MA";"UOP02-DEL04-MA"
653331;2025-01-05;"domingo";"11:00:00";"GO";70;474;"ARAGARCAS";"Reação tardia ou ineficiente do condutor";"Colisão com objeto";"Sem Vítimas";"Pleno dia";"Decrescente";"Céu Claro";"Dupla";"Reta";"Sim";1;0;0;0;0;1;0;1;-15,89603041;-52,25064581;"SPRF-GO";"DEL04-GO";"UOP02-DEL04-GO"
653332;2025-01-05;"domingo";"12:02:00";"RO";364;345;"JI-PARANA";"Conversão proibida";"Colisão lateral mesmo sentido";"Com Vítimas Feridas";"Pleno dia";"Crescente";"Sol";"Múltipla";"Interseção de Vias;Reta";"Sim";3;0;2;0;1;0;2;2;-10,87376391;-61,95256893;"SPRF-RO";"DEL02-RO";"UOP01-DEL02-RO"
653333;2025-01-05;"domingo";"14:10:00";"SC";101;220;"PALHOCA";"Condutor deixou de manter distância do veículo da frente";"Colisão traseira";"Com Vítimas Feridas";"Pleno dia";"Decrescente";"Céu Claro";"Dupla";"Reta;Ponte";"Não";4;0;2;0;2;0;2;2;-27,69198941;-48,66368358;"SPRF-SC";"DEL01-SC";"UOP02-DEL01-SC"
653334;2025-01-05;"domingo";"13:10:00";"PE";232;418;"SERRA TALHADA";"Ausência de reação do condutor";"Tombamento";"Com Vítimas Feridas";"Pleno dia";"Decrescente";"Céu Claro";"Simples";"Reta";"Não";2;0;1;0;0;1;1;2;-8,000268;-38,369128;"SPRF-PE";"DEL04-PE";"UOP01-DEL04-PE"
653335;2025-01-05;"domingo";"13:00:00";"PR";376;512;"PONTA GROSSA";"Ausência de reação do condutor";"Saída de leito carroçável";"Com Vítimas Feridas";"Pleno dia";"Crescente";"Céu Claro";"Dupla";"Reta";"Não";5;0;2;1;2;0;3;1;-25,25986852;-49,98092888;"SPRF-PR";"DEL03-PR";"UOP04-DEL03-PR"
653336;2025-01-05;"domingo";"13:00:00";"MG";262;535;"LUZ";"Reação tardia ou ineficiente do condutor";"Saída de leito carroçável";"Com Vítimas Feridas";"Pleno dia";"Decrescente";"Céu Claro";"Simples";"Reta";"Não";5;0;4;0;1;0;4;1;-19,76767283;-45,78655243;"SPRF-MG";"DEL08-MG";"UOP02-DEL08-MG"
653339;2025-01-05;"domingo";"09:10:00";"MS";262;624;"MIRANDA";"Ausência de reação do condutor";"Tombamento";"Com Vítimas Feridas";"Pleno dia";"Decrescente";"Céu Claro";"Simples";"Reta";"Não";1;0;1;0;0;0;1;1;-19,91732297;-56,85881893;"SPRF-MS";"DEL03-MS";"UOP02-DEL03-MS"
653340;2025-01-05;"domingo";"13:30:00";"PE";101;180;"PALMARES";"Acesso irregular";"Colisão transversal";"Com Vítimas Feridas";"Pleno dia";"Crescente";"Céu Claro";"Dupla";"Curva;Declive";"Não";2;0;0;1;1;0;1;2;-8,635238;-35,560932;"SPRF-PE";"DEL01-PE";"UOP03-DEL01-PE"
653343;2025-01-05;"domingo";"15:30:00";"PR";277;7,7;"PARANAGUA";"Ausência de reação do condutor";"Colisão traseira";"Sem Vítimas";"Pleno dia";"Crescente";"Nublado";"Dupla";"Reta";"Não";2;0;0;0;2;0;0;2;-25,563588;-48,594489;"SPRF-PR";"DEL01-PR";"UOP05-DEL01-PR"
653344;2025-01-05;"domingo";"15:30:00";"RS";290;24;"SANTO ANTONIO DA PATRULHA";"Ausência de reação do condutor";"Colisão traseira";"Com Vítimas Feridas";"Pleno dia";"Crescente";"Céu Claro";"Múltipla";"Reta";"Não";4;0;1;0;3;0;1;4;-29,88322;-50,490093;"SPRF-RS";"DEL03-RS";"UOP01-DEL03-RS"
653345;2025-01-05;"domingo";"15:30:00";"PR";469;13;"FOZ DO IGUACU";"Demais falhas mecânicas ou elétricas";"Incêndio";"Sem Vítimas";"Pleno dia";"Crescente";"Céu Claro";"Simples";"Reta;Em Obras";"Sim";1;0;0;0;0;1;0;1;-25,5754;-54,5489;"SPRF-PR";"DEL05-PR";"UOP04-DEL05-PR"
653346;2025-01-05;"domingo";"14:30:00";"PE";232;79,4;"GRAVATA";"Ingestão de álcool pelo condutor";"Colisão traseira";"Sem Vítimas";"Pleno dia";"Crescente";"Céu Claro";"Simples";"Reta";"Sim";2;0;0;0;2;0;0;2;-8,19460572;-35,56074803;"SPRF-PE";"DEL02-PE";"UOP02-DEL02PE"
653347;2025-01-05;"domingo";"16:08:00";"PB";230;27;"JOAO PESSOA";"Condutor deixou de manter distância do veículo da frente";"Colisão traseira";"Sem Vítimas";"Pleno dia";"Crescente";"Céu Claro";"Múltipla";"Viaduto";"Não";5;0;0;0;5;0;0;2;-7,1677;-34,8855;"SPRF-PB";"DEL01-PB";"UOP01-DEL01-PB"
653348;2025-01-05;"domingo";"15:10:00";"MG";381;358;"JOAO MONLEVADE";"Acessar a via sem observar a presença dos outros veículos";"Colisão transversal";"Com Vítimas Feridas";"Pleno dia";"Decrescente";"Nublado";"Simples";"Interseção de Vias";"Sim";6;0;1;0;5;0;1;2;-19,85592801;-43,21689055;"SPRF-MG";"DEL03-MG";"UOP01-DEL03-MG"
653350;2025-01-05;"domingo";"16:00:00";"PE";232;7,1;"RECIFE";"Condutor deixou de manter distância do veículo da frente";"Colisão traseira";"Sem Vítimas";"Pleno dia";"Decrescente";"Céu Claro";"Múltipla";"Reta";"Não";5;0;0;0;5;0;0;2;-8,07333497;-34,96184301;"SPRF-PE";"DEL01-PE";"UOP01-DEL01-PE"
653352;2025-01-05;"domingo";"14:40:00";"RJ";101;57;"CAMPOS DOS GOYTACAZES";"Acessar a via sem observar a presença dos outros veículos";"Colisão transversal";"Com Vítimas Feridas";"Pleno dia";"Crescente";"Chuva";"Simples";"Interseção de Vias";"Não";2;0;1;0;1;0;1;2;-21,69602101;-41,31017467;"SPRF-RJ";"DEL08-RJ";"UOP01-DEL08-RJ"
653353;2025-01-05;"domingo";"16:50:00";"MG";365;683;"MONTE ALEGRE DE MINAS";"Animais na Pista";"Saída de leito carroçável";"Com Vítimas Feridas";"Pleno dia";"Crescente";"Nublado";"Dupla";"Declive;Reta";"Sim";1;0;1;0;0;0;1;1;-18,851478;-48,847366;"SPRF-MG";"DEL15-MG";"UOP01-DEL15-MG"
653354;2025-01-05;"domingo";"16:10:00";"RS";392;53,9;"RIO GRANDE";"Ingestão de álcool pelo condutor";"Saída de leito carroçável";"Sem Vítimas";"Pleno dia";"Decrescente";"Céu Claro";"Dupla";"Reta";"Não";2;0;0;0;1;1;0;2;-31,84726997;-52,32688484;"SPRF-RS";"DEL07-RS";"UOP02-DEL07-RS"
653356;2025-01-05;"domingo";"17:00:00";"BA";20;184;"LUIS EDUARDO MAGALHAES";"Acessar a via sem observar a presença dos outros veículos";"Colisão traseira";"Sem Vítimas";"Pleno dia";"Crescente";"Nublado";"Simples";"Reta";"Não";2;0;0;0;2;0;0;2;-12,37643128;-45,86460056;"SPRF-BA";"DEL10-BA";"UOP01-DEL10-BA"