"id";"data_inversa";"dia_semana";"horario";"uf";"br";"km";"municipio";"causa_acidente";"tipo_acidente";"classificacao_acidente";"fase_dia";"sentido_via";"condicao_metereologica";"tipo_pista";"tracado_via";"uso_solo";"pessoas";"mortos";"feridos_leves";"feridos_graves";"ilesos";"ignorados";"feridos";"veiculos";"latitude";"longitude";"regional";"delegacia";"uop"
653456;2025-01-06;"segunda-feira";"06:30:00";"RJ";101;477;"ANGRA DOS REIS";"Velocidade Incompatível";"Colisão lateral mesmo sentido";"Com Vítimas Feridas";"Pleno dia";"Decrescente";"Céu Claro";"Simples";"Reta";"Não";1;0;1;0;0;0;1;1;-22,99820396;-44,26554599;"SPRF-RJ";"DEL03-RJ";"UOP03-DEL03-RJ"
653457;2025-01-06;"segunda-feira";"08:00:00";"PR";277;21,6;"MORRETES";"Avarias e/ou desgaste excessivo no pneu";"Tombamento";"Com Vítimas Feridas";"Pleno dia";"Crescente";"Nublado";"Dupla";"Reta";"Não";2;0;2;0;0;0;2;1;-25,529522;-48,722518;"SPRF-PR";"DEL01-PR";"UOP05-DEL01-PR"
653458;2025-01-06;"segunda-feira";"08:20:00";"RS";290;80;"GRAVATAI";"Manobra de mudança de faixa";"Colisão traseira";"Sem Vítimas";"Pleno dia";"Crescente";"Céu Claro";"Dupla";"Reta";"Sim";2;0;0;0;2;0;0;2;-29,95400125;-51,06362983;"SPRF-RS";"DEL01-RS";"UOP01-DEL01-RS"
653459;2025-01-06;"segunda-feira";"06:00:00";"RJ";40;119;"DUQUE DE CAXIAS";"Ausência de reação do condutor";"Colisão com objeto";"Com Vítimas Feridas";"Pleno dia";"Decrescente";"Céu Claro";"Múltipla";"Reta";"Sim";1;0;1;0;0;0;1;1;-22,76375592;-43,28683062;"SPRF-RJ";"DEL01-RJ";"UOP02-DEL01-RJ"
653460;2025-01-06;"segunda-feira";"08:10:00";"RS";290;86;"PORTO ALEGRE";"Condutor deixou de manter distância do veículo da frente";"Colisão traseira";"Sem Vítimas";"Pleno dia";"Crescente";"Céu Claro";"Múltipla";"Reta";"Não";2;0;0;0;2;0;0;2;-29,96787327;-51,12067223;"SPRF-RS";"DEL01-RS";"UOP01-DEL01-RS"
653461;2025-01-06;"segunda-feira";"08:40:00";"SC";101;118;"ITAJAI";"Trafegar com motocicleta (ou similar) entre as faixas";"Colisão traseira";"Com Vítimas Feridas";"Pleno dia";"Crescente";"Céu Claro";"Dupla";"Reta";"Sim";2;0;1;0;1;0;1;2;-26,895859;-48,71903;"SPRF-SC";"DEL04-SC";"UOP04-DEL04-SC"
653462;2025-01-06;"segunda-feira";"06:55:00";"GO";153;328,9;"RIANAPOLIS";"Reação tardia ou ineficiente do condutor";"Saída de leito carroçável";"Com Vítimas Feridas";"Amanhecer";"Crescente";"Chuva";"Simples";"Curva";"Não";1;0;1;0;0;0;1;1;-15,512035;-49,473373;"SPRF-GO";"DEL02-GO";"UOP02-DEL02-GO"
653463;2025-01-06;"segunda-feira";"08:30:00";"GO";153;513,5;"APARECIDA DE GOIANIA";"Ingestão de álcool pelo condutor";"Colisão transversal";"Com Vítimas Feridas";"Pleno dia";"Decrescente";"Céu Claro";"Simples";"Reta;Viaduto";"Sim";2;0;1;0;1;0;1;2;-16,8244;-49,2421;"SPRF-GO";"DEL01-GO";"UOP03-DEL01-GO"
653464;2025-01-06;"segunda-feira";"08:00:00";"SP";381;63,8;"MAIRIPORA";"Reação tardia ou ineficiente do condutor";"Tombamento";"Com Vítimas Feridas";"Pleno dia";"Crescente";"Sol";"Dupla";"Declive;Reta";"Não";1;0;1;0;0;0;1;1;-23,302805;-46,572767;"SPRF-SP";"DEL03-SP";"UOP01-DEL03-SP"
653465;2025-01-06;"segunda-feira";"08:30:00";"BA";415;31;"ILHEUS";"Manobra de mudança de faixa";"Colisão lateral mesmo sentido";"Com Vítimas Feridas";"Pleno dia";"Crescente";"Céu Claro";"Dupla";"Reta";"Não";3;0;2;0;1;0;2;2;-14,8482;-39,281986;"SPRF-BA";"DEL05-BA";"UOP01-DEL05-BA"
653466;2025-01-06;"segunda-feira";"08:08:00";"MS";267;482,1;"JARDIM";"Ausência de reação do condutor";"Colisão traseira";"Com Vítimas Feridas";"Pleno dia";"Crescente";"Sol";"Simples";"Reta";"Sim";2;0;1;0;1;0;1;2;-21,48269265;-56,14929914;"SPRF-MS";"DEL05-MS";"UOP01-DEL05-MS"
653467;2025-01-06;"segunda-feira";"09:00:00";"SC";101;119;"ITAJAI";"Reação tardia ou ineficiente do condutor";"Colisão traseira";"Com Vítimas Feridas";"Pleno dia";"Decrescente";"Nublado";"Múltipla";"Reta";"Sim";2;0;1;0;0;1;1;2;-26,9043179;-48,71555481;"SPRF-SC";"DEL04-SC";"UOP04-DEL04-SC"
653469;2025-01-06;"segunda-feira";"08:00:00";"RS";290;376,8;"VILA NOVA DO SUL";"Reação tardia ou ineficiente do condutor";"Colisão traseira";"Com Vítimas Feridas";"Pleno dia";"Decrescente";"Céu Claro";"Simples";"Reta;Aclive";"Não";7;0;0;1;6;0;1;3;-30,339338;-53,87907;"SPRF-RS";"DEL09-RS";"UOP02-DEL09-RS"
653473;2025-01-06;"segunda-feira";"08:57:00";"BA";324;610;"SIMOES FILHO";"Condutor deixou de manter distância do veículo da frente";"Colisão traseira";"Com Vítimas Feridas";"Pleno dia";"Crescente";"Céu Claro";"Dupla";"Reta";"Não";3;0;2;0;1;0;2;2;-12,82931703;-38,41113193;"SPRF-BA";"DEL01-BA";"UOP01-DEL01-BA"
653474;2025-01-06;"segunda-feira";"09:30:00";"GO";70;320;"JUSSARA";"Retorno proibido";"Colisão transversal";"Com Vítimas Feridas";"Pleno dia";"Decrescente";"Nublado";"Dupla";"Declive;Curva;Interseção de Vias";"Sim";2;0;1;0;1;0;1;2;-15,87788149;-50,8864881;"SPRF-GO";"DEL04-GO";"UOP02-DEL04-GO"
653477;2025-01-06;"segunda-feira";"10:40:00";"SC";101;205,7;"SAO JOSE";"Reação tardia ou ineficiente do condutor";"Colisão traseira";"Com Vítimas Feridas";"Pleno dia";"Decrescente";"Céu Claro";"Múltipla";"Reta";"Sim";3;0;1;0;2;0;1;3;-27,58313237;-48,61532885;"SPRF-SC";"DEL01-SC";"UOP01-DEL01-SC"
653480;2025-01-06;"segunda-feira";"11:10:00";"PE";101;60;"RECIFE";"Animais na Pista";"Queda de ocupante de veículo";"Com Vítimas Feridas";"Pleno dia";"Decrescente";"Sol";"Dupla";"Reta";"Sim";2;0;2;0;0;0;2;1;-7,98344307;-34,93176727;"SPRF-PE";"DEL01-PE";"UOP02-DEL01-PE"
653481;2025-01-06;"segunda-feira";"10:10:00";"RS";386;294,4;"POUSO NOVO";"Mal súbito do condutor";"Saída de leito carroçável";"Com Vítimas Feridas";"Pleno dia";"Crescente";"Céu Claro";"Simples";"Curva";"Não";9;0;2;0;7;0;2;1;-29,121178;-52,248886;"SPRF-RS";"DEL04-RS";"UOP01-DEL04-RS"
653483;2025-01-06;"segunda-feira";"11:30:00";"MG";262;358;"BETIM";"Velocidade Incompatível";"Saída de leito carroçável";"Com Vítimas Feridas";"Pleno dia";"Crescente";"Sol";"Dupla";"Curva";"Sim";1;0;0;1;0;0;1;1;-19,98302866;-44,24503326;"SPRF-MG";"DEL01-MG";"UOP03-DEL01-MG"
653484;2025-01-06;"segunda-feira";"09:30:00";"GO";20;108,7;"FLORES DE GOIAS";"Demais falhas mecânicas ou elétricas";"Incêndio";"Sem Vítimas";"Pleno dia";"Decrescente";"Céu Claro";"Simples";"Reta";"Não";1;0;0;0;1;0;0;1;-14,908743;-46,931419;"SPRF-DF";"DEL02-DF";"UOP03-DEL02-DF"
653485;2025-01-06;"segunda-feira";"08:30:00";"BA";101;273;"LAJE";"Ausência de reação do condutor";"Engavetamento";"Sem Vítimas";"Pleno dia";"Decrescente";"Céu Claro";"Simples";"Aclive";"Não";3;0;0;0;3;0;0;3;-13,173819;-39,317437;"SPRF-BA";"DEL01-BA";"UOP02-DEL01-BA"
653486;2025-01-06;"segunda-feira";"11:29:00";"PE";104;76,9;"CARUARU";"Condutor deixou de manter distância do veículo da frente";"Colisão traseira";"Sem Vítimas";"Pleno dia";"Crescente";"Céu Claro";"Simples";"Interseção de Vias";"Não";2;0;0;0;2;0;0;2;-8,367286;-35,985153;"SPRF-PE";"DEL02-PE";"UOP01-DEL02-PE"
653491;2025-01-06;"segunda-feira";"12:10:00";"SC";101;209,8;"SAO JOSE";"Reação tardia ou ineficiente do condutor";"Tombamento";"Com Vítimas Feridas";"Pleno dia";"Crescente";"Céu Claro";"Dupla";"Reta";"Sim";1;0;1;0;0;0;1;1;-27,61000542;-48,63895057;"SPRF-SC";"DEL01-SC";"UOP01-DEL01-SC"
653494;2025-01-06;"segunda-feira";"11:50:00";"PI";316;395;"FRANCISCO MACEDO";"Condutor deixou de manter distância do veículo da frente";"Colisão traseira";"Com Vítimas Feridas";"Pleno dia";"Decrescente";"Chuva";"Simples";"Reta";"Não";2;0;1;0;1;0;1;2;-7,31406115;-40,8024662;"SPRF-PI";"DEL04-PI";"UOP03-DEL04-PI"
653495;2025-01-06;"segunda-feira";"13:00:00";"RJ";101;114;"CAMPOS DOS GOYTACAZES";"Demais falhas mecânicas ou elétricas";"Colisão com objeto";"Com Vítimas Feridas";"Pleno dia";"Crescente";"Céu Claro";"Dupla";"Curva";"Não";2;0;1;1;0;0;2;1;-21,98517176;-41,66261143;"SPRF-RJ";"DEL08-RJ";"UOP02-DEL08-RJ"
653498;2025-01-06;"segunda-feira";"12:40:00";"SC";101;114,3;"ITAJAI";"Manobra de mudança de faixa";"Colisão traseira";"Com Vítimas Feridas";"Pleno dia";"Decrescente";"Céu Claro";"Simples";"Reta";"Sim";2;0;1;0;1;0;1;2;-26,85311393;-48,72689927;"SPRF-SC";"DEL04-SC";"UOP04-DEL04-SC"
653500;2025-01-06;"segunda-feira";"13:00:00";"PR";277;1,5;"PARANAGUA";"Reação tardia ou ineficiente do condutor";"Tombamento";"Com Vítimas Feridas";"Pleno dia";"Crescente";"Nublado";"Simples";"Reta";"Sim";1;0;1;0;0;0;1;1;-25,510023;-48,5310512;"SPRF-PR";"DEL01-PR";"UOP05-DEL01-PR"
653504;2025-01-06;"segunda-feira";"12:39:00";"PI";316;1;"TERESINA";"Ausência de reação do condutor";"Colisão traseira";"Com Vítimas Feridas";"Pleno dia";"Decrescente";"Céu Claro";"Múltipla";"Reta";"Sim";3;0;1;0;2;0;1;3;-5,12861853;-42,80706778;"SPRF-PI";"DEL01-PI";"UOP02-DEL01-PI"
653506;2025-01-06;"segunda-feira";"09:50:00";"RJ";40;121;"DUQUE DE CAXIAS";"Ultrapassagem Indevida";"Colisão lateral mesmo sentido";"Com Vítimas Feridas";"Pleno dia";"Crescente";"Céu Claro";"Simples";"Curva;Viaduto";"Não";3;0;2;0;1;0;2;2;-22,78185499;-43,28571273;"SPRF-RJ";"DEL01-RJ";"UOP02-DEL01-RJ"
653507;2025-01-06;"segunda-feira";"13:40:00";"SC";280;52;"GUARAMIRIM";"Desrespeitar a preferência no cruzamento";"Colisão transversal";"Com Vítimas Feridas";"Pleno dia";"Decrescente";"Nublado";"Simples";"Viaduto;Rotatória;Retorno Regulamentado";"Não";3;0;2;0;1;0;2;2;-26,468904;-48,96492;"SPRF-SC";"DEL03-SC";"UOP03-DEL03-SC"
653508;2025-01-06;"segunda-feira";"10:50:00";"BA";116;395;"SANTA BARBARA";"Avarias e/ou desgaste excessivo no pneu";"Capotamento";"Com Vítimas Feridas";"Pleno dia";"Crescente";"Céu Claro";"Dupla";"Reta";"Não";3;0;1;1;1;0;2;1;-11,97439801;-38,97240143;"SPRF-BA";"DEL02-BA";"UOP01-DEL02-BA"
653512;2025-01-06;"segunda-feira";"13:10:00";"RJ";493;117;"ITAGUAI";"Problema com o freio";"Colisão traseira";"Com Vítimas Feridas";"Pleno dia";"Crescente";"Céu Claro";"Dupla";"Reta";"Não";2;0;0;1;1;0;1;2;-22,84585859;-43,81153464;"SPRF-RJ";"DEL03-RJ";"UOP01-DEL03-RJ"
653513;2025-01-06;"segunda-feira";"11:15:00";"SP";153;191,9;"GETULINA";"Reação tardia ou ineficiente do condutor";"Saída de leito carroçável";"Com Vítimas Feridas";"Pleno dia";"Crescente";"Céu Claro";"Simples";"Reta";"Não";1;0;1;0;0;0;1;1;-21,7498596;-49,86578427;"SPRF-SP";"DEL07-SP";"UOP01-DEL07-SP"
653514;2025-01-06;"segunda-feira";"13:40:00";"MG";116;519,2;"CARATINGA";"Avarias e/ou desgaste excessivo no pneu";"Tombamento";"Com Vítimas Feridas";"Pleno dia";"Crescente";"Céu Claro";"Simples";"Reta";"Não";2;0;1;1;0;0;2;1;-19,71798497;-42,12830605;"SPRF-MG";"DEL06-MG";"UOP02-DEL06-MG"
653518;2025-01-06;"segunda-feira";"13:00:00";"RJ";101;285;"ITABORAI";"Reação tardia ou ineficiente do condutor";"Colisão traseira";"Com Vítimas Feridas";"Pleno dia";"Crescente";"Céu Claro";"Dupla";"Reta";"Não";4;0;1;0;3;0;1;3;-22,7498742;-42,81644087;"SPRF-RJ";"DEL02-RJ";"UOP02-DEL02-RJ"
653519;2025-01-06;"segunda-feira";"13:50:00";"SP";116;106,3;"TAUBATE";"Manobra de mudança de faixa";"Colisão lateral mesmo sentido";"Com Vítimas Feridas";"Pleno dia";"Crescente";"Nublado";"Dupla";"Reta";"Não";2;0;1;0;1;0;1;2;-23,01250593;-45,52256005;"SPRF-SP";"DEL02-SP";"UOP02-DEL02-SP"
653522;2025-01-06;"segunda-feira";"11:45:00";"RJ";101;311;"SAO GONCALO";"Ausência de reação do condutor";"Tombamento";"Com Vítimas Feridas";"Pleno dia";"Decrescente";"Céu Claro";"Dupla";"Reta";"Sim";1;0;1;0;0;0;1;1;-22,80062246;-43,05318779;"SPRF-RJ";"DEL02-RJ";"UOP02-DEL02-RJ"
653523;2025-01-06;"segunda-feira";"12:05:00";"MS";436;7,3;"APARECIDA DO TABOADO";"Velocidade Incompatível";"Colisão com objeto";"Com Vítimas Feridas";"Pleno dia";"Crescente";"Céu Claro";"Simples";"Rotatória";"Não";1;0;1;0;0;0;1;1;-20,087124;-51,09403;"SPRF-MS";"DEL08-MS";"UOP01-DEL08-MS"
653524;2025-01-06;"segunda-feira";"13:20:00";"MG";381;543,9;"ITATIAIUCU";"Velocidade Incompatível";"Saída de leito carroçável";"Com Vítimas Feridas";"Pleno dia";"Decrescente";"Chuva";"Dupla";"Curva;Declive";"Não";3;0;1;1;1;0;2;1;-20,27336801;-44,42585498;"SPRF-MG";"DEL04-MG";"UOP03-DEL04-MG"
653525;2025-01-06;"segunda-feira";"14:40:00";"GO";60;360;"RIO VERDE";"Acumulo de água sobre o pavimento";"Saída de leito carroçável";"Com Vítimas Feridas";"Pleno dia";"Crescente";"Chuva";"Dupla";"Reta";"Não";2;0;2;0;0;0;2;1;-17,6276;-50,7675;"SPRF-GO";"DEL04-GO";"UOP02-DEL04-GO"
653527;2025-01-06;"segunda-feira";"14:45:00";"SP";116;154,1;"SAO JOSE DOS CAMPOS";"Trafegar com motocicleta (ou similar) entre as faixas";"Colisão lateral mesmo sentido";"Com Vítimas Feridas";"Pleno dia";"Decrescente";"Sol";"Dupla";"Reta";"Sim";2;0;0;1;1;0;1;2;-23,23903999;-45,92061901;"SPRF-SP";"DEL02-SP";"UOP01-DEL02-SP"
653531;2025-01-06;"segunda-feira";"14:58:00";"PE";232;443;"SAO JOSE DO BELMONTE";"Reação tardia ou ineficiente do condutor";"Colisão lateral sentido oposto";"Com Vítimas Feridas";"Pleno dia";"Decrescente";"Céu Claro";"Simples";"Aclive;Reta";"Não";9;0;2;0;7;0;2;3;-8,01087223;-38,58501511;"SPRF-PE";"DEL04-PE";"UOP01-DEL04-PE"
653532;2025-01-06;"segunda-feira";"16:00:00";"PB";230;26,5;"JOAO PESSOA";"Condutor deixou de manter distância do veículo da frente";"Colisão traseira";"Com Vítimas Feridas";"Pleno dia";"Decrescente";"Céu Claro";"Dupla";"Aclive";"Sim";2;0;0;1;0;1;1;2;-7,1693;-34,8782;"SPRF-PB";"DEL01-PB";"UOP01-DEL01-PB"
653535;2025-01-06;"segunda-feira";"08:30:00";"BA";116;321;"ARACI";"Acessar a via sem observar a presença dos outros veículos";"Colisão transversal";"Com Vítimas Feridas";"Pleno dia";"Decrescente";"Céu Claro";"Simples";"Rotatória";"Sim";2;0;0;1;1;0;1;2;-11,339086;-38,95849;"SPRF-BA";"DEL02-BA";"UOP01-DEL02-BA"
653536;2025-01-06;"segunda-feira";"16:05:00";"SC";101;415,1;"ARARANGUA";"Manobra de mudança de faixa";"Colisão traseira";"Com Vítimas Feridas";"Pleno dia";"Decrescente";"Céu Claro";"Dupla";"Curva";"Não";3;0;1;0;2;0;1;2;-28,96192931;-49,5220873;"SPRF-SC";"DEL02-SC";"UOP02-DEL02-SC"
653538;2025-01-06;"segunda-feira";"16:20:00";"SP";101;29;"UBATUBA";"Animais na Pista";"Queda de ocupante de veículo";"Com Vítimas Feridas";"Pleno dia";"Decrescente";"Céu Claro";"Simples";"Reta";"Não";2;0;1;0;0;1;1;2;-23,37341522;-44,96219491;"SPRF-SP";"DEL06-SP";"UOP01-DEL06-SP"
653540;2025-01-06;"segunda-feira";"16:00:00";"RJ";101;443;"MANGARATIBA";"Chuva";"Colisão traseira";"Com Vítimas Feridas";"Pleno dia";"Crescente";"Chuva";"Simples";"Curva";"Não";5;0;3;1;1;0;4;2;-22,98107919;-44,08441596;"SPRF-RJ";"DEL03-RJ";"UOP02-DEL03-RJ"
653541;2025-01-06;"segunda-feira";"16:40:00";"SE";235;1,9;"ARACAJU";"Condutor deixou de manter distância do veículo da frente";"Colisão traseira";"Com Vítimas Feridas";"Pleno dia";"Crescente";"Céu Claro";"Dupla";"Declive";"Não";2;0;1;0;1;0;1;2;-10,9073;-37,0947;"SPRF-SE";"DEL01-SE";"UOP01-DEL01-SE"
653544;2025-01-06;"segunda-feira";"16:20:00";"RS";290;68,4;"GRAVATAI";"Ausência de reação do condutor";"Tombamento";"Com Vítimas Feridas";"Pleno dia";"Crescente";"Sol";"Dupla";"Reta";"Não";2;0;1;0;1;0;1;2;-29,943938;-50,940342;"SPRF-RS";"DEL03-RS";"UOP01-DEL03-RS"
653545;2025-01-06;"segunda-feira";"17:20:00";"PB";101;88;"JOAO PESSOA";"Condutor deixou de manter distância do veículo da frente";"Colisão traseira";"Com Vítimas Feridas";"Pleno dia";"Decrescente";"Céu Claro";"Múltipla";"Declive";"Sim";2;0;1;0;1;0;1;2;-7,16470016;-34,89993643;"SPRF-PB";"DEL01-PB";"UOP01-DEL01-PB"
653546;2025-01-06;"segunda-feira";"16:20:00";"MS";163;486;"CAMPO GRANDE";"Demais falhas mecânicas ou elétricas";"Tombamento";"Com Vítimas Feridas";"Pleno dia";"Crescente";"Céu Claro";"Simples";"Reta;Declive";"Não";2;0;2;0;0;0;2;1;-20,4336361;-54,54376745;"SPRF-MS";"DEL01-MS";"UOP02-DEL01-MS"
653547;2025-01-06;"segunda-feira";"16:20:00";"MG";116;373;"FREI INOCENCIO";"Entrada inopinada do pedestre";"Atropelamento de Pedestre";"Com Vítimas Feridas";"Pleno dia";"Crescente";"Nublado";"Simples";"Reta;Retorno Regulamentado";"Sim";3;0;0;2;1;0;2;2;-18,56390406;-41,90695775;"SPRF-MG";"DEL11-MG";"UOP01-DEL11-MG"
653550;2025-01-06;"segunda-feira";"15:00:00";"MG";365;399,9;"PATOS DE MINAS";"Pista Escorregadia";"Saída de leito carroçável";"Com Vítimas Feridas";"Pleno dia";"Decrescente";"Chuva";"Simples";"Reta";"Não";2;0;2;0;0;0;2;1;-18,63130925;-46,41738594;"SPRF-MG";"DEL10-MG";"UOP01-DEL10-MG"
653551;2025-01-06;"segunda-feira";"17:25:00";"PB";230;83;"CALDAS BRANDAO";"Acessar a via sem observar a presença dos outros veículos";"Colisão transversal";"Com Vítimas Feridas";"Pleno dia";"Decrescente";"Céu Claro";"Dupla";"Reta";"Sim";2;0;1;0;0;1;1;2;-7,1669;-35,3355;"SPRF-PB";"DEL01-PB";"UOP03-DEL01-PB"
653552;2025-01-06;"segunda-feira";"16:50:00";"BA";101;675;"EUNAPOLIS";"Ausência de reação do condutor";"Engavetamento";"Com Vítimas Feridas";"Pleno dia";"Crescente";"Nublado";"Simples";"Reta";"Não";5;0;2;0;3;0;2;3;-16,22940098;-39,5977231;"SPRF-BA";"DEL09-BA";"UOP03-DEL09-BA"
653554;2025-01-06;"segunda-feira";"16:35:00";"RJ";40;122;"DUQUE DE CAXIAS";"Manobra de mudança de faixa";"Colisão lateral mesmo sentido";"Com Vítimas Feridas";"Pleno dia";"Decrescente";"Céu Claro";"Dupla";"Reta";"Sim";3;0;1;0;2;0;1;2;-22,79083113;-43,28611569;"SPRF-RJ";"DEL01-RJ";"UOP02-DEL01-RJ"
653555;2025-01-06;"segunda-feira";"17:49:00";"RS";116;264;"CANOAS";"Ausência de reação do condutor";"Queda de ocupante de veículo";"Com Vítimas Feridas";"Pleno dia";"Decrescente";"Céu Claro";"Dupla";"Reta";"Sim";1;0;1;0;0;0;1;1;-29,914435;-51,17754495;"SPRF-RS";"DEL01-RS";"UOP01-DEL01-RS"
653556;2025-01-06;"segunda-feira";"16:46:00";"RN";304;51;"MOSSORO";"Ultrapassagem Indevida";"Colisão frontal";"Com Vítimas Feridas";"Pleno dia";"Crescente";"Céu Claro";"Simples";"Reta";"Não";4;0;1;3;0;0;4;2;-5,25226212;-37,30878323;"SPRF-RN";"DEL04-RN";"UOP01-DEL04-RN"
653557;2025-01-06;"segunda-feira";"17:30:00";"RN";101;69;"EXTREMOZ";"Desrespeitar a preferência no cruzamento";"Colisão transversal";"Com Vítimas Feridas";"Anoitecer";"Decrescente";"Céu Claro";"Simples";"Declive;Interseção de Vias;Reta";"Não";3;0;1;0;2;0;1;2;-5,6724731;-35,2597308;"SPRF-RN";"DEL02-RN";"UOP01-DEL02-RN"
653558;2025-01-06;"segunda-feira";"17:50:00";"MG";381;483,5;"BETIM";"Velocidade Incompatível";"Tombamento";"Com Vítimas Feridas";"Pleno dia";"Crescente";"Chuva";"Múltipla";"Declive";"Não";1;0;1;0;0;0;1;1;-19,95594491;-44,10721699;"SPRF-MG";"DEL01-MG";"UOP03-DEL01-MG"
653560;2025-01-06;"segunda-feira";"17:40:00";"MG";116;702,9;"MURIAE";"Ultrapassagem Indevida";"Colisão lateral mesmo sentido";"Com Vítimas Feridas";"Pleno dia";"Decrescente";"Nublado";"Simples";"Reta";"Sim";2;0;1;0;1;0;1;2;-21,11938311;-42,38006362;"SPRF-MG";"DEL07-MG";"UOP02-DEL07-MG"
653561;2025-01-06;"segunda-feira";"17:25:00";"BA";324;530;"FEIRA DE SANTANA";"Frear bruscamente";"Colisão traseira";"Com Vítimas Feridas";"Anoitecer";"Crescente";"Céu Claro";"Dupla";"Reta";"Não";3;0;1;0;1;1;1;3;-12,32818491;-38,86174193;"SPRF-BA";"DEL01-BA";"UOP03-DEL01-BA"
653562;2025-01-06;"segunda-feira";"17:26:00";"PA";316;151;"CAPANEMA";"Acessar a via sem observar a presença dos outros veículos";"Colisão transversal";"Com Vítimas Feridas";"Pleno dia";"Decrescente";"Nublado";"Simples";"Curva";"Sim";2;0;1;0;0;1;1;2;-1,212873;-47,181547;"SPRF-PA";"DEL01-PA";"UOP03-DEL01-PA"
653563;2025-01-06;"segunda-feira";"15:30:00";"SP";381;75,9;"SAO PAULO";"Demais falhas mecânicas ou elétricas";"Incêndio";"Sem Vítimas";"Pleno dia";"Decrescente";"Céu Claro";"Dupla";"Reta";"Não";2;0;0;0;2;0;0;1;-23,37660089;-46,56409613;"SPRF-SP";"DEL03-SP";"UOP01-DEL03-SP"
653564;2025-01-06;"segunda-feira";"18:00:00";"DF";70;1;"BRASILIA";"Reação tardia ou ineficiente do condutor";"Queda de ocupante de veículo";"Com Vítimas Feridas";"Anoitecer";"Crescente";"Céu Claro";"Dupla";"Reta";"Sim";2;0;2;0;0;0;2;1;-15,795264;-48,063801;"SPRF-DF";"DEL03-DF";"UOP02-DEL03-DF"
653565;2025-01-06;"segunda-feira";"14:15:00";"MG";365;285,9;"JOAO PINHEIRO";"Acumulo de água sobre o pavimento";"Saída de leito carroçável";"Com Vítimas Feridas";"Pleno dia";"Crescente";"Chuva";"Simples";"Declive;Reta";"Não";5;0;3;2;0;0;5;1;-18,05993805;-45,65638991;"SPRF-MG";"DEL10-MG";"UOP02-DEL010-MG"
653566;2025-01-06;"segunda-feira";"16:00:00";"MG";354;742,9;"POUSO ALTO";"Reação tardia ou ineficiente do condutor";"Tombamento";"Sem Vítimas";"Pleno dia";"Decrescente";"Céu Claro";"Simples";"Declive;Reta";"Não";1;0;0;0;1;0;0;1;-22,23118898;-44,9332353;"SPRF-MG";"DEL17-MG";"UOP01-DEL17-MG"
653569;2025-01-06;"segunda-feira";"16:20:00";"MG";354;757;"ITAMONTE";"Velocidade Incompatível";"Colisão traseira";"Com Vítimas Feridas";"Pleno dia";"Decrescente";"Céu Claro";"Simples";"Curva";"Não";4;0;0;1;3;0;1;2;-22,31949272;-44,84721578;"SPRF-MG";"DEL17-MG";"UOP01-DEL17-MG"
653570;2025-01-06;"segunda-feira";"17:04:00";"RS";287;275,6;"SAO PEDRO DO SUL";"Demais falhas mecânicas ou elétricas";"Colisão com objeto";"Com Vítimas Feridas";"Pleno dia";"Decrescente";"Céu Claro";"Simples";"Reta";"Não";2;0;2;0;0;0;2;1;-29,66188963;-54,12516993;"SPRF-RS";"DEL09-RS";"UOP01-DEL09-RS"
653571;2025-01-06;"segunda-feira";"18:30:00";"MG";381;340;"BELA VISTA DE MINAS";"Acessar a via sem observar a presença dos outros veículos";"Colisão lateral sentido oposto";"Com Vítimas Feridas";"Anoitecer";"Crescente";"Céu Claro";"Simples";"Reta";"Não";2;0;1;0;1;0;1;2;-19,84087497;-43,09635354;"SPRF-MG";"DEL03-MG";"UOP01-DEL03-MG"
653572;2025-01-06;"segunda-feira";"16:29:00";"RO";174;13;"VILHENA";"Desrespeitar a preferência no cruzamento";"Colisão transversal";"Com Vítimas Feridas";"Pleno dia";"Decrescente";"Céu Claro";"Múltipla";"Interseção de Vias";"Sim";2;0;0;1;1;0;1;2;-12,74140004;-60,13026401;"SPRF-RO";"DEL04-RO";"UOP01-DEL04-RO"
653573;2025-01-06;"segunda-feira";"19:00:00";"ES";101;265,9;"SERRA";"Manobra de mudança de faixa";"Colisão lateral mesmo sentido";"Com Vítimas Feridas";"Plena Noite";"Decrescente";"Chuva";"Múltipla";"Reta";"Sim";2;0;1;0;1;0;1;2;-20,1816849;-40,26536036;"SPRF-ES";"DEL02-ES";"UOP01-DEL02-ES"
653575;2025-01-06;"segunda-feira";"18:15:00";"PB";101;88;"JOAO PESSOA";"Manobra de mudança de faixa";"Colisão lateral mesmo sentido";"Com Vítimas Feridas";"Plena Noite";"Crescente";"Céu Claro";"Dupla";"Reta;Interseção de Vias";"Sim";5;0;1;0;4;0;1;2;-7,16470016;-34,89993643;"SPRF-PB";"DEL01-PB";"UOP01-DEL01-PB"
653578;2025-01-06;"segunda-feira";"19:00:00";"SC";101;205,1;"SAO JOSE";"Pedestre andava na pista";"Atropelamento de Pedestre";"Com Vítimas Feridas";"Anoitecer";"Decrescente";"Nublado";"Múltipla";"Reta";"Sim";2;0;1;0;0;1;1;2;-27,58313237;-48,61532885;"SPRF-SC";"DEL01-SC";"UOP01-DEL01-SC"
653579;2025-01-06;"segunda-feira";"14:30:00";"MT";174;379;"CONQUISTA DOESTE";"Ultrapassagem Indevida";"Colisão lateral sentido oposto";"Com Vítimas Feridas";"Pleno dia";"Decrescente";"Nublado";"Simples";"Reta";"Não";6;0;5;1;0;0;6;2;-14,54560168;-59,54265515;"SPRF-MT";"DEL04-MT";"UOP01-DEL04-MT"