"id";"data_inversa";"dia_semana";"horario";"uf";"br";"km";"municipio";"causa_acidente";"tipo_acidente";"classificacao_acidente";"fase_dia";"sentido_via";"condicao_metereologica";"tipo_pista";"tracado_via";"uso_solo";"pessoas";"mortos";"feridos_leves";"feridos_graves";"ilesos";"ignorados";"feridos";"veiculos";"latitude";"longitude";"regional";"delegacia";"uop"
654131;2025-01-09;"quinta-feira";"23:55:00";"RJ";393;267;"BARRA DO PIRAI";"Condutor Dormindo";"Saída de leito carroçável";"Com Vítimas Feridas";"Plena Noite";"Decrescente";"Nublado";"Simples";"Reta";"Não";1;0;1;0;0;0;1;1;-22,47645;-43,938523;"SPRF-RJ";"DEL05-RJ";"UOP04-DEL05-RJ"
654134;2025-01-09;"quinta-feira";"21:47:00";"ES";101;258,6;"SERRA";"Acumulo de água sobre o pavimento";"Capotamento";"Com Vítimas Feridas";"Plena Noite";"Decrescente";"Nublado";"Dupla";"Reta";"Sim";3;0;1;0;2;0;1;1;-20,13059888;-40,2961019;"SPRF-ES";"DEL02-ES";"UOP01-DEL02-ES"
654136;2025-01-10;"sexta-feira";"04:30:00";"PR";277;7;"PARANAGUA";"Reação tardia ou ineficiente do condutor";"Colisão com objeto";"Com Vítimas Feridas";"Amanhecer";"Crescente";"Nublado";"Simples";"Declive;Viaduto;Curva";"Não";2;0;1;0;1;0;1;1;-25,560017;-48,58286;"SPRF-PR";"DEL01-PR";"UOP05-DEL01-PR"
654137;2025-01-10;"sexta-feira";"03:50:00";"MS";163;60,4;"ELDORADO";"Ausência de reação do condutor";"Saída de leito carroçável";"Com Vítimas Feridas";"Plena Noite";"Decrescente";"Céu Claro";"Simples";"Reta";"Não";1;0;1;0;0;0;1;1;-23,62276004;-54,23430394;"SPRF-MS";"DEL09-MS";"UOP02-DEL09-MS"
654139;2025-01-10;"sexta-feira";"04:30:00";"MG";381;916;"CAMANDUCAIA";"Ultrapassagem Indevida";"Colisão lateral mesmo sentido";"Com Vítimas Feridas";"Amanhecer";"Crescente";"Nublado";"Dupla";"Reta;Aclive";"Sim";2;0;1;0;1;0;1;2;-22,74142274;-46,13587618;"SPRF-MG";"DEL16-MG";"UOP03-DEL16-MG"
654140;2025-01-10;"sexta-feira";"05:10:00";"RS";116;264;"CANOAS";"Velocidade Incompatível";"Colisão com objeto";"Sem Vítimas";"Amanhecer";"Crescente";"Céu Claro";"Múltipla";"Reta";"Sim";1;0;0;0;0;1;0;1;-29,914435;-51,17754495;"SPRF-RS";"DEL01-RS";"UOP01-DEL01-RS"
654143;2025-01-09;"quinta-feira";"19:40:00";"MG";116;215;"CATUJI";"Acessar a via sem observar a presença dos outros veículos";"Saída de leito carroçável";"Sem Vítimas";"Plena Noite";"Decrescente";"Chuva";"Simples";"Reta";"Não";1;0;0;0;1;0;0;1;-17,36742595;-41,53218172;"SPRF-MG";"DEL11-MG";"UOP01-DEL11-MG"
654146;2025-01-10;"sexta-feira";"05:25:00";"AL";101;168,1;"TEOTONIO VILELA";"Reação tardia ou ineficiente do condutor";"Saída de leito carroçável";"Com Vítimas Feridas";"Pleno dia";"Crescente";"Nublado";"Dupla";"Reta";"Não";15;0;14;0;1;0;14;1;-9,90344135;-36,30940589;"SPRF-AL";"DEL02-AL";"UOP02-DEL02-AL"
654147;2025-01-10;"sexta-feira";"06:00:00";"SP";116;438;"REGISTRO";"Ausência de reação do condutor";"Capotamento";"Com Vítimas Feridas";"Amanhecer";"Decrescente";"Nevoeiro/Neblina";"Dupla";"Reta;Declive";"Não";1;0;1;0;0;0;1;1;-24,44811308;-47,80555693;"SPRF-SP";"DEL05-SP";"UOP01-DEL05-SP"
654148;2025-01-10;"sexta-feira";"04:40:00";"MG";381;497;"BETIM";"Ausência de reação do condutor";"Saída de leito carroçável";"Sem Vítimas";"Plena Noite";"Crescente";"Céu Claro";"Dupla";"Reta;Declive";"Não";1;0;0;0;0;1;0;1;-19,98109273;-44,20074463;"SPRF-MG";"DEL01-MG";"UOP03-DEL01-MG"
654151;2025-01-10;"sexta-feira";"05:30:00";"MG";153;210;"FRUTAL";"Reação tardia ou ineficiente do condutor";"Saída de leito carroçável";"Com Vítimas Feridas";"Amanhecer";"Crescente";"Céu Claro";"Simples";"Interseção de Vias";"Não";4;0;4;0;0;0;4;1;-20,07281424;-49,07299961;"SPRF-MG";"DEL13-MG";"UOP02-DEL13-MG"
654152;2025-01-10;"sexta-feira";"06:35:00";"SC";280;140,2;"RIO NEGRINHO";"Velocidade Incompatível";"Saída de leito carroçável";"Com Vítimas Feridas";"Pleno dia";"Decrescente";"Céu Claro";"Simples";"Curva;Aclive";"Não";1;0;0;1;0;0;1;1;-26,25385392;-49,612674;"SPRF-SC";"DEL06-SC";"UOP03-DEL06-SC"
654155;2025-01-10;"sexta-feira";"07:33:00";"SP";116;226;"GUARULHOS";"Reação tardia ou ineficiente do condutor";"Tombamento";"Com Vítimas Feridas";"Pleno dia";"Decrescente";"Céu Claro";"Múltipla";"Reta";"Sim";2;0;1;0;1;0;1;2;-23,49102507;-46,54878195;"SPRF-SP";"DEL01-SP";"UOP01-DEL01-SP"
654156;2025-01-10;"sexta-feira";"06:45:00";"MG";50;174,8;"UBERABA";"Animais na Pista";"Atropelamento de Animal";"Com Vítimas Feridas";"Pleno dia";"Crescente";"Sol";"Dupla";"Curva";"Sim";2;0;0;2;0;0;2;1;-19,770817;-47,973434;"SPRF-MG";"DEL13-MG";"UOP01-DEL13-MG"
654157;2025-01-10;"sexta-feira";"06:45:00";"MS";163;255;"DOURADOS";"Demais falhas mecânicas ou elétricas";"Tombamento";"Com Vítimas Fatais";"Pleno dia";"Crescente";"Céu Claro";"Dupla";"Reta";"Não";2;1;0;0;1;0;0;2;-22,26567386;-54,80944412;"SPRF-MS";"DEL04-MS";"UOP01-DEL04-MS"
654158;2025-01-10;"sexta-feira";"07:23:00";"SP";116;444;"REGISTRO";"Avarias e/ou desgaste excessivo no pneu";"Queda de ocupante de veículo";"Com Vítimas Feridas";"Pleno dia";"Decrescente";"Céu Claro";"Dupla";"Viaduto;Reta";"Sim";2;0;2;0;0;0;2;1;-24,49129421;-47,83614553;"SPRF-SP";"DEL05-SP";"UOP01-DEL05-SP"
654159;2025-01-10;"sexta-feira";"05:53:00";"MS";163;723;"COXIM";"Ausência de reação do condutor";"Saída de leito carroçável";"Sem Vítimas";"Pleno dia";"Crescente";"Céu Claro";"Simples";"Reta";"Não";1;0;0;0;1;0;0;1;-18,5684818;-54,75955037;"SPRF-MS";"DEL06-MS";"UOP01-DEL06-MS"
654160;2025-01-10;"sexta-feira";"05:30:00";"MT";163;108;"RONDONOPOLIS";"Velocidade Incompatível";"Saída de leito carroçável";"Sem Vítimas";"Amanhecer";"Decrescente";"Nublado";"Dupla";"Reta";"Não";1;0;0;0;0;1;0;1;-16,58265;-54,68841;"SPRF-MT";"DEL02-MT";"UOP01-DEL02-MT"
654161;2025-01-10;"sexta-feira";"07:35:00";"SC";101;38,9;"JOINVILLE";"Manobra de mudança de faixa";"Colisão lateral mesmo sentido";"Com Vítimas Feridas";"Pleno dia";"Decrescente";"Céu Claro";"Múltipla";"Reta";"Sim";3;0;2;0;1;0;2;2;-26,25472505;-48,90561309;"SPRF-SC";"DEL03-SC";"UOP01-DEL03-SC"
654162;2025-01-10;"sexta-feira";"06:20:00";"SC";101;151,6;"ITAPEMA";"Desrespeitar a preferência no cruzamento";"Colisão transversal";"Com Vítimas Feridas";"Pleno dia";"Crescente";"Nublado";"Múltipla";"Rotatória";"Sim";2;0;0;1;1;0;1;2;-27,13276625;-48,61026406;"SPRF-SC";"DEL04-SC";"UOP03-DEL04-SC"
654165;2025-01-10;"sexta-feira";"07:12:00";"PE";232;24;"MORENO";"Ausência de reação do condutor";"Colisão traseira";"Com Vítimas Feridas";"Pleno dia";"Decrescente";"Céu Claro";"Dupla";"Reta";"Não";2;0;0;1;1;0;1;2;-8,110091;-35,10564;"SPRF-PE";"DEL01-PE";"UOP01-DEL01-PE"
654166;2025-01-10;"sexta-feira";"07:45:00";"SE";235;50;"ITABAIANA";"Desvio temporário";"Colisão lateral mesmo sentido";"Com Vítimas Feridas";"Pleno dia";"Decrescente";"Céu Claro";"Dupla";"Retorno Regulamentado";"Sim";2;0;1;0;1;0;1;2;-10,707879;-37,42606;"SPRF-SE";"DEL01-SE";"UOP02-DEL01-SE"
654167;2025-01-10;"sexta-feira";"08:05:00";"SC";101;403,8;"ARARANGUA";"Demais falhas mecânicas ou elétricas";"Tombamento";"Com Vítimas Feridas";"Pleno dia";"Decrescente";"Céu Claro";"Dupla";"Reta";"Não";1;0;1;0;0;0;1;1;-28,90070657;-49,47549105;"SPRF-SC";"DEL02-SC";"UOP02-DEL02-SC"
654169;2025-01-10;"sexta-feira";"07:50:00";"RJ";101;308;"SAO GONCALO";"Acessar a via sem observar a presença dos outros veículos";"Colisão lateral mesmo sentido";"Com Vítimas Feridas";"Pleno dia";"Decrescente";"Nublado";"Dupla";"Reta";"Sim";7;0;0;1;4;2;1;7;-22,79309326;-43,02479595;"SPRF-RJ";"DEL02-RJ";"UOP02-DEL02-RJ"
654172;2025-01-10;"sexta-feira";"08:15:00";"SC";101;131;"CAMBORIU";"Acessar a via sem observar a presença dos outros veículos";"Colisão lateral mesmo sentido";"Com Vítimas Feridas";"Pleno dia";"Crescente";"Céu Claro";"Simples";"Interseção de Vias";"Não";2;0;0;1;1;0;1;2;-26,99064209;-48,66310912;"SPRF-SC";"DEL04-SC";"UOP03-DEL04-SC"
654173;2025-01-10;"sexta-feira";"07:30:00";"SP";116;42,8;"CACHOEIRA PAULISTA";"Reação tardia ou ineficiente do condutor";"Colisão traseira";"Com Vítimas Feridas";"Pleno dia";"Crescente";"Céu Claro";"Dupla";"Reta";"Não";5;0;1;0;3;1;1;5;-22,69182132;-45,02240378;"SPRF-SP";"DEL08-SP";"UOP02-DEL08-SP"
654174;2025-01-10;"sexta-feira";"08:38:00";"PE";101;67;"RECIFE";"Manobra de mudança de faixa";"Colisão lateral mesmo sentido";"Com Vítimas Feridas";"Pleno dia";"Crescente";"Sol";"Dupla";"Reta;Interseção de Vias";"Sim";3;0;1;0;2;0;1;3;-8,042334;-34,943096;"SPRF-PE";"DEL01-PE";"UOP01-DEL01-PE"
654176;2025-01-10;"sexta-feira";"08:00:00";"PR";277;725;"FOZ DO IGUACU";"Trafegar com motocicleta (ou similar) entre as faixas";"Colisão com objeto";"Com Vítimas Feridas";"Pleno dia";"Crescente";"Céu Claro";"Simples";"Curva;Viaduto;Aclive";"Sim";3;0;2;0;0;1;2;2;-25,50823541;-54,54619865;"SPRF-PR";"DEL05-PR";"UOP03-DEL05-PR"
654177;2025-01-10;"sexta-feira";"08:15:00";"PE";232;117;"CARUARU";"Ausência de reação do condutor";"Engavetamento";"Sem Vítimas";"Pleno dia";"Crescente";"Céu Claro";"Dupla";"Reta";"Não";8;0;0;0;8;0;0;4;-8,29529153;-35,8754959;"SPRF-PE";"DEL02-PE";"UOP01-DEL02-PE"
654178;2025-01-10;"sexta-feira";"08:30:00";"ES";101;271,9;"SERRA";"Condutor deixou de manter distância do veículo da frente";"Colisão lateral mesmo sentido";"Com Vítimas Feridas";"Pleno dia";"Decrescente";"Nublado";"Múltipla";"Reta;Aclive";"Sim";2;0;1;0;1;0;1;2;-20,2266966;-40,2851416;"SPRF-ES";"DEL02-ES";"UOP01-DEL02-ES"
654180;2025-01-10;"sexta-feira";"08:00:00";"BA";420;339;"JAGUAQUARA";"Transitar na contramão";"Colisão frontal";"Com Vítimas Feridas";"Pleno dia";"Decrescente";"Céu Claro";"Simples";"Curva";"Sim";5;0;4;0;1;0;4;2;-13,52654833;-39,97454061;"SPRF-BA";"DEL03-BA";"UOP01-DEL03-BA"
654183;2025-01-10;"sexta-feira";"09:17:00";"PB";230;27;"JOAO PESSOA";"Condutor deixou de manter distância do veículo da frente";"Colisão traseira";"Com Vítimas Feridas";"Pleno dia";"Crescente";"Céu Claro";"Dupla";"Reta";"Sim";6;0;0;1;4;1;1;3;-7,16611254;-34,88866925;"SPRF-PB";"DEL01-PB";"UOP01-DEL01-PB"
654185;2025-01-10;"sexta-feira";"09:00:00";"SP";116;145;"SAO JOSE DOS CAMPOS";"Condutor deixou de manter distância do veículo da frente";"Colisão traseira";"Com Vítimas Feridas";"Pleno dia";"Crescente";"Céu Claro";"Múltipla";"Interseção de Vias";"Sim";2;0;0;1;1;0;1;2;-23,1869844;-45,8548078;"SPRF-SP";"DEL02-SP";"UOP01-DEL02-SP"
654186;2025-01-10;"sexta-feira";"09:00:00";"PR";277;378;"GUARAPUAVA";"Ultrapassagem Indevida";"Colisão frontal";"Com Vítimas Fatais";"Pleno dia";"Crescente";"Céu Claro";"Simples";"Aclive;Reta";"Não";10;3;1;5;1;0;6;2;-25,4036625;-51,73067093;"SPRF-PR";"DEL08-PR";"UOP01-DEL08-PR"
654187;2025-01-10;"sexta-feira";"10:00:00";"RS";116;247;"SAO LEOPOLDO";"Avarias e/ou desgaste excessivo no pneu";"Tombamento";"Com Vítimas Feridas";"Pleno dia";"Decrescente";"Sol";"Múltipla";"Declive;Viaduto;Reta";"Sim";2;0;2;0;0;0;2;1;-29,76733091;-51,1535296;"SPRF-RS";"DEL01-RS";"UOP02-DEL01-RS"
654188;2025-01-10;"sexta-feira";"08:20:00";"ES";101;269,8;"SERRA";"Reação tardia ou ineficiente do condutor";"Colisão com objeto";"Com Vítimas Feridas";"Pleno dia";"Crescente";"Sol";"Dupla";"Reta";"Sim";3;0;1;0;2;0;1;3;-20,21740496;-40,26990578;"SPRF-ES";"DEL02-ES";"UOP01-DEL02-ES"
654189;2025-01-10;"sexta-feira";"09:00:00";"RJ";465;21,8;"RIO DE JANEIRO";"Condutor deixou de manter distância do veículo da frente";"Colisão traseira";"Com Vítimas Feridas";"Pleno dia";"Crescente";"Céu Claro";"Dupla";"Reta";"Sim";2;0;1;0;1;0;1;2;-22,862405;-43,601754;"SPRF-RJ";"DEL06-RJ";"UOP02-DEL06-RJ"
654190;2025-01-10;"sexta-feira";"08:40:00";"MT";163;117;"RONDONOPOLIS";"Ausência de reação do condutor";"Saída de leito carroçável";"Com Vítimas Feridas";"Pleno dia";"Decrescente";"Céu Claro";"Dupla";"Reta";"Sim";4;0;1;0;3;0;1;1;-16,52182818;-54,65882461;"SPRF-MT";"DEL02-MT";"UOP01-DEL02-MT"
654193;2025-01-10;"sexta-feira";"09:28:00";"MG";365;168,3;"BURITIZEIRO";"Acessar a via sem observar a presença dos outros veículos";"Colisão transversal";"Sem Vítimas";"Pleno dia";"Crescente";"Nublado";"Simples";"Reta";"Sim";2;0;0;0;2;0;0;2;-17,38230672;-44,9743607;"SPRF-MG";"DEL10-MG";"UOP02-DEL010-MG"
654194;2025-01-10;"sexta-feira";"10:45:00";"SP";116;116;"TAUBATE";"Velocidade Incompatível";"Colisão com objeto";"Com Vítimas Feridas";"Pleno dia";"Crescente";"Nublado";"Dupla";"Reta";"Não";2;0;2;0;0;0;2;1;-23,05376319;-45,6088049;"SPRF-SP";"DEL02-SP";"UOP02-DEL02-SP"
654195;2025-01-10;"sexta-feira";"10:00:00";"RJ";40;24;"TRES RIOS";"Demais falhas mecânicas ou elétricas";"Colisão com objeto";"Com Vítimas Feridas";"Pleno dia";"Crescente";"Céu Claro";"Dupla";"Reta";"Não";1;0;1;0;0;0;1;1;-22,13812601;-43,1592825;"SPRF-RJ";"DEL05-RJ";"UOP02-DEL05-RJ"
654196;2025-01-10;"sexta-feira";"09:30:00";"RS";470;153;"NOVA PRATA";"Acumulo de areia ou detritos sobre o pavimento";"Tombamento";"Com Vítimas Feridas";"Pleno dia";"Crescente";"Céu Claro";"Simples";"Rotatória";"Sim";1;0;1;0;0;0;1;1;-28,77133;-51,61788;"SPRF-RS";"DEL06-RS";"UOP02-DEL06-RS"
654198;2025-01-10;"sexta-feira";"05:50:00";"MG";116;15,9;"AGUAS VERMELHAS";"Neblina";"Colisão transversal";"Com Vítimas Feridas";"Amanhecer";"Decrescente";"Nevoeiro/Neblina";"Simples";"Reta";"Sim";2;0;1;0;1;0;1;2;-15,81135;-41,37987;"SPRF-BA";"DEL08-BA";"UOP03-DEL08-BA"
654201;2025-01-10;"sexta-feira";"11:30:00";"PB";230;16,5;"JOAO PESSOA";"Reação tardia ou ineficiente do condutor";"Colisão traseira";"Com Vítimas Feridas";"Pleno dia";"Decrescente";"Céu Claro";"Dupla";"Reta";"Sim";3;0;0;1;2;0;1;2;-7,1039;-34,8458;"SPRF-PB";"DEL01-PB";"UOP01-DEL01-PB"
654203;2025-01-10;"sexta-feira";"12:00:00";"RS";386;347,2;"LAJEADO";"Manobra de mudança de faixa";"Tombamento";"Com Vítimas Feridas";"Pleno dia";"Decrescente";"Sol";"Dupla";"Viaduto;Reta";"Sim";1;0;1;0;0;0;1;1;-29,451736;-51,965893;"SPRF-RS";"DEL04-RS";"UOP01-DEL04-RS"
654207;2025-01-10;"sexta-feira";"10:20:00";"RO";364;524,8;"ARIQUEMES";"Condutor deixou de manter distância do veículo da frente";"Colisão traseira";"Com Vítimas Feridas";"Pleno dia";"Decrescente";"Céu Claro";"Simples";"Curva";"Não";3;0;1;0;2;0;1;2;-9,838072;-63,064928;"SPRF-RO";"DEL03-RO";"UOP01-DEL03-RO"
654208;2025-01-10;"sexta-feira";"10:00:00";"RJ";101;319;"NITEROI";"Demais falhas mecânicas ou elétricas";"Queda de ocupante de veículo";"Com Vítimas Feridas";"Pleno dia";"Crescente";"Nublado";"Múltipla";"Reta";"Sim";3;0;3;0;0;0;3;2;-22,85411774;-43,1018014;"SPRF-RJ";"DEL02-RJ";"UOP02-DEL02-RJ"
654210;2025-01-10;"sexta-feira";"11:00:00";"MG";354;731,3;"POUSO ALTO";"Condutor deixou de manter distância do veículo da frente";"Colisão traseira";"Com Vítimas Feridas";"Pleno dia";"Crescente";"Céu Claro";"Simples";"Curva;Declive";"Não";5;0;1;0;3;1;1;2;-22,17071402;-44,96390985;"SPRF-MG";"DEL17-MG";"UOP01-DEL17-MG"
654211;2025-01-10;"sexta-feira";"11:00:00";"PE";407;89;"PETROLINA";"Ausência de reação do condutor";"Queda de ocupante de veículo";"Com Vítimas Feridas";"Pleno dia";"Decrescente";"Céu Claro";"Simples";"Reta";"Não";1;0;0;1;0;0;1;1;-9,083045;-40,659977;"SPRF-PE";"DEL06-PE";"UOP02-DEL06-PE"
654212;2025-01-10;"sexta-feira";"12:20:00";"PR";376;223,7;"CAMBIRA";"Desrespeitar a preferência no cruzamento";"Colisão transversal";"Com Vítimas Feridas";"Pleno dia";"Crescente";"Céu Claro";"Dupla";"Reta;Interseção de Vias";"Sim";4;0;4;0;0;0;4;2;-23,59012534;-51,57481471;"SPRF-PR";"DEL07-PR";"UOP03-DEL07-PR"
654213;2025-01-10;"sexta-feira";"12:00:00";"SC";101;38,8;"JOINVILLE";"Avarias e/ou desgaste excessivo no pneu";"Queda de ocupante de veículo";"Com Vítimas Feridas";"Pleno dia";"Crescente";"Nublado";"Dupla";"Reta";"Sim";1;0;1;0;0;0;1;1;-26,25472505;-48,90561309;"SPRF-SC";"DEL03-SC";"UOP01-DEL03-SC"
654214;2025-01-10;"sexta-feira";"12:20:00";"SP";116;288;"ITAPECERICA DA SERRA";"Acessar a via sem observar a presença dos outros veículos";"Colisão lateral mesmo sentido";"Sem Vítimas";"Pleno dia";"Decrescente";"Céu Claro";"Dupla";"Reta";"Não";2;0;0;0;2;0;0;2;-23,719254;-46,883144;"SPRF-SP";"DEL04-SP";"UOP01-DEL04-SP"
654215;2025-01-08;"quarta-feira";"14:15:00";"RO";364;589;"ITAPUA DO OESTE";"Ausência de sinalização";"Colisão lateral mesmo sentido";"Sem Vítimas";"Pleno dia";"Decrescente";"Chuva";"Simples";"Reta";"Não";2;0;0;0;2;0;0;2;-9,31872895;-63,1465618;"SPRF-RO";"DEL01-RO";"UOP04-DEL01-RO"
654218;2025-01-10;"sexta-feira";"11:10:00";"PR";376;172,9;"MARINGA";"Ausência de reação do condutor";"Colisão traseira";"Com Vítimas Feridas";"Pleno dia";"Decrescente";"Céu Claro";"Dupla";"Reta";"Sim";2;0;1;0;1;0;1;2;-23,4191001;-51,96816601;"SPRF-PR";"DEL09-PR";"UOP01-DEL09-PR"
654220;2025-01-10;"sexta-feira";"12:04:00";"PB";405;26;"SAO JOAO DO RIO DO PEIXE";"Ausência de reação do condutor";"Saída de leito carroçável";"Com Vítimas Feridas";"Pleno dia";"Crescente";"Céu Claro";"Simples";"Reta";"Não";1;0;1;0;0;0;1;1;-6,667288;-38,43737;"SPRF-PB";"DEL03-PB";"UOP03-DEL03-PB"
654221;2025-01-10;"sexta-feira";"14:00:00";"MG";40;632,1;"CONSELHEIRO LAFAIETE";"Pedestre cruzava a pista fora da faixa";"Atropelamento de Pedestre";"Com Vítimas Feridas";"Pleno dia";"Crescente";"Sol";"Simples";"Aclive;Curva;Interseção de Vias;Rotatória";"Sim";2;0;1;0;1;0;1;2;-20,67348593;-43,7968977;"SPRF-MG";"DEL05-MG";"UOP02-DEL05-MG"
654222;2025-01-10;"sexta-feira";"13:30:00";"MG";40;554;"NOVA LIMA";"Manobra de mudança de faixa";"Colisão lateral mesmo sentido";"Com Vítimas Feridas";"Pleno dia";"Crescente";"Nublado";"Múltipla";"Reta";"Sim";2;0;1;0;0;1;1;2;-20,07715896;-43,98213593;"SPRF-MG";"DEL01-MG";"UOP02-DEL01-MG"
654223;2025-01-10;"sexta-feira";"13:40:00";"SP";116;275,5;"EMBU DAS ARTES";"Demais falhas mecânicas ou elétricas";"Incêndio";"Sem Vítimas";"Pleno dia";"Crescente";"Céu Claro";"Dupla";"Reta";"Não";1;0;0;0;1;0;0;1;-23,63638826;-46,83251584;"SPRF-SP";"DEL04-SP";"UOP01-DEL04-SP"
654224;2025-01-03;"sexta-feira";"18:00:00";"MA";226;75;"CAXIAS";"Acessar a via sem observar a presença dos outros veículos";"Colisão transversal";"Com Vítimas Feridas";"Anoitecer";"Crescente";"Céu Claro";"Simples";"Interseção de Vias";"Não";2;0;1;0;1;0;1;2;-5,224909;-43,451706;"SPRF-MA";"DEL03-MA";"UOP02-DEL03-MA"
654228;2025-01-10;"sexta-feira";"09:50:00";"MS";163;618,1;"SAO GABRIEL DO OESTE";"Ausência de reação do condutor";"Tombamento";"Com Vítimas Feridas";"Pleno dia";"Decrescente";"Céu Claro";"Simples";"Reta";"Sim";2;0;2;0;0;0;2;1;-19,369861;-54,583583;"SPRF-MS";"DEL06-MS";"UOP02-DEL06-MS"
654229;2025-01-10;"sexta-feira";"15:00:00";"MG";146;439,9;"CABO VERDE";"Ingestão de álcool pelo condutor";"Saída de leito carroçável";"Com Vítimas Feridas";"Pleno dia";"Crescente";"Céu Claro";"Simples";"Reta";"Sim";1;0;1;0;0;0;1;1;-21,47636651;-46,39997005;"SPRF-MG";"DEL09-MG";"UOP01-DEL09-MG"
654231;2025-01-10;"sexta-feira";"14:18:00";"ES";101;146;"LINHARES";"Ausência de reação do condutor";"Colisão traseira";"Com Vítimas Feridas";"Pleno dia";"Crescente";"Nublado";"Dupla";"Reta";"Sim";3;0;2;0;1;0;2;2;-19,36990998;-40,06560718;"SPRF-ES";"DEL04-ES";"UOP01-DEL04-ES"
654234;2025-01-10;"sexta-feira";"09:25:00";"SC";101;295;"IMBITUBA";"Condutor deixou de manter distância do veículo da frente";"Colisão traseira";"Com Vítimas Feridas";"Pleno dia";"Decrescente";"Céu Claro";"Simples";"Reta";"Sim";2;0;1;0;0;1;1;2;-28,29854333;-48,71633767;"SPRF-SC";"DEL02-SC";"UOP03-DEL02-SC"
654235;2025-01-10;"sexta-feira";"13:30:00";"MT";174;1,3;"PONTES E LACERDA";"Ausência de reação do condutor";"Eventos atípicos";"Sem Vítimas";"Pleno dia";"Decrescente";"Céu Claro";"Simples";"Reta";"Sim";1;0;0;0;1;0;0;1;-15,2472969;-59,32045199;"SPRF-MT";"DEL03-MT";"UOP01-DEL03-MT"
654237;2025-01-10;"sexta-feira";"14:55:00";"PB";230;145,9;"CAMPINA GRANDE";"Mal súbito do condutor";"Tombamento";"Com Vítimas Feridas";"Pleno dia";"Crescente";"Nublado";"Dupla";"Reta";"Sim";1;0;1;0;0;0;1;1;-7,243;-35,8709;"SPRF-PB";"DEL02-PB";"UOP01-DEL02-PB"
654238;2025-01-10;"sexta-feira";"14:30:00";"RN";101;42;"MAXARANGUAPE";"Acessar a via sem observar a presença dos outros veículos";"Colisão transversal";"Com Vítimas Feridas";"Pleno dia";"Decrescente";"Céu Claro";"Simples";"Reta";"Não";3;0;1;0;2;0;1;2;-5,4604668;-35,33254243;"SPRF-RN";"DEL02-RN";"UOP01-DEL02-RN"
654239;2025-01-10;"sexta-feira";"13:00:00";"RJ";40;74;"PETROPOLIS";"Avarias e/ou desgaste excessivo no pneu";"Capotamento";"Com Vítimas Feridas";"Pleno dia";"Crescente";"Nublado";"Múltipla";"Curva";"Não";1;0;1;0;0;0;1;1;-22,47224973;-43,22332717;"SPRF-RJ";"DEL01-RJ";"UOP01-DEL01-RJ"
654240;2025-01-10;"sexta-feira";"15:15:00";"GO";414;439;"ANAPOLIS";"Mal súbito do condutor";"Tombamento";"Com Vítimas Feridas";"Pleno dia";"Crescente";"Céu Claro";"Simples";"Reta";"Sim";1;0;0;1;0;0;1;1;-16,298529;-48,928207;"SPRF-GO";"DEL02-GO";"UOP01-DEL02-GO"
654241;2025-01-10;"sexta-feira";"15:00:00";"SC";101;151;"ITAPEMA";"Reação tardia ou ineficiente do condutor";"Colisão traseira";"Com Vítimas Feridas";"Pleno dia";"Crescente";"Céu Claro";"Dupla";"Reta";"Sim";2;0;1;0;1;0;1;2;-27,126536;-48,609642;"SPRF-SC";"DEL04-SC";"UOP03-DEL04-SC"
654242;2025-01-10;"sexta-feira";"15:20:00";"SC";101;147;"ITAPEMA";"Trafegar com motocicleta (ou similar) entre as faixas";"Colisão lateral mesmo sentido";"Com Vítimas Feridas";"Pleno dia";"Decrescente";"Céu Claro";"Múltipla";"Reta";"Sim";2;0;1;0;0;1;1;2;-27,09237407;-48,61730888;"SPRF-SC";"DEL04-SC";"UOP03-DEL04-SC"
654245;2025-01-10;"sexta-feira";"11:40:00";"RO";364;12;"VILHENA";"Desrespeitar a preferência no cruzamento";"Colisão transversal";"Com Vítimas Feridas";"Pleno dia";"Decrescente";"Céu Claro";"Dupla";"Rotatória";"Sim";2;0;1;0;1;0;1;2;-12,74370233;-60,12147609;"SPRF-RO";"DEL04-RO";"UOP01-DEL04-RO"
654246;2025-01-10;"sexta-feira";"15:36:00";"DF";251;41;"BRASILIA";"Ausência de reação do condutor";"Saída de leito carroçável";"Sem Vítimas";"Pleno dia";"Crescente";"Nublado";"Simples";"Curva";"Não";1;0;0;0;0;1;0;1;-15,933754;-47,817089;"SPRF-DF";"DEL01-DF";"UOP01-DEL01-DF"
654251;2025-01-10;"sexta-feira";"16:30:00";"MG";381;498,9;"BETIM";"Ausência de reação do condutor";"Colisão lateral mesmo sentido";"Com Vítimas Feridas";"Pleno dia";"Crescente";"Céu Claro";"Múltipla";"Aclive;Reta";"Sim";2;0;1;0;1;0;1;2;-19,992515;-44,207526;"SPRF-MG";"DEL01-MG";"UOP03-DEL01-MG"
654252;2025-01-10;"sexta-feira";"12:00:00";"PE";232;405;"SERRA TALHADA";"Acessar a via sem observar a presença dos outros veículos";"Colisão transversal";"Com Vítimas Feridas";"Pleno dia";"Decrescente";"Céu Claro";"Simples";"Reta";"Não";2;0;1;0;1;0;1;2;-7,98895584;-38,25355016;"SPRF-PE";"DEL04-PE";"UOP01-DEL04-PE"