"id";"data_inversa";"dia_semana";"horario";"uf";"br";"km";"municipio";"causa_acidente";"tipo_acidente";"classificacao_acidente";"fase_dia";"sentido_via";"condicao_metereologica";"tipo_pista";"tracado_via";"uso_solo";"pessoas";"mortos";"feridos_leves";"feridos_graves";"ilesos";"ignorados";"feridos";"veiculos";"latitude";"longitude";"regional";"delegacia";"uop"
654481;2025-01-11;"sábado";"16:50:00";"MG";381;584,1;"CARMOPOLIS DE MINAS";"Condutor Dormindo";"Saída de leito carroçável";"Com Vítimas Feridas";"Pleno dia";"Crescente";"Céu Claro";"Dupla";"Reta";"Não";4;0;3;0;1;0;3;1;-20,52949002;-44,63874994;"SPRF-MG";"DEL04-MG";"UOP01-DEL04-MG"
654482;2025-01-11;"sábado";"17:50:00";"RN";226;13,8;"MACAIBA";"Transitar na contramão";"Colisão frontal";"Com Vítimas Feridas";"Anoitecer";"Crescente";"Céu Claro";"Simples";"Reta";"Sim";5;0;4;1;0;0;5;3;-5,85297459;-35,31897913;"SPRF-RN";"DEL01-RN";"UOP02-DEL01-RN"
654483;2025-01-11;"sábado";"18:05:00";"PR";369;199;"APUCARANA";"Manobra de mudança de faixa";"Colisão frontal";"Com Vítimas Feridas";"Pleno dia";"Decrescente";"Garoa/Chuvisco";"Simples";"Reta";"Sim";2;0;1;0;1;0;1;2;-23,52554288;-51,44486904;"SPRF-PR";"DEL07-PR";"UOP03-DEL07-PR"
654484;2025-01-08;"quarta-feira";"06:30:00";"BA";101;578;"CAMACAN";"Velocidade Incompatível";"Saída de leito carroçável";"Com Vítimas Feridas";"Pleno dia";"Decrescente";"Céu Claro";"Simples";"Curva";"Não";3;0;2;0;1;0;2;1;-15,497843;-39,43252405;"SPRF-BA";"DEL05-BA";"UOP02-DEL05-BA"
654485;2025-01-11;"sábado";"17:50:00";"PB";101;119;"CAAPORA";"Animais na Pista";"Colisão com objeto";"Com Vítimas Feridas";"Plena Noite";"Decrescente";"Céu Claro";"Simples";"Aclive";"Sim";3;0;2;0;1;0;2;1;-7,42897814;-34,96672977;"SPRF-PB";"DEL01-PB";"UOP02-DEL01-PB"
654486;2025-01-11;"sábado";"18:10:00";"RS";116;145,9;"CAXIAS DO SUL";"Ausência de reação do condutor";"Colisão traseira";"Com Vítimas Feridas";"Pleno dia";"Crescente";"Chuva";"Dupla";"Curva";"Sim";2;0;1;0;1;0;1;2;-29,1350217;-51,1302779;"SPRF-RS";"DEL05-RS";"UOP01-DEL05-RS"
654487;2025-01-11;"sábado";"18:30:00";"PB";230;9;"CABEDELO";"Condutor deixou de manter distância do veículo da frente";"Colisão traseira";"Sem Vítimas";"Plena Noite";"Decrescente";"Céu Claro";"Dupla";"Curva;Viaduto";"Sim";2;0;0;0;2;0;0;2;-7,0433;-34,8466;"SPRF-PB";"DEL01-PB";"UOP01-DEL01-PB"
654488;2025-01-11;"sábado";"18:20:00";"MG";50;180;"UBERABA";"Condutor deixou de manter distância do veículo da frente";"Colisão traseira";"Com Vítimas Feridas";"Anoitecer";"Decrescente";"Sol";"Simples";"Interseção de Vias";"Sim";2;0;2;0;0;0;2;1;-19,77848216;-47,92194709;"SPRF-MG";"DEL13-MG";"UOP01-DEL13-MG"
654489;2025-01-11;"sábado";"17:35:00";"PE";428;183;"PETROLINA";"Ingestão de álcool pelo condutor";"Colisão traseira";"Com Vítimas Feridas";"Anoitecer";"Crescente";"Garoa/Chuvisco";"Dupla";"Reta";"Sim";2;0;1;0;1;0;1;2;-9,32412987;-40,46211325;"SPRF-PE";"DEL06-PE";"UOP01-DEL06-PE"
654490;2025-01-11;"sábado";"17:35:00";"GO";60;15,9;"ALEXANIA";"Manobra de mudança de faixa";"Colisão traseira";"Com Vítimas Feridas";"Pleno dia";"Crescente";"Céu Claro";"Dupla";"Aclive;Reta;Retorno Regulamentado";"Não";4;0;1;0;3;0;1;2;-16,094168;-48,517212;"SPRF-DF";"DEL03-DF";"UOP01-DEL03-DF"
654491;2025-01-11;"sábado";"18:00:00";"GO";60;418;"RIO VERDE";"Reação tardia ou ineficiente do condutor";"Saída de leito carroçável";"Com Vítimas Feridas";"Pleno dia";"Decrescente";"Nublado";"Dupla";"Reta;Retorno Regulamentado";"Não";4;0;1;0;3;0;1;1;-17,821385;-51,241245;"SPRF-GO";"DEL04-GO";"UOP02-DEL04-GO"
654492;2025-01-11;"sábado";"18:45:00";"PR";376;666,1;"GUARATUBA";"Reação tardia ou ineficiente do condutor";"Colisão com objeto";"Sem Vítimas";"Anoitecer";"Decrescente";"Garoa/Chuvisco";"Simples";"Aclive;Curva";"Não";2;0;0;0;2;0;0;1;-25,86037408;-48,95087256;"SPRF-PR";"DEL01-PR";"UOP04-DEL01-PR"
654493;2025-01-11;"sábado";"18:00:00";"PE";104;82;"AGRESTINA";"Condutor Dormindo";"Capotamento";"Com Vítimas Feridas";"Plena Noite";"Decrescente";"Céu Claro";"Simples";"Declive;Ponte";"Não";2;0;2;0;0;0;2;1;-8,414513;-35,967102;"SPRF-PE";"DEL02-PE";"UOP01-DEL02-PE"
654494;2025-01-11;"sábado";"19:00:00";"RN";101;103,6;"PARNAMIRIM";"Pedestre cruzava a pista fora da faixa";"Atropelamento de Pedestre";"Com Vítimas Feridas";"Plena Noite";"Decrescente";"Céu Claro";"Múltipla";"Reta";"Sim";4;0;0;1;3;0;1;2;-5,89034022;-35,24894996;"SPRF-RN";"DEL01-RN";"UOP01-DEL01-RN"
654495;2025-01-11;"sábado";"19:20:00";"ES";101;125;"SOORETAMA";"Reação tardia ou ineficiente do condutor";"Colisão transversal";"Com Vítimas Feridas";"Plena Noite";"Decrescente";"Nublado";"Dupla";"Reta";"Sim";2;0;1;0;1;0;1;2;-19,18496498;-40,09429827;"SPRF-ES";"DEL04-ES";"UOP01-DEL04-ES"
654496;2025-01-11;"sábado";"19:20:00";"MG";365;626;"UBERLANDIA";"Entrada inopinada do pedestre";"Atropelamento de Pedestre";"Com Vítimas Feridas";"Anoitecer";"Crescente";"Céu Claro";"Dupla";"Aclive;Reta";"Sim";4;0;1;0;2;1;1;2;-18,90659356;-48,33469405;"SPRF-MG";"DEL15-MG";"UOP01-DEL15-MG"
654497;2025-01-11;"sábado";"19:20:00";"MG";381;491;"BETIM";"Manobra de mudança de faixa";"Colisão lateral mesmo sentido";"Com Vítimas Feridas";"Plena Noite";"Decrescente";"Céu Claro";"Dupla";"Reta";"Não";4;0;1;0;3;0;1;2;-19,95904672;-44,1517514;"SPRF-MG";"DEL01-MG";"UOP03-DEL01-MG"
654498;2025-01-11;"sábado";"18:40:00";"SP";153;57;"SAO JOSE DO RIO PRETO";"Reação tardia ou ineficiente do condutor";"Tombamento";"Sem Vítimas";"Anoitecer";"Decrescente";"Nublado";"Dupla";"Reta";"Não";1;0;0;0;0;1;0;1;-20,76991095;-49,34982212;"SPRF-SP";"DEL09-SP";"UOP01-DEL09-SP"
654500;2025-01-11;"sábado";"19:00:00";"MA";226;335,1;"JENIPAPO DOS VIEIRAS";"Acessar a via sem observar a presença dos outros veículos";"Colisão transversal";"Com Vítimas Fatais";"Plena Noite";"Crescente";"Nublado";"Simples";"Reta";"Não";2;1;0;0;0;1;0;2;-5,47216891;-45,49516409;"SPRF-MA";"DEL06-MA";"UOP01-DEL06-MA"
654502;2025-01-11;"sábado";"17:30:00";"MT";163;87;"RONDONOPOLIS";"Ausência de reação do condutor";"Saída de leito carroçável";"Com Vítimas Feridas";"Anoitecer";"Crescente";"Chuva";"Dupla";"Reta";"Não";4;0;4;0;0;0;4;1;-16,76443595;-54,65835311;"SPRF-MT";"DEL02-MT";"UOP03-DEL02-MT"
654503;2025-01-11;"sábado";"18:30:00";"RR";432;198,5;"CANTA";"Falta de acostamento";"Queda de ocupante de veículo";"Com Vítimas Feridas";"Plena Noite";"Crescente";"Céu Claro";"Simples";"Reta";"Não";3;0;0;2;0;1;2;2;2,66944189;-60,59384324;"SPRF-RR";"DEL01-RR";"UOP01-DEL01-RR"
654504;2025-01-11;"sábado";"19:00:00";"SC";101;317,5;"PESCARIA BRAVA";"Animais na Pista";"Atropelamento de Animal";"Com Vítimas Feridas";"Plena Noite";"Decrescente";"Céu Claro";"Dupla";"Curva";"Não";6;0;1;0;5;0;1;3;-28,42964439;-48,87128055;"SPRF-SC";"DEL02-SC";"UOP01-DEL02-SC"
654507;2025-01-11;"sábado";"19:40:00";"MG";116;208,2;"CATUJI";"Desrespeitar a preferência no cruzamento";"Colisão transversal";"Com Vítimas Feridas";"Plena Noite";"Crescente";"Nublado";"Simples";"Reta";"Sim";2;0;1;0;1;0;1;2;-17,308365;-41,518593;"SPRF-MG";"DEL11-MG";"UOP01-DEL11-MG"
654508;2025-01-11;"sábado";"20:00:00";"PB";230;36,1;"SANTA RITA";"Pedestre cruzava a pista fora da faixa";"Atropelamento de Pedestre";"Com Vítimas Feridas";"Plena Noite";"Decrescente";"Nublado";"Dupla";"Curva;Declive";"Sim";2;0;1;0;0;1;1;2;-7,1246;-34,9473;"SPRF-PB";"DEL01-PB";"UOP03-DEL01-PB"
654509;2025-01-11;"sábado";"19:30:00";"MS";262;376;"TERENOS";"Reação tardia ou ineficiente do condutor";"Saída de leito carroçável";"Sem Vítimas";"Plena Noite";"Crescente";"Céu Claro";"Simples";"Reta";"Não";1;0;0;0;1;0;0;1;-20,48574084;-54,82946269;"SPRF-MS";"DEL01-MS";"UOP03-DEL01-MS"
654510;2025-01-11;"sábado";"20:30:00";"MT";70;2;"BARRA DO GARCAS";"Reação tardia ou ineficiente do condutor";"Colisão transversal";"Com Vítimas Feridas";"Plena Noite";"Crescente";"Céu Claro";"Simples";"Declive";"Sim";2;0;0;1;1;0;1;2;-15,88749699;-52,26810568;"SPRF-MT";"DEL07-MT";"UOP01-DEL07-MT"
654511;2025-01-11;"sábado";"20:30:00";"PR";376;231,5;"APUCARANA";"Velocidade Incompatível";"Capotamento";"Sem Vítimas";"Plena Noite";"Crescente";"Nublado";"Dupla";"Retorno Regulamentado;Reta";"Sim";1;0;0;0;0;1;0;1;-23,56687835;-51,52357221;"SPRF-PR";"DEL07-PR";"UOP03-DEL07-PR"
654512;2025-01-11;"sábado";"20:30:00";"RJ";116;300,4;"RESENDE";"Reação tardia ou ineficiente do condutor";"Tombamento";"Com Vítimas Feridas";"Plena Noite";"Crescente";"Chuva";"Dupla";"Reta";"Não";1;0;1;0;0;0;1;1;-22,45223481;-44,35432502;"SPRF-RJ";"DEL07-RJ";"UOP02-DEL07-RJ"
654514;2025-01-11;"sábado";"21:00:00";"PR";376;624,2;"SAO JOSE DOS PINHAIS";"Manobra de mudança de faixa";"Colisão lateral mesmo sentido";"Com Vítimas Feridas";"Plena Noite";"Decrescente";"Nublado";"Dupla";"Reta";"Não";3;0;1;0;2;0;1;2;-25,64336599;-49,15942795;"SPRF-PR";"DEL01-PR";"UOP04-DEL01-PR"
654515;2025-01-11;"sábado";"11:10:00";"MT";364;435;"VARZEA GRANDE";"Chuva";"Queda de ocupante de veículo";"Com Vítimas Feridas";"Pleno dia";"Decrescente";"Céu Claro";"Dupla";"Reta";"Sim";1;0;1;0;0;0;1;1;-15,64127781;-56,13085281;"SPRF-MT";"DEL01-MT";"UOP02-DEL01-MT"
654516;2025-01-11;"sábado";"20:46:00";"MS";262;443,7;"DOIS IRMAOS DO BURITI";"Reação tardia ou ineficiente do condutor";"Saída de leito carroçável";"Com Vítimas Feridas";"Plena Noite";"Crescente";"Céu Claro";"Simples";"Aclive;Rotatória";"Não";2;0;2;0;0;0;2;1;-20,52420031;-55,3921499;"SPRF-MS";"DEL03-MS";"UOP01-DEL03-MS"
654517;2025-01-11;"sábado";"19:00:00";"BA";324;356;"CAPIM GROSSO";"Área urbana sem a presença de local apropriado para a travessia de pedestres";"Atropelamento de Pedestre";"Com Vítimas Feridas";"Plena Noite";"Decrescente";"Chuva";"Simples";"Rotatória";"Sim";2;0;1;0;1;0;1;2;-11,38126896;-40,00429774;"SPRF-BA";"DEL04-BA";"UOP02-DEL04-BA"
654518;2025-01-07;"terça-feira";"23:00:00";"PR";376;248,6;"APUCARANA";"Ausência de sinalização";"Saída de leito carroçável";"Com Vítimas Feridas";"Plena Noite";"Decrescente";"Céu Claro";"Simples";"Curva";"Sim";1;0;1;0;0;0;1;1;-23,60716201;-51,40742183;"SPRF-PR";"DEL07-PR";"UOP03-DEL07-PR"
654519;2025-01-11;"sábado";"21:00:00";"RJ";116;147;"DUQUE DE CAXIAS";"Acessar a via sem observar a presença dos outros veículos";"Colisão frontal";"Com Vítimas Feridas";"Plena Noite";"Decrescente";"Ignorado";"Simples";"Reta";"Sim";2;0;1;0;1;0;1;2;-22,66978425;-43,27286493;"SPRF-RJ";"DEL01-RJ";"UOP02-DEL01-RJ"
654520;2025-01-11;"sábado";"20:23:00";"MA";135;1;"SAO LUIS";"Participar de racha";"Colisão traseira";"Com Vítimas Feridas";"Plena Noite";"Decrescente";"Céu Claro";"Dupla";"Reta";"Sim";4;0;0;1;2;1;1;2;-2,58917895;-44,24423719;"SPRF-MA";"DEL01-MA";"UOP01-DEL01-MA"
654522;2025-01-11;"sábado";"21:05:00";"SC";470;88;"ASCURRA";"Ausência de reação do condutor";"Colisão com objeto";"Com Vítimas Feridas";"Plena Noite";"Crescente";"Nublado";"Simples";"Reta;Rotatória";"Sim";1;0;0;1;0;0;1;1;-26,955355;-49,373169;"SPRF-SC";"DEL04-SC";"UOP01-DEL04-SC"
654523;2025-01-11;"sábado";"21:20:00";"BA";101;931;"NOVA VICOSA";"Transitar na contramão";"Colisão frontal";"Com Vítimas Fatais";"Plena Noite";"Crescente";"Céu Claro";"Simples";"Reta";"Não";3;1;0;0;2;0;0;2;-17,970407;-39,858838;"SPRF-BA";"DEL09-BA";"UOP02-DEL09-BA"
654524;2025-01-11;"sábado";"21:55:00";"PR";116;10;"COLOMBO";"Condutor deixou de manter distância do veículo da frente";"Saída de leito carroçável";"Com Vítimas Feridas";"Plena Noite";"Decrescente";"Chuva";"Dupla";"Reta";"Sim";2;0;1;0;1;0;1;2;-25,3719;-49,134;"SPRF-PR";"DEL01-PR";"UOP02-DEL01-PR"
654525;2025-01-11;"sábado";"22:11:00";"SP";116;296;"ITAPECERICA DA SERRA";"Pedestre cruzava a pista fora da faixa";"Atropelamento de Pedestre";"Com Vítimas Feridas";"Plena Noite";"Crescente";"Nublado";"Dupla";"Reta";"Sim";2;0;0;1;0;1;1;2;-23,775485;-46,914416;"SPRF-SP";"DEL04-SP";"UOP01-DEL04-SP"
654527;2025-01-11;"sábado";"21:40:00";"PI";343;13;"PARNAIBA";"Ingestão de álcool pelo condutor";"Saída de leito carroçável";"Com Vítimas Feridas";"Plena Noite";"Crescente";"Céu Claro";"Dupla";"Curva";"Sim";1;0;1;0;0;0;1;1;-2,919029;-41,754124;"SPRF-PI";"DEL05-PI";"UOP01-DEL05-PI"
654528;2025-01-11;"sábado";"22:30:00";"SP";116;217;"GUARULHOS";"Ingestão de álcool pelo condutor";"Colisão transversal";"Sem Vítimas";"Plena Noite";"Decrescente";"Ignorado";"Múltipla";"Interseção de Vias";"Sim";2;0;0;0;2;0;0;2;-23,45423824;-46,47119028;"SPRF-SP";"DEL01-SP";"UOP01-DEL01-SP"
654530;2025-01-11;"sábado";"07:15:00";"RJ";101;325;"NITEROI";"Condutor deixou de manter distância do veículo da frente";"Colisão lateral mesmo sentido";"Com Vítimas Feridas";"Pleno dia";"Decrescente";"Céu Claro";"Dupla";"Reta";"Não";8;0;1;0;7;0;1;2;-22,87292569;-43,13625699;"SPRF-RJ";"DEL02-RJ";"UOP01-DEL02-RJ"
654532;2025-01-11;"sábado";"23:05:00";"RS";290;40;"SANTO ANTONIO DA PATRULHA";"Demais falhas mecânicas ou elétricas";"Queda de ocupante de veículo";"Com Vítimas Feridas";"Plena Noite";"Decrescente";"Céu Claro";"Múltipla";"Reta";"Não";2;0;1;0;1;0;1;1;-29,886173;-50,658577;"SPRF-RS";"DEL03-RS";"UOP01-DEL03-RS"
654533;2025-01-11;"sábado";"21:00:00";"SC";470;88;"ASCURRA";"Condutor Dormindo";"Tombamento";"Com Vítimas Feridas";"Plena Noite";"Crescente";"Nublado";"Simples";"Rotatória";"Sim";1;0;1;0;0;0;1;1;-26,955355;-49,373169;"SPRF-SC";"DEL04-SC";"UOP01-DEL04-SC"
654534;2025-01-11;"sábado";"20:28:00";"MG";116;614,6;"ORIZANIA";"Reação tardia ou ineficiente do condutor";"Saída de leito carroçável";"Com Vítimas Feridas";"Plena Noite";"Crescente";"Nublado";"Simples";"Reta";"Não";1;0;1;0;0;0;1;1;-20,46420281;-42,17673194;"SPRF-MG";"DEL07-MG";"UOP02-DEL07-MG"
654535;2025-01-11;"sábado";"22:28:00";"MA";222;669,1;"ACAILANDIA";"Ingestão de álcool pelo condutor";"Capotamento";"Com Vítimas Fatais";"Plena Noite";"Decrescente";"Garoa/Chuvisco";"Simples";"Reta";"Não";1;1;0;0;0;0;0;1;-4,9115858;-47,41511612;"SPRF-MA";"DEL04-MA";"UOP03-DEL04-MA"
654536;2025-01-11;"sábado";"23:50:00";"SC";101;211,7;"PALHOCA";"Acessar a via sem observar a presença dos outros veículos";"Colisão transversal";"Com Vítimas Feridas";"Plena Noite";"Crescente";"Nublado";"Múltipla";"Interseção de Vias;Reta";"Sim";4;0;1;1;2;0;2;2;-27,62329313;-48,65245588;"SPRF-SC";"DEL01-SC";"UOP02-DEL01-SC"
654537;2025-01-11;"sábado";"23:50:00";"PB";230;24;"JOAO PESSOA";"Ausência de reação do condutor";"Colisão traseira";"Com Vítimas Feridas";"Plena Noite";"Crescente";"Céu Claro";"Dupla";"Reta";"Sim";2;0;1;0;0;1;1;2;-7,1637;-34,8618;"SPRF-PB";"DEL01-PB";"UOP01-DEL01-PB"
654538;2025-01-11;"sábado";"23:00:00";"ES";262;1;"CARIACICA";"Velocidade Incompatível";"Colisão traseira";"Com Vítimas Feridas";"Plena Noite";"Crescente";"Ignorado";"Dupla";"Reta;Ponte";"Não";2;0;2;0;0;0;2;2;-20,32955204;-40,35492602;"SPRF-ES";"DEL01-ES";"UOP01-DEL01-ES"
654539;2025-01-11;"sábado";"22:25:00";"PI";316;287;"DOM EXPEDITO LOPES";"Ausência de reação do condutor";"Queda de ocupante de veículo";"Com Vítimas Feridas";"Pleno dia";"Crescente";"Nublado";"Simples";"Declive";"Não";1;0;1;0;0;0;1;1;-6,97750323;-41,63837027;"SPRF-PI";"DEL04-PI";"UOP01-DEL04-PI"
654541;2025-01-11;"sábado";"20:50:00";"GO";153;292;"RIALMA";"Ingestão de álcool pelo condutor";"Saída de leito carroçável";"Com Vítimas Feridas";"Plena Noite";"Decrescente";"Nublado";"Simples";"Curva";"Não";1;0;1;0;0;0;1;1;-15,225485;-49,553764;"SPRF-GO";"DEL02-GO";"UOP02-DEL02-GO"
654542;2025-01-12;"domingo";"00:15:00";"AL";101;192;"JUNQUEIRO";"Chuva";"Capotamento";"Com Vítimas Feridas";"Plena Noite";"Decrescente";"Chuva";"Simples";"Declive";"Não";1;0;1;0;0;0;1;1;-9,93595808;-36,49545203;"SPRF-AL";"DEL02-AL";"UOP02-DEL02-AL"
654543;2025-01-12;"domingo";"00:15:00";"PE";232;409;"SERRA TALHADA";"Ingestão de álcool pelo condutor";"Queda de ocupante de veículo";"Com Vítimas Feridas";"Plena Noite";"Decrescente";"Céu Claro";"Simples";"Reta";"Sim";1;0;0;1;0;0;1;1;-7,982273;-38,298102;"SPRF-PE";"DEL04-PE";"UOP01-DEL04-PE"
654544;2025-01-12;"domingo";"00:00:00";"AL";423;96;"DELMIRO GOUVEIA";"Transitar na contramão";"Colisão com objeto";"Com Vítimas Fatais";"Plena Noite";"Crescente";"Chuva";"Simples";"Reta;Ponte";"Não";2;1;1;0;0;0;1;1;-9,37845507;-38,12309398;"SPRF-BA";"DEL07-BA";"UOP01-DEL07-BA"
654545;2025-01-12;"domingo";"00:45:00";"ES";101;269,8;"SERRA";"Condutor desrespeitou a iluminação vermelha do semáforo";"Colisão transversal";"Com Vítimas Feridas";"Plena Noite";"Decrescente";"Nublado";"Múltipla";"Reta";"Sim";4;0;0;1;2;1;1;4;-20,21740496;-40,26990578;"SPRF-ES";"DEL02-ES";"UOP01-DEL02-ES"
654546;2025-01-12;"domingo";"00:05:00";"RJ";101;477;"ANGRA DOS REIS";"Ausência de reação do condutor";"Colisão lateral mesmo sentido";"Com Vítimas Feridas";"Plena Noite";"Decrescente";"Nublado";"Simples";"Reta";"Sim";2;0;1;0;1;0;1;2;-22,99820396;-44,26554599;"SPRF-RJ";"DEL03-RJ";"UOP03-DEL03-RJ"
654547;2025-01-12;"domingo";"02:00:00";"SP";116;228,8;"SAO PAULO";"Ausência de reação do condutor";"Tombamento";"Com Vítimas Fatais";"Plena Noite";"Decrescente";"Nublado";"Múltipla";"Reta";"Não";2;1;0;0;0;1;0;2;-23,5081324;-46,5714235;"SPRF-SP";"DEL01-SP";"UOP01-DEL01-SP"
654548;2025-01-12;"domingo";"01:25:00";"PR";277;108;"CURITIBA";"Manobra de mudança de faixa";"Tombamento";"Sem Vítimas";"Plena Noite";"Crescente";"Garoa/Chuvisco";"Dupla";"Curva";"Sim";1;0;0;0;1;0;0;1;-25,42728405;-49,38109684;"SPRF-PR";"DEL03-PR";"UOP03-DEL03-PR"
654550;2025-01-11;"sábado";"17:00:00";"MT";158;635,5;"NOVA XAVANTINA";"Ausência de reação do condutor";"Saída de leito carroçável";"Sem Vítimas";"Anoitecer";"Crescente";"Chuva";"Simples";"Reta";"Não";1;0;0;0;0;1;0;1;-14,53513211;-52,34518098;"SPRF-MT";"DEL07-MT";"UOP02-DEL07-MT"
654551;2025-01-12;"domingo";"02:30:00";"PE";232;60,7;"POMBOS";"Chuva";"Colisão com objeto";"Com Vítimas Feridas";"Plena Noite";"Decrescente";"Nublado";"Dupla";"Declive;Curva";"Não";1;0;1;0;0;0;1;1;-8,14829578;-35,40830684;"SPRF-PE";"DEL02-PE";"UOP02-DEL02PE"
654553;2025-01-12;"domingo";"03:35:00";"PR";369;201,5;"APUCARANA";"Velocidade Incompatível";"Saída de leito carroçável";"Sem Vítimas";"Plena Noite";"Decrescente";"Nublado";"Simples";"Curva;Interseção de Vias";"Sim";1;0;0;0;0;1;0;1;-23,53971582;-51,45735073;"SPRF-PR";"DEL07-PR";"UOP03-DEL07-PR"
654554;2025-01-11;"sábado";"20:30:00";"MS";463;18,1;"DOURADOS";"Ausência de reação do condutor";"Saída de leito carroçável";"Com Vítimas Feridas";"Plena Noite";"Decrescente";"Céu Claro";"Simples";"Rotatória";"Não";4;0;2;1;1;0;3;1;-22,24881412;-54,97021414;"SPRF-MS";"DEL04-MS";"UOP03-DEL04-MS"
654555;2025-01-12;"domingo";"01:50:00";"MS";262;653;"MIRANDA";"Condutor Dormindo";"Saída de leito carroçável";"Com Vítimas Feridas";"Plena Noite";"Crescente";"Céu Claro";"Simples";"Reta";"Não";1;0;1;0;0;0;1;1;-19,69841399;-56,99882498;"SPRF-MS";"DEL03-MS";"UOP02-DEL03-MS"
654557;2025-01-12;"domingo";"04:15:00";"RS";392;6,8;"RIO GRANDE";"Ausência de reação do condutor";"Colisão com objeto";"Sem Vítimas";"Plena Noite";"Decrescente";"Céu Claro";"Simples";"Reta";"Sim";2;0;0;0;0;2;0;1;-32,0849901;-52,10592673;"SPRF-RS";"DEL07-RS";"UOP02-DEL07-RS"
654558;2025-01-12;"domingo";"05:20:00";"RJ";116;40;"TERESOPOLIS";"Ingestão de álcool pelo condutor";"Saída de leito carroçável";"Com Vítimas Feridas";"Amanhecer";"Crescente";"Garoa/Chuvisco";"Simples";"Curva";"Não";2;0;1;0;1;0;1;1;-22,133427;-42,779522;"SPRF-RJ";"DEL04-RJ";"UOP01-DEL04-RJ"
654560;2025-01-12;"domingo";"03:30:00";"PI";402;38,6;"PARNAIBA";"Ausência de reação do condutor";"Tombamento";"Com Vítimas Fatais";"Plena Noite";"Crescente";"Céu Claro";"Simples";"Reta";"Sim";2;1;0;0;0;1;0;2;-2,95599034;-41,7222053;"SPRF-PI";"DEL05-PI";"UOP01-DEL05-PI"
654561;2025-01-12;"domingo";"05:00:00";"RN";304;31,1;"MOSSORO";"Transitar na contramão";"Colisão frontal";"Com Vítimas Feridas";"Pleno dia";"Crescente";"Céu Claro";"Simples";"Reta";"Não";2;0;0;1;0;1;1;2;-5,12587296;-37,34293919;"SPRF-RN";"DEL04-RN";"UOP02-DEL04-RN"
654563;2025-01-12;"domingo";"05:57:00";"PB";101;88;"JOAO PESSOA";"Acessar a via sem observar a presença dos outros veículos";"Colisão transversal";"Com Vítimas Feridas";"Pleno dia";"Decrescente";"Nublado";"Dupla";"Reta";"Sim";2;0;1;0;0;1;1;2;-7,16470016;-34,89993643;"SPRF-PB";"DEL01-PB";"UOP01-DEL01-PB"
654565;2025-01-12;"domingo";"04:30:00";"CE";403;130;"SOBRAL";"Condutor Dormindo";"Colisão com objeto";"Sem Vítimas";"Pleno dia";"Crescente";"Céu Claro";"Simples";"Reta";"Sim";1;0;0;0;0;1;0;1;-3,77524722;-40,49651184;"SPRF-CE";"DEL04-CE";"UOP01-DEL04-CE"
654567;2025-01-12;"domingo";"06:15:00";"PE";232;16;"JABOATAO DOS GUARARAPES";"Acumulo de água sobre o pavimento";"Saída de leito carroçável";"Com Vítimas Feridas";"Pleno dia";"Decrescente";"Chuva";"Dupla";"Curva";"Não";2;0;1;0;1;0;1;1;-8,09414193;-35,03716601;"SPRF-PE";"DEL01-PE";"UOP01-DEL01-PE"
654568;2025-01-12;"domingo";"01:00:00";"RJ";465;18;"NOVA IGUACU";"Ausência de reação do condutor";"Colisão frontal";"Com Vítimas Feridas";"Plena Noite";"Decrescente";"Nublado";"Simples";"Reta";"Não";2;0;1;0;1;0;1;2;-22,831354;-43,615128;"SPRF-RJ";"DEL06-RJ";"UOP02-DEL06-RJ"
654569;2025-01-12;"domingo";"05:45:00";"PI";316;38,1;"LAGOA DO PIAUI";"Ultrapassagem Indevida";"Colisão transversal";"Com Vítimas Fatais";"Amanhecer";"Crescente";"Nublado";"Simples";"Reta";"Não";40;1;6;8;25;0;14;3;-5,398115;-42,655895;"SPRF-PI";"DEL01-PI";"UOP02-DEL01-PI"
654570;2025-01-12;"domingo";"06:30:00";"SC";280;156,2;"MAFRA";"Reação tardia ou ineficiente do condutor";"Saída de leito carroçável";"Com Vítimas Feridas";"Pleno dia";"Crescente";"Nublado";"Simples";"Curva";"Não";3;0;2;0;0;1;2;2;-26,20741005;-49,73642503;"SPRF-SC";"DEL06-SC";"UOP03-DEL06-SC"
654571;2025-01-12;"domingo";"03:55:00";"RJ";493;52;"DUQUE DE CAXIAS";"Avarias e/ou desgaste excessivo no pneu";"Capotamento";"Com Vítimas Feridas";"Plena Noite";"Crescente";"Céu Claro";"Dupla";"Reta";"Não";2;0;1;0;1;0;1;1;-22,672089;-43,285053;"SPRF-RJ";"DEL01-RJ";"UOP03-DEL01-RJ"
654572;2025-01-12;"domingo";"05:30:00";"BA";324;543;"AMELIA RODRIGUES";"Chuva";"Saída de leito carroçável";"Sem Vítimas";"Amanhecer";"Decrescente";"Chuva";"Dupla";"Curva";"Não";1;0;0;0;1;0;0;1;-12,39713005;-38,76807002;"SPRF-BA";"DEL01-BA";"UOP03-DEL01-BA"
654573;2025-01-12;"domingo";"07:20:00";"RS";116;247;"SAO LEOPOLDO";"Ausência de reação do condutor";"Colisão traseira";"Com Vítimas Feridas";"Pleno dia";"Decrescente";"Céu Claro";"Dupla";"Curva";"Não";4;0;3;0;1;0;3;2;-29,78647744;-51,1629653;"SPRF-RS";"DEL01-RS";"UOP02-DEL01-RS"