"id";"data_inversa";"dia_semana";"horario";"uf";"br";"km";"municipio";"causa_acidente";"tipo_acidente";"classificacao_acidente";"fase_dia";"sentido_via";"condicao_metereologica";"tipo_pista";"tracado_via";"uso_solo";"pessoas";"mortos";"feridos_leves";"feridos_graves";"ilesos";"ignorados";"feridos";"veiculos";"latitude";"longitude";"regional";"delegacia";"uop"
654575;2025-01-12;"domingo";"06:30:00";"GO";70;0;"AGUAS LINDAS DE GOIAS";"Manobra de mudança de faixa";"Colisão com objeto";"Com Vítimas Feridas";"Pleno dia";"Decrescente";"Nublado";"Múltipla";"Curva";"Não";1;0;1;0;0;0;1;1;-15,783543;-48,2326;"SPRF-DF";"DEL03-DF";"UOP02-DEL03-DF"
654576;2025-01-12;"domingo";"06:32:00";"PE";428;160;"PETROLINA";"Ausência de reação do condutor";"Capotamento";"Com Vítimas Feridas";"Amanhecer";"Decrescente";"Chuva";"Simples";"Reta";"Não";1;0;1;0;0;0;1;1;-9,147232;-40,357009;"SPRF-PE";"DEL06-PE";"UOP01-DEL06-PE"
654578;2025-01-12;"domingo";"08:00:00";"SP";116;224;"GUARULHOS";"Ausência de reação do condutor";"Colisão traseira";"Com Vítimas Feridas";"Pleno dia";"Crescente";"Céu Claro";"Dupla";"Reta";"Não";2;0;0;1;1;0;1;2;-23,48071896;-46,53271603;"SPRF-SP";"DEL01-SP";"UOP01-DEL01-SP"
654579;2025-01-12;"domingo";"05:50:00";"PI";222;4;"SAO JOAO DA FRONTEIRA";"Pedestre - Ingestão de álcool/ substâncias psicoativas";"Atropelamento de Pedestre";"Com Vítimas Fatais";"Amanhecer";"Decrescente";"Céu Claro";"Simples";"Reta";"Sim";2;1;0;0;0;1;0;2;-3,93654178;-41,2597933;"SPRF-PI";"DEL02-PI";"UOP01-DEL02-PI"
654580;2025-01-12;"domingo";"06:35:00";"GO";153;147,8;"CAMPINORTE";"Chuva";"Saída de leito carroçável";"Sem Vítimas";"Pleno dia";"Crescente";"Chuva";"Simples";"Aclive;Curva";"Não";1;0;0;0;1;0;0;1;-14,056182;-49,090618;"SPRF-GO";"DEL07-GO";"UOP02-DEL07-GO"
654581;2025-01-12;"domingo";"07:35:00";"RS";290;80;"GRAVATAI";"Ausência de reação do condutor";"Colisão frontal";"Com Vítimas Feridas";"Pleno dia";"Decrescente";"Céu Claro";"Simples";"Viaduto";"Sim";3;0;0;2;1;0;2;2;-29,95343;-51,058449;"SPRF-RS";"DEL01-RS";"UOP01-DEL01-RS"
654582;2025-01-12;"domingo";"07:35:00";"PE";232;57;"POMBOS";"Reação tardia ou ineficiente do condutor";"Colisão traseira";"Com Vítimas Feridas";"Pleno dia";"Crescente";"Nublado";"Dupla";"Reta";"Sim";3;0;2;1;0;0;3;2;-8,1412132;-35,38181492;"SPRF-PE";"DEL02-PE";"UOP02-DEL02PE"
654585;2025-01-12;"domingo";"08:20:00";"MG";381;694,6;"LAVRAS";"Ausência de reação do condutor";"Saída de leito carroçável";"Com Vítimas Feridas";"Pleno dia";"Crescente";"Céu Claro";"Dupla";"Curva";"Não";2;0;1;0;1;0;1;1;-21,26844225;-45,13721743;"SPRF-MG";"DEL04-MG";"UOP02-DEL04-MG"
654586;2025-01-12;"domingo";"07:30:00";"RS";386;349,8;"LAJEADO";"Manobra de mudança de faixa";"Colisão transversal";"Com Vítimas Feridas";"Pleno dia";"Crescente";"Céu Claro";"Dupla";"Reta;Em Obras";"Sim";4;0;1;0;2;1;1;3;-29,465483;-51,95509;"SPRF-RS";"DEL04-RS";"UOP01-DEL04-RS"
654587;2025-01-12;"domingo";"07:56:00";"PE";101;103;"CABO DE SANTO AGOSTINHO";"Condutor deixou de manter distância do veículo da frente";"Colisão traseira";"Com Vítimas Feridas";"Pleno dia";"Decrescente";"Nublado";"Dupla";"Reta";"Sim";5;0;2;0;2;1;2;2;-8,297546;-35,064106;"SPRF-PE";"DEL01-PE";"UOP03-DEL01-PE"
654588;2025-01-12;"domingo";"08:30:00";"PE";232;5;"RECIFE";"Reação tardia ou ineficiente do condutor";"Saída de leito carroçável";"Sem Vítimas";"Pleno dia";"Crescente";"Nublado";"Múltipla";"Curva";"Não";1;0;0;0;0;1;0;1;-8,06795766;-34,94535414;"SPRF-PE";"DEL01-PE";"UOP01-DEL01-PE"
654589;2025-01-12;"domingo";"07:00:00";"MG";153;142;"PRATA";"Velocidade Incompatível";"Saída de leito carroçável";"Sem Vítimas";"Pleno dia";"Crescente";"Céu Claro";"Dupla";"Reta";"Não";1;0;0;0;0;1;0;1;-19,58298502;-48,82648097;"SPRF-MG";"DEL15-MG";"UOP03-DEL15-MG"
654590;2025-01-12;"domingo";"06:25:00";"RR";174;566;"BOA VISTA";"Ausência de reação do condutor";"Saída de leito carroçável";"Sem Vítimas";"Amanhecer";"Crescente";"Céu Claro";"Simples";"Reta";"Não";1;0;0;0;0;1;0;1;3,317477;-60,861275;"SPRF-RR";"DEL01-RR";"UOP01-DEL01-RR"
654591;2025-01-12;"domingo";"08:50:00";"PR";373;263,9;"PRUDENTOPOLIS";"Reação tardia ou ineficiente do condutor";"Colisão traseira";"Sem Vítimas";"Pleno dia";"Crescente";"Nublado";"Simples";"Reta";"Sim";3;0;0;0;3;0;0;2;-25,202086;-50,98123;"SPRF-PR";"DEL08-PR";"UOP01-DEL08-PR"
654594;2025-01-12;"domingo";"07:40:00";"PR";467;109,7;"CASCAVEL";"Velocidade Incompatível";"Saída de leito carroçável";"Sem Vítimas";"Pleno dia";"Decrescente";"Sol";"Dupla";"Reta";"Sim";1;0;0;0;0;1;0;1;-24,9261;-53,4589;"SPRF-PR";"DEL04-PR";"UOP01-DEL04-PR"
654598;2025-01-12;"domingo";"09:30:00";"SC";101;136;"BALNEARIO CAMBORIU";"Reação tardia ou ineficiente do condutor";"Engavetamento";"Com Vítimas Feridas";"Pleno dia";"Crescente";"Céu Claro";"Dupla";"Reta";"Sim";3;0;0;1;2;0;1;3;-27,008113;-48,617245;"SPRF-SC";"DEL04-SC";"UOP03-DEL04-SC"
654599;2025-01-12;"domingo";"10:20:00";"PI";316;311;"PICOS";"Retorno proibido";"Colisão lateral mesmo sentido";"Sem Vítimas";"Pleno dia";"Crescente";"Chuva";"Dupla";"Reta";"Sim";2;0;0;0;2;0;0;2;-7,076331;-41,46596;"SPRF-PI";"DEL04-PI";"UOP01-DEL04-PI"
654601;2025-01-12;"domingo";"11:10:00";"RJ";101;432;"MANGARATIBA";"Reação tardia ou ineficiente do condutor";"Tombamento";"Com Vítimas Feridas";"Pleno dia";"Crescente";"Chuva";"Simples";"Curva";"Sim";2;0;2;0;0;0;2;1;-22,93437472;-44,02919087;"SPRF-RJ";"DEL03-RJ";"UOP02-DEL03-RJ"
654602;2025-01-12;"domingo";"10:15:00";"SC";101;6,7;"GARUVA";"Transtornos Mentais (exceto suicidio)";"Saída de leito carroçável";"Com Vítimas Feridas";"Pleno dia";"Decrescente";"Nublado";"Dupla";"Reta";"Não";1;0;1;0;0;0;1;1;-26,03444584;-48,86030495;"SPRF-SC";"DEL03-SC";"UOP01-DEL03-SC"
654603;2025-01-12;"domingo";"07:27:00";"ES";262;90;"DOMINGOS MARTINS";"Ultrapassagem Indevida";"Colisão transversal";"Com Vítimas Feridas";"Pleno dia";"Crescente";"Ignorado";"Simples";"Interseção de Vias";"Não";7;0;4;1;2;0;5;2;-20,38123513;-41,02431905;"SPRF-ES";"DEL01-ES";"UOP02-DEL01-ES"
654605;2025-01-12;"domingo";"11:20:00";"SC";101;216,1;"PALHOCA";"Manobra de mudança de faixa";"Colisão lateral mesmo sentido";"Com Vítimas Feridas";"Pleno dia";"Decrescente";"Céu Claro";"Múltipla";"Reta";"Sim";2;0;1;0;1;0;1;2;-27,65981409;-48,67747798;"SPRF-SC";"DEL01-SC";"UOP02-DEL01-SC"
654606;2025-01-12;"domingo";"07:00:00";"MT";174;573;"COMODORO";"Pista Escorregadia";"Saída de leito carroçável";"Com Vítimas Feridas";"Pleno dia";"Decrescente";"Chuva";"Simples";"Declive";"Não";1;0;1;0;0;0;1;1;-13,00241367;-59,97033793;"SPRF-MT";"DEL04-MT";"UOP02-DEL04-MT"
654607;2025-01-12;"domingo";"11:20:00";"SP";381;38;"ATIBAIA";"Reação tardia ou ineficiente do condutor";"Colisão traseira";"Com Vítimas Feridas";"Pleno dia";"Crescente";"Nublado";"Dupla";"Interseção de Vias";"Sim";2;0;0;1;1;0;1;2;-23,1133221;-46,57174974;"SPRF-SP";"DEL03-SP";"UOP01-DEL03-SP"
654608;2025-01-12;"domingo";"11:00:00";"RO";319;62;"PORTO VELHO";"Manobra de mudança de faixa";"Colisão lateral mesmo sentido";"Com Vítimas Feridas";"Pleno dia";"Decrescente";"Céu Claro";"Dupla";"Retorno Regulamentado;Reta";"Não";2;0;1;0;1;0;1;2;-8,766685;-63,884052;"SPRF-RO";"DEL01-RO";"UOP01-DEL01-RO"
654609;2025-01-12;"domingo";"11:15:00";"PB";230;122,9;"RIACHAO DO BACAMARTE";"Avarias e/ou desgaste excessivo no pneu";"Saída de leito carroçável";"Com Vítimas Feridas";"Pleno dia";"Crescente";"Chuva";"Dupla";"Curva";"Sim";3;0;1;2;0;0;3;1;-7,247337;-35,670708;"SPRF-PB";"DEL02-PB";"UOP01-DEL02-PB"
654610;2025-01-09;"quinta-feira";"08:13:00";"MT";163;1017;"TERRA NOVA DO NORTE";"Animais na Pista";"Colisão frontal";"Com Vítimas Feridas";"Pleno dia";"Crescente";"Chuva";"Simples";"Declive;Reta";"Não";4;0;2;2;0;0;4;2;-10,341005;-55,040638;"SPRF-MT";"DEL06-MT";"UOP03-DEL06-MT"
654611;2025-01-12;"domingo";"10:55:00";"PE";101;52,6;"PAULISTA";"Acessar a via sem observar a presença dos outros veículos";"Colisão transversal";"Com Vítimas Feridas";"Pleno dia";"Decrescente";"Nublado";"Múltipla";"Reta";"Sim";2;0;1;0;1;0;1;2;-7,930789;-34,900193;"SPRF-PE";"DEL01-PE";"UOP02-DEL01-PE"
654612;2025-01-12;"domingo";"11:40:00";"MG";381;732,5;"TRES CORACOES";"Velocidade Incompatível";"Saída de leito carroçável";"Com Vítimas Feridas";"Pleno dia";"Decrescente";"Chuva";"Dupla";"Curva";"Não";1;0;1;0;0;0;1;1;-21,55413799;-45,24499427;"SPRF-MG";"DEL16-MG";"UOP02-DEL16-MG"
654615;2025-01-12;"domingo";"12:15:00";"ES";101;189;"ARACRUZ";"Reação tardia ou ineficiente do condutor";"Saída de leito carroçável";"Com Vítimas Feridas";"Pleno dia";"Crescente";"Céu Claro";"Dupla";"Curva";"Sim";2;0;1;0;1;0;1;1;-19,68134019;-40,27051885;"SPRF-ES";"DEL04-ES";"UOP01-DEL04-ES"
654617;2025-01-12;"domingo";"12:30:00";"SP";116;529;"BARRA DO TURVO";"Reação tardia ou ineficiente do condutor";"Colisão lateral mesmo sentido";"Com Vítimas Feridas";"Pleno dia";"Decrescente";"Garoa/Chuvisco";"Dupla";"Reta";"Não";7;0;1;1;5;0;2;2;-24,939211;-48,301248;"SPRF-SP";"DEL05-SP";"UOP02-DEL05-SP"
654619;2025-01-12;"domingo";"12:00:00";"PE";101;40;"IGARASSU";"Restrição de visibilidade em curvas horizontais";"Colisão transversal";"Com Vítimas Feridas";"Pleno dia";"Crescente";"Céu Claro";"Simples";"Interseção de Vias";"Sim";2;0;1;0;1;0;1;2;-7,821475;-34,916545;"SPRF-PE";"DEL01-PE";"UOP02-DEL01-PE"
654620;2025-01-12;"domingo";"12:30:00";"SC";101;236;"PALHOCA";"Ausência de reação do condutor";"Colisão com objeto";"Com Vítimas Feridas";"Pleno dia";"Crescente";"Céu Claro";"Dupla";"Curva";"Não";2;0;2;0;0;0;2;1;-27,82629382;-48,63034842;"SPRF-SC";"DEL01-SC";"UOP02-DEL01-SC"
654621;2025-01-12;"domingo";"13:08:00";"GO";60;130;"GOIANIA";"Demais falhas mecânicas ou elétricas";"Colisão traseira";"Com Vítimas Feridas";"Pleno dia";"Crescente";"Nublado";"Dupla";"Reta";"Não";11;0;1;0;10;0;1;3;-16,5675;-49,1554;"SPRF-GO";"DEL01-GO";"UOP01-DEL01-GO"
654622;2025-01-12;"domingo";"11:30:00";"RJ";116;229;"PIRAI";"Ausência de reação do condutor";"Colisão com objeto";"Com Vítimas Feridas";"Pleno dia";"Decrescente";"Céu Claro";"Simples";"Curva";"Não";1;0;1;0;0;0;1;1;-22,65646622;-43,82206692;"SPRF-RJ";"DEL07-RJ";"UOP01-DEL07-RJ"
654624;2025-01-12;"domingo";"11:03:00";"MG";251;520,7;"MONTES CLAROS";"Reação tardia ou ineficiente do condutor";"Engavetamento";"Com Vítimas Feridas";"Pleno dia";"Crescente";"Nublado";"Simples";"Reta";"Não";63;0;3;0;60;0;3;5;-16,66570005;-43,78533097;"SPRF-MG";"DEL12-MG";"UOP01-DEL12-MG"
654625;2025-01-12;"domingo";"12:25:00";"MG";262;800;"UBERABA";"Transitar no Acostamento";"Colisão traseira";"Com Vítimas Feridas";"Pleno dia";"Decrescente";"Céu Claro";"Dupla";"Reta;Aclive";"Sim";4;0;0;1;3;0;1;2;-19,779129;-47,945794;"SPRF-MG";"DEL13-MG";"UOP01-DEL13-MG"
654626;2025-01-12;"domingo";"12:30:00";"GO";60;37,1;"GOIANIA";"Condutor Dormindo";"Colisão com objeto";"Com Vítimas Feridas";"Pleno dia";"Decrescente";"Céu Claro";"Dupla";"Reta";"Sim";3;0;1;2;0;0;3;1;-16,6777;-49,2676;"SPRF-GO";"DEL01-GO";"UOP02-DEL01-GO"
654627;2025-01-12;"domingo";"13:18:00";"SC";101;137;"BALNEARIO CAMBORIU";"Reação tardia ou ineficiente do condutor";"Engavetamento";"Com Vítimas Feridas";"Pleno dia";"Crescente";"Nublado";"Dupla";"Reta";"Sim";8;0;2;0;6;0;2;6;-27,0157238;-48,61192763;"SPRF-SC";"DEL04-SC";"UOP03-DEL04-SC"
654628;2025-01-12;"domingo";"11:30:00";"RJ";101;226;"SILVA JARDIM";"Velocidade Incompatível";"Saída de leito carroçável";"Com Vítimas Feridas";"Pleno dia";"Decrescente";"Nublado";"Dupla";"Reta";"Não";1;0;1;0;0;0;1;1;-22,54789495;-42,34957707;"SPRF-RJ";"DEL02-RJ";"UOP03-DEL02-RJ"
654629;2025-01-12;"domingo";"12:30:00";"MG";381;890,1;"CAMBUI";"Velocidade Incompatível";"Saída de leito carroçável";"Com Vítimas Feridas";"Pleno dia";"Crescente";"Chuva";"Dupla";"Curva";"Não";2;0;1;0;1;0;1;1;-22,54079321;-46,03771019;"SPRF-MG";"DEL16-MG";"UOP01-DEL16-MG"
654630;2025-01-12;"domingo";"13:20:00";"GO";40;12;"LUZIANIA";"Transitar no Acostamento";"Colisão transversal";"Sem Vítimas";"Pleno dia";"Crescente";"Céu Claro";"Dupla";"Reta";"Sim";2;0;0;0;2;0;0;2;-16,145123;-47,945382;"SPRF-DF";"DEL01-DF";"UOP01-DEL01-DF"
654631;2025-01-12;"domingo";"13:30:00";"RS";290;91;"PORTO ALEGRE";"Manobra de mudança de faixa";"Colisão traseira";"Com Vítimas Feridas";"Pleno dia";"Decrescente";"Nublado";"Múltipla";"Reta";"Não";2;0;1;0;1;0;1;1;-29,96957492;-51,16957016;"SPRF-RS";"DEL01-RS";"UOP01-DEL01-RS"
654632;2025-01-12;"domingo";"10:40:00";"GO";153;515,2;"APARECIDA DE GOIANIA";"Acessar a via sem observar a presença dos outros veículos";"Colisão lateral mesmo sentido";"Sem Vítimas";"Pleno dia";"Crescente";"Chuva";"Dupla";"Aclive";"Sim";2;0;0;0;2;0;0;2;-16,8413;-49,2454;"SPRF-GO";"DEL01-GO";"UOP03-DEL01-GO"
654633;2025-01-12;"domingo";"13:00:00";"PB";230;115,5;"INGA";"Acumulo de água sobre o pavimento";"Colisão com objeto";"Com Vítimas Feridas";"Pleno dia";"Crescente";"Chuva";"Dupla";"Curva";"Não";1;0;1;0;0;0;1;1;-7,2296;-35,5998;"SPRF-PB";"DEL01-PB";"UOP03-DEL01-PB"
654635;2025-01-12;"domingo";"14:00:00";"ES";101;378,6;"ICONHA";"Acessar a via sem observar a presença dos outros veículos";"Atropelamento de Animal";"Com Vítimas Feridas";"Pleno dia";"Decrescente";"Céu Claro";"Dupla";"Curva;Declive";"Não";5;0;0;1;4;0;1;2;-20,804562;-40,810875;"SPRF-ES";"DEL03-ES";"UOP01-DEL03-ES"
654636;2025-01-12;"domingo";"12:15:00";"RJ";116;62,3;"TERESOPOLIS";"Velocidade Incompatível";"Saída de leito carroçável";"Com Vítimas Feridas";"Pleno dia";"Decrescente";"Chuva";"Simples";"Curva";"Não";1;0;1;0;0;0;1;1;-22,25254197;-42,91927708;"SPRF-RJ";"DEL04-RJ";"UOP01-DEL04-RJ"
654639;2025-01-12;"domingo";"14:34:00";"PB";230;112,9;"INGA";"Chuva";"Saída de leito carroçável";"Com Vítimas Feridas";"Pleno dia";"Crescente";"Chuva";"Dupla";"Curva;Declive";"Não";3;0;2;0;1;0;2;1;-7,2117;-35,5822;"SPRF-PB";"DEL01-PB";"UOP03-DEL01-PB"
654640;2025-01-12;"domingo";"09:30:00";"GO";60;28,2;"ALEXANIA";"Velocidade Incompatível";"Queda de ocupante de veículo";"Com Vítimas Feridas";"Pleno dia";"Crescente";"Céu Claro";"Dupla";"Aclive;Reta";"Não";2;0;1;0;1;0;1;1;-16,0963;-48,5202;"SPRF-DF";"DEL03-DF";"UOP01-DEL03-DF"
654641;2025-01-12;"domingo";"14:00:00";"MG";381;603,7;"OLIVEIRA";"Reação tardia ou ineficiente do condutor";"Capotamento";"Com Vítimas Feridas";"Pleno dia";"Decrescente";"Chuva";"Dupla";"Curva";"Não";4;0;3;0;1;0;3;1;-20,64973798;-44,73551891;"SPRF-MG";"DEL04-MG";"UOP01-DEL04-MG"
654642;2025-01-12;"domingo";"14:30:00";"PR";116;114;"CURITIBA";"Reação tardia ou ineficiente do condutor";"Saída de leito carroçável";"Sem Vítimas";"Pleno dia";"Crescente";"Nublado";"Dupla";"Reta";"Não";1;0;0;0;1;0;0;1;-25,56296907;-49,25643801;"SPRF-PR";"DEL01-PR";"UOP03-DEL01-PR"
654645;2025-01-12;"domingo";"14:29:00";"BA";101;877;"TEIXEIRA DE FREITAS";"Acessar a via sem observar a presença dos outros veículos";"Colisão transversal";"Com Vítimas Feridas";"Pleno dia";"Decrescente";"Nublado";"Simples";"Interseção de Vias";"Sim";3;0;1;0;1;1;1;3;-17,54369134;-39,71754491;"SPRF-BA";"DEL09-BA";"UOP02-DEL09-BA"
654646;2025-01-12;"domingo";"13:16:00";"MT";163;828;"SINOP";"Ingestão de álcool pelo condutor";"Queda de ocupante de veículo";"Sem Vítimas";"Pleno dia";"Decrescente";"Céu Claro";"Simples";"Reta";"Sim";1;0;0;0;1;0;0;1;-11,921688;-55,51099;"SPRF-MT";"DEL06-MT";"UOP02-DEL06-MT"
654648;2025-01-12;"domingo";"14:00:00";"DF";60;2,5;"BRASILIA";"Acesso irregular";"Colisão traseira";"Com Vítimas Feridas";"Pleno dia";"Crescente";"Chuva";"Dupla";"Retorno Regulamentado;Reta";"Sim";4;0;2;0;2;0;2;2;-15,887383;-48,077988;"SPRF-DF";"DEL03-DF";"UOP01-DEL03-DF"
654649;2025-01-12;"domingo";"14:30:00";"RJ";40;90;"PETROPOLIS";"Pista Escorregadia";"Saída de leito carroçável";"Com Vítimas Feridas";"Pleno dia";"Decrescente";"Nublado";"Simples";"Aclive;Curva";"Não";5;0;1;0;4;0;1;1;-22,550738;-43,236397;"SPRF-RJ";"DEL01-RJ";"UOP01-DEL01-RJ"
654650;2025-01-12;"domingo";"13:50:00";"PR";376;665;"GUARATUBA";"Demais falhas mecânicas ou elétricas";"Incêndio";"Sem Vítimas";"Pleno dia";"Decrescente";"Garoa/Chuvisco";"Simples";"Aclive;Reta";"Não";1;0;0;0;1;0;0;1;-25,85455838;-48,95670808;"SPRF-PR";"DEL01-PR";"UOP04-DEL01-PR"
654651;2025-01-12;"domingo";"10:00:00";"SC";280;124;"RIO NEGRINHO";"Ausência de reação do condutor";"Saída de leito carroçável";"Sem Vítimas";"Pleno dia";"Crescente";"Céu Claro";"Simples";"Reta";"Não";1;0;0;0;0;1;0;1;-26,24130297;-49,47514499;"SPRF-SC";"DEL06-SC";"UOP03-DEL06-SC"
654652;2025-01-12;"domingo";"14:00:00";"MG";381;656,4;"SANTO ANTONIO DO AMPARO";"Condutor Dormindo";"Saída de leito carroçável";"Com Vítimas Feridas";"Pleno dia";"Crescente";"Nublado";"Dupla";"Curva";"Não";2;0;1;0;1;0;1;1;-21,00645107;-44,97543296;"SPRF-MG";"DEL04-MG";"UOP02-DEL04-MG"
654653;2025-01-12;"domingo";"14:35:00";"SC";470;143,8;"RIO DO SUL";"Reação tardia ou ineficiente do condutor";"Colisão traseira";"Com Vítimas Feridas";"Pleno dia";"Crescente";"Nublado";"Simples";"Interseção de Vias";"Sim";3;0;1;0;0;2;1;3;-27,2246294;-49,66499448;"SPRF-SC";"DEL04-SC";"UOP02-DEL04-SC"
654655;2025-01-12;"domingo";"11:00:00";"MT";163;955;"ITAUBA";"Acessar a via sem observar a presença dos outros veículos";"Colisão transversal";"Com Vítimas Feridas";"Pleno dia";"Crescente";"Céu Claro";"Simples";"Reta";"Sim";3;0;1;0;2;0;1;2;-10,97135587;-55,22772021;"SPRF-MT";"DEL06-MT";"UOP02-DEL06-MT"
654656;2025-01-12;"domingo";"15:00:00";"PR";116;113;"CURITIBA";"Condutor deixou de manter distância do veículo da frente";"Colisão traseira";"Com Vítimas Feridas";"Pleno dia";"Crescente";"Nublado";"Dupla";"Reta";"Não";4;0;3;0;1;0;3;2;-25,56513636;-49,24675108;"SPRF-PR";"DEL01-PR";"UOP03-DEL01-PR"
654657;2025-01-12;"domingo";"13:50:00";"PE";232;59,2;"POMBOS";"Reação tardia ou ineficiente do condutor";"Saída de leito carroçável";"Com Vítimas Feridas";"Pleno dia";"Decrescente";"Chuva";"Dupla";"Reta";"Não";3;0;2;0;1;0;2;1;-8,1471233;-35,39890998;"SPRF-PE";"DEL02-PE";"UOP02-DEL02PE"
654658;2025-01-12;"domingo";"11:00:00";"PA";163;104;"ALTAMIRA";"Curva acentuada";"Queda de ocupante de veículo";"Com Vítimas Feridas";"Pleno dia";"Decrescente";"Céu Claro";"Simples";"Curva";"Não";2;0;2;0;0;0;2;1;-8,72682171;-54,97298761;"SPRF-MT";"DEL06-MT";"UOP03-DEL06-MT"
654659;2025-01-12;"domingo";"15:45:00";"RN";226;78,2;"TANGARA";"Conversão proibida";"Colisão transversal";"Com Vítimas Fatais";"Pleno dia";"Decrescente";"Sol";"Simples";"Reta";"Sim";2;1;0;0;1;0;0;2;-6,17315299;-35,76445699;"SPRF-RN";"DEL01-RN";"UOP02-DEL01-RN"
654660;2025-01-12;"domingo";"15:45:00";"RS";285;537,7;"CAIBATE";"Desrespeitar a preferência no cruzamento";"Colisão transversal";"Com Vítimas Feridas";"Pleno dia";"Decrescente";"Céu Claro";"Simples";"Interseção de Vias";"Não";5;0;3;2;0;0;5;2;-28,401775;-54,65054512;"SPRF-RS";"DEL10-RS";"UOP01-DEL10-RS"
654661;2025-01-12;"domingo";"14:30:00";"SC";280;49;"GUARAMIRIM";"Velocidade Incompatível";"Tombamento";"Com Vítimas Feridas";"Pleno dia";"Crescente";"Garoa/Chuvisco";"Dupla";"Reta";"Sim";1;0;0;1;0;0;1;1;-26,45850039;-48,93692786;"SPRF-SC";"DEL03-SC";"UOP03-DEL03-SC"
654663;2025-01-12;"domingo";"12:30:00";"MA";230;443,5;"RIACHAO";"Acumulo de água sobre o pavimento";"Saída de leito carroçável";"Com Vítimas Feridas";"Pleno dia";"Crescente";"Chuva";"Simples";"Curva";"Não";2;0;0;1;1;0;1;1;-7,40945229;-46,38084412;"SPRF-MA";"DEL05-MA";"UOP01-DEL05-MA"
654664;2025-01-12;"domingo";"15:00:00";"ES";101;273,2;"SERRA";"Frear bruscamente";"Colisão traseira";"Sem Vítimas";"Pleno dia";"Crescente";"Céu Claro";"Múltipla";"Reta";"Não";13;0;0;0;13;0;0;2;-20,22029207;-40,29048811;"SPRF-ES";"DEL02-ES";"UOP01-DEL02-ES"
654665;2025-01-12;"domingo";"12:41:00";"AC";364;16;"ACRELANDIA";"Chuva";"Saída de leito carroçável";"Com Vítimas Feridas";"Pleno dia";"Decrescente";"Chuva";"Simples";"Declive;Reta";"Não";3;0;0;2;1;0;2;1;-9,8831168;-66,92963022;"SPRF-AC";"DEL01-AC";"UOP03-DEL01-AC"
654666;2025-01-12;"domingo";"17:10:00";"SC";282;26,4;"SANTO AMARO DA IMPERATRIZ";"Ingestão de álcool pelo condutor";"Colisão lateral mesmo sentido";"Com Vítimas Feridas";"Pleno dia";"Decrescente";"Nublado";"Simples";"Reta;Interseção de Vias;Retorno Regulamentado";"Sim";2;0;1;0;1;0;1;2;-27,67522418;-48,76841784;"SPRF-SC";"DEL01-SC";"UOP03-DEL01-SC"
654667;2025-01-12;"domingo";"17:20:00";"CE";116;19;"ITAITINGA";"Condutor deixou de manter distância do veículo da frente";"Colisão traseira";"Com Vítimas Feridas";"Pleno dia";"Crescente";"Nublado";"Dupla";"Reta";"Não";4;0;4;0;0;0;4;2;-3,91384397;-38,50667231;"SPRF-CE";"DEL01-CE";"UOP02-DEL01-CE"
654668;2025-01-12;"domingo";"15:45:00";"RS";471;167;"RIO PARDO";"Ingestão de álcool pelo condutor";"Saída de leito carroçável";"Com Vítimas Feridas";"Pleno dia";"Decrescente";"Céu Claro";"Simples";"Reta";"Não";4;0;3;1;0;0;4;1;-29,962341;-52,370583;"SPRF-RS";"DEL02-RS";"UOP03-DEL02-RS"
654669;2025-01-12;"domingo";"17:10:00";"MG";381;533,6;"ITATIAIUCU";"Avarias e/ou desgaste excessivo no pneu";"Saída de leito carroçável";"Com Vítimas Feridas";"Pleno dia";"Decrescente";"Chuva";"Dupla";"Aclive;Curva";"Sim";2;0;1;0;1;0;1;1;-20,19896036;-44,38641307;"SPRF-MG";"DEL04-MG";"UOP03-DEL04-MG"
654670;2025-01-12;"domingo";"16:25:00";"RJ";101;590,3;"PARATY";"Pedestre cruzava a pista fora da faixa";"Atropelamento de Pedestre";"Com Vítimas Feridas";"Pleno dia";"Decrescente";"Nublado";"Simples";"Reta";"Não";2;0;1;0;1;0;1;2;-23,30840813;-44,70725998;"SPRF-RJ";"DEL03-RJ";"UOP04-DEL03-RJ"
654671;2025-01-12;"domingo";"16:45:00";"TO";153;136;"ARAGUAINA";"Pedestre cruzava a pista fora da faixa";"Atropelamento de Pedestre";"Com Vítimas Feridas";"Pleno dia";"Crescente";"Garoa/Chuvisco";"Dupla";"Reta";"Sim";3;0;0;1;2;0;1;3;-7,137507;-48,200943;"SPRF-TO";"DEL02-TO";"UOP01-DEL02-TO"
654672;2025-01-12;"domingo";"17:40:00";"PB";230;9,9;"CABEDELO";"Condutor deixou de manter distância do veículo da frente";"Colisão lateral mesmo sentido";"Com Vítimas Feridas";"Anoitecer";"Decrescente";"Céu Claro";"Dupla";"Em Obras;Interseção de Vias;Reta";"Sim";3;0;1;0;2;0;1;2;-7,0433;-34,8466;"SPRF-PB";"DEL01-PB";"UOP01-DEL01-PB"
654673;2025-01-12;"domingo";"14:45:00";"PE";232;189;"SANHARO";"Condutor deixou de manter distância do veículo da frente";"Colisão transversal";"Com Vítimas Feridas";"Pleno dia";"Crescente";"Nublado";"Simples";"Reta";"Não";3;0;1;1;0;1;2;2;-8,35542691;-36,50966301;"SPRF-PE";"DEL03-PE";"UOP02-DEL03-PE"
654674;2025-01-12;"domingo";"15:00:00";"MG";381;700,9;"LAVRAS";"Chuva";"Saída de leito carroçável";"Com Vítimas Feridas";"Pleno dia";"Crescente";"Chuva";"Dupla";"Declive;Curva";"Não";3;0;1;0;2;0;1;1;-21,31137883;-45,16451703;"SPRF-MG";"DEL04-MG";"UOP02-DEL04-MG"