"id";"data_inversa";"dia_semana";"horario";"uf";"br";"km";"municipio";"causa_acidente";"tipo_acidente";"classificacao_acidente";"fase_dia";"sentido_via";"condicao_metereologica";"tipo_pista";"tracado_via";"uso_solo";"pessoas";"mortos";"feridos_leves";"feridos_graves";"ilesos";"ignorados";"feridos";"veiculos";"latitude";"longitude";"regional";"delegacia";"uop"
654675;2025-01-12;"domingo";"17:00:00";"GO";60;259;"INDIARA";"Manobra de mudança de faixa";"Colisão traseira";"Com Vítimas Feridas";"Pleno dia";"Decrescente";"Céu Claro";"Dupla";"Aclive;Reta";"Não";3;0;2;0;1;0;2;2;-17,1596;-50,0359;"SPRF-GO";"DEL01-GO";"UOP02-DEL01-GO"
654676;2025-01-12;"domingo";"15:30:00";"MG";381;696,4;"LAVRAS";"Velocidade Incompatível";"Saída de leito carroçável";"Com Vítimas Feridas";"Pleno dia";"Crescente";"Chuva";"Dupla";"Curva;Aclive";"Não";1;0;1;0;0;0;1;1;-21,28522379;-45,14051435;"SPRF-MG";"DEL04-MG";"UOP02-DEL04-MG"
654678;2025-01-12;"domingo";"17:15:00";"MG";40;735,3;"SANTOS DUMONT";"Reação tardia ou ineficiente do condutor";"Colisão traseira";"Com Vítimas Feridas";"Anoitecer";"Crescente";"Chuva";"Simples";"Aclive";"Não";4;0;2;0;2;0;2;2;-21,37012696;-43,57558994;"SPRF-MG";"DEL05-MG";"UOP01-DEL05-MG"
654679;2025-01-08;"quarta-feira";"16:00:00";"RJ";101;321;"NITEROI";"Trafegar com motocicleta (ou similar) entre as faixas";"Engavetamento";"Com Vítimas Feridas";"Pleno dia";"Crescente";"Céu Claro";"Múltipla";"Reta";"Sim";3;0;1;0;2;0;1;3;-22,86981096;-43,11046465;"SPRF-RJ";"DEL02-RJ";"UOP01-DEL02-RJ"
654680;2025-01-12;"domingo";"16:00:00";"PE";407;88,5;"PETROLINA";"Ultrapassagem Indevida";"Colisão lateral mesmo sentido";"Com Vítimas Feridas";"Pleno dia";"Crescente";"Garoa/Chuvisco";"Simples";"Declive;Reta";"Não";4;0;1;0;1;2;1;4;-9,07500114;-40,66410928;"SPRF-PE";"DEL06-PE";"UOP02-DEL06-PE"
654681;2025-01-12;"domingo";"18:00:00";"MG";365;791,3;"ITUIUTABA";"Ingestão de álcool pelo condutor";"Queda de ocupante de veículo";"Com Vítimas Feridas";"Anoitecer";"Decrescente";"Nublado";"Dupla";"Retorno Regulamentado;Reta";"Não";1;0;1;0;0;0;1;1;-18,93778917;-49,82196808;"SPRF-MG";"DEL15-MG";"UOP03-DEL15-MG"
654682;2025-01-12;"domingo";"15:00:00";"SC";470;49;"BLUMENAU";"Velocidade Incompatível";"Tombamento";"Com Vítimas Feridas";"Pleno dia";"Decrescente";"Nublado";"Dupla";"Em Obras;Reta";"Sim";1;0;1;0;0;0;1;1;-26,8609917;-49,06601521;"SPRF-SC";"DEL04-SC";"UOP01-DEL04-SC"
654683;2025-01-12;"domingo";"17:40:00";"AP";210;18,9;"MACAPA";"Reação tardia ou ineficiente do condutor";"Colisão traseira";"Com Vítimas Feridas";"Pleno dia";"Decrescente";"Céu Claro";"Simples";"Reta";"Não";18;0;3;0;15;0;3;4;0,18881;-51,117812;"SPRF-AP";"DEL01-AP";"UOP01-DEL01-AP"
654684;2025-01-12;"domingo";"18:15:00";"RJ";101;485;"ANGRA DOS REIS";"Condutor deixou de manter distância do veículo da frente";"Colisão traseira";"Com Vítimas Feridas";"Anoitecer";"Crescente";"Garoa/Chuvisco";"Dupla";"Reta";"Sim";3;0;1;0;2;0;1;2;-22,98573526;-44,29709764;"SPRF-RJ";"DEL03-RJ";"UOP03-DEL03-RJ"
654687;2025-01-12;"domingo";"18:50:00";"SC";101;207,2;"SAO JOSE";"Ingestão de álcool pelo condutor";"Queda de ocupante de veículo";"Com Vítimas Feridas";"Plena Noite";"Decrescente";"Céu Claro";"Múltipla";"Curva";"Não";2;0;1;0;0;1;1;2;-27,60001226;-48,6226467;"SPRF-SC";"DEL01-SC";"UOP01-DEL01-SC"
654689;2025-01-12;"domingo";"19:00:00";"PB";104;12,4;"CUITE";"Manobra de mudança de faixa";"Colisão frontal";"Com Vítimas Fatais";"Plena Noite";"Decrescente";"Chuva";"Simples";"Reta";"Não";2;1;0;0;0;1;0;2;-6,50157794;-36,1486783;"SPRF-PB";"DEL02-PB";"UOP04-DEL02-PB"
654691;2025-01-12;"domingo";"15:30:00";"PR";153;309,6;"IMBITUVA";"Reação tardia ou ineficiente do condutor";"Colisão traseira";"Com Vítimas Feridas";"Pleno dia";"Crescente";"Céu Claro";"Simples";"Reta";"Não";5;0;0;1;2;2;1;2;-25,290124;-50,63805;"SPRF-PR";"DEL08-PR";"UOP02-DEL08-PR"
654693;2025-01-12;"domingo";"15:00:00";"PR";163;299;"MERCEDES";"Acessar a via sem observar a presença dos outros veículos";"Colisão transversal";"Com Vítimas Feridas";"Pleno dia";"Crescente";"Sol";"Simples";"Reta";"Não";3;0;0;1;2;0;1;2;-24,50685298;-54,12243998;"SPRF-PR";"DEL06-PR";"UOP02-DEL06-PR"
654694;2025-01-12;"domingo";"19:30:00";"MG";116;760,9;"LEOPOLDINA";"Reação tardia ou ineficiente do condutor";"Queda de ocupante de veículo";"Com Vítimas Feridas";"Plena Noite";"Crescente";"Céu Claro";"Simples";"Curva";"Sim";2;0;1;0;0;1;1;1;-21,52207278;-42,61775334;"SPRF-MG";"DEL07-MG";"UOP01-DEL07-MG"
654695;2025-01-12;"domingo";"19:35:00";"ES";101;150;"LINHARES";"Ingestão de álcool pelo condutor";"Colisão com objeto";"Com Vítimas Feridas";"Plena Noite";"Decrescente";"Céu Claro";"Simples";"Interseção de Vias";"Não";2;0;2;0;0;0;2;1;-19,40436634;-40,06078896;"SPRF-ES";"DEL04-ES";"UOP01-DEL04-ES"
654696;2025-01-12;"domingo";"14:50:00";"MG";40;661,1;"CARANDAI";"Velocidade Incompatível";"Saída de leito carroçável";"Com Vítimas Fatais";"Pleno dia";"Crescente";"Chuva";"Simples";"Curva;Declive";"Não";2;1;0;1;0;0;1;1;-20,910087;-43,828976;"SPRF-MG";"DEL05-MG";"UOP02-DEL05-MG"
654697;2025-01-12;"domingo";"19:50:00";"ES";101;149,5;"LINHARES";"Condutor desrespeitou a iluminação vermelha do semáforo";"Colisão transversal";"Com Vítimas Feridas";"Plena Noite";"Decrescente";"Céu Claro";"Múltipla";"Interseção de Vias;Reta";"Sim";2;0;0;1;1;0;1;2;-19,39882425;-40,06273985;"SPRF-ES";"DEL04-ES";"UOP01-DEL04-ES"
654699;2025-01-12;"domingo";"19:30:00";"SC";101;213,5;"PALHOCA";"Demais falhas mecânicas ou elétricas";"Tombamento";"Com Vítimas Feridas";"Plena Noite";"Crescente";"Nublado";"Múltipla";"Reta";"Sim";1;0;1;0;0;0;1;1;-27,63697369;-48,66514142;"SPRF-SC";"DEL01-SC";"UOP02-DEL01-SC"
654700;2025-01-12;"domingo";"19:00:00";"MS";163;371;"NOVA ALVORADA DO SUL";"Ausência de reação do condutor";"Saída de leito carroçável";"Com Vítimas Feridas";"Plena Noite";"Decrescente";"Céu Claro";"Dupla";"Reta";"Não";2;0;0;2;0;0;2;1;-21,41551117;-54,39177719;"SPRF-MS";"DEL02-MS";"UOP01-DEL02-MS"
654702;2025-01-12;"domingo";"18:00:00";"PR";469;14;"FOZ DO IGUACU";"Ingestão de álcool pelo condutor";"Tombamento";"Com Vítimas Feridas";"Pleno dia";"Decrescente";"Céu Claro";"Simples";"Reta";"Sim";2;0;2;0;0;0;2;1;-25,5781;-54,5411;"SPRF-PR";"DEL05-PR";"UOP04-DEL05-PR"
654703;2025-01-12;"domingo";"16:00:00";"RJ";116;118;"GUAPIMIRIM";"Velocidade Incompatível";"Saída de leito carroçável";"Com Vítimas Feridas";"Pleno dia";"Crescente";"Chuva";"Dupla";"Reta";"Não";2;0;1;0;1;0;1;1;-22,60969336;-43,03076263;"SPRF-RJ";"DEL04-RJ";"UOP02-DEL04-RJ"
654704;2025-01-12;"domingo";"20:00:00";"SC";280;231,7;"CANOINHAS";"Ausência de reação do condutor";"Colisão com objeto";"Com Vítimas Feridas";"Plena Noite";"Decrescente";"Céu Claro";"Simples";"Reta";"Sim";2;0;1;0;1;0;1;1;-26,1893047;-50,37170989;"SPRF-SC";"DEL06-SC";"UOP04-DEL06-SC"
654706;2025-01-12;"domingo";"20:20:00";"SC";470;56;"BLUMENAU";"Acesso irregular";"Colisão traseira";"Com Vítimas Feridas";"Plena Noite";"Decrescente";"Ignorado";"Dupla";"Curva;Em Obras";"Sim";2;0;1;0;1;0;1;2;-26,87655491;-49,12752271;"SPRF-SC";"DEL04-SC";"UOP01-DEL04-SC"
654707;2025-01-12;"domingo";"20:00:00";"RN";101;105;"PARNAMIRIM";"Avarias e/ou desgaste excessivo no pneu";"Queda de ocupante de veículo";"Com Vítimas Feridas";"Plena Noite";"Crescente";"Céu Claro";"Dupla";"Reta";"Não";2;0;1;1;0;0;2;1;-5,90165196;-35,25928517;"SPRF-RN";"DEL01-RN";"UOP01-DEL01-RN"
654708;2025-01-12;"domingo";"20:15:00";"MG";364;31;"FRUTAL";"Ausência de reação do condutor";"Saída de leito carroçável";"Com Vítimas Feridas";"Plena Noite";"Decrescente";"Céu Claro";"Simples";"Reta";"Sim";1;0;1;0;0;0;1;1;-20,025185;-48,94096;"SPRF-MG";"DEL13-MG";"UOP02-DEL13-MG"
654709;2025-01-12;"domingo";"19:40:00";"PE";407;73,4;"PETROLINA";"Chuva";"Saída de leito carroçável";"Com Vítimas Feridas";"Plena Noite";"Crescente";"Chuva";"Simples";"Curva";"Não";2;0;2;0;0;0;2;1;-8,958202;-40,722875;"SPRF-PE";"DEL06-PE";"UOP02-DEL06-PE"
654710;2025-01-12;"domingo";"18:15:00";"SC";282;308,5;"VARGEM";"Ingestão de álcool pelo condutor";"Saída de leito carroçável";"Com Vítimas Fatais";"Pleno dia";"Crescente";"Céu Claro";"Simples";"Curva;Declive";"Não";1;1;0;0;0;0;0;1;-27,4892731;-50,9729754;"SPRF-SC";"DEL07-SC";"UOP06-DEL07-SC"
654712;2025-01-12;"domingo";"20:40:00";"PR";153;43,9;"SANTO ANTONIO DA PLATINA";"Velocidade Incompatível";"Saída de leito carroçável";"Sem Vítimas";"Plena Noite";"Decrescente";"Nublado";"Simples";"Reta";"Sim";1;0;0;0;1;0;0;1;-23,31433009;-50,06953597;"SPRF-PR";"DEL07-PR";"UOP04-DEL07-PR"
654713;2025-01-12;"domingo";"17:02:00";"RS";293;0;"PELOTAS";"Retorno proibido";"Colisão com objeto";"Com Vítimas Feridas";"Pleno dia";"Decrescente";"Céu Claro";"Simples";"Interseção de Vias";"Sim";1;0;0;1;0;0;1;1;-31,76310187;-52,35646248;"SPRF-RS";"DEL07-RS";"UOP01-DEL07-RS"
654715;2025-01-12;"domingo";"16:30:00";"MG";116;424;"ALPERCATA";"Ausência de reação do condutor";"Queda de ocupante de veículo";"Com Vítimas Feridas";"Pleno dia";"Crescente";"Céu Claro";"Simples";"Reta";"Sim";1;0;0;1;0;0;1;1;-18,95689528;-41,96500492;"SPRF-MG";"DEL06-MG";"UOP01-DEL06-MG"
654716;2025-01-12;"domingo";"21:20:00";"RN";101;99;"NATAL";"Ausência de reação do condutor";"Colisão com objeto";"Com Vítimas Feridas";"Plena Noite";"Decrescente";"Céu Claro";"Simples";"Reta";"Sim";2;0;1;0;1;0;1;2;-5,87359183;-35,22063023;"SPRF-RN";"DEL01-RN";"UOP01-DEL01-RN"
654717;2025-01-12;"domingo";"21:20:00";"RN";304;280;"MACAIBA";"Ingestão de álcool pelo condutor";"Colisão com objeto";"Com Vítimas Feridas";"Plena Noite";"Decrescente";"Céu Claro";"Dupla";"Reta";"Não";1;0;1;0;0;0;1;1;-5,88956382;-35,48954405;"SPRF-RN";"DEL01-RN";"UOP02-DEL01-RN"
654719;2025-01-12;"domingo";"17:20:00";"RO";364;491;"ARIQUEMES";"Conversão proibida";"Colisão transversal";"Com Vítimas Feridas";"Pleno dia";"Crescente";"Nublado";"Simples";"Reta";"Não";6;0;2;0;4;0;2;2;-10,09972089;-62,95458394;"SPRF-RO";"DEL03-RO";"UOP01-DEL03-RO"
654720;2025-01-12;"domingo";"21:22:00";"PR";376;180;"MARINGA";"Velocidade Incompatível";"Tombamento";"Com Vítimas Feridas";"Plena Noite";"Crescente";"Céu Claro";"Dupla";"Curva";"Sim";2;0;2;0;0;0;2;1;-23,42244278;-51,90360392;"SPRF-PR";"DEL09-PR";"UOP01-DEL09-PR"
654721;2025-01-12;"domingo";"20:35:00";"MG";40;466,8;"SETE LAGOAS";"Pista esburacada";"Colisão com objeto";"Com Vítimas Feridas";"Plena Noite";"Decrescente";"Nublado";"Dupla";"Reta;Declive";"Sim";2;0;2;0;0;0;2;1;-19,447962;-44,319408;"SPRF-MG";"DEL02-MG";"UOP01-DEL02-MG"
654722;2025-01-12;"domingo";"21:30:00";"MG";262;368;"JUATUBA";"Entrada inopinada do pedestre";"Atropelamento de Pedestre";"Com Vítimas Fatais";"Plena Noite";"Crescente";"Chuva";"Dupla";"Reta";"Não";2;1;0;0;1;0;0;2;-19,97239513;-44,28042402;"SPRF-MG";"DEL01-MG";"UOP03-DEL01-MG"
654723;2025-01-12;"domingo";"20:00:00";"SP";116;219;"GUARULHOS";"Reação tardia ou ineficiente do condutor";"Colisão traseira";"Sem Vítimas";"Plena Noite";"Decrescente";"Nublado";"Múltipla";"Reta";"Sim";3;0;0;0;3;0;0;3;-23,457972;-46,479927;"SPRF-SP";"DEL01-SP";"UOP01-DEL01-SP"
654724;2025-01-12;"domingo";"22:00:00";"SC";101;134;"BALNEARIO CAMBORIU";"Reação tardia ou ineficiente do condutor";"Colisão com objeto";"Com Vítimas Feridas";"Plena Noite";"Decrescente";"Céu Claro";"Simples";"Reta";"Sim";1;0;1;0;0;0;1;1;-27,00218;-48,636433;"SPRF-SC";"DEL04-SC";"UOP03-DEL04-SC"
654725;2025-01-12;"domingo";"22:00:00";"SC";280;24,9;"ARAQUARI";"Condutor deixou de manter distância do veículo da frente";"Colisão traseira";"Com Vítimas Feridas";"Plena Noite";"Crescente";"Céu Claro";"Simples";"Reta";"Sim";1;0;1;0;0;0;1;1;-26,37724921;-48,71953282;"SPRF-SC";"DEL03-SC";"UOP03-DEL03-SC"
654727;2025-01-12;"domingo";"21:50:00";"PR";277;452,2;"LARANJEIRAS DO SUL";"Acessar a via sem observar a presença dos outros veículos";"Colisão transversal";"Com Vítimas Feridas";"Plena Noite";"Decrescente";"Céu Claro";"Simples";"Reta";"Sim";2;0;1;0;1;0;1;2;-25,37843986;-52,39634693;"SPRF-PR";"DEL04-PR";"UOP02-DEL04-PR"
654728;2025-01-12;"domingo";"21:00:00";"PI";135;372,3;"BOM JESUS";"Ausência de reação do condutor";"Colisão traseira";"Sem Vítimas";"Plena Noite";"Decrescente";"Nublado";"Simples";"Reta";"Não";2;0;0;0;1;1;0;2;-9,21779976;-44,44649418;"SPRF-PI";"DEL03-PI";"UOP02-DEL03-PI"
654730;2025-01-12;"domingo";"21:15:00";"PR";272;373,3;"CAMPO MOURAO";"Transitar na contramão";"Colisão frontal";"Com Vítimas Fatais";"Plena Noite";"Crescente";"Céu Claro";"Simples";"Reta";"Não";6;2;3;0;1;0;3;2;-24,0678098;-52,45503794;"SPRF-PR";"DEL09-PR";"UOP03-DEL09-PR"
654732;2025-01-12;"domingo";"22:30:00";"PR";163;244;"GUAIRA";"Ingestão de álcool pelo condutor";"Colisão transversal";"Com Vítimas Feridas";"Plena Noite";"Crescente";"Céu Claro";"Simples";"Declive;Reta";"Sim";2;0;0;1;1;0;1;2;-24,10770483;-54,2390728;"SPRF-PR";"DEL06-PR";"UOP02-DEL06-PR"
654733;2025-01-12;"domingo";"22:00:00";"RN";304;297,5;"MACAIBA";"Ingestão de álcool pelo condutor";"Colisão traseira";"Com Vítimas Feridas";"Plena Noite";"Crescente";"Céu Claro";"Dupla";"Aclive;Reta";"Não";2;0;1;1;0;0;2;2;-5,86689116;-35,33703089;"SPRF-RN";"DEL01-RN";"UOP02-DEL01-RN"
654734;2025-01-12;"domingo";"22:45:00";"SP";116;161;"JACAREI";"Desrespeitar a preferência no cruzamento";"Tombamento";"Com Vítimas Feridas";"Plena Noite";"Crescente";"Nublado";"Dupla";"Retorno Regulamentado";"Sim";2;0;1;0;1;0;1;2;-23,27617003;-45,97592098;"SPRF-SP";"DEL02-SP";"UOP01-DEL02-SP"
654735;2025-01-12;"domingo";"23:17:00";"SC";282;282;"PALHOCA";"Ausência de reação do condutor";"Colisão transversal";"Sem Vítimas";"Plena Noite";"Crescente";"Céu Claro";"Múltipla";"Rotatória";"Não";3;0;0;0;2;1;0;3;-27,65565227;-48,67910457;"SPRF-SC";"DEL05-SC";"UOP02-DEL05-SC"
654738;2025-01-12;"domingo";"18:00:00";"SC";280;234;"CANOINHAS";"Ingestão de álcool pelo condutor";"Colisão frontal";"Com Vítimas Feridas";"Anoitecer";"Crescente";"Nublado";"Simples";"Reta;Aclive";"Sim";2;0;1;0;1;0;1;2;-26,19130591;-50,40255601;"SPRF-SC";"DEL06-SC";"UOP04-DEL06-SC"
654739;2025-01-12;"domingo";"19:00:00";"MA";230;315,2;"SAO RAIMUNDO DAS MANGABEIRAS";"Desrespeitar a preferência no cruzamento";"Colisão transversal";"Com Vítimas Fatais";"Plena Noite";"Crescente";"Nublado";"Simples";"Declive;Reta";"Sim";3;1;0;1;1;0;1;2;-7,022722;-45,482058;"SPRF-MA";"DEL05-MA";"UOP01-DEL05-MA"
654740;2025-01-12;"domingo";"20:00:00";"MG";251;431;"GRAO MOGOL";"Reação tardia ou ineficiente do condutor";"Colisão frontal";"Com Vítimas Feridas";"Plena Noite";"Decrescente";"Chuva";"Simples";"Declive;Reta";"Não";6;0;6;0;0;0;6;2;-16,3602658;-43,16619819;"SPRF-MG";"DEL12-MG";"UOP01-DEL12-MG"
654742;2025-01-13;"segunda-feira";"00:00:00";"RS";386;342,6;"LAJEADO";"Reação tardia ou ineficiente do condutor";"Colisão frontal";"Com Vítimas Feridas";"Plena Noite";"Decrescente";"Céu Claro";"Múltipla";"Reta;Interseção de Vias";"Sim";2;0;0;1;1;0;1;2;-29,43419777;-52,0053863;"SPRF-RS";"DEL04-RS";"UOP01-DEL04-RS"
654743;2025-01-12;"domingo";"22:55:00";"MS";267;122,3;"NOVA ANDRADINA";"Velocidade Incompatível";"Saída de leito carroçável";"Com Vítimas Fatais";"Plena Noite";"Crescente";"Céu Claro";"Simples";"Curva";"Não";3;1;0;0;0;2;0;2;-21,75831;-53,23826;"SPRF-MS";"DEL02-MS";"UOP03-DEL02-MS"
654744;2025-01-12;"domingo";"23:30:00";"RJ";101;297;"ITABORAI";"Reação tardia ou ineficiente do condutor";"Tombamento";"Com Vítimas Feridas";"Plena Noite";"Crescente";"Nublado";"Simples";"Curva";"Sim";2;0;2;0;0;0;2;1;-22,76942037;-42,91873581;"SPRF-RJ";"DEL02-RJ";"UOP02-DEL02-RJ"
654745;2025-01-13;"segunda-feira";"00:15:00";"SC";101;123;"ITAJAI";"Desrespeitar a preferência no cruzamento";"Colisão transversal";"Com Vítimas Feridas";"Plena Noite";"Decrescente";"Céu Claro";"Simples";"Interseção de Vias";"Não";2;0;0;1;1;0;1;2;-26,93668609;-48,69876905;"SPRF-SC";"DEL04-SC";"UOP04-DEL04-SC"
654747;2025-01-13;"segunda-feira";"00:00:00";"PR";277;5;"CURITIBA";"Ausência de reação do condutor";"Colisão traseira";"Com Vítimas Feridas";"Plena Noite";"Crescente";"Céu Claro";"Dupla";"Curva";"Sim";2;0;0;1;1;0;1;2;-25,43047783;-49,3174855;"SPRF-PR";"DEL01-PR";"UOP05-DEL01-PR"
654748;2025-01-13;"segunda-feira";"00:10:00";"PR";277;3,8;"PARANAGUA";"Reação tardia ou ineficiente do condutor";"Saída de leito carroçável";"Sem Vítimas";"Plena Noite";"Decrescente";"Nublado";"Dupla";"Reta";"Sim";8;0;0;0;8;0;0;3;-25,5395086;-48,5345222;"SPRF-PR";"DEL01-PR";"UOP05-DEL01-PR"
654751;2025-01-13;"segunda-feira";"00:30:00";"PB";104;98;"ESPERANCA";"Ingestão de álcool pelo condutor";"Colisão com objeto";"Sem Vítimas";"Plena Noite";"Crescente";"Garoa/Chuvisco";"Simples";"Reta";"Sim";1;0;0;0;1;0;0;1;-7,02803215;-35,85657159;"SPRF-PB";"DEL02-PB";"UOP04-DEL02-PB"
654752;2025-01-13;"segunda-feira";"00:26:00";"PE";407;119;"PETROLINA";"Ingestão de álcool pelo condutor";"Colisão com objeto";"Com Vítimas Feridas";"Plena Noite";"Decrescente";"Nublado";"Simples";"Em Obras;Reta";"Não";1;0;0;1;0;0;1;1;-9,33026316;-40,56422728;"SPRF-PE";"DEL06-PE";"UOP01-DEL06-PE"
654753;2025-01-13;"segunda-feira";"00:15:00";"RO";364;196;"PIMENTA BUENO";"Ausência de reação do condutor";"Saída de leito carroçável";"Sem Vítimas";"Plena Noite";"Decrescente";"Nublado";"Simples";"Reta";"Sim";1;0;0;0;0;1;0;1;-11,68671732;-61,18347731;"SPRF-RO";"DEL02-RO";"UOP02-DEL02-RO"
654754;2025-01-12;"domingo";"20:50:00";"RS";285;104,7;"VACARIA";"Ausência de reação do condutor";"Saída de leito carroçável";"Com Vítimas Feridas";"Plena Noite";"Crescente";"Céu Claro";"Simples";"Reta";"Não";1;0;0;1;0;0;1;1;-28,54488;-50,790276;"SPRF-RS";"DEL05-RS";"UOP03-DEL05-RS"
654755;2025-01-13;"segunda-feira";"00:15:00";"MS";267;94,8;"BATAGUASSU";"Animais na Pista";"Atropelamento de Animal";"Com Vítimas Feridas";"Plena Noite";"Crescente";"Céu Claro";"Simples";"Reta";"Não";3;0;3;0;0;0;3;1;-21,85640785;-52,99283596;"SPRF-MS";"DEL02-MS";"UOP04-DEL02-MS"
654756;2025-01-13;"segunda-feira";"00:45:00";"BA";324;620,2;"SALVADOR";"Ausência de reação do condutor";"Tombamento";"Com Vítimas Feridas";"Plena Noite";"Crescente";"Céu Claro";"Múltipla";"Curva";"Sim";1;0;1;0;0;0;1;1;-12,915566;-38,462231;"SPRF-BA";"DEL01-BA";"UOP01-DEL01-BA"
654759;2025-01-13;"segunda-feira";"02:30:00";"MG";262;414,7;"PARA DE MINAS";"Velocidade Incompatível";"Saída de leito carroçável";"Com Vítimas Feridas";"Plena Noite";"Decrescente";"Chuva";"Dupla";"Reta";"Não";2;0;1;0;1;0;1;1;-19,88636461;-44,71984863;"SPRF-MG";"DEL08-MG";"UOP03-DEL08-MG"
654760;2025-01-13;"segunda-feira";"01:40:00";"PI";316;14;"TERESINA";"Ausência de reação do condutor";"Saída de leito carroçável";"Com Vítimas Feridas";"Plena Noite";"Crescente";"Chuva";"Dupla";"Reta";"Sim";1;0;1;0;0;0;1;1;-5,21837815;-42,75257727;"SPRF-PI";"DEL01-PI";"UOP02-DEL01-PI"
654762;2025-01-13;"segunda-feira";"01:00:00";"SP";153;2;"ICEM";"Ausência de reação do condutor";"Queda de ocupante de veículo";"Com Vítimas Feridas";"Amanhecer";"Crescente";"Nublado";"Simples";"Reta";"Não";1;0;0;1;0;0;1;1;-20,32199868;-49,21108763;"SPRF-SP";"DEL09-SP";"UOP01-DEL09-SP"
654763;2025-01-13;"segunda-feira";"01:00:00";"RO";364;715;"PORTO VELHO";"Ausência de reação do condutor";"Colisão com objeto";"Sem Vítimas";"Plena Noite";"Crescente";"Nublado";"Simples";"Declive";"Sim";2;0;0;0;0;2;0;2;-8,78178366;-63,89433217;"SPRF-RO";"DEL01-RO";"UOP01-DEL01-RO"
654765;2025-01-13;"segunda-feira";"03:40:00";"RS";116;262;"CANOAS";"Ausência de reação do condutor";"Tombamento";"Com Vítimas Feridas";"Plena Noite";"Decrescente";"Céu Claro";"Múltipla";"Reta";"Sim";1;0;0;1;0;0;1;1;-29,896475;-51,17593;"SPRF-RS";"DEL01-RS";"UOP01-DEL01-RS"
654767;2025-01-13;"segunda-feira";"05:07:00";"CE";222;5;"CAUCAIA";"Condutor desrespeitou a iluminação vermelha do semáforo";"Colisão transversal";"Com Vítimas Feridas";"Amanhecer";"Crescente";"Céu Claro";"Múltipla";"Retorno Regulamentado;Reta";"Sim";2;0;1;0;1;0;1;2;-3,74296918;-38,61330997;"SPRF-CE";"DEL01-CE";"UOP01-DEL01-CE"
654769;2025-01-12;"domingo";"22:00:00";"MG";381;493,6;"BETIM";"Velocidade Incompatível";"Colisão com objeto";"Sem Vítimas";"Plena Noite";"Decrescente";"Garoa/Chuvisco";"Dupla";"Aclive;Reta";"Sim";1;0;0;0;0;1;0;1;-19,96392042;-44,16953444;"SPRF-MG";"DEL01-MG";"UOP03-DEL01-MG"
654770;2025-01-13;"segunda-feira";"01:00:00";"SC";163;69,4;"SAO MIGUEL DO OESTE";"Ingestão de álcool pelo condutor";"Colisão com objeto";"Com Vítimas Feridas";"Plena Noite";"Decrescente";"Céu Claro";"Dupla";"Curva;Declive";"Sim";1;0;1;0;0;0;1;1;-26,73822993;-53,50157797;"SPRF-SC";"DEL07-SC";"UOP03-DEL07-SC"
654772;2025-01-13;"segunda-feira";"06:35:00";"GO";153;186;"URUACU";"Animais na Pista";"Atropelamento de Animal";"Sem Vítimas";"Pleno dia";"Crescente";"Céu Claro";"Simples";"Reta";"Não";2;0;0;0;2;0;0;1;-14,394958;-49,157684;"SPRF-GO";"DEL07-GO";"UOP02-DEL07-GO"
654774;2025-01-12;"domingo";"16:00:00";"MG";262;12,5;"MARTINS SOARES";"Ingestão de álcool pelo condutor";"Tombamento";"Com Vítimas Feridas";"Pleno dia";"Crescente";"Garoa/Chuvisco";"Simples";"Reta";"Não";1;0;0;1;0;0;1;1;-20,25303293;-41,85361008;"SPRF-MG";"DEL06-MG";"UOP03-DEL06-MG"
654775;2025-01-13;"segunda-feira";"06:55:00";"SP";116;510;"CAJATI";"Reação tardia ou ineficiente do condutor";"Queda de ocupante de veículo";"Com Vítimas Feridas";"Pleno dia";"Crescente";"Céu Claro";"Dupla";"Curva";"Não";1;0;1;0;0;0;1;1;-24,82768986;-48,21855823;"SPRF-SP";"DEL05-SP";"UOP02-DEL05-SP"
654777;2025-01-13;"segunda-feira";"05:40:00";"MG";40;517;"RIBEIRAO DAS NEVES";"Mal súbito do condutor";"Tombamento";"Com Vítimas Feridas";"Amanhecer";"Crescente";"Garoa/Chuvisco";"Dupla";"Reta";"Sim";1;0;0;1;0;0;1;1;-19,82351202;-44,08438913;"SPRF-MG";"DEL01-MG";"UOP02-DEL01-MG"
654778;2025-01-12;"domingo";"23:30:00";"SP";101;48;"UBATUBA";"Transitar na contramão";"Colisão transversal";"Com Vítimas Feridas";"Plena Noite";"Crescente";"Chuva";"Simples";"Curva";"Sim";4;0;3;0;1;0;3;3;-23,43696329;-45,08768768;"SPRF-SP";"DEL06-SP";"UOP01-DEL06-SP"
654779;2025-01-13;"segunda-feira";"04:30:00";"PE";101;45;"IGARASSU";"Condutor deixou de manter distância do veículo da frente";"Colisão traseira";"Com Vítimas Feridas";"Amanhecer";"Crescente";"Garoa/Chuvisco";"Múltipla";"Reta";"Sim";3;0;1;0;2;0;1;2;-7,86685713;-34,90720153;"SPRF-PE";"DEL01-PE";"UOP02-DEL01-PE"
654780;2025-01-13;"segunda-feira";"07:00:00";"PR";116;126;"FAZENDA RIO GRANDE";"Condutor desrespeitou a iluminação vermelha do semáforo";"Colisão transversal";"Com Vítimas Feridas";"Pleno dia";"Decrescente";"Céu Claro";"Dupla";"Interseção de Vias";"Sim";3;0;2;0;1;0;2;3;-25,60389895;-49,31824423;"SPRF-PR";"DEL01-PR";"UOP03-DEL01-PR"