"id";"data_inversa";"dia_semana";"horario";"uf";"br";"km";"municipio";"causa_acidente";"tipo_acidente";"classificacao_acidente";"fase_dia";"sentido_via";"condicao_metereologica";"tipo_pista";"tracado_via";"uso_solo";"pessoas";"mortos";"feridos_leves";"feridos_graves";"ilesos";"ignorados";"feridos";"veiculos";"latitude";"longitude";"regional";"delegacia";"uop"
654781;2025-01-13;"segunda-feira";"06:40:00";"PR";369;480,4;"CORBELIA";"Condutor Dormindo";"Saída de leito carroçável";"Com Vítimas Feridas";"Pleno dia";"Crescente";"Sol";"Simples";"Curva";"Não";1;0;0;1;0;0;1;1;-24,75805;-53,292529;"SPRF-PR";"DEL04-PR";"UOP03-DEL04-PR"
654783;2025-01-12;"domingo";"23:55:00";"GO";153;434;"ANAPOLIS";"Avarias e/ou desgaste excessivo no pneu";"Tombamento";"Com Vítimas Feridas";"Plena Noite";"Crescente";"Nublado";"Dupla";"Reta";"Sim";1;0;1;0;0;0;1;1;-16,275604;-48,967766;"SPRF-GO";"DEL02-GO";"UOP01-DEL02-GO"
654785;2025-01-13;"segunda-feira";"07:00:00";"MG";40;717,5;"BARBACENA";"Chuva";"Colisão com objeto";"Com Vítimas Feridas";"Pleno dia";"Crescente";"Chuva";"Dupla";"Curva";"Não";2;0;2;0;0;0;2;1;-21,26034802;-43,66189055;"SPRF-MG";"DEL05-MG";"UOP01-DEL05-MG"
654786;2025-01-13;"segunda-feira";"07:20:00";"SC";101;208;"SAO JOSE";"Avarias e/ou desgaste excessivo no pneu";"Queda de ocupante de veículo";"Com Vítimas Feridas";"Pleno dia";"Decrescente";"Céu Claro";"Dupla";"Reta";"Sim";2;0;2;0;0;0;2;1;-27,60327979;-48,63201818;"SPRF-SC";"DEL01-SC";"UOP01-DEL01-SC"
654787;2025-01-13;"segunda-feira";"07:30:00";"PI";343;332;"TERESINA";"Ausência de reação do condutor";"Saída de leito carroçável";"Sem Vítimas";"Pleno dia";"Decrescente";"Céu Claro";"Múltipla";"Reta";"Sim";1;0;0;0;0;1;0;1;-5,058209;-42,66679;"SPRF-PI";"DEL01-PI";"UOP01-DEL01-PI"
654788;2025-01-13;"segunda-feira";"06:00:00";"MG";262;731,9;"PERDIZES";"Neblina";"Saída de leito carroçável";"Sem Vítimas";"Pleno dia";"Decrescente";"Nevoeiro/Neblina";"Simples";"Reta";"Não";1;0;0;0;1;0;0;1;-19,6187641;-47,3347401;"SPRF-MG";"DEL08-MG";"UOP01-DEL08-MG"
654789;2025-01-13;"segunda-feira";"07:25:00";"PR";376;671;"GUARATUBA";"Reação tardia ou ineficiente do condutor";"Colisão traseira";"Sem Vítimas";"Pleno dia";"Crescente";"Céu Claro";"Dupla";"Reta";"Não";2;0;0;0;2;0;0;2;-25,885323;-48,935154;"SPRF-PR";"DEL01-PR";"UOP04-DEL01-PR"
654790;2025-01-13;"segunda-feira";"07:00:00";"RJ";101;209;"CASIMIRO DE ABREU";"Avarias e/ou desgaste excessivo no pneu";"Tombamento";"Com Vítimas Feridas";"Pleno dia";"Decrescente";"Céu Claro";"Dupla";"Curva;Aclive";"Não";2;0;1;0;1;0;1;1;-22,48133694;-42,22930101;"SPRF-RJ";"DEL08-RJ";"UOP04-DEL08-RJ"
654791;2025-01-13;"segunda-feira";"08:00:00";"SC";280;138;"RIO NEGRINHO";"Ausência de reação do condutor";"Colisão traseira";"Sem Vítimas";"Pleno dia";"Decrescente";"Céu Claro";"Simples";"Declive;Reta";"Não";2;0;0;0;2;0;0;2;-26,270102;-49,58121;"SPRF-SC";"DEL06-SC";"UOP03-DEL06-SC"
654792;2025-01-13;"segunda-feira";"07:25:00";"SC";101;194,3;"BIGUACU";"Demais falhas mecânicas ou elétricas";"Tombamento";"Com Vítimas Feridas";"Pleno dia";"Decrescente";"Céu Claro";"Múltipla";"Reta";"Sim";2;0;2;0;0;0;2;1;-27,49815117;-48,65661236;"SPRF-SC";"DEL01-SC";"UOP01-DEL01-SC"
654793;2025-01-13;"segunda-feira";"07:55:00";"MG";40;436,4;"PARAOPEBA";"Afundamento ou ondulação no pavimento";"Queda de ocupante de veículo";"Com Vítimas Feridas";"Pleno dia";"Decrescente";"Nublado";"Dupla";"Reta";"Não";1;0;0;1;0;0;1;1;-19,22540708;-44,44298306;"SPRF-MG";"DEL02-MG";"UOP01-DEL02-MG"
654794;2025-01-13;"segunda-feira";"07:49:00";"PR";277;78;"CURITIBA";"Ausência de reação do condutor";"Queda de ocupante de veículo";"Com Vítimas Feridas";"Pleno dia";"Crescente";"Céu Claro";"Dupla";"Reta";"Sim";1;0;1;0;0;0;1;1;-25,480969;-49,196258;"SPRF-PR";"DEL01-PR";"UOP07-DEL01-PR"
654795;2025-01-13;"segunda-feira";"07:50:00";"RS";116;150;"CAXIAS DO SUL";"Ausência de reação do condutor";"Colisão lateral mesmo sentido";"Com Vítimas Feridas";"Pleno dia";"Decrescente";"Céu Claro";"Dupla";"Declive;Reta";"Sim";2;0;1;0;1;0;1;2;-29,168428;-51,158337;"SPRF-RS";"DEL05-RS";"UOP01-DEL05-RS"
654796;2025-01-13;"segunda-feira";"07:30:00";"BA";116;461;"SANTO ESTEVAO";"Ausência de reação do condutor";"Colisão lateral mesmo sentido";"Com Vítimas Feridas";"Pleno dia";"Crescente";"Céu Claro";"Simples";"Interseção de Vias;Túnel;Curva";"Sim";2;0;1;0;1;0;1;2;-12,446293;-39,242659;"SPRF-BA";"DEL02-BA";"UOP01-DEL02-BA"
654797;2025-01-13;"segunda-feira";"07:20:00";"RJ";101;321;"NITEROI";"Manobra de mudança de faixa";"Colisão lateral mesmo sentido";"Com Vítimas Feridas";"Pleno dia";"Crescente";"Chuva";"Dupla";"Reta";"Sim";2;0;1;0;1;0;1;2;-22,86981096;-43,11046465;"SPRF-RJ";"DEL02-RJ";"UOP01-DEL02-RJ"
654798;2025-01-13;"segunda-feira";"07:45:00";"PR";376;184,2;"SARANDI";"Manobra de mudança de faixa";"Colisão lateral mesmo sentido";"Com Vítimas Feridas";"Pleno dia";"Crescente";"Céu Claro";"Dupla";"Reta;Em Obras";"Sim";4;0;2;0;2;0;2;3;-23,4429482;-51,86846673;"SPRF-PR";"DEL09-PR";"UOP01-DEL09-PR"
654801;2025-01-13;"segunda-feira";"08:10:00";"RN";101;74,3;"EXTREMOZ";"Demais falhas mecânicas ou elétricas";"Queda de ocupante de veículo";"Com Vítimas Feridas";"Pleno dia";"Crescente";"Céu Claro";"Simples";"Declive;Reta";"Não";2;0;2;0;0;0;2;1;-5,716448;-35,273663;"SPRF-RN";"DEL02-RN";"UOP01-DEL02-RN"
654802;2025-01-13;"segunda-feira";"07:30:00";"PB";230;158;"CAMPINA GRANDE";"Acumulo de areia ou detritos sobre o pavimento";"Queda de ocupante de veículo";"Com Vítimas Feridas";"Pleno dia";"Decrescente";"Céu Claro";"Simples";"Reta";"Sim";1;0;0;1;0;0;1;1;-7,2582;-35,9267;"SPRF-PB";"DEL02-PB";"UOP01-DEL02-PB"
654803;2025-01-13;"segunda-feira";"06:00:00";"CE";222;251,9;"SOBRAL";"Reação tardia ou ineficiente do condutor";"Colisão com objeto";"Com Vítimas Fatais";"Amanhecer";"Crescente";"Céu Claro";"Simples";"Reta;Interseção de Vias";"Não";1;1;0;0;0;0;0;1;-3,7542915;-40,58383942;"SPRF-CE";"DEL04-CE";"UOP01-DEL04-CE"
654804;2025-01-13;"segunda-feira";"08:10:00";"PA";230;118;"MARABA";"Condutor deixou de manter distância do veículo da frente";"Colisão traseira";"Com Vítimas Feridas";"Pleno dia";"Crescente";"Garoa/Chuvisco";"Dupla";"Em Obras;Reta";"Sim";3;0;1;0;2;0;1;3;-5,35569904;-49,09047302;"SPRF-PA";"DEL03-PA";"UOP01-DEL03-PA"
654805;2025-01-12;"domingo";"18:00:00";"AL";101;219;"PORTO REAL DO COLEGIO";"Acumulo de água sobre o pavimento";"Saída de leito carroçável";"Com Vítimas Feridas";"Plena Noite";"Crescente";"Chuva";"Dupla";"Curva";"Não";8;0;4;0;4;0;4;2;-10,04787311;-36,67004799;"SPRF-AL";"DEL02-AL";"UOP02-DEL02-AL"
654806;2025-01-13;"segunda-feira";"08:20:00";"SC";101;320;"PESCARIA BRAVA";"Condutor deixou de manter distância do veículo da frente";"Colisão traseira";"Com Vítimas Feridas";"Pleno dia";"Crescente";"Céu Claro";"Dupla";"Reta";"Não";2;0;0;1;1;0;1;2;-28,42978736;-48,87148792;"SPRF-SC";"DEL02-SC";"UOP01-DEL02-SC"
654808;2025-01-13;"segunda-feira";"08:35:00";"SC";470;148;"RIO DO SUL";"Conversão proibida";"Colisão traseira";"Com Vítimas Feridas";"Pleno dia";"Decrescente";"Céu Claro";"Simples";"Reta;Interseção de Vias";"Sim";2;0;0;1;1;0;1;2;-27,246288;-49,694355;"SPRF-SC";"DEL04-SC";"UOP02-DEL04-SC"
654817;2025-01-13;"segunda-feira";"08:10:00";"MG";50;154;"UBERABA";"Ausência de reação do condutor";"Saída de leito carroçável";"Sem Vítimas";"Pleno dia";"Crescente";"Céu Claro";"Dupla";"Reta";"Não";1;0;0;0;1;0;0;1;-19,59976082;-48,02524854;"SPRF-MG";"DEL13-MG";"UOP01-DEL13-MG"
654818;2025-01-13;"segunda-feira";"08:50:00";"PE";101;39;"IGARASSU";"Reação tardia ou ineficiente do condutor";"Colisão lateral mesmo sentido";"Com Vítimas Feridas";"Pleno dia";"Crescente";"Chuva";"Dupla";"Curva;Declive";"Não";3;0;2;0;0;1;2;2;-7,81259899;-34,91890497;"SPRF-PE";"DEL01-PE";"UOP02-DEL01-PE"
654823;2025-01-13;"segunda-feira";"09:50:00";"BA";116;16,5;"VITORIA DA CONQUISTA";"Ausência de reação do condutor";"Colisão transversal";"Com Vítimas Feridas";"Pleno dia";"Crescente";"Chuva";"Simples";"Interseção de Vias";"Sim";2;0;2;0;0;0;2;2;-14,9021352;-40,84470034;"SPRF-BA";"DEL08-BA";"UOP01-DEL08-BA"
654824;2025-01-13;"segunda-feira";"09:50:00";"PE";0;0;"PETROLINA";"Condutor deixou de manter distância do veículo da frente";"Colisão traseira";"Sem Vítimas";"Pleno dia";"Não Informado";"Nublado";"Dupla";"Interseção de Vias";"Não";2;0;0;0;2;0;0;2;-9,39912593;-40,50241543;"SPRF-PE";"DEL06-PE";"UOP01-DEL06-PE"
654825;2025-01-13;"segunda-feira";"05:50:00";"RN";304;187;"LAJES";"Animais na Pista";"Saída de leito carroçável";"Com Vítimas Feridas";"Pleno dia";"Decrescente";"Céu Claro";"Simples";"Reta";"Não";1;0;1;0;0;0;1;1;-5,69228521;-36,2754111;"SPRF-RN";"DEL01-RN";"UOP03-DEL01-RN"
654827;2025-01-13;"segunda-feira";"09:50:00";"RJ";493;21;"MAGE";"Acessar a via sem observar a presença dos outros veículos";"Colisão lateral mesmo sentido";"Com Vítimas Feridas";"Pleno dia";"Crescente";"Céu Claro";"Simples";"Reta";"Sim";2;0;1;0;1;0;1;2;-22,66151289;-43,04480692;"SPRF-RJ";"DEL04-RJ";"UOP02-DEL04-RJ"
654829;2025-01-13;"segunda-feira";"10:50:00";"ES";101;418;"CACHOEIRO DE ITAPEMIRIM";"Condutor deixou de manter distância do veículo da frente";"Colisão traseira";"Com Vítimas Feridas";"Pleno dia";"Decrescente";"Nublado";"Simples";"Reta";"Não";3;0;3;0;0;0;3;2;-20,95438035;-41,09327978;"SPRF-ES";"DEL03-ES";"UOP02-DEL03-ES"
654830;2025-01-13;"segunda-feira";"11:04:00";"RN";101;97;"NATAL";"Condutor deixou de manter distância do veículo da frente";"Colisão traseira";"Com Vítimas Feridas";"Pleno dia";"Decrescente";"Céu Claro";"Dupla";"Reta";"Sim";2;0;1;0;1;0;1;2;-5,85758898;-35,21271205;"SPRF-RN";"DEL01-RN";"UOP01-DEL01-RN"
654831;2025-01-13;"segunda-feira";"11:15:00";"BA";324;610;"SIMOES FILHO";"Pedestre andava na pista";"Atropelamento de Pedestre";"Com Vítimas Feridas";"Pleno dia";"Crescente";"Nublado";"Dupla";"Reta";"Não";2;0;1;0;0;1;1;2;-12,835127;-38,413252;"SPRF-BA";"DEL01-BA";"UOP01-DEL01-BA"
654832;2025-01-13;"segunda-feira";"10:50:00";"PR";277;71;"SAO JOSE DOS PINHAIS";"Ausência de reação do condutor";"Colisão com objeto";"Com Vítimas Feridas";"Pleno dia";"Decrescente";"Sol";"Dupla";"Reta;Viaduto";"Não";1;0;0;1;0;0;1;1;-25,5118092;-49,12779093;"SPRF-PR";"DEL01-PR";"UOP07-DEL01-PR"
654833;2025-01-13;"segunda-feira";"11:00:00";"ES";101;42;"CONCEICAO DA BARRA";"Avarias e/ou desgaste excessivo no pneu";"Tombamento";"Com Vítimas Feridas";"Pleno dia";"Crescente";"Nublado";"Simples";"Reta";"Não";2;0;0;1;1;0;1;1;-18,51702193;-39,91329775;"SPRF-ES";"DEL04-ES";"UOP02-DEL04-ES"
654834;2025-01-13;"segunda-feira";"10:00:00";"RJ";101;446;"MANGARATIBA";"Reação tardia ou ineficiente do condutor";"Colisão transversal";"Com Vítimas Feridas";"Pleno dia";"Decrescente";"Nublado";"Simples";"Reta";"Não";3;0;3;0;0;0;3;2;-22,995425;-44,09939196;"SPRF-RJ";"DEL03-RJ";"UOP02-DEL03-RJ"
654835;2025-01-13;"segunda-feira";"10:05:00";"DF";70;10,2;"BRASILIA";"Acessar a via sem observar a presença dos outros veículos";"Colisão lateral mesmo sentido";"Com Vítimas Feridas";"Pleno dia";"Decrescente";"Nublado";"Dupla";"Retorno Regulamentado;Reta";"Sim";2;0;1;0;1;0;1;2;-15,787066;-48,140709;"SPRF-DF";"DEL03-DF";"UOP02-DEL03-DF"
654836;2025-01-13;"segunda-feira";"10:58:00";"PR";369;136,3;"IBIPORA";"Reação tardia ou ineficiente do condutor";"Colisão frontal";"Com Vítimas Feridas";"Pleno dia";"Decrescente";"Sol";"Simples";"Declive;Reta";"Sim";3;0;0;1;2;0;1;2;-23,266813;-51,038084;"SPRF-PR";"DEL07-PR";"UOP01-DEL07-PR"
654837;2025-01-13;"segunda-feira";"06:40:00";"PB";230;249;"JUAZEIRINHO";"Acessar a via sem observar a presença dos outros veículos";"Colisão transversal";"Com Vítimas Feridas";"Pleno dia";"Crescente";"Céu Claro";"Simples";"Reta";"Não";2;0;0;1;0;1;1;2;-7,0661;-36,6441;"SPRF-PB";"DEL02-PB";"UOP02-DEL02-PB"
654838;2025-01-13;"segunda-feira";"11:20:00";"CE";222;40;"CAUCAIA";"Acessar a via sem observar a presença dos outros veículos";"Colisão lateral mesmo sentido";"Com Vítimas Feridas";"Pleno dia";"Crescente";"Céu Claro";"Simples";"Reta";"Sim";2;0;1;0;1;0;1;2;-3,68690023;-38,90730706;"SPRF-CE";"DEL01-CE";"UOP03-DEL01-CE"
654841;2025-01-13;"segunda-feira";"10:30:00";"BA";324;614;"SALVADOR";"Condutor deixou de manter distância do veículo da frente";"Colisão traseira";"Com Vítimas Feridas";"Pleno dia";"Crescente";"Nublado";"Dupla";"Reta";"Sim";3;0;1;0;2;0;1;2;-12,8639793;-38,42370126;"SPRF-BA";"DEL01-BA";"UOP01-DEL01-BA"
654843;2025-01-13;"segunda-feira";"10:40:00";"PR";277;522,3;"GUARANIACU";"Reação tardia ou ineficiente do condutor";"Saída de leito carroçável";"Com Vítimas Feridas";"Pleno dia";"Crescente";"Céu Claro";"Simples";"Reta;Rotatória";"Não";3;0;0;1;2;0;1;1;-25,09966619;-52,89478824;"SPRF-PR";"DEL04-PR";"UOP04-DEL04-PR"
654845;2025-01-13;"segunda-feira";"10:00:00";"RS";470;59,1;"CAPAO BONITO DO SUL";"Condutor Dormindo";"Colisão frontal";"Com Vítimas Feridas";"Pleno dia";"Decrescente";"Céu Claro";"Simples";"Declive;Curva";"Não";2;0;1;0;1;0;1;2;-28,083968;-51,467647;"SPRF-RS";"DEL08-RS";"UOP05-DEL08-RS"
654846;2025-01-13;"segunda-feira";"12:00:00";"SC";282;55,1;"AGUAS MORNAS";"Transitar na contramão";"Colisão frontal";"Com Vítimas Feridas";"Pleno dia";"Crescente";"Nublado";"Simples";"Reta";"Não";6;0;2;3;1;0;5;2;-27,689514;-48,982376;"SPRF-SC";"DEL01-SC";"UOP03-DEL01-SC"
654848;2025-01-13;"segunda-feira";"10:30:00";"MG";153;242;"FRONTEIRA";"Reação tardia ou ineficiente do condutor";"Tombamento";"Com Vítimas Feridas";"Pleno dia";"Crescente";"Céu Claro";"Simples";"Reta";"Não";1;0;1;0;0;0;1;1;-20,29847332;-49,20614844;"SPRF-MG";"DEL13-MG";"UOP02-DEL13-MG"
654849;2025-01-13;"segunda-feira";"12:20:00";"RJ";101;325;"RIO DE JANEIRO";"Reação tardia ou ineficiente do condutor";"Engavetamento";"Sem Vítimas";"Pleno dia";"Decrescente";"Nublado";"Simples";"Reta;Ponte";"Sim";3;0;0;0;3;0;0;3;-22,87292569;-43,13625699;"SPRF-RJ";"DEL02-RJ";"UOP01-DEL02-RJ"
654850;2025-01-13;"segunda-feira";"10:00:00";"RJ";40;80;"PETROPOLIS";"Reação tardia ou ineficiente do condutor";"Colisão com objeto";"Com Vítimas Feridas";"Pleno dia";"Crescente";"Chuva";"Dupla";"Curva";"Sim";1;0;1;0;0;0;1;1;-22,49798597;-43,22878703;"SPRF-RJ";"DEL01-RJ";"UOP01-DEL01-RJ"
654851;2025-01-01;"quarta-feira";"18:50:00";"RS";448;10;"CANOAS";"Chuva";"Colisão frontal";"Com Vítimas Feridas";"Pleno dia";"Decrescente";"Chuva";"Múltipla";"Interseção de Vias;Reta";"Não";7;0;1;0;6;0;1;2;-29,903273;-51,244934;"SPRF-RS";"DEL01-RS";"UOP01-DEL01-RS"
654852;2025-01-05;"domingo";"16:20:00";"RS";386;222,5;"MORMACO";"Pedestre andava na pista";"Atropelamento de Pedestre";"Com Vítimas Feridas";"Pleno dia";"Crescente";"Céu Claro";"Simples";"Reta";"Não";5;0;1;0;4;0;1;2;-28,64112;-52,615265;"SPRF-RS";"DEL04-RS";"UOP03-DEL04-RS"
654853;2025-01-13;"segunda-feira";"13:00:00";"BA";407;230;"CAPIM GROSSO";"Transitar no Acostamento";"Colisão traseira";"Com Vítimas Feridas";"Pleno dia";"Crescente";"Nublado";"Simples";"Reta";"Sim";2;0;1;0;0;1;1;2;-11,37301196;-40,00843048;"SPRF-BA";"DEL04-BA";"UOP02-DEL04-BA"
654854;2025-01-13;"segunda-feira";"12:30:00";"PE";232;131;"CARUARU";"Ausência de reação do condutor";"Tombamento";"Com Vítimas Feridas";"Pleno dia";"Decrescente";"Nublado";"Dupla";"Reta";"Não";1;0;0;1;0;0;1;1;-8,30117613;-35,99843996;"SPRF-PE";"DEL02-PE";"UOP01-DEL02-PE"
654855;2025-01-13;"segunda-feira";"11:35:00";"RS";392;343;"SANTA MARIA";"Ausência de reação do condutor";"Capotamento";"Com Vítimas Feridas";"Pleno dia";"Decrescente";"Céu Claro";"Simples";"Reta";"Não";1;0;0;1;0;0;1;1;-29,79634608;-53,77914426;"SPRF-RS";"DEL09-RS";"UOP01-DEL09-RS"
654856;2025-01-13;"segunda-feira";"13:17:00";"SC";101;331;"TUBARAO";"Ausência de reação do condutor";"Colisão com objeto";"Sem Vítimas";"Pleno dia";"Crescente";"Céu Claro";"Dupla";"Reta;Interseção de Vias";"Sim";1;0;0;0;1;0;0;1;-28,45567521;-48,9812689;"SPRF-SC";"DEL02-SC";"UOP01-DEL02-SC"
654857;2025-01-13;"segunda-feira";"13:20:00";"GO";60;64;"ABADIANIA";"Demais falhas mecânicas ou elétricas";"Incêndio";"Sem Vítimas";"Pleno dia";"Decrescente";"Céu Claro";"Dupla";"Reta";"Não";1;0;0;0;0;1;0;1;-16,1993;-48,7348;"SPRF-GO";"DEL02-GO";"UOP01-DEL02-GO"
654858;2025-01-13;"segunda-feira";"13:30:00";"DF";60;31;"BRASILIA";"Ingestão de álcool pelo condutor";"Saída de leito carroçável";"Com Vítimas Feridas";"Pleno dia";"Decrescente";"Nublado";"Dupla";"Aclive;Curva";"Sim";1;0;1;0;0;0;1;1;-16,045682;-48,256965;"SPRF-DF";"DEL03-DF";"UOP01-DEL03-DF"
654859;2025-01-13;"segunda-feira";"11:00:00";"PI";343;24;"PARNAIBA";"Carga excessiva e/ou mal acondicionada";"Colisão com objeto";"Com Vítimas Feridas";"Pleno dia";"Decrescente";"Céu Claro";"Simples";"Reta";"Não";3;0;2;0;1;0;2;2;-3,01677;-41,768826;"SPRF-PI";"DEL05-PI";"UOP01-DEL05-PI"
654864;2025-01-13;"segunda-feira";"13:25:00";"PE";232;10,4;"JABOATAO DOS GUARARAPES";"Ausência de reação do condutor";"Saída de leito carroçável";"Com Vítimas Feridas";"Pleno dia";"Decrescente";"Nublado";"Simples";"Curva";"Sim";1;0;1;0;0;0;1;1;-8,07937718;-34,98958111;"SPRF-PE";"DEL01-PE";"UOP01-DEL01-PE"
654865;2025-01-13;"segunda-feira";"12:30:00";"MG";40;257,5;"SAO GONCALO DO ABAETE";"Ultrapassagem Indevida";"Colisão frontal";"Com Vítimas Feridas";"Pleno dia";"Crescente";"Chuva";"Simples";"Declive;Reta";"Não";6;0;1;3;2;0;4;3;-18,13657095;-45,37279299;"SPRF-MG";"DEL14-MG";"UOP02-DEL14-MG"
654866;2025-01-13;"segunda-feira";"14:16:00";"PE";232;8;"RECIFE";"Condutor deixou de manter distância do veículo da frente";"Colisão traseira";"Sem Vítimas";"Pleno dia";"Decrescente";"Céu Claro";"Múltipla";"Reta";"Sim";6;0;0;0;4;2;0;2;-8,07583727;-34,97015791;"SPRF-PE";"DEL01-PE";"UOP01-DEL01-PE"
654868;2025-01-13;"segunda-feira";"14:00:00";"PR";277;281;"PRUDENTOPOLIS";"Reação tardia ou ineficiente do condutor";"Saída de leito carroçável";"Com Vítimas Feridas";"Pleno dia";"Decrescente";"Céu Claro";"Simples";"Reta";"Não";3;0;0;1;2;0;1;1;-25,35311186;-50,92528987;"SPRF-PR";"DEL08-PR";"UOP02-DEL08-PR"
654871;2025-01-13;"segunda-feira";"13:50:00";"AL";101;79;"RIO LARGO";"Acumulo de areia ou detritos sobre o pavimento";"Tombamento";"Com Vítimas Feridas";"Pleno dia";"Crescente";"Nublado";"Simples";"Aclive;Curva";"Não";2;0;2;0;0;0;2;1;-9,440261;-35,836445;"SPRF-AL";"DEL01-AL";"UOP01-DEL01-AL"
654872;2025-01-13;"segunda-feira";"11:57:00";"RO";364;424;"JARU";"Conversão proibida";"Colisão transversal";"Com Vítimas Feridas";"Pleno dia";"Decrescente";"Céu Claro";"Simples";"Interseção de Vias;Reta";"Sim";2;0;2;0;0;0;2;2;-10,44457274;-62,46568412;"SPRF-RO";"DEL03-RO";"UOP02-DEL03-RO"
654873;2025-01-13;"segunda-feira";"14:10:00";"PI";343;316;"ALTOS";"Ausência de reação do condutor";"Colisão traseira";"Sem Vítimas";"Pleno dia";"Decrescente";"Nublado";"Simples";"Reta";"Não";2;0;0;0;2;0;0;2;-5,046231;-42,535843;"SPRF-PI";"DEL01-PI";"UOP01-DEL01-PI"
654874;2025-01-13;"segunda-feira";"15:20:00";"SC";101;199,3;"SAO JOSE";"Manobra de mudança de faixa";"Colisão traseira";"Com Vítimas Feridas";"Pleno dia";"Crescente";"Céu Claro";"Múltipla";"Reta";"Sim";3;0;0;1;2;0;1;2;-27,53413705;-48,63003205;"SPRF-SC";"DEL01-SC";"UOP01-DEL01-SC"
654875;2025-01-13;"segunda-feira";"14:10:00";"SC";116;261;"CAPAO ALTO";"Condutor deixou de manter distância do veículo da frente";"Saída de leito carroçável";"Com Vítimas Feridas";"Pleno dia";"Crescente";"Sol";"Simples";"Reta";"Não";2;0;1;0;1;0;1;1;-27,91003632;-50,44670952;"SPRF-SC";"DEL05-SC";"UOP02-DEL05-SC"
654876;2025-01-13;"segunda-feira";"15:20:00";"SP";116;219;"GUARULHOS";"Condutor deixou de manter distância do veículo da frente";"Colisão traseira";"Com Vítimas Feridas";"Pleno dia";"Decrescente";"Céu Claro";"Múltipla";"Reta";"Sim";2;0;1;0;1;0;1;2;-23,46143954;-46,48885316;"SPRF-SP";"DEL01-SP";"UOP01-DEL01-SP"
654877;2025-01-13;"segunda-feira";"15:30:00";"MG";40;665,4;"CARANDAI";"Desrespeitar a preferência no cruzamento";"Colisão transversal";"Com Vítimas Feridas";"Pleno dia";"Crescente";"Sol";"Simples";"Declive;Reta;Retorno Regulamentado";"Não";2;0;0;2;0;0;2;2;-20,94341144;-43,81008983;"SPRF-MG";"DEL05-MG";"UOP02-DEL05-MG"
654878;2025-01-13;"segunda-feira";"14:50:00";"PI";316;4,6;"TERESINA";"Ausência de reação do condutor";"Saída de leito carroçável";"Com Vítimas Feridas";"Pleno dia";"Crescente";"Sol";"Múltipla";"Reta";"Sim";1;0;1;0;0;0;1;1;-5,13655894;-42,78900388;"SPRF-PI";"DEL01-PI";"UOP02-DEL01-PI"
654879;2025-01-13;"segunda-feira";"16:00:00";"RS";386;440;"CANOAS";"Objeto estático sobre o leito carroçável";"Colisão com objeto";"Sem Vítimas";"Pleno dia";"Crescente";"Céu Claro";"Dupla";"Reta";"Não";2;0;0;0;2;0;0;1;-29,878265;-51,241951;"SPRF-RS";"DEL01-RS";"UOP01-DEL01-RS"
654882;2025-01-13;"segunda-feira";"15:44:00";"PE";101;86;"JABOATAO DOS GUARARAPES";"Reação tardia ou ineficiente do condutor";"Colisão traseira";"Com Vítimas Feridas";"Pleno dia";"Crescente";"Céu Claro";"Dupla";"Reta";"Não";2;0;0;1;1;0;1;2;-8,18470013;-34,96816895;"SPRF-PE";"DEL01-PE";"UOP01-DEL01-PE"
654884;2025-01-13;"segunda-feira";"16:25:00";"MG";50;1,5;"ARAGUARI";"Velocidade Incompatível";"Saída de leito carroçável";"Com Vítimas Feridas";"Pleno dia";"Decrescente";"Chuva";"Dupla";"Curva;Declive";"Não";3;0;2;1;0;0;3;1;-18,42982393;-48,06250588;"SPRF-MG";"DEL15-MG";"UOP02-DEL15-MG"
654886;2025-01-13;"segunda-feira";"16:50:00";"SP";116;218,7;"GUARULHOS";"Trafegar com motocicleta (ou similar) entre as faixas";"Tombamento";"Com Vítimas Feridas";"Pleno dia";"Crescente";"Nublado";"Múltipla";"Reta";"Não";1;0;1;0;0;0;1;1;-23,457972;-46,479927;"SPRF-SP";"DEL01-SP";"UOP01-DEL01-SP"
654887;2025-01-13;"segunda-feira";"14:45:00";"SC";280;23,7;"ARAQUARI";"Acessar a via sem observar a presença dos outros veículos";"Colisão transversal";"Com Vítimas Feridas";"Pleno dia";"Crescente";"Céu Claro";"Simples";"Reta;Em Obras";"Sim";2;0;0;1;1;0;1;2;-26,375622;-48,71751;"SPRF-SC";"DEL03-SC";"UOP03-DEL03-SC"
654888;2025-01-13;"segunda-feira";"16:45:00";"RJ";101;333;"RIO DE JANEIRO";"Ausência de reação do condutor";"Tombamento";"Com Vítimas Feridas";"Pleno dia";"Decrescente";"Nublado";"Dupla";"Reta";"Sim";1;0;1;0;0;0;1;1;-22,87827816;-43,21053578;"SPRF-RJ";"DEL02-RJ";"UOP01-DEL02-RJ"
654889;2025-01-13;"segunda-feira";"16:30:00";"BA";324;622;"SALVADOR";"Demais falhas mecânicas ou elétricas";"Tombamento";"Com Vítimas Feridas";"Pleno dia";"Decrescente";"Céu Claro";"Múltipla";"Reta";"Não";2;0;2;0;0;0;2;1;-12,91888605;-38,46502095;"SPRF-BA";"DEL01-BA";"UOP01-DEL01-BA"