"id";"data_inversa";"dia_semana";"horario";"uf";"br";"km";"municipio";"causa_acidente";"tipo_acidente";"classificacao_acidente";"fase_dia";"sentido_via";"condicao_metereologica";"tipo_pista";"tracado_via";"uso_solo";"pessoas";"mortos";"feridos_leves";"feridos_graves";"ilesos";"ignorados";"feridos";"veiculos";"latitude";"longitude";"regional";"delegacia";"uop"
654893;2025-01-13;"segunda-feira";"16:30:00";"PE";232;90;"SAIRE";"Reação tardia ou ineficiente do condutor";"Saída de leito carroçável";"Com Vítimas Feridas";"Pleno dia";"Decrescente";"Céu Claro";"Dupla";"Curva";"Sim";1;0;1;0;0;0;1;1;-8,21750054;-35,65820932;"SPRF-PE";"DEL02-PE";"UOP02-DEL02PE"
654894;2025-01-13;"segunda-feira";"16:00:00";"RJ";40;83;"PETROPOLIS";"Neblina";"Saída de leito carroçável";"Com Vítimas Feridas";"Pleno dia";"Crescente";"Nevoeiro/Neblina";"Dupla";"Curva";"Sim";4;0;1;0;3;0;1;1;-22,51910302;-43,22873364;"SPRF-RJ";"DEL01-RJ";"UOP01-DEL01-RJ"
654896;2025-01-13;"segunda-feira";"08:01:00";"MS";163;843;"SONORA";"Ausência de reação do condutor";"Colisão com objeto";"Sem Vítimas";"Amanhecer";"Decrescente";"Ignorado";"Simples";"Aclive";"Não";1;0;0;0;0;1;0;1;-17,54609699;-54,74124217;"SPRF-MS";"DEL06-MS";"UOP01-DEL06-MS"
654900;2025-01-13;"segunda-feira";"17:30:00";"PR";369;138,7;"IBIPORA";"Acessar a via sem observar a presença dos outros veículos";"Colisão lateral mesmo sentido";"Com Vítimas Feridas";"Pleno dia";"Decrescente";"Céu Claro";"Dupla";"Rotatória";"Sim";3;0;1;0;1;1;1;3;-23,27394026;-51,0563547;"SPRF-PR";"DEL07-PR";"UOP01-DEL07-PR"
654901;2025-01-13;"segunda-feira";"17:15:00";"RN";110;52,3;"MOSSORO";"Desrespeitar a preferência no cruzamento";"Colisão transversal";"Com Vítimas Feridas";"Anoitecer";"Crescente";"Nublado";"Simples";"Reta;Interseção de Vias";"Sim";2;0;1;0;1;0;1;2;-5,235871;-37,331882;"SPRF-RN";"DEL04-RN";"UOP01-DEL04-RN"
654903;2025-01-13;"segunda-feira";"17:00:00";"RJ";393;282;"VOLTA REDONDA";"Acessar a via sem observar a presença dos outros veículos";"Tombamento";"Com Vítimas Feridas";"Pleno dia";"Crescente";"Céu Claro";"Simples";"Interseção de Vias";"Sim";1;0;0;1;0;0;1;1;-22,48160065;-44,06308293;"SPRF-RJ";"DEL05-RJ";"UOP04-DEL05-RJ"
654905;2025-01-13;"segunda-feira";"17:30:00";"SP";116;108;"TAUBATE";"Reação tardia ou ineficiente do condutor";"Colisão traseira";"Com Vítimas Feridas";"Pleno dia";"Crescente";"Nublado";"Dupla";"Reta";"Sim";5;0;2;0;3;0;2;2;-23,0233097;-45,53763622;"SPRF-SP";"DEL02-SP";"UOP02-DEL02-SP"
654906;2025-01-13;"segunda-feira";"15:40:00";"BA";116;860;"VITORIA DA CONQUISTA";"Reação tardia ou ineficiente do condutor";"Saída de leito carroçável";"Com Vítimas Feridas";"Pleno dia";"Decrescente";"Garoa/Chuvisco";"Simples";"Reta";"Não";3;0;1;1;1;0;2;1;-15,12906573;-41,03788603;"SPRF-BA";"DEL08-BA";"UOP01-DEL08-BA"
654907;2025-01-13;"segunda-feira";"17:45:00";"PB";230;157,4;"CAMPINA GRANDE";"Acessar a via sem observar a presença dos outros veículos";"Colisão transversal";"Com Vítimas Feridas";"Anoitecer";"Crescente";"Céu Claro";"Simples";"Interseção de Vias";"Sim";3;0;1;0;1;1;1;2;-7,264;-35,9199;"SPRF-PB";"DEL02-PB";"UOP01-DEL02-PB"
654908;2025-01-13;"segunda-feira";"17:30:00";"BA";101;503;"ITABUNA";"Acessar a via sem observar a presença dos outros veículos";"Colisão lateral mesmo sentido";"Com Vítimas Feridas";"Pleno dia";"Crescente";"Sol";"Simples";"Reta";"Sim";2;0;2;0;0;0;2;2;-14,93204115;-39,30057969;"SPRF-BA";"DEL05-BA";"UOP01-DEL05-BA"
654913;2025-01-13;"segunda-feira";"17:55:00";"PR";153;42;"SANTO ANTONIO DA PLATINA";"Condutor deixou de manter distância do veículo da frente";"Colisão traseira";"Com Vítimas Feridas";"Pleno dia";"Crescente";"Céu Claro";"Simples";"Em Obras;Interseção de Vias;Reta;Rotatória";"Sim";2;0;1;0;1;0;1;2;-23,29512144;-50,06578041;"SPRF-PR";"DEL07-PR";"UOP04-DEL07-PR"
654914;2025-01-13;"segunda-feira";"18:10:00";"PR";116;117;"CURITIBA";"Reação tardia ou ineficiente do condutor";"Colisão lateral mesmo sentido";"Com Vítimas Feridas";"Anoitecer";"Crescente";"Céu Claro";"Múltipla";"Reta";"Sim";2;0;0;1;1;0;1;2;-25,557806;-49,30651;"SPRF-PR";"DEL01-PR";"UOP03-DEL01-PR"
654915;2025-01-13;"segunda-feira";"17:42:00";"PB";230;323,3;"QUIXABA";"Ultrapassagem Indevida";"Colisão frontal";"Com Vítimas Feridas";"Anoitecer";"Decrescente";"Nublado";"Simples";"Declive;Reta";"Não";4;0;2;0;2;0;2;2;-6,9823;-37,1718;"SPRF-PB";"DEL03-PB";"UOP01-DEL03-PB"
654916;2025-01-13;"segunda-feira";"07:40:00";"PI";407;470;"JAICOS";"Transitar na contramão";"Colisão frontal";"Com Vítimas Feridas";"Pleno dia";"Decrescente";"Céu Claro";"Simples";"Declive;Reta";"Não";3;0;0;1;2;0;1;2;-7,37249681;-41,14980421;"SPRF-PI";"DEL04-PI";"UOP01-DEL04-PI"
654917;2025-01-13;"segunda-feira";"17:51:00";"ES";101;66;"SAO MATEUS";"Acessar a via sem observar a presença dos outros veículos";"Colisão transversal";"Com Vítimas Feridas";"Plena Noite";"Decrescente";"Céu Claro";"Simples";"Reta;Interseção de Vias";"Sim";2;0;1;0;1;0;1;2;-18,7165195;-39,87436378;"SPRF-ES";"DEL04-ES";"UOP02-DEL04-ES"
654918;2025-01-13;"segunda-feira";"18:30:00";"ES";259;101,3;"BAIXO GUANDU";"Acessar a via sem observar a presença dos outros veículos";"Colisão transversal";"Com Vítimas Feridas";"Plena Noite";"Crescente";"Céu Claro";"Simples";"Reta";"Não";2;0;0;1;1;0;1;2;-19,52023464;-41,00239031;"SPRF-ES";"DEL02-ES";"UOP01-DEL02-ES"
654919;2025-01-13;"segunda-feira";"19:10:00";"SP";116;230;"SAO PAULO";"Ausência de reação do condutor";"Colisão traseira";"Com Vítimas Feridas";"Plena Noite";"Decrescente";"Nublado";"Múltipla";"Reta";"Sim";3;0;1;0;0;2;1;3;-23,515783;-46,578867;"SPRF-SP";"DEL01-SP";"UOP01-DEL01-SP"
654921;2025-01-12;"domingo";"21:24:00";"MA";316;549;"CAXIAS";"Reação tardia ou ineficiente do condutor";"Atropelamento de Pedestre";"Com Vítimas Feridas";"Pleno dia";"Decrescente";"Céu Claro";"Simples";"Reta";"Sim";2;0;2;0;0;0;2;2;-4,887895;-43,371475;"SPRF-MA";"DEL03-MA";"UOP02-DEL03-MA"
654922;2025-01-13;"segunda-feira";"17:40:00";"PR";277;116;"CAMPO LARGO";"Ausência de reação do condutor";"Atropelamento de Pedestre";"Com Vítimas Feridas";"Pleno dia";"Crescente";"Céu Claro";"Dupla";"Reta";"Não";2;0;0;2;0;0;2;2;-25,43342542;-49,40593292;"SPRF-PR";"DEL03-PR";"UOP03-DEL03-PR"
654923;2025-01-13;"segunda-feira";"17:00:00";"MT";163;75,6;"RONDONOPOLIS";"Acumulo de água sobre o pavimento";"Saída de leito carroçável";"Com Vítimas Feridas";"Anoitecer";"Decrescente";"Chuva";"Dupla";"Reta";"Não";3;0;1;0;2;0;1;1;-16,85962499;-54,70777273;"SPRF-MT";"DEL02-MT";"UOP03-DEL02-MT"
654924;2025-01-13;"segunda-feira";"19:20:00";"PB";230;18;"JOAO PESSOA";"Condutor deixou de manter distância do veículo da frente";"Colisão traseira";"Com Vítimas Feridas";"Plena Noite";"Decrescente";"Céu Claro";"Dupla";"Reta";"Sim";3;0;2;0;0;1;2;2;-7,1198;-34,8453;"SPRF-PB";"DEL01-PB";"UOP01-DEL01-PB"
654925;2025-01-13;"segunda-feira";"18:22:00";"PB";230;75,9;"RIACHAO DO POCO";"Transitar no Acostamento";"Colisão frontal";"Com Vítimas Feridas";"Plena Noite";"Decrescente";"Nublado";"Dupla";"Reta";"Não";2;0;1;1;0;0;2;2;-7,18710406;-35,28706312;"SPRF-PB";"DEL01-PB";"UOP03-DEL01-PB"
654927;2025-01-05;"domingo";"12:26:00";"PR";277;517,9;"GUARANIACU";"Acessar a via sem observar a presença dos outros veículos";"Colisão transversal";"Com Vítimas Feridas";"Pleno dia";"Decrescente";"Céu Claro";"Simples";"Reta;Declive";"Sim";3;0;1;0;1;1;1;2;-25,10981087;-52,85352945;"SPRF-PR";"DEL04-PR";"UOP04-DEL04-PR"
654930;2025-01-13;"segunda-feira";"20:25:00";"SP";101;16,7;"UBATUBA";"Acessar a via sem observar a presença dos outros veículos";"Colisão transversal";"Com Vítimas Feridas";"Plena Noite";"Crescente";"Céu Claro";"Simples";"Aclive;Reta";"Não";2;0;1;0;1;0;1;2;-23,32700315;-44,88452224;"SPRF-SP";"DEL06-SP";"UOP01-DEL06-SP"
654931;2025-01-13;"segunda-feira";"19:00:00";"RS";285;221,2;"CASEIROS";"Ultrapassagem Indevida";"Colisão frontal";"Com Vítimas Feridas";"Anoitecer";"Decrescente";"Céu Claro";"Simples";"Reta";"Não";5;0;4;1;0;0;5;2;-28,256794;-51,710686;"SPRF-RS";"DEL08-RS";"UOP05-DEL08-RS"
654932;2025-01-13;"segunda-feira";"19:25:00";"RN";304;39;"MOSSORO";"Pedestre andava na pista";"Atropelamento de Pedestre";"Com Vítimas Feridas";"Plena Noite";"Decrescente";"Céu Claro";"Simples";"Reta";"Sim";2;0;0;1;0;1;1;2;-5,18846685;-37,37410298;"SPRF-RN";"DEL04-RN";"UOP02-DEL04-RN"
654935;2025-01-13;"segunda-feira";"21:38:00";"SP";116;225;"GUARULHOS";"Acessar a via sem observar a presença dos outros veículos";"Colisão transversal";"Com Vítimas Feridas";"Plena Noite";"Decrescente";"Céu Claro";"Múltipla";"Reta";"Sim";2;0;1;0;1;0;1;2;-23,48586772;-46,54075317;"SPRF-SP";"DEL01-SP";"UOP01-DEL01-SP"
654936;2025-01-13;"segunda-feira";"21:01:00";"RJ";393;278,4;"BARRA DO PIRAI";"Reação tardia ou ineficiente do condutor";"Tombamento";"Sem Vítimas";"Plena Noite";"Crescente";"Céu Claro";"Simples";"Reta";"Não";1;0;0;0;1;0;0;1;-22,480533;-44,035039;"SPRF-RJ";"DEL05-RJ";"UOP04-DEL05-RJ"
654937;2025-01-13;"segunda-feira";"17:00:00";"MA";135;12,1;"SAO LUIS";"Manobra de mudança de faixa";"Colisão lateral mesmo sentido";"Com Vítimas Feridas";"Pleno dia";"Decrescente";"Nublado";"Dupla";"Reta";"Sim";2;0;0;1;0;1;1;2;-2,67223553;-44,29173767;"SPRF-MA";"DEL01-MA";"UOP01-DEL01-MA"
654938;2025-01-13;"segunda-feira";"21:00:00";"RJ";393;278,4;"BARRA DO PIRAI";"Reação tardia ou ineficiente do condutor";"Tombamento";"Com Vítimas Feridas";"Plena Noite";"Crescente";"Céu Claro";"Simples";"Reta";"Não";1;0;0;1;0;0;1;1;-22,480533;-44,035039;"SPRF-RJ";"DEL05-RJ";"UOP04-DEL05-RJ"
654939;2025-01-13;"segunda-feira";"21:45:00";"PR";277;311;"GUARAPUAVA";"Pedestre andava na pista";"Atropelamento de Pedestre";"Com Vítimas Fatais";"Plena Noite";"Crescente";"Céu Claro";"Simples";"Reta";"Não";2;1;0;0;0;1;0;2;-25,31576601;-51,18861896;"SPRF-PR";"DEL08-PR";"UOP01-DEL08-PR"
654940;2025-01-13;"segunda-feira";"22:00:00";"RN";226;53;"BOM JESUS";"Deixar de acionar o farol da motocicleta (ou similar)";"Colisão traseira";"Com Vítimas Feridas";"Plena Noite";"Crescente";"Céu Claro";"Simples";"Reta";"Não";3;0;1;2;0;0;3;2;-6,01006355;-35,62170644;"SPRF-RN";"DEL01-RN";"UOP02-DEL01-RN"
654941;2025-01-13;"segunda-feira";"22:10:00";"CE";116;6;"FORTALEZA";"Velocidade Incompatível";"Colisão lateral mesmo sentido";"Com Vítimas Feridas";"Plena Noite";"Crescente";"Céu Claro";"Múltipla";"Reta";"Não";4;0;2;0;0;2;2;3;-3,802624;-38,50400499;"SPRF-CE";"DEL01-CE";"UOP02-DEL01-CE"
654942;2025-01-13;"segunda-feira";"20:15:00";"RS";290;490,7;"ROSARIO DO SUL";"Reação tardia ou ineficiente do condutor";"Colisão frontal";"Com Vítimas Feridas";"Plena Noite";"Crescente";"Céu Claro";"Simples";"Reta";"Não";5;0;2;0;3;0;2;2;-30,234781;-55,022316;"SPRF-RS";"DEL11-RS";"UOP02-DEL11-RS"
654943;2025-01-13;"segunda-feira";"21:01:00";"PB";230;74,2;"SOBRADO";"Ingestão de álcool pelo condutor";"Colisão traseira";"Com Vítimas Feridas";"Plena Noite";"Crescente";"Garoa/Chuvisco";"Dupla";"Reta";"Não";3;0;1;0;1;1;1;2;-7,1894;-35,2596;"SPRF-PB";"DEL01-PB";"UOP03-DEL01-PB"
654944;2025-01-13;"segunda-feira";"20:37:00";"MS";60;380,3;"CAMPO GRANDE";"Ausência de reação do condutor";"Saída de leito carroçável";"Com Vítimas Feridas";"Plena Noite";"Decrescente";"Céu Claro";"Simples";"Reta";"Não";3;0;2;0;1;0;2;1;-20,62581412;-54,74892773;"SPRF-MS";"DEL01-MS";"UOP04-DEL01-MS"
654946;2025-01-13;"segunda-feira";"21:45:00";"PI";135;339;"SANTA LUZ";"Reação tardia ou ineficiente do condutor";"Saída de leito carroçável";"Com Vítimas Feridas";"Plena Noite";"Crescente";"Chuva";"Simples";"Curva;Declive";"Não";4;0;2;0;2;0;2;1;-8,99583784;-44,29597012;"SPRF-PI";"DEL03-PI";"UOP02-DEL03-PI"
654948;2025-01-14;"terça-feira";"00:20:00";"ES";262;190,3;"IUNA";"Condutor Dormindo";"Saída de leito carroçável";"Com Vítimas Feridas";"Plena Noite";"Crescente";"Chuva";"Simples";"Curva";"Não";2;0;1;1;0;0;2;1;-20,30802372;-41,74807167;"SPRF-ES";"DEL01-ES";"UOP02-DEL01-ES"
654949;2025-01-13;"segunda-feira";"18:30:00";"MG";365;868,1;"SANTA VITORIA";"Reação tardia ou ineficiente do condutor";"Colisão com objeto";"Com Vítimas Feridas";"Anoitecer";"Crescente";"Chuva";"Dupla";"Reta;Declive";"Sim";1;0;1;0;0;0;1;1;-19,04598199;-50,49476769;"SPRF-MG";"DEL15-MG";"UOP03-DEL15-MG"
654950;2025-01-13;"segunda-feira";"23:30:00";"PR";376;228,2;"APUCARANA";"Reação tardia ou ineficiente do condutor";"Saída de leito carroçável";"Com Vítimas Feridas";"Plena Noite";"Decrescente";"Nublado";"Dupla";"Reta";"Não";4;0;2;1;1;0;3;1;-23,56382701;-51,53990037;"SPRF-PR";"DEL07-PR";"UOP03-DEL07-PR"
654951;2025-01-14;"terça-feira";"00:30:00";"SP";153;36;"ONDA VERDE";"Animais na Pista";"Atropelamento de Animal";"Com Vítimas Feridas";"Plena Noite";"Decrescente";"Céu Claro";"Simples";"Reta";"Não";1;0;1;0;0;0;1;1;-20,58930501;-49,31814402;"SPRF-SP";"DEL09-SP";"UOP01-DEL09-SP"
654952;2025-01-14;"terça-feira";"02:00:00";"RN";406;141;"TAIPU";"Condutor Dormindo";"Queda de ocupante de veículo";"Com Vítimas Feridas";"Plena Noite";"Decrescente";"Céu Claro";"Simples";"Reta";"Não";1;0;1;0;0;0;1;1;-5,650508;-35,513835;"SPRF-RN";"DEL02-RN";"UOP01-DEL02-RN"
654954;2025-01-14;"terça-feira";"03:40:00";"MG";365;5,8;"MONTES CLAROS";"Velocidade Incompatível";"Saída de leito carroçável";"Com Vítimas Feridas";"Plena Noite";"Crescente";"Chuva";"Simples";"Curva;Viaduto";"Não";2;0;0;2;0;0;2;1;-16,78382;-43,890787;"SPRF-MG";"DEL12-MG";"UOP01-DEL12-MG"
654955;2025-01-14;"terça-feira";"05:40:00";"RS";392;349;"SANTA MARIA";"Ultrapassagem Indevida";"Queda de ocupante de veículo";"Com Vítimas Feridas";"Amanhecer";"Decrescente";"Céu Claro";"Simples";"Reta;Declive";"Não";1;0;1;0;0;0;1;1;-29,7440791;-53,79306521;"SPRF-RS";"DEL09-RS";"UOP01-DEL09-RS"
654957;2025-01-14;"terça-feira";"06:36:00";"SP";116;226;"GUARULHOS";"Reação tardia ou ineficiente do condutor";"Colisão lateral mesmo sentido";"Com Vítimas Feridas";"Pleno dia";"Crescente";"Céu Claro";"Múltipla";"Em Obras;Reta;Declive;Interseção de Vias";"Sim";4;0;1;0;2;1;1;3;-23,49102507;-46,54878195;"SPRF-SP";"DEL01-SP";"UOP01-DEL01-SP"
654958;2025-01-14;"terça-feira";"03:30:00";"MG";40;49;"PARACATU";"Animais na Pista";"Atropelamento de Animal";"Sem Vítimas";"Plena Noite";"Decrescente";"Chuva";"Simples";"Reta";"Não";3;0;0;0;3;0;0;1;-17,23815248;-46,80976606;"SPRF-MG";"DEL14-MG";"UOP01-DEL14-MG"
654959;2025-01-13;"segunda-feira";"17:06:00";"MA";135;67;"SANTA RITA";"Acessar a via sem observar a presença dos outros veículos";"Colisão transversal";"Com Vítimas Fatais";"Anoitecer";"Crescente";"Nublado";"Simples";"Reta";"Não";2;1;0;0;1;0;0;2;-3,11481199;-44,32344911;"SPRF-MA";"DEL01-MA";"UOP02-DEL01-MA"
654960;2025-01-13;"segunda-feira";"08:15:00";"MG";116;413;"GOVERNADOR VALADARES";"Acumulo de água sobre o pavimento";"Tombamento";"Com Vítimas Feridas";"Pleno dia";"Decrescente";"Chuva";"Simples";"Reta";"Sim";1;0;1;0;0;0;1;1;-18,873907;-41,966366;"SPRF-MG";"DEL06-MG";"UOP01-DEL06-MG"
654961;2025-01-14;"terça-feira";"05:15:00";"GO";153;616;"MORRINHOS";"Animais na Pista";"Atropelamento de Animal";"Sem Vítimas";"Amanhecer";"Crescente";"Céu Claro";"Dupla";"Reta";"Não";3;0;0;0;3;0;0;1;-17,6864;-49,159;"SPRF-GO";"DEL03-GO";"UOP01-DEL03-GO"
654962;2025-01-14;"terça-feira";"06:00:00";"BA";116;421;"FEIRA DE SANTANA";"Ausência de reação do condutor";"Atropelamento de Animal";"Com Vítimas Feridas";"Pleno dia";"Decrescente";"Nublado";"Dupla";"Reta";"Sim";2;0;2;0;0;0;2;1;-12,224721;-38,965;"SPRF-BA";"DEL02-BA";"UOP01-DEL02-BA"
654964;2025-01-14;"terça-feira";"06:40:00";"MG";381;521;"BRUMADINHO";"Velocidade Incompatível";"Saída de leito carroçável";"Sem Vítimas";"Amanhecer";"Crescente";"Chuva";"Dupla";"Curva";"Não";1;0;0;0;1;0;0;1;-20,13846621;-44,31715274;"SPRF-MG";"DEL04-MG";"UOP03-DEL04-MG"
654965;2025-01-14;"terça-feira";"06:58:00";"BA";324;524;"FEIRA DE SANTANA";"Manobra de mudança de faixa";"Colisão lateral mesmo sentido";"Com Vítimas Feridas";"Pleno dia";"Crescente";"Céu Claro";"Dupla";"Reta";"Sim";3;0;1;1;1;0;2;3;-12,2955119;-38,90487093;"SPRF-BA";"DEL01-BA";"UOP03-DEL01-BA"
654966;2025-01-14;"terça-feira";"07:20:00";"RS";386;45,5;"SEBERI";"Transitar na contramão";"Colisão lateral sentido oposto";"Com Vítimas Feridas";"Pleno dia";"Decrescente";"Céu Claro";"Simples";"Reta";"Não";4;0;3;0;1;0;3;2;-27,448933;-53,414272;"SPRF-RS";"DEL08-RS";"UOP02-DEL08-RS"
654968;2025-01-14;"terça-feira";"07:20:00";"RN";101;79;"EXTREMOZ";"Ausência de reação do condutor";"Colisão traseira";"Com Vítimas Feridas";"Pleno dia";"Crescente";"Nublado";"Simples";"Reta";"Não";2;0;0;1;1;0;1;2;-5,74962896;-35,28918369;"SPRF-RN";"DEL02-RN";"UOP01-DEL02-RN"
654969;2025-01-13;"segunda-feira";"22:20:00";"MS";163;258;"DOURADOS";"Ausência de reação do condutor";"Colisão traseira";"Com Vítimas Feridas";"Plena Noite";"Decrescente";"Céu Claro";"Dupla";"Reta";"Sim";2;0;1;0;1;0;1;2;-22,25859;-54,783592;"SPRF-MS";"DEL04-MS";"UOP01-DEL04-MS"
654970;2025-01-14;"terça-feira";"06:50:00";"RJ";465;12;"SEROPEDICA";"Transitar no Acostamento";"Colisão transversal";"Com Vítimas Feridas";"Pleno dia";"Crescente";"Céu Claro";"Simples";"Reta";"Sim";2;0;1;0;1;0;1;2;-22,791252;-43,651257;"SPRF-RJ";"DEL06-RJ";"UOP02-DEL06-RJ"
654971;2025-01-14;"terça-feira";"07:20:00";"RS";290;108;"ELDORADO DO SUL";"Ausência de reação do condutor";"Tombamento";"Com Vítimas Feridas";"Pleno dia";"Decrescente";"Céu Claro";"Dupla";"Reta";"Sim";1;0;1;0;0;0;1;1;-30,006546;-51,312927;"SPRF-RS";"DEL02-RS";"UOP01-DEL02-RS"
654972;2025-01-14;"terça-feira";"07:15:00";"SP";153;57;"SAO JOSE DO RIO PRETO";"Ausência de reação do condutor";"Colisão lateral mesmo sentido";"Com Vítimas Feridas";"Pleno dia";"Decrescente";"Céu Claro";"Dupla";"Reta";"Sim";1;0;0;1;0;0;1;1;-20,76991095;-49,34982212;"SPRF-SP";"DEL09-SP";"UOP01-DEL09-SP"
654975;2025-01-14;"terça-feira";"07:53:00";"RN";101;97;"NATAL";"Manobra de mudança de faixa";"Colisão traseira";"Com Vítimas Feridas";"Pleno dia";"Decrescente";"Nublado";"Múltipla";"Reta";"Sim";3;0;2;0;1;0;2;3;-5,85758898;-35,21271205;"SPRF-RN";"DEL01-RN";"UOP01-DEL01-RN"
654977;2025-01-14;"terça-feira";"07:40:00";"RS";285;456,9;"IJUI";"Transitar na contramão";"Colisão lateral sentido oposto";"Sem Vítimas";"Pleno dia";"Crescente";"Sol";"Simples";"Reta";"Sim";3;0;0;0;3;0;0;3;-28,3862705;-53,88971508;"SPRF-RS";"DEL10-RS";"UOP01-DEL10-RS"
654978;2025-01-14;"terça-feira";"07:57:00";"RS";116;222;"DOIS IRMAOS";"Ausência de reação do condutor";"Colisão frontal";"Com Vítimas Feridas";"Pleno dia";"Crescente";"Céu Claro";"Simples";"Aclive;Curva";"Sim";2;0;1;0;1;0;1;2;-29,58096695;-51,09515511;"SPRF-RS";"DEL01-RS";"UOP02-DEL01-RS"
654980;2025-01-14;"terça-feira";"05:15:00";"BA";101;692,9;"EUNAPOLIS";"Chuva";"Saída de leito carroçável";"Com Vítimas Feridas";"Amanhecer";"Crescente";"Chuva";"Simples";"Curva";"Não";2;0;2;0;0;0;2;1;-16,35054598;-39,57997178;"SPRF-BA";"DEL09-BA";"UOP01-DEL09-BA"
654981;2025-01-14;"terça-feira";"07:30:00";"PB";101;124;"CAAPORA";"Acumulo de água sobre o pavimento";"Saída de leito carroçável";"Sem Vítimas";"Pleno dia";"Crescente";"Chuva";"Dupla";"Aclive;Curva";"Não";1;0;0;0;1;0;0;1;-7,46746892;-34,9772648;"SPRF-PB";"DEL01-PB";"UOP02-DEL01-PB"
654983;2025-01-14;"terça-feira";"08:50:00";"MG";116;780;"LEOPOLDINA";"Velocidade Incompatível";"Saída de leito carroçável";"Com Vítimas Feridas";"Pleno dia";"Crescente";"Chuva";"Simples";"Curva";"Não";4;0;2;0;2;0;2;1;-21,61482397;-42,69263203;"SPRF-MG";"DEL07-MG";"UOP01-DEL07-MG"
654984;2025-01-14;"terça-feira";"08:00:00";"SC";101;121,8;"ITAJAI";"Trafegar com motocicleta (ou similar) entre as faixas";"Colisão lateral mesmo sentido";"Com Vítimas Feridas";"Pleno dia";"Decrescente";"Nublado";"Múltipla";"Reta";"Sim";2;0;2;0;0;0;2;2;-26,92103178;-48,70856446;"SPRF-SC";"DEL04-SC";"UOP04-DEL04-SC"
654985;2025-01-14;"terça-feira";"08:15:00";"MG";381;485;"BETIM";"Manobra de mudança de faixa";"Colisão traseira";"Com Vítimas Feridas";"Pleno dia";"Crescente";"Nublado";"Múltipla";"Aclive;Reta";"Sim";2;0;1;0;1;0;1;2;-19,9554444;-44,0975104;"SPRF-MG";"DEL01-MG";"UOP03-DEL01-MG"
654987;2025-01-14;"terça-feira";"08:10:00";"PB";230;2,7;"CABEDELO";"Ausência de reação do condutor";"Colisão com objeto";"Com Vítimas Feridas";"Pleno dia";"Crescente";"Nublado";"Dupla";"Reta;Em Obras";"Não";1;0;1;0;0;0;1;1;-6,9915;-34,8287;"SPRF-PB";"DEL01-PB";"UOP01-DEL01-PB"
654988;2025-01-14;"terça-feira";"08:00:00";"PR";277;81;"CURITIBA";"Manobra de mudança de faixa";"Colisão lateral mesmo sentido";"Com Vítimas Feridas";"Pleno dia";"Crescente";"Céu Claro";"Dupla";"Reta";"Sim";2;0;1;0;1;0;1;2;-25,47211068;-49,21082508;"SPRF-PR";"DEL01-PR";"UOP03-DEL01-PR"
654992;2025-01-14;"terça-feira";"04:00:00";"PI";135;553;"SAO GONCALO DO GURGUEIA";"Ausência de reação do condutor";"Saída de leito carroçável";"Com Vítimas Feridas";"Plena Noite";"Crescente";"Chuva";"Simples";"Reta;Declive";"Não";2;0;1;0;1;0;1;1;-10,12697426;-45,224383;"SPRF-PI";"DEL03-PI";"UOP02-DEL03-PI"
654993;2025-01-14;"terça-feira";"08:00:00";"MA";135;4;"SAO LUIS";"Reação tardia ou ineficiente do condutor";"Colisão traseira";"Com Vítimas Feridas";"Pleno dia";"Decrescente";"Chuva";"Dupla";"Reta";"Sim";3;0;2;0;1;0;2;2;-2,61424881;-44,25257023;"SPRF-MA";"DEL01-MA";"UOP01-DEL01-MA"
654994;2025-01-14;"terça-feira";"07:28:00";"RN";110;51,4;"MOSSORO";"Acessar a via sem observar a presença dos outros veículos";"Colisão transversal";"Com Vítimas Feridas";"Pleno dia";"Crescente";"Céu Claro";"Simples";"Reta";"Sim";3;0;1;0;2;0;1;2;-5,23063363;-37,33198285;"SPRF-RN";"DEL04-RN";"UOP01-DEL04-RN"
654995;2025-01-14;"terça-feira";"08:55:00";"PR";277;590,4;"CASCAVEL";"Reação tardia ou ineficiente do condutor";"Colisão traseira";"Com Vítimas Feridas";"Pleno dia";"Decrescente";"Céu Claro";"Simples";"Aclive;Reta";"Sim";5;0;4;0;1;0;4;3;-24,982432;-53,458935;"SPRF-PR";"DEL04-PR";"UOP01-DEL04-PR"
654997;2025-01-14;"terça-feira";"09:25:00";"RS";116;249;"SAO LEOPOLDO";"Ausência de reação do condutor";"Colisão com objeto";"Com Vítimas Feridas";"Pleno dia";"Decrescente";"Sol";"Simples";"Reta";"Sim";2;0;1;0;1;0;1;1;-29,7831804;-51,16099063;"SPRF-RS";"DEL01-RS";"UOP02-DEL01-RS"
654998;2025-01-14;"terça-feira";"08:35:00";"MG";381;337;"NOVA ERA";"Acumulo de água sobre o pavimento";"Capotamento";"Com Vítimas Feridas";"Pleno dia";"Crescente";"Céu Claro";"Dupla";"Curva";"Não";3;0;3;0;0;0;3;1;-19,82388218;-43,08235792;"SPRF-MG";"DEL03-MG";"UOP01-DEL03-MG"
654999;2025-01-13;"segunda-feira";"11:30:00";"MT";163;1049;"MATUPA";"Manobra de mudança de faixa";"Engavetamento";"Com Vítimas Feridas";"Pleno dia";"Crescente";"Chuva";"Simples";"Reta";"Não";5;0;3;1;1;0;4;3;-10,093012;-54,91886;"SPRF-MT";"DEL06-MT";"UOP03-DEL06-MT"