"id";"data_inversa";"dia_semana";"horario";"uf";"br";"km";"municipio";"causa_acidente";"tipo_acidente";"classificacao_acidente";"fase_dia";"sentido_via";"condicao_metereologica";"tipo_pista";"tracado_via";"uso_solo";"pessoas";"mortos";"feridos_leves";"feridos_graves";"ilesos";"ignorados";"feridos";"veiculos";"latitude";"longitude";"regional";"delegacia";"uop"
655004;2025-01-07;"terça-feira";"08:00:00";"SP";116;224;"GUARULHOS";"Ausência de reação do condutor";"Queda de ocupante de veículo";"Com Vítimas Feridas";"Pleno dia";"Crescente";"Nublado";"Múltipla";"Reta";"Sim";1;0;1;0;0;0;1;1;-23,48071896;-46,53271603;"SPRF-SP";"DEL01-SP";"UOP01-DEL01-SP"
655005;2025-01-14;"terça-feira";"10:15:00";"SC";101;77,2;"ARAQUARI";"Frear bruscamente";"Saída de leito carroçável";"Sem Vítimas";"Pleno dia";"Crescente";"Céu Claro";"Dupla";"Curva";"Não";1;0;0;0;1;0;0;1;-26,56833103;-48,72029393;"SPRF-SC";"DEL03-SC";"UOP02-DEL03-SC"
655008;2025-01-14;"terça-feira";"07:10:00";"MA";135;311,8;"DOM PEDRO";"Acumulo de água sobre o pavimento";"Saída de leito carroçável";"Sem Vítimas";"Pleno dia";"Decrescente";"Chuva";"Simples";"Reta";"Não";1;0;0;0;1;0;0;1;-5,04635454;-44,44621377;"SPRF-MA";"DEL06-MA";"UOP01-DEL06-MA"
655009;2025-01-14;"terça-feira";"10:00:00";"RJ";495;29;"PETROPOLIS";"Transitar na contramão";"Colisão frontal";"Com Vítimas Feridas";"Pleno dia";"Crescente";"Céu Claro";"Simples";"Curva";"Sim";2;0;1;0;1;0;1;2;-22,391611;-43,126202;"SPRF-RJ";"DEL05-RJ";"UOP02-DEL05-RJ"
655010;2025-01-14;"terça-feira";"10:35:00";"MG";40;736;"SANTOS DUMONT";"Curva acentuada";"Colisão lateral mesmo sentido";"Com Vítimas Feridas";"Pleno dia";"Decrescente";"Nublado";"Dupla";"Curva";"Não";2;0;1;0;1;0;1;2;-21,37315079;-43,57055426;"SPRF-MG";"DEL05-MG";"UOP01-DEL05-MG"
655011;2025-01-14;"terça-feira";"10:15:00";"SC";280;31,4;"ARAQUARI";"Reação tardia ou ineficiente do condutor";"Colisão traseira";"Com Vítimas Feridas";"Pleno dia";"Decrescente";"Nublado";"Simples";"Reta";"Sim";2;0;0;1;1;0;1;2;-26,41649938;-48,77181215;"SPRF-SC";"DEL03-SC";"UOP03-DEL03-SC"
655015;2025-01-14;"terça-feira";"08:15:00";"RO";364;341;"JI-PARANA";"Condutor deixou de manter distância do veículo da frente";"Colisão traseira";"Com Vítimas Feridas";"Pleno dia";"Crescente";"Nublado";"Dupla";"Reta";"Sim";4;0;2;0;2;0;2;2;-10,88987987;-61,93126772;"SPRF-RO";"DEL02-RO";"UOP01-DEL02-RO"
655018;2025-01-14;"terça-feira";"10:20:00";"PI";316;3;"TERESINA";"Condutor desrespeitou a iluminação vermelha do semáforo";"Colisão transversal";"Com Vítimas Feridas";"Pleno dia";"Decrescente";"Céu Claro";"Simples";"Interseção de Vias";"Sim";2;0;1;0;1;0;1;2;-5,12826443;-42,79292384;"SPRF-PI";"DEL01-PI";"UOP02-DEL01-PI"
655020;2025-01-14;"terça-feira";"08:45:00";"RS";290;326,6;"CACAPAVA DO SUL";"Manobra de mudança de faixa";"Colisão lateral mesmo sentido";"Sem Vítimas";"Pleno dia";"Decrescente";"Céu Claro";"Simples";"Reta";"Sim";2;0;0;0;2;0;0;2;-30,361158;-53,444572;"SPRF-RS";"DEL09-RS";"UOP02-DEL09-RS"
655024;2025-01-14;"terça-feira";"08:35:00";"MG";116;407;"GOVERNADOR VALADARES";"Acessar a via sem observar a presença dos outros veículos";"Colisão transversal";"Com Vítimas Feridas";"Pleno dia";"Crescente";"Nublado";"Simples";"Reta";"Não";2;0;1;0;1;0;1;2;-18,835552;-41,98926799;"SPRF-MG";"DEL06-MG";"UOP01-DEL06-MG"
655025;2025-01-14;"terça-feira";"11:40:00";"SC";101;148,7;"ITAPEMA";"Reação tardia ou ineficiente do condutor";"Colisão traseira";"Com Vítimas Feridas";"Pleno dia";"Decrescente";"Céu Claro";"Dupla";"Reta";"Sim";2;0;0;1;1;0;1;2;-27,10123686;-48,61807962;"SPRF-SC";"DEL04-SC";"UOP03-DEL04-SC"
655027;2025-01-14;"terça-feira";"11:10:00";"PR";476;172,9;"CONTENDA";"Reação tardia ou ineficiente do condutor";"Colisão traseira";"Com Vítimas Feridas";"Pleno dia";"Decrescente";"Sol";"Dupla";"Reta";"Sim";2;0;1;0;1;0;1;2;-25,68587798;-49,53550392;"SPRF-PR";"DEL01-PR";"UOP06-DEL01-PR"
655029;2025-01-14;"terça-feira";"09:50:00";"MG";116;637,9;"DIVINO";"Ultrapassagem Indevida";"Colisão frontal";"Com Vítimas Feridas";"Pleno dia";"Decrescente";"Garoa/Chuvisco";"Simples";"Curva";"Não";4;0;3;1;0;0;4;2;-20,641479;-42,240762;"SPRF-MG";"DEL07-MG";"UOP02-DEL07-MG"
655031;2025-01-14;"terça-feira";"11:45:00";"PE";232;73,6;"GRAVATA";"Chuva";"Saída de leito carroçável";"Com Vítimas Feridas";"Pleno dia";"Decrescente";"Chuva";"Dupla";"Reta";"Não";1;0;1;0;0;0;1;1;-8,19060018;-35,50931093;"SPRF-PE";"DEL02-PE";"UOP02-DEL02PE"
655034;2025-01-14;"terça-feira";"10:01:00";"MG";50;197;"DELTA";"Velocidade Incompatível";"Saída de leito carroçável";"Com Vítimas Feridas";"Pleno dia";"Crescente";"Céu Claro";"Dupla";"Aclive;Reta";"Não";4;0;2;0;2;0;2;1;-19,91076436;-47,83254654;"SPRF-MG";"DEL13-MG";"UOP01-DEL13-MG"
655035;2025-01-14;"terça-feira";"12:45:00";"MG";262;388;"FLORESTAL";"Velocidade Incompatível";"Colisão com objeto";"Com Vítimas Feridas";"Pleno dia";"Decrescente";"Chuva";"Dupla";"Curva";"Sim";1;0;1;0;0;0;1;1;-19,9171596;-44,4956711;"SPRF-MG";"DEL01-MG";"UOP03-DEL01-MG"
655036;2025-01-03;"sexta-feira";"20:53:00";"RJ";116;171;"SAO JOAO DE MERITI";"Ausência de sinalização";"Colisão traseira";"Com Vítimas Feridas";"Plena Noite";"Decrescente";"Céu Claro";"Dupla";"Aclive;Reta";"Sim";4;0;1;0;3;0;1;3;-22,8060415;-43,34289573;"SPRF-RJ";"DEL06-RJ";"UOP01-DEL06-RJ"
655037;2025-01-14;"terça-feira";"11:30:00";"MS";163;18;"MUNDO NOVO";"Ausência de reação do condutor";"Tombamento";"Com Vítimas Feridas";"Pleno dia";"Crescente";"Céu Claro";"Simples";"Reta";"Sim";1;0;1;0;0;0;1;1;-23,94186304;-54,28068144;"SPRF-MS";"DEL09-MS";"UOP02-DEL09-MS"
655038;2025-01-14;"terça-feira";"12:40:00";"SC";101;367,5;"ICARA";"Condutor deixou de manter distância do veículo da frente";"Colisão traseira";"Com Vítimas Feridas";"Pleno dia";"Decrescente";"Céu Claro";"Dupla";"Declive;Reta";"Não";6;0;1;0;5;0;1;2;-28,69145778;-49,16484911;"SPRF-SC";"DEL02-SC";"UOP01-DEL02-SC"
655040;2025-01-14;"terça-feira";"09:50:00";"RJ";116;170;"RIO DE JANEIRO";"Ultrapassagem Indevida";"Colisão lateral mesmo sentido";"Com Vítimas Feridas";"Pleno dia";"Crescente";"Nublado";"Dupla";"Reta";"Sim";2;0;1;0;1;0;1;2;-22,81113183;-43,3336729;"SPRF-RJ";"DEL06-RJ";"UOP01-DEL06-RJ"
655042;2025-01-14;"terça-feira";"12:30:00";"RJ";101;470;"ANGRA DOS REIS";"Acessar a via sem observar a presença dos outros veículos";"Colisão transversal";"Com Vítimas Feridas";"Pleno dia";"Decrescente";"Nublado";"Simples";"Retorno Regulamentado;Reta";"Sim";6;0;2;2;2;0;4;2;-22,99882197;-44,2277813;"SPRF-RJ";"DEL03-RJ";"UOP03-DEL03-RJ"
655043;2025-01-14;"terça-feira";"12:30:00";"SP";116;69,2;"APARECIDA";"Ausência de reação do condutor";"Colisão traseira";"Com Vítimas Feridas";"Pleno dia";"Decrescente";"Nublado";"Dupla";"Curva";"Sim";2;0;1;0;1;0;1;2;-22,84017188;-45,22364349;"SPRF-SP";"DEL08-SP";"UOP01-DEL08-SP"
655044;2025-01-12;"domingo";"23:35:00";"RJ";40;105;"DUQUE DE CAXIAS";"Ausência de reação do condutor";"Colisão frontal";"Com Vítimas Feridas";"Plena Noite";"Decrescente";"Céu Claro";"Múltipla";"Declive;Reta";"Sim";2;0;1;1;0;0;2;2;-22,63784806;-43,28428824;"SPRF-RJ";"DEL01-RJ";"UOP02-DEL01-RJ"
655045;2025-01-14;"terça-feira";"12:17:00";"TO";153;494;"PARAISO DO TOCANTINS";"Reação tardia ou ineficiente do condutor";"Colisão transversal";"Com Vítimas Feridas";"Pleno dia";"Decrescente";"Garoa/Chuvisco";"Simples";"Interseção de Vias";"Sim";3;0;1;0;2;0;1;2;-10,15679116;-48,88263755;"SPRF-TO";"DEL01-TO";"UOP01-DEL01-TO"
655046;2025-01-14;"terça-feira";"13:00:00";"SC";101;333;"TUBARAO";"Manobra de mudança de faixa";"Colisão lateral mesmo sentido";"Com Vítimas Feridas";"Pleno dia";"Crescente";"Céu Claro";"Dupla";"Reta";"Sim";2;0;1;0;1;0;1;2;-28,46630107;-48,99653096;"SPRF-SC";"DEL02-SC";"UOP01-DEL02-SC"
655047;2025-01-14;"terça-feira";"13:10:00";"RN";110;50;"MOSSORO";"Condutor deixou de manter distância do veículo da frente";"Colisão traseira";"Com Vítimas Feridas";"Pleno dia";"Crescente";"Ignorado";"Dupla";"Reta";"Sim";2;0;1;0;1;0;1;2;-5,22432117;-37,32464392;"SPRF-RN";"DEL04-RN";"UOP01-DEL04-RN"
655048;2025-01-14;"terça-feira";"13:55:00";"GO";153;356;"JARAGUA";"Ingestão de álcool pelo condutor";"Colisão transversal";"Com Vítimas Feridas";"Pleno dia";"Crescente";"Nublado";"Dupla";"Interseção de Vias";"Sim";3;0;1;0;2;0;1;2;-15,73500994;-49,32353854;"SPRF-GO";"DEL02-GO";"UOP02-DEL02-GO"
655050;2025-01-14;"terça-feira";"13:25:00";"BA";367;84;"EUNAPOLIS";"Ausência de reação do condutor";"Colisão traseira";"Com Vítimas Feridas";"Pleno dia";"Crescente";"Garoa/Chuvisco";"Simples";"Reta";"Sim";3;0;1;0;2;0;1;2;-16,37465;-39,579426;"SPRF-BA";"DEL09-BA";"UOP03-DEL09-BA"
655051;2025-01-14;"terça-feira";"12:10:00";"RS";285;292,7;"PASSO FUNDO";"Desrespeitar a preferência no cruzamento";"Colisão transversal";"Com Vítimas Feridas";"Pleno dia";"Decrescente";"Céu Claro";"Dupla";"Interseção de Vias";"Sim";2;0;1;0;1;0;1;2;-28,23796993;-52,37109125;"SPRF-RS";"DEL08-RS";"UOP03-DEL08-RS"
655052;2025-01-14;"terça-feira";"13:30:00";"RJ";101;54;"CAMPOS DOS GOYTACAZES";"Acessar a via sem observar a presença dos outros veículos";"Colisão transversal";"Com Vítimas Feridas";"Pleno dia";"Decrescente";"Garoa/Chuvisco";"Simples";"Declive;Reta";"Sim";3;0;2;0;1;0;2;2;-21,669741;-41,311119;"SPRF-RJ";"DEL08-RJ";"UOP01-DEL08-RJ"
655053;2025-01-14;"terça-feira";"07:55:00";"BA";367;84;"EUNAPOLIS";"Reação tardia ou ineficiente do condutor";"Tombamento";"Com Vítimas Feridas";"Pleno dia";"Decrescente";"Garoa/Chuvisco";"Simples";"Curva";"Sim";1;0;0;1;0;0;1;1;-16,37465;-39,579426;"SPRF-BA";"DEL09-BA";"UOP03-DEL09-BA"
655054;2025-01-14;"terça-feira";"12:50:00";"MG";40;618,7;"CONGONHAS";"Velocidade Incompatível";"Saída de leito carroçável";"Com Vítimas Feridas";"Pleno dia";"Decrescente";"Chuva";"Simples";"Aclive;Reta";"Sim";1;0;1;0;0;0;1;1;-20,5615888;-43,81227278;"SPRF-MG";"DEL05-MG";"UOP02-DEL05-MG"
655056;2025-01-14;"terça-feira";"12:50:00";"SP";116;282;"EMBU DAS ARTES";"Velocidade Incompatível";"Queda de ocupante de veículo";"Com Vítimas Feridas";"Pleno dia";"Decrescente";"Nublado";"Dupla";"Reta";"Sim";2;0;1;0;1;0;1;1;-23,68570216;-46,85970975;"SPRF-SP";"DEL04-SP";"UOP01-DEL04-SP"
655057;2025-01-14;"terça-feira";"14:40:00";"TO";153;334;"GUARAI";"Acessar a via sem observar a presença dos outros veículos";"Colisão transversal";"Com Vítimas Feridas";"Pleno dia";"Crescente";"Garoa/Chuvisco";"Dupla";"Interseção de Vias";"Sim";2;0;1;0;1;0;1;2;-8,835718;-48,512123;"SPRF-TO";"DEL02-TO";"UOP02-DEL02-TO"
655059;2025-01-14;"terça-feira";"14:20:00";"ES";101;206,5;"JOAO NEIVA";"Reação tardia ou ineficiente do condutor";"Colisão com objeto";"Com Vítimas Feridas";"Pleno dia";"Decrescente";"Chuva";"Simples";"Curva;Declive";"Não";3;0;1;0;2;0;1;1;-19,76435421;-40,37263919;"SPRF-ES";"DEL02-ES";"UOP01-DEL02-ES"
655060;2025-01-14;"terça-feira";"13:01:00";"RJ";116;187;"NOVA IGUACU";"Demais falhas mecânicas ou elétricas";"Tombamento";"Com Vítimas Feridas";"Pleno dia";"Crescente";"Céu Claro";"Dupla";"Reta";"Não";2;0;2;0;0;0;2;1;-22,73883756;-43,47245197;"SPRF-RJ";"DEL06-RJ";"UOP01-DEL06-RJ"
655061;2025-01-14;"terça-feira";"12:31:00";"MT";70;540;"NOSSA SENHORA DO LIVRAMENTO";"Ausência de reação do condutor";"Colisão traseira";"Com Vítimas Feridas";"Pleno dia";"Decrescente";"Nublado";"Simples";"Reta";"Não";3;0;1;0;2;0;1;2;-15,679148;-56,297332;"SPRF-MT";"DEL03-MT";"UOP02-DEL03-MT"
655062;2025-01-14;"terça-feira";"11:20:00";"PI";135;297,2;"CRISTINO CASTRO";"Acesso irregular";"Colisão transversal";"Com Vítimas Feridas";"Pleno dia";"Crescente";"Nublado";"Simples";"Reta";"Não";5;0;1;2;1;1;3;3;-8,69779185;-44,08943712;"SPRF-PI";"DEL03-PI";"UOP02-DEL03-PI"
655065;2025-01-14;"terça-feira";"12:50:00";"GO";153;424,4;"ANAPOLIS";"Avarias e/ou desgaste excessivo no pneu";"Saída de leito carroçável";"Com Vítimas Feridas";"Pleno dia";"Decrescente";"Chuva";"Dupla";"Reta";"Não";2;0;1;0;1;0;1;1;-16,22593443;-49,01092172;"SPRF-GO";"DEL02-GO";"UOP01-DEL02-GO"
655066;2025-01-14;"terça-feira";"13:10:00";"RJ";116;201;"QUEIMADOS";"Animais na Pista";"Colisão traseira";"Com Vítimas Feridas";"Pleno dia";"Crescente";"Nublado";"Dupla";"Reta";"Não";3;0;0;1;2;0;1;3;-22,73124742;-43,60364806;"SPRF-RJ";"DEL06-RJ";"UOP02-DEL06-RJ"
655067;2025-01-14;"terça-feira";"15:20:00";"MG";40;462;"SETE LAGOAS";"Acumulo de água sobre o pavimento";"Saída de leito carroçável";"Com Vítimas Feridas";"Pleno dia";"Decrescente";"Chuva";"Dupla";"Aclive;Reta";"Não";4;0;2;0;2;0;2;1;-19,4136917;-44,33879427;"SPRF-MG";"DEL02-MG";"UOP01-DEL02-MG"
655069;2025-01-14;"terça-feira";"15:15:00";"PR";277;724,2;"FOZ DO IGUACU";"Manobra de mudança de faixa";"Colisão lateral mesmo sentido";"Com Vítimas Feridas";"Pleno dia";"Decrescente";"Nublado";"Dupla";"Reta";"Sim";2;0;1;0;1;0;1;2;-25,500379;-54,533312;"SPRF-PR";"DEL05-PR";"UOP03-DEL05-PR"
655071;2025-01-14;"terça-feira";"15:50:00";"MG";40;457,5;"CAETANOPOLIS";"Avarias e/ou desgaste excessivo no pneu";"Saída de leito carroçável";"Com Vítimas Feridas";"Pleno dia";"Crescente";"Chuva";"Dupla";"Reta";"Não";2;0;2;0;0;0;2;1;-19,371466;-44,336132;"SPRF-MG";"DEL02-MG";"UOP01-DEL02-MG"
655076;2025-01-14;"terça-feira";"15:50:00";"PR";116;201,8;"RIO NEGRO";"Velocidade Incompatível";"Colisão traseira";"Com Vítimas Feridas";"Pleno dia";"Decrescente";"Céu Claro";"Simples";"Aclive;Reta";"Não";3;0;2;0;1;0;2;2;-26,05781226;-49,72690791;"SPRF-SC";"DEL06-SC";"UOP01-DEL06-SC"
655077;2025-01-14;"terça-feira";"14:49:00";"PE";101;60,4;"RECIFE";"Trafegar com motocicleta (ou similar) entre as faixas";"Colisão lateral mesmo sentido";"Com Vítimas Feridas";"Pleno dia";"Decrescente";"Céu Claro";"Dupla";"Reta";"Sim";3;0;0;1;2;0;1;2;-7,98344307;-34,93176727;"SPRF-PE";"DEL01-PE";"UOP02-DEL01-PE"
655078;2025-01-14;"terça-feira";"15:55:00";"SC";101;195;"BIGUACU";"Reação tardia ou ineficiente do condutor";"Colisão lateral mesmo sentido";"Com Vítimas Feridas";"Pleno dia";"Decrescente";"Céu Claro";"Múltipla";"Reta";"Sim";3;0;2;0;1;0;2;2;-27,5047092;-48,65010819;"SPRF-SC";"DEL01-SC";"UOP01-DEL01-SC"
655081;2025-01-14;"terça-feira";"14:20:00";"SE";101;199;"CRISTINAPOLIS";"Ausência de reação do condutor";"Colisão transversal";"Com Vítimas Feridas";"Pleno dia";"Decrescente";"Chuva";"Simples";"Reta";"Sim";2;0;1;0;0;1;1;2;-11,48067309;-37,76331995;"SPRF-SE";"DEL02-SE";"UOP03-DEL02-SE"
655083;2025-01-14;"terça-feira";"16:00:00";"RS";116;268;"CANOAS";"Ausência de reação do condutor";"Colisão com objeto";"Com Vítimas Feridas";"Pleno dia";"Decrescente";"Céu Claro";"Dupla";"Reta";"Sim";1;0;1;0;0;0;1;1;-29,95651131;-51,1760498;"SPRF-RS";"DEL01-RS";"UOP01-DEL01-RS"
655084;2025-01-14;"terça-feira";"16:35:00";"PE";101;69;"RECIFE";"Ausência de reação do condutor";"Saída de leito carroçável";"Com Vítimas Feridas";"Pleno dia";"Crescente";"Nublado";"Dupla";"Reta";"Não";1;0;1;0;0;0;1;1;-8,05951606;-34,94581024;"SPRF-PE";"DEL01-PE";"UOP01-DEL01-PE"
655085;2025-01-14;"terça-feira";"17:10:00";"SP";116;449,7;"REGISTRO";"Afundamento ou ondulação no pavimento";"Queda de ocupante de veículo";"Com Vítimas Feridas";"Pleno dia";"Decrescente";"Céu Claro";"Dupla";"Reta";"Não";1;0;1;0;0;0;1;1;-24,52913591;-47,85619324;"SPRF-SP";"DEL05-SP";"UOP01-DEL05-SP"
655086;2025-01-14;"terça-feira";"16:45:00";"ES";101;262,9;"SERRA";"Trafegar com motocicleta (ou similar) entre as faixas";"Colisão lateral mesmo sentido";"Com Vítimas Feridas";"Pleno dia";"Decrescente";"Nublado";"Dupla";"Reta;Declive";"Sim";2;0;1;0;1;0;1;2;-20,166139;-40,272574;"SPRF-ES";"DEL02-ES";"UOP01-DEL02-ES"
655087;2025-01-14;"terça-feira";"15:10:00";"RJ";40;112;"DUQUE DE CAXIAS";"Ultrapassagem Indevida";"Colisão lateral mesmo sentido";"Com Vítimas Feridas";"Pleno dia";"Decrescente";"Céu Claro";"Dupla";"Reta";"Sim";3;0;2;0;1;0;2;2;-22,7004454;-43,29014851;"SPRF-RJ";"DEL01-RJ";"UOP02-DEL01-RJ"
655088;2025-01-14;"terça-feira";"17:00:00";"DF";60;28,4;"BRASILIA";"Acumulo de água sobre o pavimento";"Colisão com objeto";"Com Vítimas Feridas";"Pleno dia";"Crescente";"Chuva";"Dupla";"Aclive;Curva";"Não";2;0;2;0;0;0;2;1;-16,020638;-48,250832;"SPRF-DF";"DEL03-DF";"UOP01-DEL03-DF"
655091;2025-01-14;"terça-feira";"12:30:00";"PI";135;401;"REDENCAO DO GURGUEIA";"Reação tardia ou ineficiente do condutor";"Saída de leito carroçável";"Com Vítimas Feridas";"Pleno dia";"Crescente";"Chuva";"Simples";"Curva;Declive";"Não";31;0;6;0;7;18;6;1;-9,41075383;-44,59663522;"SPRF-PI";"DEL03-PI";"UOP02-DEL03-PI"
655092;2025-01-14;"terça-feira";"17:40:00";"RN";406;167;"SAO GONCALO DO AMARANTE";"Acessar a via sem observar a presença dos outros veículos";"Colisão transversal";"Com Vítimas Feridas";"Anoitecer";"Crescente";"Céu Claro";"Simples";"Reta";"Sim";2;0;0;1;1;0;1;2;-5,75210586;-35,31647444;"SPRF-RN";"DEL02-RN";"UOP01-DEL02-RN"
655093;2025-01-14;"terça-feira";"17:45:00";"GO";40;3;"VALPARAISO DE GOIAS";"Reação tardia ou ineficiente do condutor";"Colisão traseira";"Com Vítimas Feridas";"Pleno dia";"Decrescente";"Nublado";"Dupla";"Viaduto;Reta";"Sim";2;0;1;0;1;0;1;2;-16,076081;-47,985671;"SPRF-DF";"DEL01-DF";"UOP01-DEL01-DF"
655094;2025-01-14;"terça-feira";"12:45:00";"MG";381;620;"OLIVEIRA";"Velocidade Incompatível";"Saída de leito carroçável";"Com Vítimas Feridas";"Pleno dia";"Decrescente";"Chuva";"Dupla";"Curva";"Não";2;0;1;0;1;0;1;1;-20,78558012;-44,78578864;"SPRF-MG";"DEL04-MG";"UOP01-DEL04-MG"
655095;2025-01-14;"terça-feira";"12:20:00";"SC";280;304,1;"PORTO UNIAO";"Acessar a via sem observar a presença dos outros veículos";"Colisão transversal";"Com Vítimas Feridas";"Pleno dia";"Decrescente";"Céu Claro";"Simples";"Reta";"Sim";3;0;0;1;2;0;1;2;-26,27999553;-51,05063229;"SPRF-SC";"DEL06-SC";"UOP04-DEL06-SC"
655096;2025-01-14;"terça-feira";"06:30:00";"MG";251;472;"FRANCISCO SA";"Pista Escorregadia";"Colisão lateral sentido oposto";"Sem Vítimas";"Amanhecer";"Decrescente";"Chuva";"Simples";"Declive;Reta";"Sim";2;0;0;0;2;0;0;2;-16,4669101;-43,43947986;"SPRF-MG";"DEL12-MG";"UOP01-DEL12-MG"
655098;2025-01-14;"terça-feira";"18:15:00";"PB";230;9,9;"CABEDELO";"Demais falhas na via";"Tombamento";"Com Vítimas Feridas";"Plena Noite";"Crescente";"Chuva";"Dupla";"Reta";"Sim";2;0;2;0;0;0;2;1;-7,0433;-34,8466;"SPRF-PB";"DEL01-PB";"UOP01-DEL01-PB"
655099;2025-01-14;"terça-feira";"18:00:00";"SP";116;51,1;"LORENA";"Acumulo de água sobre o pavimento";"Queda de ocupante de veículo";"Com Vítimas Feridas";"Anoitecer";"Crescente";"Garoa/Chuvisco";"Simples";"Aclive;Curva;Viaduto";"Sim";1;0;1;0;0;0;1;1;-22,74238541;-45,09179592;"SPRF-SP";"DEL08-SP";"UOP02-DEL08-SP"
655100;2025-01-14;"terça-feira";"17:15:00";"PR";277;669;"MEDIANEIRA";"Acessar a via sem observar a presença dos outros veículos";"Saída de leito carroçável";"Sem Vítimas";"Pleno dia";"Decrescente";"Chuva";"Dupla";"Reta";"Sim";1;0;0;0;1;0;0;1;-25,27562214;-54,0709859;"SPRF-PR";"DEL05-PR";"UOP02-DEL05-PR"
655102;2025-01-14;"terça-feira";"18:20:00";"SC";101;193;"BIGUACU";"Condutor deixou de manter distância do veículo da frente";"Engavetamento";"Com Vítimas Feridas";"Anoitecer";"Decrescente";"Céu Claro";"Múltipla";"Reta;Ponte";"Sim";5;0;1;0;4;0;1;5;-27,489574;-48,655914;"SPRF-SC";"DEL01-SC";"UOP01-DEL01-SC"
655103;2025-01-14;"terça-feira";"16:00:00";"MG";381;380;"SAO GONCALO DO RIO ABAIXO";"Condutor Dormindo";"Colisão frontal";"Com Vítimas Feridas";"Pleno dia";"Decrescente";"Céu Claro";"Simples";"Reta;Aclive";"Não";7;0;5;0;2;0;5;2;-19,82692046;-43,38405945;"SPRF-MG";"DEL01-MG";"UOP01-DEL01-MG"
655104;2025-01-14;"terça-feira";"17:45:00";"SP";153;62,3;"SAO JOSE DO RIO PRETO";"Reação tardia ou ineficiente do condutor";"Colisão traseira";"Com Vítimas Feridas";"Pleno dia";"Crescente";"Céu Claro";"Dupla";"Aclive;Reta";"Sim";2;0;1;0;1;0;1;2;-20,81325404;-49,35675563;"SPRF-SP";"DEL09-SP";"UOP01-DEL09-SP"
655107;2025-01-14;"terça-feira";"18:30:00";"PR";373;172;"PONTA GROSSA";"Manobra de mudança de faixa";"Colisão lateral mesmo sentido";"Com Vítimas Feridas";"Anoitecer";"Crescente";"Nublado";"Múltipla";"Reta";"Sim";3;0;1;0;1;1;1;3;-25,08139932;-50,19200981;"SPRF-PR";"DEL03-PR";"UOP01-DEL03-PR"
655108;2025-01-14;"terça-feira";"19:25:00";"SC";101;237,7;"PALHOCA";"Trafegar com motocicleta (ou similar) entre as faixas";"Colisão lateral mesmo sentido";"Com Vítimas Feridas";"Plena Noite";"Decrescente";"Céu Claro";"Dupla";"Reta";"Não";2;0;1;0;1;0;1;2;-27,83490593;-48,63077716;"SPRF-SC";"DEL01-SC";"UOP02-DEL01-SC"
655109;2025-01-14;"terça-feira";"18:35:00";"CE";116;372,8;"ICO";"Ausência de reação do condutor";"Colisão traseira";"Com Vítimas Feridas";"Plena Noite";"Crescente";"Céu Claro";"Simples";"Reta";"Sim";4;0;1;1;0;2;2;3;-6,37861604;-38,80975697;"SPRF-CE";"DEL05-CE";"UOP01-DEL05-CE"
655110;2025-01-14;"terça-feira";"18:34:00";"PA";316;44;"SANTA IZABEL DO PARA";"Demais falhas mecânicas ou elétricas";"Tombamento";"Com Vítimas Feridas";"Anoitecer";"Decrescente";"Ignorado";"Dupla";"Reta";"Não";2;0;1;0;1;0;1;1;-1,27592647;-48,08710906;"SPRF-PA";"DEL01-PA";"UOP01-DEL01-PA"
655112;2025-01-14;"terça-feira";"19:00:00";"GO";364;386;"SANTA RITA DO ARAGUAIA";"Acessar a via sem observar a presença dos outros veículos";"Colisão transversal";"Com Vítimas Feridas";"Plena Noite";"Decrescente";"Céu Claro";"Dupla";"Interseção de Vias;Reta;Retorno Regulamentado";"Sim";2;0;1;0;0;1;1;2;-17,321859;-53,209393;"SPRF-GO";"DEL05-GO";"UOP01-DEL05-GO"
655113;2025-01-14;"terça-feira";"16:05:00";"MG";262;437,1;"NOVA SERRANA";"Chuva";"Saída de leito carroçável";"Com Vítimas Feridas";"Pleno dia";"Crescente";"Chuva";"Dupla";"Curva";"Não";1;0;0;1;0;0;1;1;-19,89622194;-44,86972815;"SPRF-MG";"DEL08-MG";"UOP03-DEL08-MG"
655114;2025-01-14;"terça-feira";"19:00:00";"GO";153;495;"GOIANIA";"Ultrapassagem Indevida";"Colisão transversal";"Sem Vítimas";"Plena Noite";"Crescente";"Chuva";"Dupla";"Reta;Aclive";"Sim";2;0;0;0;1;1;0;2;-16,6681;-49,2263;"SPRF-GO";"DEL01-GO";"UOP01-DEL01-GO"
655115;2025-01-14;"terça-feira";"16:00:00";"RN";226;324,7;"MESSIAS TARGINO";"Acessar a via sem observar a presença dos outros veículos";"Colisão transversal";"Com Vítimas Feridas";"Pleno dia";"Decrescente";"Céu Claro";"Simples";"Reta";"Sim";2;0;1;1;0;0;2;2;-6,07589649;-37,51931906;"SPRF-RN";"DEL04-RN";"UOP01-DEL04-RN"
655117;2025-01-10;"sexta-feira";"07:10:00";"PR";163;9;"BARRACAO";"Velocidade Incompatível";"Colisão com objeto";"Sem Vítimas";"Pleno dia";"Decrescente";"Céu Claro";"Simples";"Interseção de Vias;Rotatória";"Sim";1;0;0;0;1;0;0;1;-26,25172639;-53,63581365;"SPRF-PR";"DEL02-PR";"UOP02-DEL02-PR"