"id";"data_inversa";"dia_semana";"horario";"uf";"br";"km";"municipio";"causa_acidente";"tipo_acidente";"classificacao_acidente";"fase_dia";"sentido_via";"condicao_metereologica";"tipo_pista";"tracado_via";"uso_solo";"pessoas";"mortos";"feridos_leves";"feridos_graves";"ilesos";"ignorados";"feridos";"veiculos";"latitude";"longitude";"regional";"delegacia";"uop"
655118;2025-01-14;"terça-feira";"19:35:00";"RN";101;83;"SAO GONCALO DO AMARANTE";"Reação tardia ou ineficiente do condutor";"Colisão traseira";"Com Vítimas Feridas";"Plena Noite";"Decrescente";"Céu Claro";"Dupla";"Reta";"Sim";2;0;1;0;1;0;1;2;-5,7710445;-35,26616981;"SPRF-RN";"DEL02-RN";"UOP01-DEL02-RN"
655119;2025-01-14;"terça-feira";"19:19:00";"MS";163;681;"RIO VERDE DE MATO GROSSO";"Acessar a via sem observar a presença dos outros veículos";"Colisão transversal";"Com Vítimas Feridas";"Plena Noite";"Crescente";"Céu Claro";"Simples";"Interseção de Vias";"Sim";6;0;1;0;5;0;1;2;-18,91578008;-54,83862738;"SPRF-MS";"DEL06-MS";"UOP02-DEL06-MS"
655120;2025-01-14;"terça-feira";"17:20:00";"MG";116;408;"GOVERNADOR VALADARES";"Pista Escorregadia";"Tombamento";"Com Vítimas Feridas";"Anoitecer";"Decrescente";"Chuva";"Simples";"Reta";"Sim";2;0;2;0;0;0;2;1;-18,84221919;-41,98289416;"SPRF-MG";"DEL06-MG";"UOP01-DEL06-MG"
655121;2025-01-14;"terça-feira";"19:15:00";"CE";116;6;"FORTALEZA";"Manobra de mudança de faixa";"Colisão traseira";"Com Vítimas Feridas";"Plena Noite";"Decrescente";"Chuva";"Múltipla";"Reta";"Sim";2;0;2;0;0;0;2;2;-3,802624;-38,50400499;"SPRF-CE";"DEL01-CE";"UOP02-DEL01-CE"
655122;2025-01-14;"terça-feira";"17:30:00";"PE";428;186;"PETROLINA";"Reação tardia ou ineficiente do condutor";"Colisão traseira";"Com Vítimas Feridas";"Anoitecer";"Crescente";"Céu Claro";"Dupla";"Reta";"Sim";2;0;1;0;1;0;1;2;-9,34807826;-40,47441248;"SPRF-PE";"DEL06-PE";"UOP01-DEL06-PE"
655123;2025-01-14;"terça-feira";"20:30:00";"GO";40;3;"VALPARAISO DE GOIAS";"Condutor deixou de manter distância do veículo da frente";"Colisão traseira";"Com Vítimas Feridas";"Plena Noite";"Crescente";"Céu Claro";"Dupla";"Reta";"Sim";2;0;1;0;0;1;1;2;-16,076081;-47,985671;"SPRF-DF";"DEL01-DF";"UOP01-DEL01-DF"
655124;2025-01-14;"terça-feira";"20:30:00";"PB";230;18,2;"JOAO PESSOA";"Ausência de reação do condutor";"Colisão traseira";"Com Vítimas Feridas";"Plena Noite";"Decrescente";"Céu Claro";"Dupla";"Viaduto;Reta;Aclive";"Sim";3;0;1;0;2;0;1;2;-7,1198;-34,8453;"SPRF-PB";"DEL01-PB";"UOP01-DEL01-PB"
655126;2025-01-14;"terça-feira";"20:40:00";"GO";153;518;"HIDROLANDIA";"Manobra de mudança de faixa";"Colisão traseira";"Com Vítimas Feridas";"Plena Noite";"Crescente";"Chuva";"Dupla";"Reta;Aclive";"Não";3;0;0;2;1;0;2;2;-16,8581;-49,2488;"SPRF-GO";"DEL01-GO";"UOP03-DEL01-GO"
655127;2025-01-14;"terça-feira";"19:50:00";"PR";277;497,7;"GUARANIACU";"Condutor deixou de manter distância do veículo da frente";"Colisão traseira";"Com Vítimas Feridas";"Plena Noite";"Crescente";"Chuva";"Simples";"Aclive;Reta";"Não";2;0;1;0;1;0;1;2;-25,1792322;-52,66906541;"SPRF-PR";"DEL04-PR";"UOP04-DEL04-PR"
655128;2025-01-14;"terça-feira";"19:40:00";"SC";163;109,2;"GUARUJA DO SUL";"Avarias e/ou desgaste excessivo no pneu";"Saída de leito carroçável";"Com Vítimas Feridas";"Plena Noite";"Decrescente";"Chuva";"Simples";"Aclive;Curva";"Não";1;0;0;1;0;0;1;1;-26,40992;-53,522137;"SPRF-SC";"DEL07-SC";"UOP03-DEL07-SC"
655129;2025-01-14;"terça-feira";"21:00:00";"PE";407;123;"PETROLINA";"Transitar na contramão";"Colisão frontal";"Com Vítimas Feridas";"Plena Noite";"Crescente";"Nublado";"Simples";"Reta;Em Obras";"Sim";2;0;1;0;0;1;1;2;-9,36149178;-40,54594462;"SPRF-PE";"DEL06-PE";"UOP01-DEL06-PE"
655130;2025-01-14;"terça-feira";"18:50:00";"SC";282;1;"FLORIANOPOLIS";"Reação tardia ou ineficiente do condutor";"Colisão lateral mesmo sentido";"Com Vítimas Feridas";"Anoitecer";"Crescente";"Nublado";"Múltipla";"Reta";"Sim";2;0;1;0;1;0;1;2;-27,602955;-48,580509;"SPRF-SC";"DEL01-SC";"UOP01-DEL01-SC"
655131;2025-01-14;"terça-feira";"19:00:00";"RS";153;407;"CACHOEIRA DO SUL";"Acessar a via sem observar a presença dos outros veículos";"Colisão transversal";"Com Vítimas Feridas";"Anoitecer";"Decrescente";"Céu Claro";"Dupla";"Reta;Interseção de Vias";"Sim";2;0;1;1;0;0;2;2;-30,02195224;-52,9175806;"SPRF-RS";"DEL02-RS";"UOP03-DEL02-RS"
655132;2025-01-14;"terça-feira";"18:20:00";"PB";230;433,9;"POMBAL";"Ausência de reação do condutor";"Saída de leito carroçável";"Sem Vítimas";"Plena Noite";"Decrescente";"Chuva";"Simples";"Reta";"Não";1;0;0;0;0;1;0;1;-6,7474;-37,9762;"SPRF-PB";"DEL03-PB";"UOP02-DEL03-PB"
655137;2025-01-14;"terça-feira";"22:15:00";"SC";101;48;"JOINVILLE";"Ingestão de álcool pelo condutor";"Saída de leito carroçável";"Sem Vítimas";"Plena Noite";"Decrescente";"Céu Claro";"Dupla";"Reta";"Não";1;0;0;0;1;0;0;1;-26,37626097;-48,853755;"SPRF-SC";"DEL03-SC";"UOP01-DEL03-SC"
655138;2025-01-14;"terça-feira";"22:30:00";"PB";230;138,3;"CAMPINA GRANDE";"Animais na Pista";"Atropelamento de Animal";"Com Vítimas Feridas";"Plena Noite";"Decrescente";"Céu Claro";"Dupla";"Reta";"Não";2;0;2;0;0;0;2;1;-7,2755;-35,7831;"SPRF-PB";"DEL02-PB";"UOP01-DEL02-PB"
655139;2025-01-14;"terça-feira";"21:41:00";"CE";230;81;"VARZEA ALEGRE";"Pedestre andava na pista";"Atropelamento de Pedestre";"Com Vítimas Fatais";"Plena Noite";"Crescente";"Chuva";"Simples";"Reta";"Sim";2;1;0;0;1;0;0;2;-6,7922524;-39,3079452;"SPRF-CE";"DEL05-CE";"UOP01-DEL05-CE"
655140;2025-01-14;"terça-feira";"20:00:00";"MT";163;805;"SINOP";"Reação tardia ou ineficiente do condutor";"Colisão traseira";"Com Vítimas Feridas";"Plena Noite";"Crescente";"Céu Claro";"Simples";"Reta";"Não";2;0;0;1;1;0;1;2;-12,12869;-55,515465;"SPRF-MT";"DEL06-MT";"UOP02-DEL06-MT"
655144;2025-01-14;"terça-feira";"20:00:00";"MT";174;405;"NOVA LACERDA";"Animais na Pista";"Atropelamento de Animal";"Com Vítimas Feridas";"Plena Noite";"Decrescente";"Nublado";"Simples";"Reta";"Não";2;0;0;2;0;0;2;1;-14,35546098;-59,65409089;"SPRF-MT";"DEL04-MT";"UOP02-DEL04-MT"
655145;2025-01-14;"terça-feira";"22:40:00";"RO";364;516;"ARIQUEMES";"Reação tardia ou ineficiente do condutor";"Saída de leito carroçável";"Com Vítimas Feridas";"Plena Noite";"Decrescente";"Chuva";"Dupla";"Reta";"Sim";1;0;0;1;0;0;1;1;-9,915961;-63,05532;"SPRF-RO";"DEL03-RO";"UOP01-DEL03-RO"
655148;2025-01-15;"quarta-feira";"02:00:00";"MG";365;68,5;"JEQUITAI";"Condutor Dormindo";"Colisão frontal";"Com Vítimas Feridas";"Plena Noite";"Crescente";"Chuva";"Simples";"Curva";"Não";6;0;2;4;0;0;6;2;-17,06346094;-44,3372752;"SPRF-MG";"DEL12-MG";"UOP01-DEL12-MG"
655149;2025-01-15;"quarta-feira";"02:00:00";"PR";369;138;"IBIPORA";"Acessar a via sem observar a presença dos outros veículos";"Colisão transversal";"Com Vítimas Feridas";"Plena Noite";"Crescente";"Céu Claro";"Simples";"Reta";"Sim";2;0;0;1;1;0;1;2;-23,27097656;-51,04818821;"SPRF-PR";"DEL07-PR";"UOP01-DEL07-PR"
655150;2025-01-15;"quarta-feira";"01:30:00";"RJ";40;97;"PETROPOLIS";"Reação tardia ou ineficiente do condutor";"Queda de ocupante de veículo";"Com Vítimas Feridas";"Plena Noite";"Decrescente";"Chuva";"Dupla";"Reta";"Não";1;0;1;0;0;0;1;1;-22,57356181;-43,27802893;"SPRF-RJ";"DEL01-RJ";"UOP01-DEL01-RJ"
655151;2025-01-15;"quarta-feira";"02:10:00";"SP";116;113,3;"TAUBATE";"Problema com o freio";"Colisão com objeto";"Com Vítimas Feridas";"Plena Noite";"Decrescente";"Céu Claro";"Dupla";"Reta";"Sim";1;0;1;0;0;0;1;1;-23,0440828;-45,58041405;"SPRF-SP";"DEL02-SP";"UOP02-DEL02-SP"
655152;2025-01-15;"quarta-feira";"00:27:00";"RN";110;35,4;"MOSSORO";"Animais na Pista";"Atropelamento de Animal";"Com Vítimas Feridas";"Plena Noite";"Decrescente";"Nublado";"Simples";"Reta";"Não";1;0;1;0;0;0;1;1;-5,16806008;-37,22635297;"SPRF-RN";"DEL04-RN";"UOP01-DEL04-RN"
655153;2025-01-15;"quarta-feira";"03:30:00";"ES";101;205,1;"JOAO NEIVA";"Chuva";"Atropelamento de Pedestre";"Com Vítimas Feridas";"Plena Noite";"Decrescente";"Chuva";"Simples";"Reta";"Sim";2;0;1;0;0;1;1;2;-19,75823196;-40,3795009;"SPRF-ES";"DEL02-ES";"UOP01-DEL02-ES"
655154;2025-01-15;"quarta-feira";"02:50:00";"MT";364;213;"RONDONOPOLIS";"Animais na Pista";"Atropelamento de Animal";"Com Vítimas Feridas";"Plena Noite";"Decrescente";"Céu Claro";"Dupla";"Declive;Reta";"Não";5;0;1;0;4;0;1;1;-16,35547945;-54,69264222;"SPRF-MT";"DEL02-MT";"UOP01-DEL02-MT"
655155;2025-01-15;"quarta-feira";"03:30:00";"GO";60;186;"ABADIA DE GOIAS";"Reação tardia ou ineficiente do condutor";"Tombamento";"Com Vítimas Feridas";"Plena Noite";"Crescente";"Céu Claro";"Múltipla";"Declive;Curva";"Não";1;0;0;1;0;0;1;1;-16,7848;-49,4946;"SPRF-GO";"DEL01-GO";"UOP02-DEL01-GO"
655156;2025-01-15;"quarta-feira";"04:20:00";"BA";116;865,3;"VITORIA DA CONQUISTA";"Avarias e/ou desgaste excessivo no pneu";"Colisão frontal";"Com Vítimas Fatais";"Amanhecer";"Decrescente";"Chuva";"Simples";"Reta";"Não";2;1;0;0;1;0;0;2;-15,17221663;-41,06414795;"SPRF-BA";"DEL08-BA";"UOP01-DEL08-BA"
655158;2025-01-15;"quarta-feira";"04:30:00";"MG";381;483;"BETIM";"Objeto estático sobre o leito carroçável";"Colisão com objeto";"Com Vítimas Feridas";"Amanhecer";"Crescente";"Chuva";"Múltipla";"Curva;Declive";"Sim";2;0;2;0;0;0;2;2;-19,9580141;-44,0801669;"SPRF-MG";"DEL01-MG";"UOP03-DEL01-MG"
655159;2025-01-15;"quarta-feira";"05:20:00";"PE";101;70;"RECIFE";"Reação tardia ou ineficiente do condutor";"Colisão lateral mesmo sentido";"Com Vítimas Feridas";"Pleno dia";"Crescente";"Céu Claro";"Dupla";"Curva;Interseção de Vias";"Não";2;0;1;0;1;0;1;2;-8,06776119;-34,94265074;"SPRF-PE";"DEL01-PE";"UOP01-DEL01-PE"
655168;2025-01-15;"quarta-feira";"07:00:00";"SP";116;223;"GUARULHOS";"Velocidade Incompatível";"Queda de ocupante de veículo";"Com Vítimas Feridas";"Pleno dia";"Crescente";"Céu Claro";"Múltipla";"Reta";"Sim";1;0;1;0;0;0;1;1;-23,47559815;-46,5246609;"SPRF-SP";"DEL01-SP";"UOP01-DEL01-SP"
655172;2025-01-15;"quarta-feira";"07:30:00";"SP";153;74,6;"BADY BASSITT";"Ausência de reação do condutor";"Colisão lateral mesmo sentido";"Com Vítimas Feridas";"Pleno dia";"Decrescente";"Céu Claro";"Dupla";"Declive;Reta";"Não";2;0;1;0;1;0;1;2;-20,88538598;-49,42676402;"SPRF-SP";"DEL09-SP";"UOP01-DEL09-SP"
655173;2025-01-15;"quarta-feira";"07:00:00";"RN";304;96;"NATAL";"Reação tardia ou ineficiente do condutor";"Colisão traseira";"Com Vítimas Feridas";"Pleno dia";"Decrescente";"Chuva";"Dupla";"Declive;Reta";"Sim";2;0;2;0;0;0;2;2;-5,862268;-35,214972;"SPRF-RN";"DEL04-RN";"UOP01-DEL04-RN"
655174;2025-01-14;"terça-feira";"18:40:00";"MT";163;826;"SINOP";"Acessar a via sem observar a presença dos outros veículos";"Colisão traseira";"Com Vítimas Feridas";"Plena Noite";"Crescente";"Céu Claro";"Dupla";"Retorno Regulamentado";"Sim";2;0;0;1;1;0;1;2;-11,93005421;-55,51304162;"SPRF-MT";"DEL06-MT";"UOP02-DEL06-MT"
655175;2025-01-14;"terça-feira";"21:16:00";"RJ";116;146;"DUQUE DE CAXIAS";"Transitar na contramão";"Colisão frontal";"Sem Vítimas";"Plena Noite";"Decrescente";"Céu Claro";"Simples";"Interseção de Vias";"Sim";2;0;0;0;1;1;0;2;-22,66687859;-43,26368215;"SPRF-RJ";"DEL01-RJ";"UOP02-DEL01-RJ"
655176;2025-01-15;"quarta-feira";"06:30:00";"GO";50;133;"IPAMERI";"Demais falhas mecânicas ou elétricas";"Incêndio";"Sem Vítimas";"Pleno dia";"Crescente";"Céu Claro";"Dupla";"Reta";"Não";1;0;0;0;1;0;0;1;-17,0332;-47,7635;"SPRF-GO";"DEL06-GO";"UOP01-DEL06-GO"
655177;2025-01-15;"quarta-feira";"07:40:00";"BA";324;619;"SALVADOR";"Ausência de reação do condutor";"Queda de ocupante de veículo";"Com Vítimas Feridas";"Pleno dia";"Crescente";"Sol";"Múltipla";"Reta";"Sim";2;0;2;0;0;0;2;1;-12,89820999;-38,45012202;"SPRF-BA";"DEL01-BA";"UOP01-DEL01-BA"
655179;2025-01-15;"quarta-feira";"08:15:00";"CE";116;4;"FORTALEZA";"Condutor deixou de manter distância do veículo da frente";"Colisão traseira";"Com Vítimas Feridas";"Pleno dia";"Decrescente";"Céu Claro";"Dupla";"Reta";"Não";5;0;2;0;2;1;2;4;-3,7867209;-38,5114568;"SPRF-CE";"DEL01-CE";"UOP02-DEL01-CE"
655182;2025-01-15;"quarta-feira";"03:38:00";"RJ";116;184;"NOVA IGUACU";"Ausência de reação do condutor";"Tombamento";"Com Vítimas Feridas";"Plena Noite";"Crescente";"Céu Claro";"Dupla";"Reta";"Sim";1;0;0;1;0;0;1;1;-22,74647215;-43,44594311;"SPRF-RJ";"DEL06-RJ";"UOP01-DEL06-RJ"
655183;2025-01-15;"quarta-feira";"08:45:00";"RN";406;160;"CEARA-MIRIM";"Ingestão de álcool pelo condutor";"Colisão transversal";"Com Vítimas Feridas";"Pleno dia";"Crescente";"Céu Claro";"Simples";"Reta";"Sim";2;0;0;1;0;1;1;2;-5,71375666;-35,37210457;"SPRF-RN";"DEL02-RN";"UOP01-DEL02-RN"
655184;2025-01-15;"quarta-feira";"06:30:00";"SC";116;308,5;"CAPAO ALTO";"Reação tardia ou ineficiente do condutor";"Saída de leito carroçável";"Com Vítimas Feridas";"Pleno dia";"Decrescente";"Céu Claro";"Simples";"Curva";"Não";2;0;2;0;0;0;2;1;-28,19800102;-50,75691462;"SPRF-SC";"DEL05-SC";"UOP02-DEL05-SC"
655191;2025-01-14;"terça-feira";"20:55:00";"RJ";116;141;"DUQUE DE CAXIAS";"Transitar na contramão";"Colisão frontal";"Com Vítimas Feridas";"Plena Noite";"Crescente";"Céu Claro";"Simples";"Reta";"Sim";2;0;1;0;1;0;1;2;-22,64724486;-43,22083001;"SPRF-RJ";"DEL01-RJ";"UOP02-DEL01-RJ"
655192;2025-01-15;"quarta-feira";"09:00:00";"PB";230;472,4;"SOUSA";"Demais falhas mecânicas ou elétricas";"Incêndio";"Sem Vítimas";"Pleno dia";"Crescente";"Céu Claro";"Simples";"Reta";"Não";1;0;0;0;0;1;0;1;-6,7994;-38,2987;"SPRF-PB";"DEL03-PB";"UOP03-DEL03-PB"
655196;2025-01-15;"quarta-feira";"08:40:00";"BA";235;350;"JUAZEIRO";"Acessar a via sem observar a presença dos outros veículos";"Colisão transversal";"Com Vítimas Feridas";"Pleno dia";"Crescente";"Chuva";"Simples";"Reta;Em Obras";"Sim";3;0;2;0;1;0;2;2;-9,4406722;-40,4938084;"SPRF-PE";"DEL06-PE";"UOP01-DEL06-PE"
655198;2025-01-15;"quarta-feira";"09:00:00";"RJ";493;21;"MAGE";"Condutor deixou de manter distância do veículo da frente";"Colisão traseira";"Com Vítimas Feridas";"Pleno dia";"Decrescente";"Nublado";"Simples";"Reta";"Não";4;0;2;0;2;0;2;2;-22,66151289;-43,04480692;"SPRF-RJ";"DEL04-RJ";"UOP02-DEL04-RJ"
655199;2025-01-15;"quarta-feira";"07:56:00";"RO";174;14;"VILHENA";"Acessar a via sem observar a presença dos outros veículos";"Colisão transversal";"Com Vítimas Feridas";"Pleno dia";"Decrescente";"Nublado";"Dupla";"Reta";"Sim";2;0;1;0;1;0;1;2;-12,73306632;-60,12981255;"SPRF-RO";"DEL04-RO";"UOP01-DEL04-RO"
655200;2025-01-15;"quarta-feira";"08:40:00";"ES";101;393,3;"RIO NOVO DO SUL";"Desrespeitar a preferência no cruzamento";"Colisão transversal";"Com Vítimas Feridas";"Pleno dia";"Crescente";"Céu Claro";"Simples";"Interseção de Vias";"Não";3;0;1;0;2;0;1;2;-20,865694;-40,91366;"SPRF-ES";"DEL03-ES";"UOP02-DEL03-ES"
655202;2025-01-15;"quarta-feira";"09:30:00";"BA";135;176;"BARREIRAS";"Conversão proibida";"Colisão frontal";"Com Vítimas Feridas";"Pleno dia";"Crescente";"Céu Claro";"Simples";"Curva;Declive";"Sim";3;0;1;0;1;1;1;3;-12,13035157;-45,01444101;"SPRF-BA";"DEL10-BA";"UOP01-DEL10-BA"
655203;2025-01-15;"quarta-feira";"09:10:00";"PI";343;265,5;"CAMPO MAIOR";"Acessar a via sem observar a presença dos outros veículos";"Colisão transversal";"Com Vítimas Feridas";"Pleno dia";"Crescente";"Nublado";"Simples";"Reta;Interseção de Vias";"Sim";2;0;0;1;1;0;1;2;-4,834697;-42,167046;"SPRF-PI";"DEL01-PI";"UOP03-DEL01-PI"
655204;2025-01-15;"quarta-feira";"07:50:00";"MA";316;261,7;"SANTA INES";"Desrespeitar a preferência no cruzamento";"Colisão transversal";"Com Vítimas Feridas";"Pleno dia";"Crescente";"Céu Claro";"Simples";"Retorno Regulamentado;Reta";"Sim";2;0;0;1;1;0;1;2;-3,675226;-45,371643;"SPRF-MA";"DEL02-MA";"UOP01-DEL02-MA"
655205;2025-01-15;"quarta-feira";"09:45:00";"PR";277;146,8;"BALSA NOVA";"Manobra de mudança de faixa";"Atropelamento de Pedestre";"Com Vítimas Feridas";"Pleno dia";"Crescente";"Céu Claro";"Dupla";"Viaduto;Reta";"Não";2;0;0;1;1;0;1;2;-25,468795;-49,725787;"SPRF-PR";"DEL03-PR";"UOP03-DEL03-PR"
655207;2025-01-15;"quarta-feira";"10:15:00";"SE";235;52;"ITABAIANA";"Reação tardia ou ineficiente do condutor";"Colisão traseira";"Sem Vítimas";"Pleno dia";"Crescente";"Nublado";"Simples";"Reta";"Sim";3;0;0;0;3;0;0;2;-10,693279;-37,437557;"SPRF-SE";"DEL01-SE";"UOP02-DEL01-SE"
655208;2025-01-05;"domingo";"07:01:00";"RN";101;102,5;"PARNAMIRIM";"Reação tardia ou ineficiente do condutor";"Saída de leito carroçável";"Com Vítimas Fatais";"Pleno dia";"Crescente";"Sol";"Múltipla";"Reta";"Sim";2;1;0;1;0;0;1;1;-5,88914317;-35,2437973;"SPRF-RN";"DEL01-RN";"UOP01-DEL01-RN"
655211;2025-01-14;"terça-feira";"21:00:00";"BA";101;596;"CAMACAN";"Demais Fenômenos da natureza";"Colisão com objeto";"Sem Vítimas";"Plena Noite";"Crescente";"Chuva";"Simples";"Curva";"Não";2;0;0;0;2;0;0;1;-15,47030392;-39,43869375;"SPRF-BA";"DEL05-BA";"UOP02-DEL05-BA"
655213;2025-01-15;"quarta-feira";"10:30:00";"BA";415;48;"ITABUNA";"Condutor deixou de manter distância do veículo da frente";"Engavetamento";"Sem Vítimas";"Pleno dia";"Crescente";"Céu Claro";"Simples";"Reta";"Sim";3;0;0;0;3;0;0;3;-14,819694;-39,305718;"SPRF-BA";"DEL05-BA";"UOP01-DEL05-BA"
655215;2025-01-15;"quarta-feira";"10:00:00";"RJ";40;96;"DUQUE DE CAXIAS";"Reação tardia ou ineficiente do condutor";"Saída de leito carroçável";"Com Vítimas Feridas";"Pleno dia";"Crescente";"Nublado";"Simples";"Curva;Declive";"Não";1;0;1;0;0;0;1;1;-22,56876595;-43,27693723;"SPRF-RJ";"DEL01-RJ";"UOP01-DEL01-RJ"
655216;2025-01-15;"quarta-feira";"10:12:00";"MG";116;309;"ITAMBACURI";"Ausência de reação do condutor";"Tombamento";"Com Vítimas Feridas";"Pleno dia";"Crescente";"Chuva";"Simples";"Reta";"Não";1;0;0;1;0;0;1;1;-18,06189721;-41,6714756;"SPRF-MG";"DEL11-MG";"UOP01-DEL11-MG"
655218;2025-01-15;"quarta-feira";"11:20:00";"PA";230;121;"MARABA";"Ausência de reação do condutor";"Colisão traseira";"Com Vítimas Feridas";"Pleno dia";"Crescente";"Céu Claro";"Dupla";"Retorno Regulamentado";"Sim";3;0;1;0;2;0;1;2;-5,35297407;-49,12143673;"SPRF-PA";"DEL03-PA";"UOP01-DEL03-PA"
655220;2025-01-15;"quarta-feira";"07:00:00";"PA";316;40;"SANTA IZABEL DO PARA";"Ausência de reação do condutor";"Saída de leito carroçável";"Sem Vítimas";"Pleno dia";"Crescente";"Nublado";"Dupla";"Reta";"Não";1;0;0;0;0;1;0;1;-1,2795637;-48,12243407;"SPRF-PA";"DEL01-PA";"UOP01-DEL01-PA"
655221;2025-01-15;"quarta-feira";"12:00:00";"SC";470;45;"GASPAR";"Ausência de reação do condutor";"Colisão traseira";"Com Vítimas Feridas";"Pleno dia";"Crescente";"Nublado";"Simples";"Reta";"Não";2;0;1;0;1;0;1;2;-26,867064;-49,031109;"SPRF-SC";"DEL04-SC";"UOP01-DEL04-SC"
655223;2025-01-15;"quarta-feira";"11:55:00";"PE";101;60;"RECIFE";"Ausência de reação do condutor";"Capotamento";"Com Vítimas Feridas";"Pleno dia";"Crescente";"Céu Claro";"Múltipla";"Reta";"Não";2;0;2;0;0;0;2;1;-7,98344307;-34,93176727;"SPRF-PE";"DEL01-PE";"UOP02-DEL01-PE"
655225;2025-01-15;"quarta-feira";"12:40:00";"RN";304;48;"MOSSORO";"Acessar a via sem observar a presença dos outros veículos";"Colisão transversal";"Com Vítimas Feridas";"Pleno dia";"Crescente";"Nublado";"Dupla";"Reta";"Sim";3;0;3;0;0;0;3;2;-5,22868577;-37,32203081;"SPRF-RN";"DEL04-RN";"UOP01-DEL04-RN"
655227;2025-01-15;"quarta-feira";"12:30:00";"BA";116;15;"VITORIA DA CONQUISTA";"Ingestão de álcool pelo condutor";"Colisão frontal";"Com Vítimas Feridas";"Pleno dia";"Crescente";"Nevoeiro/Neblina";"Simples";"Interseção de Vias;Rotatória";"Não";2;0;1;0;1;0;1;2;-14,8998646;-40,8548069;"SPRF-BA";"DEL08-BA";"UOP01-DEL08-BA"
655228;2025-01-15;"quarta-feira";"07:50:00";"PI";343;520;"AMARANTE";"Reação tardia ou ineficiente do condutor";"Colisão traseira";"Com Vítimas Feridas";"Pleno dia";"Crescente";"Chuva";"Simples";"Reta";"Não";5;0;3;0;2;0;3;2;-6,360165;-42,794937;"SPRF-PI";"DEL03-PI";"UOP01-DEL03-PI"
655229;2025-01-15;"quarta-feira";"12:49:00";"RN";101;112;"SAO JOSE DE MIPIBU";"Acessar a via sem observar a presença dos outros veículos";"Colisão traseira";"Com Vítimas Feridas";"Pleno dia";"Crescente";"Céu Claro";"Múltipla";"Reta";"Não";2;0;1;0;1;0;1;2;-5,96429;-35,264877;"SPRF-RN";"DEL01-RN";"UOP01-DEL01-RN"
655232;2025-01-14;"terça-feira";"09:55:00";"PR";277;13,8;"PARANAGUA";"Ausência de reação do condutor";"Engavetamento";"Com Vítimas Feridas";"Pleno dia";"Crescente";"Sol";"Dupla";"Reta";"Não";5;0;1;0;4;0;1;3;-25,558377;-48,6519;"SPRF-PR";"DEL01-PR";"UOP05-DEL01-PR"
655238;2025-01-15;"quarta-feira";"14:10:00";"SE";235;52;"ITABAIANA";"Reação tardia ou ineficiente do condutor";"Colisão traseira";"Com Vítimas Feridas";"Pleno dia";"Decrescente";"Nublado";"Simples";"Reta";"Sim";2;0;0;1;1;0;1;2;-10,693279;-37,437557;"SPRF-SE";"DEL01-SE";"UOP02-DEL01-SE"
655239;2025-01-15;"quarta-feira";"11:20:00";"GO";50;157;"CAMPO ALEGRE DE GOIAS";"Reação tardia ou ineficiente do condutor";"Saída de leito carroçável";"Com Vítimas Feridas";"Pleno dia";"Crescente";"Garoa/Chuvisco";"Dupla";"Reta";"Não";4;0;2;0;2;0;2;1;-17,2285;-47,759;"SPRF-GO";"DEL06-GO";"UOP01-DEL06-GO"
655242;2025-01-15;"quarta-feira";"13:25:00";"PR";376;663,9;"GUARATUBA";"Acessar a via sem observar a presença dos outros veículos";"Colisão lateral mesmo sentido";"Sem Vítimas";"Pleno dia";"Crescente";"Nublado";"Dupla";"Interseção de Vias;Declive;Curva";"Não";2;0;0;0;2;0;0;2;-25,85276631;-48,97556799;"SPRF-PR";"DEL01-PR";"UOP04-DEL01-PR"
655243;2025-01-15;"quarta-feira";"12:29:00";"MT";163;680;"LUCAS DO RIO VERDE";"Ausência de reação do condutor";"Colisão traseira";"Sem Vítimas";"Pleno dia";"Decrescente";"Céu Claro";"Simples";"Reta";"Não";2;0;0;0;2;0;0;2;-13,24099795;-56,01173212;"SPRF-MT";"DEL06-MT";"UOP01-DEL06-MT"
655244;2025-01-15;"quarta-feira";"14:30:00";"SP";116;167,7;"JACAREI";"Mal súbito do condutor";"Queda de ocupante de veículo";"Com Vítimas Feridas";"Pleno dia";"Crescente";"Céu Claro";"Dupla";"Reta";"Não";2;0;0;1;0;1;1;2;-23,30254924;-46,02640493;"SPRF-SP";"DEL02-SP";"UOP01-DEL02-SP"
655245;2025-01-15;"quarta-feira";"15:20:00";"SP";381;49;"ATIBAIA";"Ausência de reação do condutor";"Colisão lateral mesmo sentido";"Com Vítimas Feridas";"Pleno dia";"Decrescente";"Céu Claro";"Múltipla";"Reta";"Não";3;0;1;0;2;0;1;2;-23,20535293;-46,59066516;"SPRF-SP";"DEL03-SP";"UOP01-DEL03-SP"
655247;2025-01-15;"quarta-feira";"13:45:00";"PR";369;138;"IBIPORA";"Acessar a via sem observar a presença dos outros veículos";"Colisão transversal";"Com Vítimas Feridas";"Pleno dia";"Decrescente";"Céu Claro";"Simples";"Curva";"Sim";3;0;1;1;1;0;2;2;-23,27347307;-51,05330163;"SPRF-PR";"DEL07-PR";"UOP01-DEL07-PR"