"id";"data_inversa";"dia_semana";"horario";"uf";"br";"km";"municipio";"causa_acidente";"tipo_acidente";"classificacao_acidente";"fase_dia";"sentido_via";"condicao_metereologica";"tipo_pista";"tracado_via";"uso_solo";"pessoas";"mortos";"feridos_leves";"feridos_graves";"ilesos";"ignorados";"feridos";"veiculos";"latitude";"longitude";"regional";"delegacia";"uop"
655375;2025-01-15;"quarta-feira";"06:50:00";"RJ";40;43;"AREAL";"Velocidade Incompatível";"Atropelamento de Pedestre";"Com Vítimas Feridas";"Amanhecer";"Decrescente";"Chuva";"Dupla";"Curva";"Não";3;0;0;1;2;0;1;2;-22,265139;-43,108506;"SPRF-RJ";"DEL05-RJ";"UOP02-DEL05-RJ"
655376;2025-01-16;"quinta-feira";"07:37:00";"PA";230;112;"MARABA";"Condutor deixou de manter distância do veículo da frente";"Engavetamento";"Com Vítimas Feridas";"Pleno dia";"Decrescente";"Nublado";"Simples";"Reta";"Sim";3;0;1;0;2;0;1;3;-5,36913479;-49,04877095;"SPRF-PA";"DEL03-PA";"UOP01-DEL03-PA"
655377;2025-01-16;"quinta-feira";"06:30:00";"SP";116;115;"TAUBATE";"Avarias e/ou desgaste excessivo no pneu";"Queda de ocupante de veículo";"Com Vítimas Feridas";"Pleno dia";"Crescente";"Céu Claro";"Dupla";"Reta";"Sim";2;0;2;0;0;0;2;1;-23,0496047;-45,59973712;"SPRF-SP";"DEL02-SP";"UOP02-DEL02-SP"
655378;2025-01-16;"quinta-feira";"07:08:00";"MG";40;523;"CONTAGEM";"Ausência de reação do condutor";"Colisão traseira";"Com Vítimas Feridas";"Pleno dia";"Crescente";"Céu Claro";"Dupla";"Reta";"Não";2;0;1;0;1;0;1;2;-19,86874894;-44,05962197;"SPRF-MG";"DEL01-MG";"UOP02-DEL01-MG"
655380;2025-01-16;"quinta-feira";"07:20:00";"MG";381;480;"CONTAGEM";"Ausência de reação do condutor";"Colisão traseira";"Com Vítimas Feridas";"Pleno dia";"Decrescente";"Céu Claro";"Dupla";"Reta";"Sim";3;0;0;1;2;0;1;2;-19,95749597;-44,07899901;"SPRF-MG";"DEL01-MG";"UOP03-DEL01-MG"
655381;2025-01-16;"quinta-feira";"07:30:00";"MG";381;6,5;"BETIM";"Demais falhas mecânicas ou elétricas";"Incêndio";"Sem Vítimas";"Pleno dia";"Crescente";"Céu Claro";"Dupla";"Curva";"Não";1;0;0;0;1;0;0;1;-19,96825;-44,198708;"SPRF-MG";"DEL01-MG";"UOP03-DEL01-MG"
655382;2025-01-16;"quinta-feira";"07:30:00";"RN";101;106;"PARNAMIRIM";"Avarias e/ou desgaste excessivo no pneu";"Queda de ocupante de veículo";"Com Vítimas Feridas";"Pleno dia";"Decrescente";"Céu Claro";"Dupla";"Reta";"Sim";2;0;1;1;0;0;2;1;-5,91056401;-35,26130795;"SPRF-RN";"DEL01-RN";"UOP01-DEL01-RN"
655383;2025-01-03;"sexta-feira";"16:25:00";"MG";146;482;"POCOS DE CALDAS";"Reação tardia ou ineficiente do condutor";"Colisão com objeto";"Com Vítimas Feridas";"Pleno dia";"Crescente";"Nublado";"Simples";"Reta;Aclive";"Não";1;0;1;0;0;0;1;1;-21,76994203;-46,42178535;"SPRF-MG";"DEL09-MG";"UOP01-DEL09-MG"
655384;2025-01-16;"quinta-feira";"07:50:00";"MG";50;182;"UBERABA";"Velocidade Incompatível";"Colisão traseira";"Com Vítimas Feridas";"Pleno dia";"Decrescente";"Nublado";"Dupla";"Reta";"Não";3;0;3;0;0;0;3;2;-19,793806;-47,911165;"SPRF-MG";"DEL13-MG";"UOP01-DEL13-MG"
655385;2025-01-16;"quinta-feira";"07:50:00";"RJ";101;261;"RIO BONITO";"Ausência de reação do condutor";"Colisão traseira";"Com Vítimas Feridas";"Pleno dia";"Crescente";"Céu Claro";"Dupla";"Interseção de Vias;Curva";"Sim";3;0;1;0;2;0;1;2;-22,71139378;-42,61157199;"SPRF-RJ";"DEL02-RJ";"UOP03-DEL02-RJ"
655386;2025-01-16;"quinta-feira";"07:52:00";"PE";232;101;"BEZERROS";"Reação tardia ou ineficiente do condutor";"Colisão transversal";"Com Vítimas Feridas";"Pleno dia";"Crescente";"Céu Claro";"Simples";"Declive;Reta";"Sim";2;0;0;1;1;0;1;2;-8,24194679;-35,75097313;"SPRF-PE";"DEL02-PE";"UOP02-DEL02PE"
655387;2025-01-16;"quinta-feira";"08:20:00";"PR";376;605;"CURITIBA";"Manobra de mudança de faixa";"Colisão traseira";"Com Vítimas Feridas";"Amanhecer";"Decrescente";"Nublado";"Dupla";"Curva";"Não";3;0;1;0;2;0;1;2;-25,55177228;-49,27905516;"SPRF-PR";"DEL01-PR";"UOP06-DEL01-PR"
655392;2025-01-16;"quinta-feira";"09:00:00";"SC";282;83;"ALFREDO WAGNER";"Mal súbito do condutor";"Saída de leito carroçável";"Com Vítimas Feridas";"Pleno dia";"Crescente";"Garoa/Chuvisco";"Simples";"Curva";"Não";2;0;2;0;0;0;2;1;-27,666153;-49,175022;"SPRF-SC";"DEL01-SC";"UOP03-DEL01-SC"
655396;2025-01-16;"quinta-feira";"07:40:00";"ES";262;71,8;"DOMINGOS MARTINS";"Conversão proibida";"Colisão frontal";"Com Vítimas Feridas";"Pleno dia";"Crescente";"Céu Claro";"Simples";"Retorno Regulamentado;Reta";"Não";3;0;1;0;1;1;1;3;-20,4202155;-40,87402784;"SPRF-ES";"DEL01-ES";"UOP02-DEL01-ES"
655398;2025-01-16;"quinta-feira";"09:00:00";"SC";101;192,3;"BIGUACU";"Avarias e/ou desgaste excessivo no pneu";"Colisão com objeto";"Com Vítimas Feridas";"Pleno dia";"Crescente";"Chuva";"Múltipla";"Curva";"Sim";1;0;1;0;0;0;1;1;-27,48443781;-48,64765238;"SPRF-SC";"DEL01-SC";"UOP01-DEL01-SC"
655399;2025-01-16;"quinta-feira";"07:45:00";"RJ";101;415;"MANGARATIBA";"Demais falhas mecânicas ou elétricas";"Incêndio";"Sem Vítimas";"Pleno dia";"Decrescente";"Sol";"Simples";"Reta";"Sim";1;0;0;0;1;0;0;1;-22,90433243;-43,88181398;"SPRF-RJ";"DEL03-RJ";"UOP01-DEL03-RJ"
655401;2025-01-16;"quinta-feira";"09:45:00";"BA";324;619,8;"SALVADOR";"Condutor deixou de manter distância do veículo da frente";"Colisão traseira";"Com Vítimas Feridas";"Pleno dia";"Crescente";"Sol";"Múltipla";"Reta";"Não";3;0;2;0;1;0;2;2;-12,89820999;-38,45012202;"SPRF-BA";"DEL01-BA";"UOP01-DEL01-BA"
655403;2025-01-16;"quinta-feira";"08:00:00";"PR";116;157;"MANDIRITUBA";"Reação tardia ou ineficiente do condutor";"Queda de ocupante de veículo";"Com Vítimas Feridas";"Pleno dia";"Decrescente";"Nublado";"Dupla";"Reta";"Não";2;0;1;0;1;0;1;2;-25,86771116;-49,36469855;"SPRF-PR";"DEL01-PR";"UOP03-DEL01-PR"
655407;2025-01-16;"quinta-feira";"07:30:00";"SC";282;234;"LAGES";"Reação tardia ou ineficiente do condutor";"Saída de leito carroçável";"Com Vítimas Feridas";"Pleno dia";"Crescente";"Garoa/Chuvisco";"Simples";"Curva";"Não";1;0;0;1;0;0;1;1;-27,783495;-50,463604;"SPRF-SC";"DEL05-SC";"UOP02-DEL05-SC"
655409;2025-01-16;"quinta-feira";"10:30:00";"RJ";393;168;"TRES RIOS";"Ultrapassagem Indevida";"Colisão transversal";"Com Vítimas Feridas";"Pleno dia";"Crescente";"Nublado";"Simples";"Interseção de Vias;Reta";"Sim";2;0;0;1;1;0;1;2;-22,127502;-43,147022;"SPRF-RJ";"DEL05-RJ";"UOP01-DEL05-RJ"
655410;2025-01-16;"quinta-feira";"10:00:00";"BA";116;545;"MILAGRES";"Acessar a via sem observar a presença dos outros veículos";"Colisão frontal";"Com Vítimas Feridas";"Pleno dia";"Decrescente";"Céu Claro";"Simples";"Reta";"Não";5;0;1;0;4;0;1;2;-12,82991892;-39,82926219;"SPRF-BA";"DEL03-BA";"UOP02-DEL03-BA"
655411;2025-01-16;"quinta-feira";"09:00:00";"MG";40;700,5;"BARBACENA";"Manobra de mudança de faixa";"Colisão lateral mesmo sentido";"Com Vítimas Feridas";"Pleno dia";"Decrescente";"Céu Claro";"Dupla";"Reta";"Sim";3;0;0;2;1;0;2;2;-21,206885;-43,7494816;"SPRF-MG";"DEL05-MG";"UOP02-DEL05-MG"
655413;2025-01-16;"quinta-feira";"11:00:00";"RJ";101;205,7;"CASIMIRO DE ABREU";"Reação tardia ou ineficiente do condutor";"Colisão lateral mesmo sentido";"Com Vítimas Feridas";"Pleno dia";"Crescente";"Nublado";"Simples";"Reta";"Sim";3;0;1;0;2;0;1;2;-22,475714;-42,19184;"SPRF-RJ";"DEL08-RJ";"UOP04-DEL08-RJ"
655415;2025-01-16;"quinta-feira";"10:45:00";"RJ";101;528;"ANGRA DOS REIS";"Acessar a via sem observar a presença dos outros veículos";"Colisão transversal";"Com Vítimas Feridas";"Pleno dia";"Crescente";"Céu Claro";"Simples";"Reta";"Sim";5;0;5;0;0;0;5;2;-23,02314418;-44,50045173;"SPRF-RJ";"DEL03-RJ";"UOP03-DEL03-RJ"
655416;2025-01-16;"quinta-feira";"09:20:00";"SP";116;278;"EMBU DAS ARTES";"Ausência de reação do condutor";"Colisão traseira";"Com Vítimas Feridas";"Pleno dia";"Decrescente";"Céu Claro";"Dupla";"Reta";"Sim";2;0;1;0;1;0;1;2;-23,65508497;-46,84918605;"SPRF-SP";"DEL04-SP";"UOP01-DEL04-SP"
655417;2025-01-16;"quinta-feira";"11:30:00";"BA";324;610;"SIMOES FILHO";"Demais falhas mecânicas ou elétricas";"Queda de ocupante de veículo";"Com Vítimas Feridas";"Pleno dia";"Crescente";"Céu Claro";"Dupla";"Reta";"Sim";1;0;1;0;0;0;1;1;-12,82931703;-38,41113193;"SPRF-BA";"DEL01-BA";"UOP01-DEL01-BA"
655420;2025-01-16;"quinta-feira";"10:00:00";"MG";262;561;"CORREGO DANTA";"Velocidade Incompatível";"Saída de leito carroçável";"Sem Vítimas";"Pleno dia";"Decrescente";"Chuva";"Simples";"Curva";"Não";1;0;0;0;1;0;0;1;-19,74235817;-45,94580685;"SPRF-MG";"DEL08-MG";"UOP02-DEL08-MG"
655424;2025-01-16;"quinta-feira";"08:10:00";"SC";480;130;"CHAPECO";"Conversão proibida";"Colisão lateral mesmo sentido";"Com Vítimas Feridas";"Pleno dia";"Decrescente";"Céu Claro";"Simples";"Interseção de Vias;Reta";"Sim";2;0;1;0;1;0;1;2;-27,05534298;-52,63652069;"SPRF-SC";"DEL07-SC";"UOP01-DEL07-SC"
655426;2025-01-16;"quinta-feira";"12:10:00";"RN";101;94;"NATAL";"Acessar a via sem observar a presença dos outros veículos";"Colisão transversal";"Com Vítimas Feridas";"Pleno dia";"Crescente";"Céu Claro";"Dupla";"Reta;Interseção de Vias";"Sim";3;0;1;0;2;0;1;2;-5,83176615;-35,21191342;"SPRF-RN";"DEL01-RN";"UOP01-DEL01-RN"
655427;2025-01-16;"quinta-feira";"11:50:00";"SC";480;123;"CHAPECO";"Ausência de reação do condutor";"Colisão com objeto";"Com Vítimas Feridas";"Pleno dia";"Crescente";"Céu Claro";"Simples";"Curva;Declive;Viaduto";"Sim";1;0;1;0;0;0;1;1;-26,99739704;-52,64201951;"SPRF-SC";"DEL07-SC";"UOP01-DEL07-SC"
655428;2025-01-13;"segunda-feira";"07:10:00";"SC";470;169,4;"POUSO REDONDO";"Ausência de reação do condutor";"Colisão transversal";"Com Vítimas Feridas";"Pleno dia";"Decrescente";"Nublado";"Simples";"Declive;Reta";"Sim";2;0;1;1;0;0;2;2;-27,26575001;-49,88878727;"SPRF-SC";"DEL04-SC";"UOP02-DEL04-SC"
655429;2025-01-16;"quinta-feira";"12:30:00";"PB";101;112,7;"PEDRAS DE FOGO";"Ausência de reação do condutor";"Colisão com objeto";"Sem Vítimas";"Pleno dia";"Crescente";"Céu Claro";"Dupla";"Reta;Declive";"Não";1;0;0;0;1;0;0;1;-7,43522578;-34,9727831;"SPRF-PB";"DEL01-PB";"UOP02-DEL01-PB"
655435;2025-01-16;"quinta-feira";"12:00:00";"RS";290;177;"BUTIA";"Transitar no Acostamento";"Atropelamento de Pedestre";"Com Vítimas Feridas";"Pleno dia";"Crescente";"Céu Claro";"Simples";"Reta";"Sim";2;0;1;0;0;1;1;2;-30,132814;-51,982243;"SPRF-RS";"DEL02-RS";"UOP03-DEL02-RS"
655436;2025-01-16;"quinta-feira";"13:25:00";"RS";116;243;"SAO LEOPOLDO";"Velocidade Incompatível";"Colisão traseira";"Com Vítimas Feridas";"Pleno dia";"Decrescente";"Céu Claro";"Dupla";"Reta";"Sim";2;0;1;0;1;0;1;2;-29,73196199;-51,14952004;"SPRF-RS";"DEL01-RS";"UOP02-DEL01-RS"
655437;2025-01-16;"quinta-feira";"11:24:00";"AC";364;134;"RIO BRANCO";"Frear bruscamente";"Engavetamento";"Com Vítimas Feridas";"Pleno dia";"Decrescente";"Céu Claro";"Dupla";"Rotatória";"Sim";5;0;1;0;2;2;1;3;-9,993501;-67,84868;"SPRF-AC";"DEL01-AC";"UOP01-DEL01-AC"
655438;2025-01-16;"quinta-feira";"11:35:00";"SC";470;41;"GASPAR";"Ingestão de álcool pelo condutor";"Saída de leito carroçável";"Com Vítimas Feridas";"Pleno dia";"Decrescente";"Chuva";"Dupla";"Reta";"Não";6;0;2;0;4;0;2;2;-26,88387567;-48,99546146;"SPRF-SC";"DEL04-SC";"UOP01-DEL04-SC"
655439;2025-01-16;"quinta-feira";"11:30:00";"RJ";393;217;"VASSOURAS";"Reação tardia ou ineficiente do condutor";"Capotamento";"Com Vítimas Feridas";"Pleno dia";"Decrescente";"Céu Claro";"Simples";"Interseção de Vias;Declive";"Não";4;0;3;1;0;0;4;1;-22,32596117;-43,53617907;"SPRF-RJ";"DEL05-RJ";"UOP03-DEL05-RJ"
655440;2025-01-16;"quinta-feira";"13:30:00";"RJ";393;250;"BARRA DO PIRAI";"Demais falhas mecânicas ou elétricas";"Eventos atípicos";"Sem Vítimas";"Pleno dia";"Crescente";"Céu Claro";"Simples";"Reta";"Não";2;0;0;0;2;0;0;1;-22,42457483;-43,76088293;"SPRF-RJ";"DEL05-RJ";"UOP04-DEL05-RJ"
655441;2025-01-16;"quinta-feira";"14:04:00";"RJ";116;173;"SAO JOAO DE MERITI";"Ausência de reação do condutor";"Queda de ocupante de veículo";"Com Vítimas Feridas";"Pleno dia";"Crescente";"Sol";"Múltipla";"Reta";"Sim";1;0;1;0;0;0;1;1;-22,79810324;-43,35726614;"SPRF-RJ";"DEL06-RJ";"UOP01-DEL06-RJ"
655442;2025-01-16;"quinta-feira";"10:45:00";"MG";364;7,5;"PLANURA";"Condutor deixou de manter distância do veículo da frente";"Colisão traseira";"Com Vítimas Feridas";"Pleno dia";"Crescente";"Nevoeiro/Neblina";"Simples";"Interseção de Vias;Reta";"Não";2;0;1;0;1;0;1;2;-20,11903846;-48,72251987;"SPRF-MG";"DEL13-MG";"UOP02-DEL13-MG"
655445;2025-01-16;"quinta-feira";"14:00:00";"MG";50;47;"ARAGUARI";"Velocidade Incompatível";"Colisão com objeto";"Sem Vítimas";"Pleno dia";"Decrescente";"Chuva";"Dupla";"Curva;Declive";"Não";3;0;0;0;3;0;0;1;-18,72799811;-48,20659169;"SPRF-MG";"DEL15-MG";"UOP02-DEL15-MG"
655446;2025-01-16;"quinta-feira";"13:00:00";"ES";262;181,6;"IBATIBA";"Ausência de reação do condutor";"Colisão traseira";"Com Vítimas Feridas";"Pleno dia";"Crescente";"Nublado";"Simples";"Reta";"Não";3;0;1;1;1;0;2;2;-20,29592097;-41,68407083;"SPRF-ES";"DEL01-ES";"UOP02-DEL01-ES"
655450;2025-01-16;"quinta-feira";"14:40:00";"PR";116;97;"SAO JOSE DOS PINHAIS";"Acumulo de água sobre o pavimento";"Tombamento";"Com Vítimas Feridas";"Pleno dia";"Crescente";"Chuva";"Dupla";"Reta";"Sim";2;0;1;0;0;1;1;2;-25,55364782;-49,14992988;"SPRF-PR";"DEL01-PR";"UOP07-DEL01-PR"
655452;2025-01-16;"quinta-feira";"15:00:00";"RJ";101;111;"CAMPOS DOS GOYTACAZES";"Ausência de reação do condutor";"Capotamento";"Com Vítimas Feridas";"Pleno dia";"Decrescente";"Nublado";"Dupla";"Curva";"Não";1;0;1;0;0;0;1;1;-21,96256001;-41,64818859;"SPRF-RJ";"DEL08-RJ";"UOP02-DEL08-RJ"
655453;2025-01-16;"quinta-feira";"14:45:00";"MG";381;383;"SAO GONCALO DO RIO ABAIXO";"Reação tardia ou ineficiente do condutor";"Saída de leito carroçável";"Com Vítimas Feridas";"Pleno dia";"Decrescente";"Céu Claro";"Simples";"Curva";"Não";4;0;4;0;0;0;4;1;-19,81468814;-43,39749222;"SPRF-MG";"DEL01-MG";"UOP01-DEL01-MG"
655457;2025-01-16;"quinta-feira";"15:30:00";"RJ";393;189;"PARAIBA DO SUL";"Avarias e/ou desgaste excessivo no pneu";"Queda de ocupante de veículo";"Com Vítimas Feridas";"Pleno dia";"Decrescente";"Nublado";"Simples";"Curva";"Não";2;0;1;0;1;0;1;1;-22,16214616;-43,31496175;"SPRF-RJ";"DEL05-RJ";"UOP03-DEL05-RJ"
655460;2025-01-16;"quinta-feira";"15:35:00";"ES";101;274;"SERRA";"Reação tardia ou ineficiente do condutor";"Tombamento";"Com Vítimas Feridas";"Pleno dia";"Decrescente";"Céu Claro";"Dupla";"Reta";"Não";2;0;1;0;1;0;1;1;-20,21288515;-40,29612219;"SPRF-ES";"DEL02-ES";"UOP01-DEL02-ES"
655461;2025-01-16;"quinta-feira";"15:30:00";"RJ";116;185;"NOVA IGUACU";"Trafegar com motocicleta (ou similar) entre as faixas";"Colisão lateral mesmo sentido";"Com Vítimas Feridas";"Pleno dia";"Decrescente";"Céu Claro";"Múltipla";"Reta";"Sim";3;0;1;0;2;0;1;2;-22,74151051;-43,45351823;"SPRF-RJ";"DEL06-RJ";"UOP01-DEL06-RJ"
655464;2025-01-16;"quinta-feira";"12:30:00";"RO";364;12;"VILHENA";"Condutor deixou de manter distância do veículo da frente";"Colisão traseira";"Com Vítimas Feridas";"Pleno dia";"Crescente";"Céu Claro";"Múltipla";"Retorno Regulamentado;Reta";"Sim";2;0;1;0;1;0;1;2;-12,74370233;-60,12147609;"SPRF-RO";"DEL04-RO";"UOP01-DEL04-RO"
655466;2025-01-16;"quinta-feira";"15:45:00";"MS";163;610,3;"SAO GABRIEL DO OESTE";"Ausência de reação do condutor";"Saída de leito carroçável";"Com Vítimas Feridas";"Pleno dia";"Crescente";"Céu Claro";"Simples";"Aclive;Reta";"Não";1;0;0;1;0;0;1;1;-19,428153;-54,542558;"SPRF-MS";"DEL06-MS";"UOP02-DEL06-MS"
655468;2025-01-16;"quinta-feira";"15:49:00";"PE";101;71;"RECIFE";"Condutor deixou de manter distância do veículo da frente";"Colisão traseira";"Com Vítimas Feridas";"Pleno dia";"Decrescente";"Céu Claro";"Dupla";"Reta";"Sim";2;0;1;0;1;0;1;2;-8,07663102;-34,94277871;"SPRF-PE";"DEL01-PE";"UOP01-DEL01-PE"
655470;2025-01-16;"quinta-feira";"17:00:00";"SP";153;63;"SAO JOSE DO RIO PRETO";"Ausência de reação do condutor";"Colisão traseira";"Com Vítimas Feridas";"Pleno dia";"Crescente";"Nublado";"Dupla";"Reta;Aclive";"Não";5;0;2;0;0;3;2;4;-20,82149698;-49,35764818;"SPRF-SP";"DEL09-SP";"UOP01-DEL09-SP"
655472;2025-01-16;"quinta-feira";"16:55:00";"RS";386;440;"CANOAS";"Ausência de reação do condutor";"Saída de leito carroçável";"Com Vítimas Feridas";"Pleno dia";"Crescente";"Céu Claro";"Dupla";"Curva";"Sim";1;0;1;0;0;0;1;1;-29,878265;-51,241951;"SPRF-RS";"DEL01-RS";"UOP01-DEL01-RS"
655475;2025-01-16;"quinta-feira";"16:30:00";"MG";262;366,8;"JUATUBA";"Trafegar com motocicleta (ou similar) entre as faixas";"Colisão lateral mesmo sentido";"Com Vítimas Feridas";"Pleno dia";"Crescente";"Chuva";"Dupla";"Declive;Reta";"Sim";2;0;1;0;1;0;1;2;-19,97234043;-44,30942774;"SPRF-MG";"DEL01-MG";"UOP03-DEL01-MG"
655476;2025-01-16;"quinta-feira";"15:10:00";"PR";277;313;"GUARAPUAVA";"Reação tardia ou ineficiente do condutor";"Saída de leito carroçável";"Com Vítimas Feridas";"Pleno dia";"Crescente";"Sol";"Simples";"Reta";"Não";2;0;1;0;1;0;1;1;-25,31874499;-51,19515521;"SPRF-PR";"DEL08-PR";"UOP01-DEL08-PR"
655478;2025-01-16;"quinta-feira";"17:10:00";"CE";116;1;"FORTALEZA";"Condutor deixou de manter distância do veículo da frente";"Colisão traseira";"Com Vítimas Feridas";"Pleno dia";"Decrescente";"Céu Claro";"Múltipla";"Curva;Declive";"Sim";2;0;1;0;1;0;1;2;-3,75914122;-38,51923585;"SPRF-CE";"DEL01-CE";"UOP02-DEL01-CE"
655479;2025-01-16;"quinta-feira";"16:35:00";"PB";104;130,6;"CAMPINA GRANDE";"Acesso irregular";"Colisão frontal";"Com Vítimas Feridas";"Pleno dia";"Decrescente";"Céu Claro";"Simples";"Reta";"Sim";2;0;0;2;0;0;2;2;-7,29013399;-35,89029705;"SPRF-PB";"DEL02-PB";"UOP03-DEL02-PB"
655482;2025-01-16;"quinta-feira";"17:20:00";"RJ";101;550;"PARATY";"Desrespeitar a preferência no cruzamento";"Colisão transversal";"Com Vítimas Feridas";"Pleno dia";"Decrescente";"Nublado";"Simples";"Reta";"Não";2;0;1;0;1;0;1;2;-23,04928584;-44,67252374;"SPRF-RJ";"DEL03-RJ";"UOP04-DEL03-RJ"
655483;2025-01-16;"quinta-feira";"17:30:00";"PR";158;536;"PATO BRANCO";"Retorno proibido";"Colisão transversal";"Com Vítimas Feridas";"Pleno dia";"Crescente";"Céu Claro";"Múltipla";"Reta";"Sim";3;0;1;0;1;1;1;3;-26,24248639;-52,69697646;"SPRF-PR";"DEL02-PR";"UOP01-DEL02-PR"
655485;2025-01-16;"quinta-feira";"18:00:00";"PR";376;157,1;"MANDAGUACU";"Acumulo de água sobre o pavimento";"Saída de leito carroçável";"Sem Vítimas";"Anoitecer";"Decrescente";"Chuva";"Dupla";"Curva";"Sim";1;0;0;0;0;1;0;1;-23,35251601;-52,09127007;"SPRF-PR";"DEL09-PR";"UOP02-DEL09-PR"
655487;2025-01-16;"quinta-feira";"16:23:00";"PR";376;270;"MARILANDIA DO SUL";"Condutor Dormindo";"Capotamento";"Com Vítimas Feridas";"Pleno dia";"Crescente";"Céu Claro";"Dupla";"Reta";"Não";2;0;1;0;1;0;1;1;-23,76530925;-51,27234759;"SPRF-PR";"DEL07-PR";"UOP02-DEL07-PR"
655489;2025-01-16;"quinta-feira";"17:50:00";"RJ";116;137;"MAGE";"Reação tardia ou ineficiente do condutor";"Colisão traseira";"Com Vítimas Feridas";"Anoitecer";"Decrescente";"Nublado";"Dupla";"Reta";"Sim";2;0;1;0;1;0;1;2;-22,64791994;-43,18200799;"SPRF-RJ";"DEL04-RJ";"UOP02-DEL04-RJ"
655490;2025-01-16;"quinta-feira";"11:30:00";"RS";386;429,2;"NOVA SANTA RITA";"Acessar a via sem observar a presença dos outros veículos";"Colisão lateral mesmo sentido";"Com Vítimas Feridas";"Pleno dia";"Crescente";"Céu Claro";"Dupla";"Interseção de Vias";"Não";2;0;1;0;1;0;1;2;-29,82759887;-51,32540703;"SPRF-RS";"DEL04-RS";"UOP02-DEL04-RS"
655492;2025-01-16;"quinta-feira";"09:57:00";"RJ";40;123;"DUQUE DE CAXIAS";"Reação tardia ou ineficiente do condutor";"Colisão traseira";"Com Vítimas Feridas";"Pleno dia";"Crescente";"Céu Claro";"Múltipla";"Reta";"Sim";2;0;1;0;1;0;1;2;-22,79907687;-43,29015739;"SPRF-RJ";"DEL01-RJ";"UOP02-DEL01-RJ"
655493;2025-01-16;"quinta-feira";"17:35:00";"MT";70;656;"CACERES";"Demais falhas mecânicas ou elétricas";"Incêndio";"Sem Vítimas";"Anoitecer";"Crescente";"Céu Claro";"Simples";"Reta";"Não";1;0;0;0;1;0;0;1;-15,96753007;-57,16866394;"SPRF-MT";"DEL03-MT";"UOP02-DEL03-MT"
655494;2025-01-16;"quinta-feira";"19:00:00";"RS";290;99;"PORTO ALEGRE";"Manobra de mudança de faixa";"Colisão lateral mesmo sentido";"Com Vítimas Feridas";"Anoitecer";"Crescente";"Nublado";"Simples";"Reta";"Sim";2;0;1;0;1;0;1;2;-29,991756;-51,22699;"SPRF-RS";"DEL01-RS";"UOP01-DEL01-RS"
655495;2025-01-16;"quinta-feira";"18:10:00";"RJ";101;293;"ITABORAI";"Trafegar com motocicleta (ou similar) entre as faixas";"Colisão traseira";"Com Vítimas Feridas";"Pleno dia";"Decrescente";"Céu Claro";"Dupla";"Reta";"Não";2;0;1;0;1;0;1;2;-22,756203;-42,88724;"SPRF-RJ";"DEL02-RJ";"UOP02-DEL02-RJ"
655496;2025-01-16;"quinta-feira";"19:20:00";"SC";101;207,7;"SAO JOSE";"Trafegar com motocicleta (ou similar) entre as faixas";"Colisão lateral mesmo sentido";"Com Vítimas Feridas";"Plena Noite";"Decrescente";"Chuva";"Múltipla";"Reta";"Não";2;0;1;0;1;0;1;2;-27,59869987;-48,62126112;"SPRF-SC";"DEL01-SC";"UOP01-DEL01-SC"
655500;2025-01-16;"quinta-feira";"18:30:00";"PR";116;38;"CAMPINA GRANDE DO SUL";"Pista Escorregadia";"Colisão com objeto";"Com Vítimas Feridas";"Anoitecer";"Crescente";"Chuva";"Dupla";"Aclive;Curva";"Não";3;0;0;2;1;0;2;2;-25,14802509;-48,85922071;"SPRF-PR";"DEL01-PR";"UOP02-DEL01-PR"
655502;2025-01-16;"quinta-feira";"19:55:00";"MG";381;328;"NOVA ERA";"Acessar a via sem observar a presença dos outros veículos";"Colisão transversal";"Com Vítimas Feridas";"Plena Noite";"Crescente";"Nublado";"Dupla";"Retorno Regulamentado;Reta";"Sim";8;0;1;0;7;0;1;2;-19,77559;-43,04523;"SPRF-MG";"DEL03-MG";"UOP01-DEL03-MG"
655503;2025-01-16;"quinta-feira";"17:15:00";"CE";304;44;"ARACATI";"Condutor deixou de manter distância do veículo da frente";"Colisão traseira";"Com Vítimas Feridas";"Anoitecer";"Crescente";"Céu Claro";"Simples";"Reta";"Sim";2;0;1;0;0;1;1;2;-4,57887167;-37,81559999;"SPRF-CE";"DEL03-CE";"UOP03-DEL03-CE"
655504;2025-01-16;"quinta-feira";"19:00:00";"SC";101;208,8;"SAO JOSE";"Manobra de mudança de faixa";"Tombamento";"Com Vítimas Feridas";"Plena Noite";"Decrescente";"Céu Claro";"Múltipla";"Reta";"Sim";1;0;0;1;0;0;1;1;-27,60327979;-48,63201818;"SPRF-SC";"DEL01-SC";"UOP01-DEL01-SC"
655505;2025-01-16;"quinta-feira";"16:45:00";"MG";381;905;"CAMBUI";"Declive acentuado";"Saída de leito carroçável";"Sem Vítimas";"Pleno dia";"Crescente";"Nublado";"Simples";"Interseção de Vias;Declive";"Não";3;0;0;0;3;0;0;1;-22,6630614;-46,09083295;"SPRF-MG";"DEL16-MG";"UOP03-DEL16-MG"
655506;2025-01-16;"quinta-feira";"18:40:00";"MG";381;482;"BETIM";"Condutor deixou de manter distância do veículo da frente";"Engavetamento";"Com Vítimas Feridas";"Plena Noite";"Crescente";"Chuva";"Múltipla";"Reta;Declive";"Não";4;0;1;0;3;0;1;3;-19,955532;-44,097209;"SPRF-MG";"DEL01-MG";"UOP03-DEL01-MG"