"id";"data_inversa";"dia_semana";"horario";"uf";"br";"km";"municipio";"causa_acidente";"tipo_acidente";"classificacao_acidente";"fase_dia";"sentido_via";"condicao_metereologica";"tipo_pista";"tracado_via";"uso_solo";"pessoas";"mortos";"feridos_leves";"feridos_graves";"ilesos";"ignorados";"feridos";"veiculos";"latitude";"longitude";"regional";"delegacia";"uop"
655847;2025-01-18;"sábado";"14:50:00";"RS";285;452,5;"IJUI";"Velocidade Incompatível";"Tombamento";"Com Vítimas Feridas";"Pleno dia";"Crescente";"Sol";"Simples";"Declive";"Não";1;0;1;0;0;0;1;1;-28,37433443;-53,86021614;"SPRF-RS";"DEL10-RS";"UOP01-DEL10-RS"
655848;2025-01-18;"sábado";"15:10:00";"MG";364;21;"FRUTAL";"Reação tardia ou ineficiente do condutor";"Saída de leito carroçável";"Com Vítimas Feridas";"Pleno dia";"Crescente";"Nublado";"Simples";"Reta;Aclive";"Não";1;0;1;0;0;0;1;1;-20,047768;-48,841195;"SPRF-MG";"DEL13-MG";"UOP02-DEL13-MG"
655849;2025-01-18;"sábado";"15:15:00";"DF";20;16,6;"BRASILIA";"Velocidade Incompatível";"Colisão lateral mesmo sentido";"Com Vítimas Fatais";"Pleno dia";"Crescente";"Céu Claro";"Dupla";"Declive;Retorno Regulamentado;Reta";"Não";2;1;0;1;0;0;1;2;-15,625675;-47,725159;"SPRF-DF";"DEL02-DF";"UOP01-DEL02-DF"
655852;2025-01-18;"sábado";"15:40:00";"ES";101;329,3;"GUARAPARI";"Condutor deixou de manter distância do veículo da frente";"Colisão traseira";"Com Vítimas Feridas";"Pleno dia";"Crescente";"Céu Claro";"Dupla";"Reta";"Não";6;0;0;1;5;0;1;2;-20,58543019;-40,49702183;"SPRF-ES";"DEL03-ES";"UOP01-DEL03-ES"
655853;2025-01-18;"sábado";"15:40:00";"PR";376;618;"SAO JOSE DOS PINHAIS";"Reação tardia ou ineficiente do condutor";"Saída de leito carroçável";"Sem Vítimas";"Pleno dia";"Crescente";"Chuva";"Dupla";"Reta;Declive";"Sim";1;0;0;0;1;0;0;1;-25,59168398;-49,17197705;"SPRF-PR";"DEL01-PR";"UOP04-DEL01-PR"
655854;2025-01-18;"sábado";"11:10:00";"AL";101;4;"NOVO LINO";"Demais falhas mecânicas ou elétricas";"Colisão com objeto";"Com Vítimas Feridas";"Pleno dia";"Crescente";"Céu Claro";"Dupla";"Reta";"Não";3;0;3;0;0;0;3;1;-8,91120381;-35,63447367;"SPRF-AL";"DEL01-AL";"UOP02-DEL01-AL"
655855;2025-01-18;"sábado";"14:00:00";"PR";376;407;"TIBAGI";"Velocidade Incompatível";"Colisão com objeto";"Com Vítimas Feridas";"Pleno dia";"Crescente";"Chuva";"Dupla";"Curva";"Não";3;0;2;1;0;0;3;1;-24,6002;-50,665913;"SPRF-PR";"DEL03-PR";"UOP02-DEL03-PR"
655856;2025-01-18;"sábado";"14:55:00";"BA";324;609;"SIMOES FILHO";"Avarias e/ou desgaste excessivo no pneu";"Tombamento";"Sem Vítimas";"Pleno dia";"Crescente";"Céu Claro";"Simples";"Reta";"Não";1;0;0;0;1;0;0;1;-12,82066;-38,40798;"SPRF-BA";"DEL01-BA";"UOP01-DEL01-BA"
655857;2025-01-18;"sábado";"15:00:00";"RJ";116;277;"BARRA MANSA";"Ingestão de álcool pelo condutor";"Colisão com objeto";"Com Vítimas Feridas";"Pleno dia";"Decrescente";"Sol";"Dupla";"Curva";"Sim";1;0;1;0;0;0;1;1;-22,55905501;-44,17284006;"SPRF-RJ";"DEL07-RJ";"UOP02-DEL07-RJ"
655859;2025-01-18;"sábado";"16:20:00";"MG";40;518;"RIBEIRAO DAS NEVES";"Ausência de reação do condutor";"Colisão traseira";"Com Vítimas Feridas";"Pleno dia";"Decrescente";"Céu Claro";"Dupla";"Reta;Retorno Regulamentado";"Sim";3;0;1;1;1;0;2;2;-19,8321242;-44,08208533;"SPRF-MG";"DEL01-MG";"UOP02-DEL01-MG"
655861;2025-01-18;"sábado";"16:45:00";"SC";101;315;"LAGUNA";"Ausência de reação do condutor";"Colisão transversal";"Com Vítimas Feridas";"Pleno dia";"Crescente";"Chuva";"Múltipla";"Curva";"Sim";3;0;1;1;1;0;2;2;-28,44102234;-48,82276475;"SPRF-SC";"DEL02-SC";"UOP01-DEL02-SC"
655863;2025-01-18;"sábado";"16:25:00";"MG";50;179;"UBERABA";"Reação tardia ou ineficiente do condutor";"Colisão com objeto";"Sem Vítimas";"Pleno dia";"Crescente";"Céu Claro";"Dupla";"Reta";"Não";1;0;0;0;0;1;0;1;-19,77827047;-47,93140998;"SPRF-MG";"DEL13-MG";"UOP01-DEL13-MG"
655864;2025-01-18;"sábado";"14:43:00";"MT";364;348,7;"SANTO ANTONIO DO LEVERGER";"Reação tardia ou ineficiente do condutor";"Queda de ocupante de veículo";"Com Vítimas Feridas";"Pleno dia";"Decrescente";"Garoa/Chuvisco";"Dupla";"Curva";"Não";1;0;1;0;0;0;1;1;-15,80416834;-55,55429598;"SPRF-MT";"DEL05-MT";"UOP02-DEL05-MT"
655865;2025-01-18;"sábado";"14:40:00";"SC";101;3,7;"ARARANGUA";"Conversão proibida";"Colisão transversal";"Com Vítimas Feridas";"Pleno dia";"Decrescente";"Nublado";"Simples";"Rotatória";"Sim";2;0;1;0;1;0;1;2;-28,94941481;-49,50706601;"SPRF-SC";"DEL02-SC";"UOP02-DEL02-SC"
655866;2025-01-18;"sábado";"16:30:00";"RJ";101;421;"MANGARATIBA";"Conversão proibida";"Colisão transversal";"Com Vítimas Feridas";"Pleno dia";"Crescente";"Sol";"Simples";"Curva";"Sim";3;0;2;0;1;0;2;2;-22,91666975;-43,93080593;"SPRF-RJ";"DEL03-RJ";"UOP02-DEL03-RJ"
655867;2025-01-18;"sábado";"16:30:00";"PE";408;82,1;"PAUDALHO";"Ausência de reação do condutor";"Colisão com objeto";"Sem Vítimas";"Pleno dia";"Decrescente";"Céu Claro";"Múltipla";"Reta";"Sim";3;0;0;0;1;2;0;2;-7,942052;-35,122295;"SPRF-PE";"DEL01-PE";"UOP01-DEL01-PE"
655868;2025-01-18;"sábado";"17:20:00";"RN";101;102;"PARNAMIRIM";"Demais falhas mecânicas ou elétricas";"Queda de ocupante de veículo";"Com Vítimas Feridas";"Anoitecer";"Crescente";"Céu Claro";"Dupla";"Reta";"Sim";2;0;2;0;0;0;2;1;-5,88858217;-35,24018997;"SPRF-RN";"DEL01-RN";"UOP01-DEL01-RN"
655869;2025-01-18;"sábado";"16:50:00";"SC";101;276,6;"IMBITUBA";"Transitar na contramão";"Colisão transversal";"Sem Vítimas";"Pleno dia";"Decrescente";"Céu Claro";"Simples";"Interseção de Vias";"Sim";2;0;0;0;2;0;0;2;-28,14644701;-48,69204746;"SPRF-SC";"DEL02-SC";"UOP03-DEL02-SC"
655870;2025-01-18;"sábado";"10:30:00";"SC";280;214;"TRES BARRAS";"Ingestão de álcool pelo condutor";"Tombamento";"Com Vítimas Feridas";"Pleno dia";"Decrescente";"Céu Claro";"Simples";"Curva";"Não";1;0;1;0;0;0;1;1;-26,18318414;-50,20686497;"SPRF-SC";"DEL06-SC";"UOP04-DEL06-SC"
655871;2025-01-18;"sábado";"16:50:00";"RS";290;93;"PORTO ALEGRE";"Avarias e/ou desgaste excessivo no pneu";"Tombamento";"Com Vítimas Feridas";"Pleno dia";"Decrescente";"Nublado";"Múltipla";"Reta";"Não";2;0;2;0;0;0;2;1;-29,97104916;-51,19032919;"SPRF-RS";"DEL01-RS";"UOP01-DEL01-RS"
655873;2025-01-18;"sábado";"17:20:00";"PR";116;120;"CURITIBA";"Reação tardia ou ineficiente do condutor";"Saída de leito carroçável";"Sem Vítimas";"Pleno dia";"Crescente";"Chuva";"Simples";"Declive;Reta";"Não";2;0;0;0;2;0;0;1;-25,589377;-49,315185;"SPRF-PR";"DEL01-PR";"UOP03-DEL01-PR"
655874;2025-01-18;"sábado";"17:25:00";"RS";290;125;"ELDORADO DO SUL";"Acostamento em desnível";"Tombamento";"Com Vítimas Feridas";"Pleno dia";"Crescente";"Céu Claro";"Simples";"Reta";"Não";1;0;1;0;0;0;1;1;-30,055038;-51,458992;"SPRF-RS";"DEL02-RS";"UOP01-DEL02-RS"
655876;2025-01-18;"sábado";"17:45:00";"PR";376;530;"PONTA GROSSA";"Reação tardia ou ineficiente do condutor";"Colisão traseira";"Com Vítimas Feridas";"Pleno dia";"Decrescente";"Chuva";"Dupla";"Aclive;Reta";"Não";2;0;1;0;1;0;1;2;-25,292769;-49,89840478;"SPRF-PR";"DEL03-PR";"UOP04-DEL03-PR"
655878;2025-01-18;"sábado";"16:00:00";"SC";280;229;"CANOINHAS";"Demais Fenômenos da natureza";"Saída de leito carroçável";"Sem Vítimas";"Pleno dia";"Crescente";"Chuva";"Simples";"Reta";"Não";1;0;0;0;0;1;0;1;-26,18601731;-50,35213894;"SPRF-SC";"DEL06-SC";"UOP04-DEL06-SC"
655880;2025-01-18;"sábado";"17:00:00";"AL";101;136,8;"SAO MIGUEL DOS CAMPOS";"Ingestão de álcool pelo condutor";"Queda de ocupante de veículo";"Com Vítimas Feridas";"Pleno dia";"Decrescente";"Céu Claro";"Dupla";"Reta;Declive";"Não";2;0;1;0;0;1;1;2;-9,79561892;-36,10861314;"SPRF-AL";"DEL02-AL";"UOP01-DEL02-AL"
655881;2025-01-18;"sábado";"16:20:00";"DF";70;0,6;"BRASILIA";"Acessar a via sem observar a presença dos outros veículos";"Colisão transversal";"Com Vítimas Fatais";"Pleno dia";"Crescente";"Céu Claro";"Dupla";"Reta";"Sim";2;1;0;0;1;0;0;2;-15,792352;-48,054509;"SPRF-DF";"DEL03-DF";"UOP02-DEL03-DF"
655883;2025-01-18;"sábado";"17:06:00";"RS";116;122;"SAO MARCOS";"Restrição de visibilidade em curvas horizontais";"Colisão transversal";"Com Vítimas Feridas";"Pleno dia";"Decrescente";"Céu Claro";"Simples";"Curva";"Não";3;0;3;0;0;0;3;2;-29,01040633;-51,07327877;"SPRF-RS";"DEL05-RS";"UOP01-DEL05-RS"
655885;2025-01-18;"sábado";"18:00:00";"MG";40;525;"CONTAGEM";"Condutor deixou de manter distância do veículo da frente";"Colisão traseira";"Com Vítimas Feridas";"Anoitecer";"Crescente";"Céu Claro";"Dupla";"Reta";"Sim";2;0;1;0;1;0;1;2;-19,88361702;-44,05039336;"SPRF-MG";"DEL01-MG";"UOP02-DEL01-MG"
655886;2025-01-18;"sábado";"18:45:00";"RS";386;366,1;"FAZENDA VILANOVA";"Ingestão de álcool pelo condutor";"Colisão frontal";"Com Vítimas Feridas";"Pleno dia";"Crescente";"Céu Claro";"Dupla";"Curva";"Não";8;0;1;7;0;0;8;2;-29,572111;-51,855782;"SPRF-RS";"DEL04-RS";"UOP01-DEL04-RS"
655887;2025-01-18;"sábado";"19:30:00";"MG";50;65;"UBERLANDIA";"Velocidade Incompatível";"Queda de ocupante de veículo";"Com Vítimas Feridas";"Plena Noite";"Decrescente";"Nublado";"Dupla";"Reta";"Não";1;0;1;0;0;0;1;1;-18,85140204;-48,25345932;"SPRF-MG";"DEL15-MG";"UOP02-DEL15-MG"
655888;2025-01-18;"sábado";"19:20:00";"PB";230;10;"CABEDELO";"Ingestão de álcool pelo condutor";"Colisão com objeto";"Com Vítimas Feridas";"Plena Noite";"Decrescente";"Céu Claro";"Dupla";"Reta;Em Obras";"Sim";1;0;1;0;0;0;1;1;-7,0514;-34,8499;"SPRF-PB";"DEL01-PB";"UOP01-DEL01-PB"
655889;2025-01-18;"sábado";"19:30:00";"SP";101;30;"UBATUBA";"Manobra de mudança de faixa";"Colisão transversal";"Com Vítimas Feridas";"Plena Noite";"Decrescente";"Nublado";"Simples";"Reta";"Não";2;0;1;0;1;0;1;2;-23,38005901;-44,96809802;"SPRF-SP";"DEL06-SP";"UOP01-DEL06-SP"
655890;2025-01-18;"sábado";"18:00:00";"RJ";40;114;"DUQUE DE CAXIAS";"Ausência de reação do condutor";"Colisão traseira";"Com Vítimas Feridas";"Anoitecer";"Crescente";"Céu Claro";"Múltipla";"Reta";"Não";4;0;1;1;1;1;2;2;-22,71853604;-43,28993324;"SPRF-RJ";"DEL01-RJ";"UOP02-DEL01-RJ"
655891;2025-01-18;"sábado";"12:15:00";"MT";70;76;"GENERAL CARNEIRO";"Reação tardia ou ineficiente do condutor";"Saída de leito carroçável";"Com Vítimas Feridas";"Pleno dia";"Decrescente";"Céu Claro";"Simples";"Reta";"Não";2;0;2;0;0;0;2;1;-15,67421693;-52,81408803;"SPRF-MT";"DEL07-MT";"UOP01-DEL07-MT"
655892;2025-01-18;"sábado";"19:40:00";"PB";230;53,8;"CRUZ DO ESPIRITO SANTO";"Ingestão de álcool pelo condutor";"Colisão traseira";"Com Vítimas Fatais";"Plena Noite";"Decrescente";"Céu Claro";"Dupla";"Reta";"Não";3;1;0;0;0;2;0;3;-7,20120408;-35,08949518;"SPRF-PB";"DEL01-PB";"UOP03-DEL01-PB"
655894;2025-01-18;"sábado";"15:50:00";"MT";364;299,6;"JACIARA";"Reação tardia ou ineficiente do condutor";"Atropelamento de Animal";"Com Vítimas Feridas";"Pleno dia";"Decrescente";"Garoa/Chuvisco";"Dupla";"Reta";"Não";2;0;0;1;0;1;1;1;-15,84691555;-55,14590671;"SPRF-MT";"DEL05-MT";"UOP02-DEL05-MT"
655895;2025-01-18;"sábado";"19:10:00";"GO";452;0,1;"RIO VERDE";"Ingestão de álcool pelo condutor";"Colisão traseira";"Com Vítimas Feridas";"Plena Noite";"Crescente";"Nublado";"Dupla";"Viaduto;Curva";"Sim";4;0;1;0;3;0;1;2;-17,786345;-50,901516;"SPRF-GO";"DEL04-GO";"UOP01-DEL04-GO"
655897;2025-01-18;"sábado";"19:02:00";"PR";116;28,1;"CAMPINA GRANDE DO SUL";"Chuva";"Colisão com objeto";"Com Vítimas Feridas";"Plena Noite";"Decrescente";"Chuva";"Dupla";"Ponte;Declive;Curva";"Sim";3;0;3;0;0;0;3;1;-25,10670298;-48,80405799;"SPRF-PR";"DEL01-PR";"UOP02-DEL01-PR"
655898;2025-01-18;"sábado";"18:30:00";"PA";230;120;"MARABA";"Ausência de reação do condutor";"Tombamento";"Com Vítimas Feridas";"Plena Noite";"Decrescente";"Nublado";"Dupla";"Curva";"Sim";1;0;1;0;0;0;1;1;-5,35038318;-49,11434;"SPRF-PA";"DEL03-PA";"UOP01-DEL03-PA"
655899;2025-01-18;"sábado";"19:40:00";"PB";230;283,8;"SANTA LUZIA";"Demais falhas mecânicas ou elétricas";"Incêndio";"Sem Vítimas";"Plena Noite";"Crescente";"Garoa/Chuvisco";"Simples";"Reta";"Não";1;0;0;0;1;0;0;1;-6,9144;-36,8563;"SPRF-PB";"DEL03-PB";"UOP01-DEL03-PB"
655900;2025-01-18;"sábado";"16:30:00";"BA";135;162;"BARREIRAS";"Acostamento em desnível";"Capotamento";"Com Vítimas Feridas";"Pleno dia";"Crescente";"Céu Claro";"Simples";"Reta";"Não";4;0;1;0;3;0;1;1;-12,02374608;-44,9534158;"SPRF-BA";"DEL10-BA";"UOP01-DEL10-BA"
655901;2025-01-18;"sábado";"19:50:00";"SP";116;319,6;"JUQUITIBA";"Reação tardia ou ineficiente do condutor";"Capotamento";"Com Vítimas Feridas";"Plena Noite";"Crescente";"Céu Claro";"Dupla";"Curva";"Sim";2;0;1;0;1;0;1;1;-23,93100968;-46,9996511;"SPRF-SP";"DEL04-SP";"UOP03-DEL04-SP"
655902;2025-01-18;"sábado";"19:15:00";"PR";277;724;"FOZ DO IGUACU";"Frear bruscamente";"Colisão traseira";"Com Vítimas Feridas";"Plena Noite";"Crescente";"Céu Claro";"Dupla";"Reta";"Sim";2;0;1;0;1;0;1;2;-25,50257577;-54,53868311;"SPRF-PR";"DEL05-PR";"UOP03-DEL05-PR"
655903;2025-01-18;"sábado";"20:20:00";"ES";101;144,7;"LINHARES";"Ausência de reação do condutor";"Engavetamento";"Com Vítimas Feridas";"Plena Noite";"Crescente";"Céu Claro";"Dupla";"Reta";"Sim";3;0;1;0;2;0;1;3;-19,35188295;-40,0636685;"SPRF-ES";"DEL04-ES";"UOP01-DEL04-ES"
655904;2025-01-18;"sábado";"19:40:00";"CE";222;3;"CAUCAIA";"Pedestre cruzava a pista fora da faixa";"Atropelamento de Pedestre";"Com Vítimas Feridas";"Plena Noite";"Crescente";"Céu Claro";"Dupla";"Declive;Reta";"Sim";2;0;0;1;1;0;1;2;-3,7403769;-38,59569202;"SPRF-CE";"DEL01-CE";"UOP01-DEL01-CE"
655905;2025-01-18;"sábado";"20:15:00";"MG";262;445,5;"NOVA SERRANA";"Velocidade Incompatível";"Colisão traseira";"Com Vítimas Feridas";"Plena Noite";"Decrescente";"Céu Claro";"Dupla";"Reta";"Sim";3;0;0;2;1;0;2;2;-19,86485326;-44,99540806;"SPRF-MG";"DEL08-MG";"UOP03-DEL08-MG"
655906;2025-01-18;"sábado";"19:10:00";"GO";153;505;"APARECIDA DE GOIANIA";"Condutor deixou de manter distância do veículo da frente";"Colisão traseira";"Com Vítimas Feridas";"Plena Noite";"Decrescente";"Ignorado";"Dupla";"Reta";"Sim";3;0;2;0;0;1;2;2;-16,7537;-49,2411;"SPRF-GO";"DEL01-GO";"UOP01-DEL01-GO"
655908;2025-01-18;"sábado";"18:15:00";"MG";354;751,2;"ITAMONTE";"Acessar a via sem observar a presença dos outros veículos";"Colisão transversal";"Com Vítimas Feridas";"Anoitecer";"Crescente";"Céu Claro";"Simples";"Interseção de Vias;Reta";"Sim";3;0;0;1;1;1;1;3;-22,28761498;-44,86860589;"SPRF-MG";"DEL17-MG";"UOP01-DEL17-MG"
655911;2025-01-18;"sábado";"20:35:00";"SC";101;111,9;"ITAJAI";"Ingestão de álcool pelo condutor";"Colisão traseira";"Com Vítimas Feridas";"Plena Noite";"Decrescente";"Garoa/Chuvisco";"Dupla";"Reta;Ponte";"Sim";5;0;2;0;3;0;2;4;-26,83955734;-48,71418074;"SPRF-SC";"DEL04-SC";"UOP04-DEL04-SC"
655912;2025-01-18;"sábado";"19:20:00";"RN";226;66;"SERRA CAIADA";"Velocidade Incompatível";"Capotamento";"Sem Vítimas";"Plena Noite";"Decrescente";"Céu Claro";"Simples";"Curva";"Não";1;0;0;0;0;1;0;1;-6,08820707;-35,69788788;"SPRF-RN";"DEL01-RN";"UOP02-DEL01-RN"
655913;2025-01-18;"sábado";"21:15:00";"ES";101;162;"LINHARES";"Conversão proibida";"Colisão transversal";"Com Vítimas Feridas";"Plena Noite";"Crescente";"Céu Claro";"Simples";"Reta";"Não";2;0;0;1;1;0;1;2;-19,49015283;-40,12624024;"SPRF-ES";"DEL04-ES";"UOP01-DEL04-ES"
655915;2025-01-18;"sábado";"20:55:00";"BA";116;782,3;"PLANALTO";"Demais falhas mecânicas ou elétricas";"Incêndio";"Sem Vítimas";"Plena Noite";"Crescente";"Céu Claro";"Simples";"Aclive;Reta";"Não";2;0;0;0;2;0;0;1;-14,679835;-40,519435;"SPRF-BA";"DEL08-BA";"UOP02-DEL08-BA"
655916;2025-01-18;"sábado";"20:40:00";"MG";381;507;"SAO JOAQUIM DE BICAS";"Transitar no Acostamento";"Atropelamento de Pedestre";"Com Vítimas Feridas";"Plena Noite";"Crescente";"Céu Claro";"Múltipla";"Reta";"Sim";2;0;0;1;0;1;1;2;-20,0403294;-44,25992489;"SPRF-MG";"DEL01-MG";"UOP03-DEL01-MG"
655917;2025-01-18;"sábado";"20:30:00";"SC";101;274,1;"IMBITUBA";"Pedestre cruzava a pista fora da faixa";"Atropelamento de Pedestre";"Com Vítimas Fatais";"Plena Noite";"Decrescente";"Nublado";"Múltipla";"Reta";"Sim";4;1;0;0;2;1;0;3;-28,1422754;-48,6919787;"SPRF-SC";"DEL02-SC";"UOP03-DEL02-SC"
655918;2025-01-18;"sábado";"20:40:00";"PR";369;177;"ROLANDIA";"Velocidade Incompatível";"Colisão com objeto";"Com Vítimas Fatais";"Plena Noite";"Crescente";"Céu Claro";"Dupla";"Reta";"Não";3;1;1;1;0;0;2;1;-23,3515303;-51,3882399;"SPRF-PR";"DEL07-PR";"UOP01-DEL07-PR"
655919;2025-01-18;"sábado";"20:54:00";"DF";251;6;"BRASILIA";"Acessar a via sem observar a presença dos outros veículos";"Colisão lateral mesmo sentido";"Com Vítimas Feridas";"Plena Noite";"Crescente";"Nublado";"Dupla";"Retorno Regulamentado";"Não";2;0;2;0;0;0;2;2;-15,999959;-47,557232;"SPRF-DF";"DEL01-DF";"UOP01-DEL01-DF"
655920;2025-01-18;"sábado";"18:45:00";"RN";304;295;"MACAIBA";"Ingestão de álcool pelo condutor";"Queda de ocupante de veículo";"Com Vítimas Feridas";"Plena Noite";"Crescente";"Céu Claro";"Dupla";"Em Obras";"Sim";2;0;1;1;0;0;2;1;-5,86605927;-35,35822096;"SPRF-RN";"DEL01-RN";"UOP02-DEL01-RN"
655922;2025-01-18;"sábado";"20:30:00";"MG";365;530,9;"ROMARIA";"Ultrapassagem Indevida";"Colisão lateral sentido oposto";"Sem Vítimas";"Plena Noite";"Crescente";"Céu Claro";"Simples";"Reta";"Não";3;0;0;0;3;0;0;2;-18,9260452;-47,50658995;"SPRF-MG";"DEL10-MG";"UOP01-DEL10-MG"
655923;2025-01-18;"sábado";"15:00:00";"AC";317;62;"SENADOR GUIOMARD";"Frear bruscamente";"Tombamento";"Com Vítimas Feridas";"Pleno dia";"Decrescente";"Nublado";"Simples";"Reta";"Não";2;0;1;0;0;1;1;1;-10,02194469;-67,52622391;"SPRF-AC";"DEL01-AC";"UOP01-DEL01-AC"
655924;2025-01-18;"sábado";"21:40:00";"BA";110;340;"ALAGOINHAS";"Ingestão de álcool pelo condutor";"Colisão frontal";"Com Vítimas Feridas";"Plena Noite";"Decrescente";"Céu Claro";"Simples";"Reta";"Sim";2;0;0;1;1;0;1;2;-12,21614599;-38,41432082;"SPRF-BA";"DEL01-BA";"UOP04-DEL01-BA"
655925;2025-01-18;"sábado";"22:10:00";"MG";381;486;"BETIM";"Condutor Dormindo";"Colisão com objeto";"Com Vítimas Feridas";"Plena Noite";"Decrescente";"Céu Claro";"Dupla";"Reta;Declive";"Sim";2;0;2;0;0;0;2;1;-19,95467;-44,10968;"SPRF-MG";"DEL01-MG";"UOP03-DEL01-MG"
655926;2025-01-18;"sábado";"22:13:00";"PR";277;722;"FOZ DO IGUACU";"Acessar a via sem observar a presença dos outros veículos";"Colisão transversal";"Com Vítimas Feridas";"Plena Noite";"Crescente";"Céu Claro";"Dupla";"Retorno Regulamentado;Reta";"Sim";4;0;2;1;1;0;3;2;-25,49549268;-54,52219605;"SPRF-PR";"DEL05-PR";"UOP03-DEL05-PR"
655927;2025-01-18;"sábado";"18:30:00";"MG";116;486,9;"INHAPIM";"Ingestão de álcool pelo condutor";"Saída de leito carroçável";"Sem Vítimas";"Plena Noite";"Crescente";"Céu Claro";"Simples";"Reta";"Não";2;0;0;0;2;0;0;1;-19,49491325;-42,12836266;"SPRF-MG";"DEL06-MG";"UOP02-DEL06-MG"
655928;2025-01-18;"sábado";"19:30:00";"PI";222;94,9;"PIRIPIRI";"Ingestão de álcool pelo condutor";"Saída de leito carroçável";"Com Vítimas Feridas";"Plena Noite";"Crescente";"Chuva";"Simples";"Reta";"Não";1;0;1;0;0;0;1;1;-4,221304;-41,911667;"SPRF-PI";"DEL02-PI";"UOP01-DEL02-PI"
655929;2025-01-18;"sábado";"12:00:00";"PR";476;274,8;"SAO MATEUS DO SUL";"Ingestão de álcool pelo condutor";"Colisão com objeto";"Com Vítimas Feridas";"Pleno dia";"Crescente";"Céu Claro";"Simples";"Ponte;Reta";"Não";1;0;0;1;0;0;1;1;-25,8834226;-50,38328648;"SPRF-PR";"DEL02-PR";"UOP03-DEL02-PR"
655931;2025-01-18;"sábado";"22:30:00";"SP";116;465;"PARIQUERA-ACU";"Animais na Pista";"Atropelamento de Animal";"Sem Vítimas";"Plena Noite";"Crescente";"Chuva";"Dupla";"Reta";"Não";1;0;0;0;1;0;0;1;-24,64131463;-47,91527636;"SPRF-SP";"DEL05-SP";"UOP01-DEL05-SP"
655932;2025-01-18;"sábado";"19:10:00";"RN";226;39;"MACAIBA";"Ausência de sinalização";"Queda de ocupante de veículo";"Com Vítimas Feridas";"Plena Noite";"Decrescente";"Céu Claro";"Simples";"Reta";"Sim";1;0;1;0;0;0;1;1;-5,9213386;-35,5349664;"SPRF-RN";"DEL01-RN";"UOP02-DEL01-RN"
655933;2025-01-18;"sábado";"22:40:00";"PR";277;721,6;"FOZ DO IGUACU";"Ingestão de álcool pelo condutor";"Colisão traseira";"Sem Vítimas";"Plena Noite";"Crescente";"Céu Claro";"Dupla";"Reta";"Sim";2;0;0;0;2;0;0;2;-25,49530868;-54,52175617;"SPRF-PR";"DEL05-PR";"UOP03-DEL05-PR"
655934;2025-01-18;"sábado";"19:00:00";"PB";427;34,9;"POMBAL";"Animais na Pista";"Tombamento";"Com Vítimas Feridas";"Plena Noite";"Decrescente";"Céu Claro";"Simples";"Reta";"Não";2;0;1;1;0;0;2;1;-6,75644479;-37,76450715;"SPRF-PB";"DEL03-PB";"UOP02-DEL03-PB"
655935;2025-01-18;"sábado";"19:00:00";"SC";282;310;"VARGEM";"Manobra de mudança de faixa";"Colisão transversal";"Com Vítimas Feridas";"Plena Noite";"Decrescente";"Céu Claro";"Simples";"Reta";"Não";2;0;0;1;1;0;1;2;-27,483074;-50,98188;"SPRF-SC";"DEL07-SC";"UOP06-DEL07-SC"
655937;2025-01-18;"sábado";"21:00:00";"RJ";40;120;"DUQUE DE CAXIAS";"Manobra de mudança de faixa";"Colisão traseira";"Com Vítimas Feridas";"Pleno dia";"Decrescente";"Céu Claro";"Dupla";"Reta";"Não";2;0;2;0;0;0;2;2;-22,77280597;-43,28626763;"SPRF-RJ";"DEL01-RJ";"UOP02-DEL01-RJ"
655938;2025-01-18;"sábado";"22:30:00";"SP";101;52;"UBATUBA";"Acessar a via sem observar a presença dos outros veículos";"Colisão transversal";"Com Vítimas Feridas";"Plena Noite";"Crescente";"Nublado";"Simples";"Rotatória";"Sim";2;0;1;0;1;0;1;2;-23,4623355;-45,06476561;"SPRF-SP";"DEL06-SP";"UOP01-DEL06-SP"
655940;2025-01-18;"sábado";"22:35:00";"PI";316;11;"TERESINA";"Manobra de mudança de faixa";"Colisão lateral mesmo sentido";"Com Vítimas Feridas";"Plena Noite";"Decrescente";"Nublado";"Dupla";"Reta";"Sim";3;0;1;1;1;0;2;2;-5,191739;-42,76076102;"SPRF-PI";"DEL01-PI";"UOP02-DEL01-PI"
655941;2025-01-18;"sábado";"22:50:00";"PE";101;80;"JABOATAO DOS GUARARAPES";"Animais na Pista";"Atropelamento de Animal";"Com Vítimas Feridas";"Plena Noite";"Crescente";"Céu Claro";"Dupla";"Reta";"Sim";1;0;0;1;0;0;1;1;-8,15112589;-34,9428866;"SPRF-PE";"DEL01-PE";"UOP01-DEL01-PE"
655942;2025-01-18;"sábado";"21:40:00";"SC";470;112,5;"IBIRAMA";"Ausência de reação do condutor";"Colisão com objeto";"Com Vítimas Feridas";"Plena Noite";"Crescente";"Ignorado";"Dupla";"Curva";"Não";3;0;3;0;0;0;3;1;-27,09701;-49,462887;"SPRF-SC";"DEL04-SC";"UOP02-DEL04-SC"
655943;2025-01-18;"sábado";"22:35:00";"RJ";116;71;"TERESOPOLIS";"Ausência de reação do condutor";"Tombamento";"Com Vítimas Feridas";"Plena Noite";"Decrescente";"Céu Claro";"Simples";"Curva";"Sim";1;0;1;0;0;0;1;1;-22,327388;-42,93858185;"SPRF-RJ";"DEL04-RJ";"UOP01-DEL04-RJ"
655944;2025-01-18;"sábado";"21:20:00";"MA";10;262;"IMPERATRIZ";"Animais na Pista";"Atropelamento de Animal";"Com Vítimas Feridas";"Plena Noite";"Crescente";"Nublado";"Simples";"Reta";"Não";3;0;2;0;1;0;2;2;-5,445326;-47,472542;"SPRF-MA";"DEL04-MA";"UOP01-DEL04-MA"