"id";"data_inversa";"dia_semana";"horario";"uf";"br";"km";"municipio";"causa_acidente";"tipo_acidente";"classificacao_acidente";"fase_dia";"sentido_via";"condicao_metereologica";"tipo_pista";"tracado_via";"uso_solo";"pessoas";"mortos";"feridos_leves";"feridos_graves";"ilesos";"ignorados";"feridos";"veiculos";"latitude";"longitude";"regional";"delegacia";"uop"
655946;2025-01-19;"domingo";"00:15:00";"BA";324;6;"FEIRA DE SANTANA";"Avarias e/ou desgaste excessivo no pneu";"Queda de ocupante de veículo";"Com Vítimas Feridas";"Plena Noite";"Decrescente";"Nublado";"Dupla";"Reta";"Sim";2;0;1;1;0;0;2;1;-12,267113;-38,966988;"SPRF-BA";"DEL02-BA";"UOP01-DEL02-BA"
655948;2025-01-19;"domingo";"00:43:00";"GO";153;552;"PIRACANJUBA";"Acessar a via sem observar a presença dos outros veículos";"Atropelamento de Pedestre";"Com Vítimas Fatais";"Plena Noite";"Crescente";"Nublado";"Dupla";"Curva";"Não";2;1;0;0;1;0;0;2;-17,1589;-49,2139;"SPRF-GO";"DEL01-GO";"UOP03-DEL01-GO"
655949;2025-01-18;"sábado";"22:40:00";"RS";290;106,4;"ELDORADO DO SUL";"Pedestre andava na pista";"Atropelamento de Pedestre";"Com Vítimas Fatais";"Plena Noite";"Crescente";"Céu Claro";"Dupla";"Reta";"Não";2;1;0;0;1;0;0;2;-29,998999;-51,294563;"SPRF-RS";"DEL02-RS";"UOP01-DEL02-RS"
655950;2025-01-18;"sábado";"23:21:00";"PR";469;13;"FOZ DO IGUACU";"Ingestão de álcool pelo condutor";"Engavetamento";"Sem Vítimas";"Plena Noite";"Crescente";"Ignorado";"Simples";"Reta";"Sim";9;0;0;0;8;1;0;3;-25,5754;-54,5489;"SPRF-PR";"DEL05-PR";"UOP04-DEL05-PR"
655951;2025-01-19;"domingo";"00:05:00";"PR";277;83;"CURITIBA";"Velocidade Incompatível";"Colisão traseira";"Com Vítimas Feridas";"Plena Noite";"Decrescente";"Nublado";"Dupla";"Reta";"Sim";2;0;1;0;1;0;1;2;-25,568939;-49,181978;"SPRF-PR";"DEL01-PR";"UOP03-DEL01-PR"
655952;2025-01-19;"domingo";"00:40:00";"RS";116;152;"CAXIAS DO SUL";"Reação tardia ou ineficiente do condutor";"Saída de leito carroçável";"Com Vítimas Feridas";"Plena Noite";"Decrescente";"Céu Claro";"Simples";"Curva";"Sim";1;0;0;1;0;0;1;1;-29,1829343;-51,16801501;"SPRF-RS";"DEL05-RS";"UOP01-DEL05-RS"
655953;2025-01-19;"domingo";"01:10:00";"SC";101;201,3;"SAO JOSE";"Reação tardia ou ineficiente do condutor";"Colisão traseira";"Com Vítimas Feridas";"Plena Noite";"Decrescente";"Nublado";"Múltipla";"Reta";"Sim";3;0;2;0;1;0;2;2;-27,54836599;-48,61977975;"SPRF-SC";"DEL01-SC";"UOP01-DEL01-SC"
655954;2025-01-18;"sábado";"21:50:00";"PR";153;379,2;"MALLET";"Reação tardia ou ineficiente do condutor";"Saída de leito carroçável";"Sem Vítimas";"Plena Noite";"Decrescente";"Nublado";"Simples";"Aclive;Reta";"Não";1;0;0;0;1;0;0;1;-25,79688596;-50,85093193;"SPRF-PR";"DEL08-PR";"UOP02-DEL08-PR"
655956;2025-01-19;"domingo";"01:40:00";"BA";407;0;"JUAZEIRO";"Condutor usando celular";"Colisão com objeto";"Com Vítimas Feridas";"Plena Noite";"Decrescente";"Céu Claro";"Dupla";"Reta";"Sim";1;0;1;0;0;0;1;1;-9,409546;-40,505337;"SPRF-PE";"DEL06-PE";"UOP01-DEL06-PE"
655957;2025-01-19;"domingo";"00:30:00";"TO";153;347;"GUARAI";"Ausência de reação do condutor";"Colisão traseira";"Com Vítimas Feridas";"Plena Noite";"Crescente";"Céu Claro";"Simples";"Reta";"Não";5;0;0;3;2;0;3;4;-8,95229538;-48,5001081;"SPRF-TO";"DEL02-TO";"UOP02-DEL02-TO"
655958;2025-01-19;"domingo";"01:30:00";"BA";324;593;"CANDEIAS";"Animais na Pista";"Atropelamento de Animal";"Sem Vítimas";"Plena Noite";"Decrescente";"Céu Claro";"Dupla";"Reta";"Não";1;0;0;0;1;0;0;1;-12,69890302;-38,46419428;"SPRF-BA";"DEL01-BA";"UOP01-DEL01-BA"
655959;2025-01-19;"domingo";"01:00:00";"MT";364;209;"RONDONOPOLIS";"Reação tardia ou ineficiente do condutor";"Colisão com objeto";"Sem Vítimas";"Plena Noite";"Crescente";"Nublado";"Dupla";"Interseção de Vias";"Não";1;0;0;0;1;0;0;1;-16,42715289;-54,6955204;"SPRF-MT";"DEL02-MT";"UOP01-DEL02-MT"
655960;2025-01-19;"domingo";"02:00:00";"RJ";101;424;"MANGARATIBA";"Ingestão de álcool pelo condutor";"Colisão lateral sentido oposto";"Com Vítimas Feridas";"Plena Noite";"Decrescente";"Céu Claro";"Simples";"Reta";"Não";5;0;1;4;0;0;5;2;-22,9267139;-43,9661652;"SPRF-RJ";"DEL03-RJ";"UOP02-DEL03-RJ"
655961;2025-01-19;"domingo";"00:30:00";"RS";285;607,3;"SANTO ANTONIO DAS MISSOES";"Ingestão de álcool pelo condutor";"Colisão frontal";"Com Vítimas Feridas";"Plena Noite";"Decrescente";"Céu Claro";"Simples";"Reta";"Não";3;0;0;1;2;0;1;2;-28,493053;-55,354687;"SPRF-RS";"DEL12-RS";"UOP01-DEL12-RS"
655962;2025-01-19;"domingo";"02:40:00";"PR";376;188,3;"MARIALVA";"Animais na Pista";"Saída de leito carroçável";"Sem Vítimas";"Plena Noite";"Crescente";"Céu Claro";"Dupla";"Reta";"Não";1;0;0;0;1;0;0;1;-23,46634923;-51,82808011;"SPRF-PR";"DEL09-PR";"UOP01-DEL09-PR"
655963;2025-01-19;"domingo";"03:00:00";"SC";282;21,7;"SANTO AMARO DA IMPERATRIZ";"Transitar na contramão";"Colisão frontal";"Sem Vítimas";"Plena Noite";"Crescente";"Céu Claro";"Simples";"Reta";"Sim";6;0;0;0;5;1;0;3;-27,68907;-48,717541;"SPRF-SC";"DEL01-SC";"UOP02-DEL01-SC"
655964;2025-01-19;"domingo";"03:00:00";"SP";153;57,2;"SAO JOSE DO RIO PRETO";"Condutor Dormindo";"Saída de leito carroçável";"Com Vítimas Feridas";"Plena Noite";"Decrescente";"Nublado";"Dupla";"Reta";"Sim";1;0;1;0;0;0;1;1;-20,76991095;-49,34982212;"SPRF-SP";"DEL09-SP";"UOP01-DEL09-SP"
655965;2025-01-19;"domingo";"02:50:00";"SP";116;157,9;"SAO JOSE DOS CAMPOS";"Reação tardia ou ineficiente do condutor";"Colisão com objeto";"Com Vítimas Feridas";"Plena Noite";"Crescente";"Nublado";"Dupla";"Curva";"Sim";2;0;1;0;1;0;1;1;-23,25802861;-45,94797557;"SPRF-SP";"DEL02-SP";"UOP01-DEL02-SP"
655966;2025-01-19;"domingo";"03:05:00";"PE";232;79;"GRAVATA";"Ingestão de álcool pelo condutor";"Colisão transversal";"Com Vítimas Feridas";"Plena Noite";"Decrescente";"Céu Claro";"Simples";"Rotatória";"Sim";2;0;1;0;1;0;1;2;-8,19460572;-35,56074803;"SPRF-PE";"DEL02-PE";"UOP02-DEL02PE"
655967;2025-01-19;"domingo";"04:20:00";"TO";153;409;"MIRANORTE";"Acessar a via sem observar a presença dos outros veículos";"Saída de leito carroçável";"Com Vítimas Feridas";"Amanhecer";"Decrescente";"Céu Claro";"Dupla";"Retorno Regulamentado;Reta;Rotatória";"Não";4;0;2;0;2;0;2;2;-9,49014778;-48,58485911;"SPRF-TO";"DEL02-TO";"UOP02-DEL02-TO"
655968;2025-01-19;"domingo";"03:40:00";"PI";316;4,3;"TERESINA";"Velocidade Incompatível";"Saída de leito carroçável";"Com Vítimas Fatais";"Plena Noite";"Decrescente";"Céu Claro";"Dupla";"Reta";"Sim";2;1;0;1;0;0;1;1;-5,13655894;-42,78900388;"SPRF-PI";"DEL01-PI";"UOP02-DEL01-PI"
655969;2025-01-19;"domingo";"04:00:00";"PB";104;139,5;"QUEIMADAS";"Desrespeitar a preferência no cruzamento";"Colisão transversal";"Com Vítimas Feridas";"Plena Noite";"Decrescente";"Nublado";"Simples";"Interseção de Vias";"Sim";2;0;1;0;0;1;1;2;-7,36948311;-35,89979635;"SPRF-PB";"DEL02-PB";"UOP03-DEL02-PB"
655970;2025-01-19;"domingo";"04:30:00";"RS";116;302;"GUAIBA";"Ingestão de álcool pelo condutor";"Saída de leito carroçável";"Sem Vítimas";"Amanhecer";"Crescente";"Nublado";"Dupla";"Interseção de Vias;Reta";"Não";1;0;0;0;0;1;0;1;-30,13970487;-51,35942618;"SPRF-RS";"DEL02-RS";"UOP01-DEL02-RS"
655971;2025-01-19;"domingo";"05:35:00";"SC";101;214,3;"PALHOCA";"Condutor Dormindo";"Colisão com objeto";"Com Vítimas Feridas";"Amanhecer";"Crescente";"Nublado";"Múltipla";"Reta";"Sim";1;0;0;1;0;0;1;1;-27,64443;-48,67057;"SPRF-SC";"DEL01-SC";"UOP02-DEL01-SC"
655972;2025-01-19;"domingo";"04:30:00";"GO";60;39,9;"ALEXANIA";"Reação tardia ou ineficiente do condutor";"Saída de leito carroçável";"Com Vítimas Feridas";"Plena Noite";"Crescente";"Nublado";"Dupla";"Reta";"Não";1;0;1;0;0;0;1;1;-16,1143;-48,5569;"SPRF-DF";"DEL03-DF";"UOP01-DEL03-DF"
655973;2025-01-19;"domingo";"05:45:00";"SP";116;228;"SAO PAULO";"Ingestão de álcool pelo condutor";"Colisão com objeto";"Com Vítimas Feridas";"Amanhecer";"Decrescente";"Nublado";"Múltipla";"Aclive;Reta";"Sim";1;0;1;0;0;0;1;1;-23,50343484;-46,56638712;"SPRF-SP";"DEL01-SP";"UOP01-DEL01-SP"
655974;2025-01-19;"domingo";"04:30:00";"MG";50;176;"UBERABA";"Reação tardia ou ineficiente do condutor";"Colisão com objeto";"Com Vítimas Feridas";"Amanhecer";"Decrescente";"Céu Claro";"Dupla";"Reta";"Não";3;0;3;0;0;0;3;1;-19,77919981;-47,960032;"SPRF-MG";"DEL13-MG";"UOP01-DEL13-MG"
655975;2025-01-19;"domingo";"06:20:00";"SP";381;84;"SAO PAULO";"Reação tardia ou ineficiente do condutor";"Colisão traseira";"Com Vítimas Feridas";"Pleno dia";"Crescente";"Céu Claro";"Múltipla";"Reta";"Não";3;0;1;0;2;0;1;3;-23,43937;-46,56807;"SPRF-SP";"DEL03-SP";"UOP01-DEL03-SP"
655976;2025-01-19;"domingo";"05:16:00";"DF";70;18;"BRASILIA";"Ausência de reação do condutor";"Colisão lateral mesmo sentido";"Com Vítimas Feridas";"Amanhecer";"Crescente";"Chuva";"Dupla";"Reta";"Sim";2;0;1;0;1;0;1;2;-15,791093;-48,21096;"SPRF-DF";"DEL03-DF";"UOP02-DEL03-DF"
655977;2025-01-19;"domingo";"06:20:00";"ES";101;202;"JOAO NEIVA";"Ultrapassagem Indevida";"Colisão lateral mesmo sentido";"Com Vítimas Feridas";"Pleno dia";"Decrescente";"Céu Claro";"Simples";"Curva";"Não";2;0;1;0;1;0;1;2;-19,74171801;-40,36521517;"SPRF-ES";"DEL04-ES";"UOP01-DEL04-ES"
655978;2025-01-18;"sábado";"23:15:00";"CE";403;25,5;"BELA CRUZ";"Acessar a via sem observar a presença dos outros veículos";"Atropelamento de Pedestre";"Com Vítimas Fatais";"Plena Noite";"Decrescente";"Céu Claro";"Simples";"Reta";"Sim";2;1;0;0;0;1;0;2;-3,094778;-40,082996;"SPRF-CE";"DEL01-CE";"UOP03-DEL01-CE"
655979;2025-01-19;"domingo";"06:20:00";"MG";153;156;"COMENDADOR GOMES";"Reação tardia ou ineficiente do condutor";"Saída de leito carroçável";"Sem Vítimas";"Amanhecer";"Decrescente";"Céu Claro";"Simples";"Declive;Reta";"Não";1;0;0;0;1;0;0;1;-19,62793682;-48,948745;"SPRF-MG";"DEL13-MG";"UOP02-DEL13-MG"
655980;2025-01-19;"domingo";"07:00:00";"DF";40;1;"BRASILIA";"Ausência de reação do condutor";"Saída de leito carroçável";"Sem Vítimas";"Amanhecer";"Decrescente";"Nublado";"Dupla";"Reta";"Sim";1;0;0;0;1;0;0;1;-15,985532;-47,987747;"SPRF-DF";"DEL01-DF";"UOP01-DEL01-DF"
655981;2025-01-19;"domingo";"06:50:00";"SP";116;303;"SAO LOURENCO DA SERRA";"Velocidade Incompatível";"Colisão com objeto";"Com Vítimas Feridas";"Pleno dia";"Decrescente";"Céu Claro";"Simples";"Reta";"Não";1;0;1;0;0;0;1;1;-23,82760675;-46,92631345;"SPRF-SP";"DEL04-SP";"UOP01-DEL04-SP"
655982;2025-01-19;"domingo";"06:15:00";"RJ";393;237;"VASSOURAS";"Condutor Dormindo";"Colisão frontal";"Com Vítimas Feridas";"Pleno dia";"Decrescente";"Céu Claro";"Simples";"Reta";"Sim";4;0;1;1;2;0;2;2;-22,39566493;-43,65681106;"SPRF-RJ";"DEL05-RJ";"UOP03-DEL05-RJ"
655985;2025-01-19;"domingo";"05:40:00";"MG";262;76,5;"MATIPO";"Mal súbito do condutor";"Saída de leito carroçável";"Com Vítimas Feridas";"Amanhecer";"Decrescente";"Céu Claro";"Simples";"Reta;Declive";"Não";5;0;1;0;4;0;1;1;-20,32847234;-42,34701169;"SPRF-MG";"DEL03-MG";"UOP03-DEL03-MG"
655986;2025-01-19;"domingo";"06:45:00";"RJ";465;20;"NOVA IGUACU";"Transitar na contramão";"Colisão frontal";"Com Vítimas Feridas";"Pleno dia";"Crescente";"Céu Claro";"Simples";"Reta";"Sim";2;0;0;1;1;0;1;2;-22,846828;-43,605339;"SPRF-RJ";"DEL06-RJ";"UOP02-DEL06-RJ"
655987;2025-01-19;"domingo";"01:30:00";"MS";163;42;"ELDORADO";"Reação tardia ou ineficiente do condutor";"Colisão com objeto";"Sem Vítimas";"Plena Noite";"Crescente";"Céu Claro";"Simples";"Reta";"Não";1;0;0;0;1;0;0;1;-23,77140302;-54,27611382;"SPRF-MS";"DEL09-MS";"UOP02-DEL09-MS"
655988;2025-01-19;"domingo";"08:00:00";"RN";101;108,6;"PARNAMIRIM";"Acumulo de água sobre o pavimento";"Tombamento";"Com Vítimas Feridas";"Pleno dia";"Decrescente";"Chuva";"Dupla";"Declive;Reta";"Sim";2;0;1;0;0;1;1;1;-5,92825102;-35,26465683;"SPRF-RN";"DEL01-RN";"UOP01-DEL01-RN"
655989;2025-01-19;"domingo";"06:58:00";"MS";376;18,4;"FATIMA DO SUL";"Ausência de reação do condutor";"Saída de leito carroçável";"Com Vítimas Feridas";"Amanhecer";"Crescente";"Céu Claro";"Simples";"Reta";"Não";1;0;1;0;0;0;1;1;-22,32984206;-54,57225807;"SPRF-MS";"DEL04-MS";"UOP01-DEL04-MS"
655991;2025-01-19;"domingo";"08:30:00";"BA";110;169;"RIBEIRA DO POMBAL";"Ingestão de álcool pelo condutor";"Colisão lateral sentido oposto";"Com Vítimas Feridas";"Pleno dia";"Crescente";"Céu Claro";"Simples";"Reta";"Não";8;0;3;1;4;0;4;2;-10,83361802;-38,53206537;"SPRF-BA";"DEL07-BA";"UOP02-DEL07-BA"
655992;2025-01-19;"domingo";"07:00:00";"MT";174;293;"PONTES E LACERDA";"Ingestão de álcool pelo condutor";"Saída de leito carroçável";"Sem Vítimas";"Pleno dia";"Crescente";"Céu Claro";"Simples";"Aclive;Reta";"Não";1;0;0;0;1;0;0;1;-15,18889293;-59,32384877;"SPRF-MT";"DEL04-MT";"UOP01-DEL04-MT"
655993;2025-01-19;"domingo";"08:40:00";"RS";116;235;"NOVO HAMBURGO";"Ausência de reação do condutor";"Colisão traseira";"Com Vítimas Feridas";"Pleno dia";"Crescente";"Céu Claro";"Dupla";"Reta;Viaduto";"Sim";8;0;4;0;1;3;4;5;-29,66972659;-51,14309864;"SPRF-RS";"DEL01-RS";"UOP02-DEL01-RS"
655995;2025-01-19;"domingo";"03:15:00";"RJ";40;109;"DUQUE DE CAXIAS";"Velocidade Incompatível";"Capotamento";"Sem Vítimas";"Plena Noite";"Decrescente";"Céu Claro";"Dupla";"Curva";"Não";1;0;0;0;0;1;0;1;-22,67374628;-43,28638368;"SPRF-RJ";"DEL01-RJ";"UOP02-DEL01-RJ"
655996;2025-01-19;"domingo";"06:35:00";"AC";317;114;"CAPIXABA";"Reação tardia ou ineficiente do condutor";"Queda de ocupante de veículo";"Com Vítimas Feridas";"Pleno dia";"Crescente";"Nublado";"Simples";"Curva";"Não";1;0;0;1;0;0;1;1;-10,35033344;-67,68548012;"SPRF-AC";"DEL01-AC";"UOP01-DEL01-AC"
655997;2025-01-19;"domingo";"05:00:00";"PR";369;191;"ARAPONGAS";"Velocidade Incompatível";"Saída de leito carroçável";"Sem Vítimas";"Plena Noite";"Crescente";"Nublado";"Dupla";"Reta";"Não";1;0;0;0;0;1;0;1;-23,469261;-51,423604;"SPRF-PR";"DEL07-PR";"UOP03-DEL07-PR"
655998;2025-01-19;"domingo";"07:40:00";"RS";290;78;"GRAVATAI";"Manobra de mudança de faixa";"Colisão com objeto";"Com Vítimas Feridas";"Pleno dia";"Decrescente";"Sol";"Dupla";"Reta";"Sim";1;0;1;0;0;0;1;1;-29,954178;-51,037735;"SPRF-RS";"DEL01-RS";"UOP01-DEL01-RS"
656000;2025-01-19;"domingo";"08:00:00";"DF";20;2;"BRASILIA";"Velocidade Incompatível";"Saída de leito carroçável";"Com Vítimas Feridas";"Pleno dia";"Decrescente";"Céu Claro";"Dupla";"Reta";"Não";1;0;1;0;0;0;1;1;-15,682896;-47,840729;"SPRF-DF";"DEL02-DF";"UOP01-DEL02-DF"
656002;2025-01-19;"domingo";"08:45:00";"PR";116;4;"CAMPINA GRANDE DO SUL";"Reação tardia ou ineficiente do condutor";"Saída de leito carroçável";"Sem Vítimas";"Pleno dia";"Crescente";"Chuva";"Dupla";"Curva;Interseção de Vias";"Sim";2;0;0;0;2;0;0;1;-25,36155186;-49,07996065;"SPRF-PR";"DEL01-PR";"UOP02-DEL01-PR"
656004;2025-01-19;"domingo";"07:00:00";"SC";470;20;"ILHOTA";"Manobra de mudança de faixa";"Colisão lateral mesmo sentido";"Com Vítimas Feridas";"Pleno dia";"Decrescente";"Céu Claro";"Dupla";"Curva";"Não";2;0;1;0;1;0;1;2;-26,870115;-48,820484;"SPRF-SC";"DEL04-SC";"UOP04-DEL04-SC"
656005;2025-01-19;"domingo";"07:50:00";"PR";153;501,9;"GENERAL CARNEIRO";"Reação tardia ou ineficiente do condutor";"Capotamento";"Sem Vítimas";"Pleno dia";"Crescente";"Sol";"Simples";"Reta";"Não";1;0;0;0;1;0;0;1;-26,50498883;-51,34906769;"SPRF-PR";"DEL02-PR";"UOP03-DEL02-PR"
656006;2025-01-19;"domingo";"10:10:00";"CE";116;174;"RUSSAS";"Acessar a via sem observar a presença dos outros veículos";"Colisão transversal";"Com Vítimas Feridas";"Pleno dia";"Crescente";"Nublado";"Simples";"Reta";"Sim";3;0;2;0;1;0;2;2;-5,01213088;-38,05022419;"SPRF-CE";"DEL03-CE";"UOP01-DEL03-CE"
656008;2025-01-19;"domingo";"09:43:00";"PB";101;1,7;"MATARACA";"Velocidade Incompatível";"Colisão com objeto";"Com Vítimas Feridas";"Pleno dia";"Decrescente";"Garoa/Chuvisco";"Dupla";"Reta;Interseção de Vias";"Não";2;0;1;0;1;0;1;1;-6,51423092;-35,11133633;"SPRF-PB";"DEL01-PB";"UOP04-DEL01-PB"
656011;2025-01-19;"domingo";"10:30:00";"PR";476;145;"CURITIBA";"Velocidade Incompatível";"Saída de leito carroçável";"Sem Vítimas";"Pleno dia";"Crescente";"Chuva";"Dupla";"Curva";"Não";1;0;0;0;1;0;0;1;-25,547749;-49,32095;"SPRF-PR";"DEL01-PR";"UOP06-DEL01-PR"
656012;2025-01-19;"domingo";"11:00:00";"PR";116;126;"FAZENDA RIO GRANDE";"Condutor desrespeitou a iluminação vermelha do semáforo";"Colisão transversal";"Com Vítimas Feridas";"Pleno dia";"Crescente";"Nublado";"Dupla";"Retorno Regulamentado;Interseção de Vias";"Sim";4;0;1;0;3;0;1;2;-25,60389895;-49,31824423;"SPRF-PR";"DEL01-PR";"UOP03-DEL01-PR"
656013;2025-01-19;"domingo";"11:30:00";"PR";277;134;"CAMPO LARGO";"Reação tardia ou ineficiente do condutor";"Colisão com objeto";"Sem Vítimas";"Pleno dia";"Decrescente";"Chuva";"Dupla";"Curva";"Não";1;0;0;0;1;0;0;1;-25,468;-49,6239;"SPRF-PR";"DEL03-PR";"UOP03-DEL03-PR"
656014;2025-01-19;"domingo";"11:20:00";"RJ";101;308;"SAO GONCALO";"Avarias e/ou desgaste excessivo no pneu";"Tombamento";"Com Vítimas Feridas";"Pleno dia";"Crescente";"Céu Claro";"Dupla";"Reta";"Sim";2;0;0;2;0;0;2;1;-22,79446115;-43,03246021;"SPRF-RJ";"DEL02-RJ";"UOP02-DEL02-RJ"
656015;2025-01-19;"domingo";"10:05:00";"PR";163;82,6;"PLANALTO";"Acessar a via sem observar a presença dos outros veículos";"Colisão transversal";"Sem Vítimas";"Pleno dia";"Crescente";"Céu Claro";"Simples";"Interseção de Vias;Reta";"Não";2;0;0;0;2;0;0;2;-25,71199046;-53,77547264;"SPRF-PR";"DEL02-PR";"UOP02-DEL02-PR"
656017;2025-01-19;"domingo";"11:30:00";"SE";235;5,3;"NOSSA SENHORA DO SOCORRO";"Condutor deixou de manter distância do veículo da frente";"Colisão traseira";"Com Vítimas Feridas";"Pleno dia";"Decrescente";"Céu Claro";"Dupla";"Reta";"Sim";2;0;1;0;1;0;1;2;-10,9041;-37,1278;"SPRF-SE";"DEL01-SE";"UOP01-DEL01-SE"
656018;2025-01-19;"domingo";"08:39:00";"SP";116;285;"ITAPECERICA DA SERRA";"Reação tardia ou ineficiente do condutor";"Colisão com objeto";"Sem Vítimas";"Pleno dia";"Crescente";"Céu Claro";"Dupla";"Reta";"Sim";1;0;0;0;0;1;0;1;-23,70407794;-46,87249709;"SPRF-SP";"DEL04-SP";"UOP01-DEL04-SP"
656019;2025-01-19;"domingo";"10:30:00";"SC";470;10;"NAVEGANTES";"Acessar a via sem observar a presença dos outros veículos";"Colisão transversal";"Com Vítimas Feridas";"Pleno dia";"Crescente";"Céu Claro";"Simples";"Interseção de Vias";"Não";2;0;1;0;1;0;1;2;-26,833693;-48,73724;"SPRF-SC";"DEL04-SC";"UOP04-DEL04-SC"
656021;2025-01-19;"domingo";"11:10:00";"SC";101;108,7;"PENHA";"Reação tardia ou ineficiente do condutor";"Colisão traseira";"Sem Vítimas";"Pleno dia";"Decrescente";"Céu Claro";"Dupla";"Reta";"Não";3;0;0;0;3;0;0;3;-26,82606902;-48,69052298;"SPRF-SC";"DEL03-SC";"UOP02-DEL03-SC"
656024;2025-01-19;"domingo";"11:30:00";"MG";381;884;"ESTIVA";"Manobra de mudança de faixa";"Colisão lateral mesmo sentido";"Com Vítimas Feridas";"Pleno dia";"Decrescente";"Céu Claro";"Dupla";"Curva";"Não";3;0;0;2;1;0;2;2;-22,4978;-46,01368;"SPRF-MG";"DEL16-MG";"UOP01-DEL16-MG"
656025;2025-01-19;"domingo";"12:20:00";"PR";116;43;"CAMPINA GRANDE DO SUL";"Chuva";"Colisão com objeto";"Com Vítimas Feridas";"Pleno dia";"Crescente";"Chuva";"Múltipla";"Aclive;Curva";"Não";2;0;2;0;0;0;2;1;-25,18101149;-48,88196442;"SPRF-PR";"DEL01-PR";"UOP02-DEL01-PR"
656026;2025-01-19;"domingo";"11:20:00";"PE";232;10,6;"JABOATAO DOS GUARARAPES";"Desrespeitar a preferência no cruzamento";"Colisão transversal";"Com Vítimas Feridas";"Pleno dia";"Crescente";"Céu Claro";"Simples";"Curva";"Sim";2;0;1;0;1;0;1;2;-8,08168576;-34,99023199;"SPRF-PE";"DEL01-PE";"UOP01-DEL01-PE"
656027;2025-01-19;"domingo";"12:55:00";"SC";101;194,4;"BIGUACU";"Objeto estático sobre o leito carroçável";"Colisão com objeto";"Com Vítimas Feridas";"Pleno dia";"Crescente";"Céu Claro";"Dupla";"Reta";"Sim";2;0;2;0;0;0;2;1;-27,49815117;-48,65661236;"SPRF-SC";"DEL01-SC";"UOP01-DEL01-SC"
656028;2025-01-19;"domingo";"09:30:00";"GO";60;177;"ABADIA DE GOIAS";"Acessar a via sem observar a presença dos outros veículos";"Saída de leito carroçável";"Sem Vítimas";"Pleno dia";"Crescente";"Garoa/Chuvisco";"Dupla";"Declive";"Não";1;0;0;0;1;0;0;1;-16,76419357;-49,46619987;"SPRF-GO";"DEL01-GO";"UOP02-DEL01-GO"
656029;2025-01-19;"domingo";"09:30:00";"PR";376;407,7;"TIBAGI";"Velocidade Incompatível";"Saída de leito carroçável";"Com Vítimas Feridas";"Pleno dia";"Decrescente";"Chuva";"Dupla";"Declive;Curva";"Não";3;0;2;1;0;0;3;1;-24,60014036;-50,66609681;"SPRF-PR";"DEL03-PR";"UOP02-DEL03-PR"
656030;2025-01-19;"domingo";"12:20:00";"RS";116;216,9;"MORRO REUTER";"Ausência de reação do condutor";"Colisão lateral mesmo sentido";"Com Vítimas Feridas";"Pleno dia";"Decrescente";"Sol";"Simples";"Rotatória";"Não";2;0;1;0;1;0;1;2;-29,54001608;-51,07711676;"SPRF-RS";"DEL05-RS";"UOP02-DEL05-RS"
656032;2025-01-19;"domingo";"12:30:00";"PR";116;39;"CAMPINA GRANDE DO SUL";"Chuva";"Colisão com objeto";"Com Vítimas Feridas";"Pleno dia";"Crescente";"Chuva";"Dupla";"Curva";"Não";3;0;2;0;1;0;2;1;-25,156168;-48,8613401;"SPRF-PR";"DEL01-PR";"UOP02-DEL01-PR"
656034;2025-01-19;"domingo";"10:45:00";"SC";282;412,3;"CATANDUVAS";"Ausência de reação do condutor";"Capotamento";"Com Vítimas Feridas";"Pleno dia";"Decrescente";"Sol";"Simples";"Aclive;Curva";"Não";1;0;0;1;0;0;1;1;-27,05813212;-51,68372154;"SPRF-SC";"DEL07-SC";"UOP05-DEL07-SC"
656035;2025-01-19;"domingo";"12:50:00";"PR";277;332,9;"GUARAPUAVA";"Ausência de reação do condutor";"Saída de leito carroçável";"Sem Vítimas";"Pleno dia";"Crescente";"Nublado";"Dupla";"Aclive;Curva";"Não";1;0;0;0;0;1;0;1;-25,34585183;-51,38476902;"SPRF-PR";"DEL08-PR";"UOP01-DEL08-PR"
656039;2025-01-19;"domingo";"14:00:00";"MG";381;327;"NOVA ERA";"Velocidade Incompatível";"Saída de leito carroçável";"Com Vítimas Feridas";"Pleno dia";"Decrescente";"Sol";"Dupla";"Declive;Curva;Interseção de Vias";"Não";1;0;1;0;0;0;1;1;-19,76723696;-43,04699067;"SPRF-MG";"DEL03-MG";"UOP02-DEL03-MG"
656040;2025-01-19;"domingo";"12:15:00";"PR";116;46,9;"CAMPINA GRANDE DO SUL";"Chuva";"Saída de leito carroçável";"Sem Vítimas";"Pleno dia";"Decrescente";"Chuva";"Dupla";"Curva";"Não";2;0;0;0;2;0;0;1;-25,21045;-48,897033;"SPRF-PR";"DEL01-PR";"UOP02-DEL01-PR"
656042;2025-01-19;"domingo";"13:23:00";"PE";408;98;"RECIFE";"Mal súbito do condutor";"Saída de leito carroçável";"Com Vítimas Feridas";"Pleno dia";"Crescente";"Sol";"Dupla";"Reta";"Não";2;0;2;0;0;0;2;1;-8,03598572;-35,03218461;"SPRF-PE";"DEL01-PE";"UOP01-DEL01-PE"
656044;2025-01-19;"domingo";"09:00:00";"RJ";101;487;"ANGRA DOS REIS";"Ausência de reação do condutor";"Colisão traseira";"Com Vítimas Feridas";"Pleno dia";"Decrescente";"Sol";"Simples";"Curva";"Sim";3;0;1;0;2;0;1;3;-22,96828891;-44,29864663;"SPRF-RJ";"DEL03-RJ";"UOP03-DEL03-RJ"
656045;2025-01-19;"domingo";"13:50:00";"MG";40;678,2;"CARANDAI";"Condutor Dormindo";"Saída de leito carroçável";"Com Vítimas Feridas";"Pleno dia";"Crescente";"Céu Claro";"Simples";"Curva";"Não";2;0;2;0;0;0;2;1;-21,02723689;-43,78274886;"SPRF-MG";"DEL05-MG";"UOP02-DEL05-MG"