"id";"data_inversa";"dia_semana";"horario";"uf";"br";"km";"municipio";"causa_acidente";"tipo_acidente";"classificacao_acidente";"fase_dia";"sentido_via";"condicao_metereologica";"tipo_pista";"tracado_via";"uso_solo";"pessoas";"mortos";"feridos_leves";"feridos_graves";"ilesos";"ignorados";"feridos";"veiculos";"latitude";"longitude";"regional";"delegacia";"uop"
656047;2025-01-19;"domingo";"10:20:00";"BA";116;818;"VITORIA DA CONQUISTA";"Manobra de mudança de faixa";"Colisão lateral mesmo sentido";"Com Vítimas Feridas";"Pleno dia";"Decrescente";"Nublado";"Simples";"Reta";"Sim";3;0;2;0;1;0;2;2;-14,8262;-40,8237;"SPRF-BA";"DEL08-BA";"UOP01-DEL08-BA"
656048;2025-01-19;"domingo";"12:30:00";"MS";267;17,3;"BATAGUASSU";"Demais falhas mecânicas ou elétricas";"Queda de ocupante de veículo";"Com Vítimas Feridas";"Pleno dia";"Decrescente";"Sol";"Simples";"Reta";"Não";3;0;2;0;0;1;2;2;-21,72576167;-52,29571101;"SPRF-MS";"DEL02-MS";"UOP04-DEL02-MS"
656053;2025-01-19;"domingo";"15:25:00";"SP";116;213;"GUARULHOS";"Velocidade Incompatível";"Colisão traseira";"Sem Vítimas";"Pleno dia";"Crescente";"Céu Claro";"Simples";"Reta";"Sim";3;0;0;0;3;0;0;3;-23,43971486;-46,43667806;"SPRF-SP";"DEL01-SP";"UOP01-DEL01-SP"
656057;2025-01-19;"domingo";"15:40:00";"MG";381;501;"BETIM";"Condutor deixou de manter distância do veículo da frente";"Colisão traseira";"Com Vítimas Feridas";"Pleno dia";"Decrescente";"Céu Claro";"Dupla";"Declive;Reta";"Sim";2;0;1;0;1;0;1;2;-20,03146447;-44,2377893;"SPRF-MG";"DEL01-MG";"UOP03-DEL01-MG"
656058;2025-01-19;"domingo";"15:50:00";"PA";316;64;"CASTANHAL";"Ausência de reação do condutor";"Colisão traseira";"Com Vítimas Feridas";"Pleno dia";"Crescente";"Nublado";"Dupla";"Reta";"Sim";2;0;1;0;1;0;1;2;-1,29629557;-47,91983997;"SPRF-PA";"DEL01-PA";"UOP01-DEL01-PA"
656059;2025-01-19;"domingo";"12:43:00";"AM";319;705,8;"HUMAITA";"Problema com o freio";"Saída de leito carroçável";"Com Vítimas Feridas";"Pleno dia";"Decrescente";"Céu Claro";"Simples";"Reta";"Não";1;0;1;0;0;0;1;1;-7,76048994;-63,14450712;"SPRF-AM";"DEL01-AM";"UOP05-DEL01-AM"
656060;2025-01-19;"domingo";"16:15:00";"SP";381;10;"VARGEM";"Acumulo de água sobre o pavimento";"Queda de ocupante de veículo";"Com Vítimas Feridas";"Pleno dia";"Crescente";"Nublado";"Dupla";"Curva;Interseção de Vias";"Sim";1;0;1;0;0;0;1;1;-22,92240388;-46,44345503;"SPRF-SP";"DEL03-SP";"UOP02-DEL03-SP"
656061;2025-01-19;"domingo";"13:47:00";"GO";153;659,8;"GOIATUBA";"Acumulo de água sobre o pavimento";"Tombamento";"Com Vítimas Feridas";"Pleno dia";"Crescente";"Chuva";"Simples";"Viaduto";"Não";1;0;1;0;0;0;1;1;-18,0464096;-49,26830649;"SPRF-GO";"DEL03-GO";"UOP01-DEL03-GO"
656063;2025-01-19;"domingo";"15:08:00";"SP";116;108;"TAUBATE";"Manobra de mudança de faixa";"Colisão lateral mesmo sentido";"Com Vítimas Feridas";"Pleno dia";"Crescente";"Nublado";"Dupla";"Reta";"Sim";3;0;2;0;1;0;2;2;-23,0233097;-45,53763622;"SPRF-SP";"DEL02-SP";"UOP02-DEL02-SP"
656064;2025-01-19;"domingo";"15:00:00";"PI";316;199;"VALENCA DO PIAUI";"Reação tardia ou ineficiente do condutor";"Queda de ocupante de veículo";"Com Vítimas Feridas";"Pleno dia";"Decrescente";"Garoa/Chuvisco";"Simples";"Reta";"Não";1;0;0;1;0;0;1;1;-6,32041515;-41,83796517;"SPRF-PI";"DEL04-PI";"UOP02-DEL04-PI"
656065;2025-01-19;"domingo";"16:10:00";"RN";110;111,5;"AUGUSTO SEVERO";"Pista Escorregadia";"Capotamento";"Com Vítimas Feridas";"Pleno dia";"Decrescente";"Chuva";"Simples";"Curva";"Não";1;0;1;0;0;0;1;1;-5,725418;-37,301548;"SPRF-RN";"DEL04-RN";"UOP01-DEL04-RN"
656066;2025-01-19;"domingo";"15:55:00";"SC";470;139;"RIO DO SUL";"Ingestão de álcool pelo condutor";"Tombamento";"Com Vítimas Feridas";"Pleno dia";"Decrescente";"Céu Claro";"Simples";"Reta";"Sim";1;0;1;0;0;0;1;1;-27,217564;-49,65461;"SPRF-SC";"DEL04-SC";"UOP02-DEL04-SC"
656067;2025-01-19;"domingo";"15:00:00";"MG";381;908;"CAMBUI";"Velocidade Incompatível";"Saída de leito carroçável";"Com Vítimas Feridas";"Pleno dia";"Decrescente";"Chuva";"Dupla";"Curva;Declive";"Não";4;0;1;1;2;0;2;1;-22,71744092;-46,12652111;"SPRF-MG";"DEL16-MG";"UOP03-DEL16-MG"
656068;2025-01-19;"domingo";"16:20:00";"RS";290;144,4;"ELDORADO DO SUL";"Reação tardia ou ineficiente do condutor";"Colisão frontal";"Com Vítimas Feridas";"Pleno dia";"Crescente";"Sol";"Simples";"Reta";"Não";5;0;3;2;0;0;5;2;-30,096939;-51,647282;"SPRF-RS";"DEL02-RS";"UOP01-DEL02-RS"
656069;2025-01-19;"domingo";"16:45:00";"RS";290;1;"OSORIO";"Reação tardia ou ineficiente do condutor";"Colisão traseira";"Sem Vítimas";"Pleno dia";"Crescente";"Céu Claro";"Múltipla";"Reta";"Não";2;0;0;0;2;0;0;2;-29,894957;-50,286026;"SPRF-RS";"DEL03-RS";"UOP01-DEL03-RS"
656070;2025-01-19;"domingo";"16:40:00";"PB";101;42,4;"MAMANGUAPE";"Demais falhas mecânicas ou elétricas";"Colisão lateral mesmo sentido";"Com Vítimas Feridas";"Pleno dia";"Decrescente";"Céu Claro";"Dupla";"Reta";"Não";3;0;3;0;0;0;3;2;-6,856615;-35,13444297;"SPRF-PB";"DEL01-PB";"UOP04-DEL01-PB"
656073;2025-01-19;"domingo";"14:15:00";"PR";376;445,3;"TIBAGI";"Chuva";"Saída de leito carroçável";"Com Vítimas Feridas";"Pleno dia";"Crescente";"Chuva";"Dupla";"Curva;Declive";"Não";3;0;3;0;0;0;3;1;-24,84947954;-50,47309757;"SPRF-PR";"DEL03-PR";"UOP02-DEL03-PR"
656075;2025-01-19;"domingo";"16:31:00";"PE";104;68;"CARUARU";"Ausência de reação do condutor";"Colisão traseira";"Com Vítimas Feridas";"Pleno dia";"Crescente";"Céu Claro";"Dupla";"Reta";"Sim";2;0;1;0;1;0;1;2;-8,3107;-35,9904;"SPRF-PE";"DEL02-PE";"UOP01-DEL02-PE"
656076;2025-01-19;"domingo";"17:00:00";"MG";381;505;"BETIM";"Ausência de reação do condutor";"Engavetamento";"Com Vítimas Feridas";"Pleno dia";"Decrescente";"Céu Claro";"Dupla";"Aclive;Reta";"Não";5;0;1;0;4;0;1;4;-20,04478441;-44,27276484;"SPRF-MG";"DEL01-MG";"UOP03-DEL01-MG"
656077;2025-01-19;"domingo";"16:55:00";"MA";10;259;"IMPERATRIZ";"Ingestão de álcool pelo condutor";"Tombamento";"Com Vítimas Feridas";"Pleno dia";"Crescente";"Céu Claro";"Simples";"Reta;Declive";"Sim";1;0;0;1;0;0;1;1;-5,472474;-47,472221;"SPRF-MA";"DEL04-MA";"UOP01-DEL04-MA"
656079;2025-01-19;"domingo";"15:30:00";"MG";381;924,8;"CAMANDUCAIA";"Velocidade Incompatível";"Colisão com objeto";"Com Vítimas Feridas";"Pleno dia";"Crescente";"Chuva";"Dupla";"Curva";"Não";4;0;4;0;0;0;4;1;-22,77050246;-46,23490598;"SPRF-MG";"DEL16-MG";"UOP03-DEL16-MG"
656081;2025-01-19;"domingo";"17:10:00";"RJ";101;427;"MANGARATIBA";"Transitar no Acostamento";"Colisão transversal";"Com Vítimas Feridas";"Pleno dia";"Decrescente";"Céu Claro";"Dupla";"Retorno Regulamentado;Interseção de Vias;Reta;Rotatória";"Não";4;0;1;0;3;0;1;3;-22,93154625;-43,98133788;"SPRF-RJ";"DEL03-RJ";"UOP02-DEL03-RJ"
656082;2025-01-19;"domingo";"17:00:00";"RJ";40;25;"TRES RIOS";"Velocidade Incompatível";"Colisão com objeto";"Com Vítimas Feridas";"Pleno dia";"Crescente";"Céu Claro";"Dupla";"Reta;Declive";"Sim";3;0;2;0;1;0;2;2;-22,14680002;-43,15810757;"SPRF-RJ";"DEL05-RJ";"UOP02-DEL05-RJ"
656083;2025-01-19;"domingo";"13:00:00";"SC";470;115;"IBIRAMA";"Reação tardia ou ineficiente do condutor";"Queda de ocupante de veículo";"Com Vítimas Feridas";"Pleno dia";"Decrescente";"Céu Claro";"Simples";"Curva";"Não";1;0;1;0;0;0;1;1;-27,086386;-49,478001;"SPRF-SC";"DEL04-SC";"UOP02-DEL04-SC"
656084;2025-01-19;"domingo";"17:12:00";"PB";230;23,1;"JOAO PESSOA";"Trafegar com motocicleta (ou similar) entre as faixas";"Colisão traseira";"Com Vítimas Feridas";"Anoitecer";"Crescente";"Nublado";"Dupla";"Reta";"Sim";2;0;0;2;0;0;2;2;-7,1577916;-34,8583138;"SPRF-PB";"DEL01-PB";"UOP01-DEL01-PB"
656085;2025-01-19;"domingo";"17:59:00";"PB";101;89,7;"JOAO PESSOA";"Ingestão de álcool pelo condutor";"Colisão lateral mesmo sentido";"Com Vítimas Feridas";"Plena Noite";"Crescente";"Céu Claro";"Dupla";"Reta";"Sim";3;0;0;1;2;0;1;2;-7,1710694;-34,89765372;"SPRF-PB";"DEL01-PB";"UOP02-DEL01-PB"
656086;2025-01-19;"domingo";"15:10:00";"SC";280;166,7;"MAFRA";"Ausência de reação do condutor";"Colisão traseira";"Com Vítimas Feridas";"Pleno dia";"Crescente";"Céu Claro";"Simples";"Reta";"Não";4;0;2;0;2;0;2;1;-26,17713619;-49,81611416;"SPRF-SC";"DEL06-SC";"UOP01-DEL06-SC"
656088;2025-01-19;"domingo";"11:45:00";"SC";280;133;"RIO NEGRINHO";"Demais falhas mecânicas ou elétricas";"Incêndio";"Sem Vítimas";"Pleno dia";"Crescente";"Nublado";"Simples";"Declive;Reta";"Não";1;0;0;0;1;0;0;1;-26,268433;-49,555073;"SPRF-SC";"DEL06-SC";"UOP03-DEL06-SC"
656089;2025-01-19;"domingo";"17:30:00";"GO";40;12;"LUZIANIA";"Chuva";"Eventos atípicos";"Com Vítimas Feridas";"Pleno dia";"Decrescente";"Chuva";"Dupla";"Reta";"Sim";2;0;1;0;1;0;1;2;-16,145123;-47,945382;"SPRF-DF";"DEL01-DF";"UOP01-DEL01-DF"
656092;2025-01-19;"domingo";"17:48:00";"PE";101;49;"ABREU E LIMA";"Reação tardia ou ineficiente do condutor";"Colisão traseira";"Sem Vítimas";"Plena Noite";"Crescente";"Céu Claro";"Múltipla";"Declive;Reta";"Sim";2;0;0;0;2;0;0;2;-7,9005152;-34,90180641;"SPRF-PE";"DEL01-PE";"UOP02-DEL01-PE"
656093;2025-01-19;"domingo";"17:45:00";"MG";40;644,9;"CONSELHEIRO LAFAIETE";"Velocidade Incompatível";"Saída de leito carroçável";"Com Vítimas Feridas";"Pleno dia";"Crescente";"Céu Claro";"Simples";"Reta";"Não";2;0;1;1;0;0;2;1;-20,77352989;-43,80923618;"SPRF-MG";"DEL05-MG";"UOP02-DEL05-MG"
656095;2025-01-19;"domingo";"17:50:00";"RJ";356;171;"SAO JOAO DA BARRA";"Ausência de reação do condutor";"Colisão traseira";"Com Vítimas Feridas";"Anoitecer";"Crescente";"Céu Claro";"Simples";"Reta";"Sim";7;0;1;0;6;0;1;2;-21,71837554;-41,069719;"SPRF-RJ";"DEL08-RJ";"UOP02-DEL08-RJ"
656096;2025-01-19;"domingo";"17:15:00";"MG";50;172;"UBERABA";"Ingestão de álcool pelo condutor";"Saída de leito carroçável";"Com Vítimas Feridas";"Pleno dia";"Crescente";"Céu Claro";"Simples";"Aclive;Interseção de Vias";"Sim";1;0;1;0;0;0;1;1;-19,75402507;-47,98051917;"SPRF-MG";"DEL13-MG";"UOP01-DEL13-MG"
656097;2025-01-19;"domingo";"14:05:00";"BA";367;30;"PORTO SEGURO";"Acessar a via sem observar a presença dos outros veículos";"Colisão transversal";"Com Vítimas Feridas";"Pleno dia";"Crescente";"Céu Claro";"Simples";"Interseção de Vias";"Não";2;0;0;1;1;0;1;2;-16,41558116;-39,12658393;"SPRF-BA";"DEL09-BA";"UOP03-DEL09-BA"
656098;2025-01-19;"domingo";"15:40:00";"RJ";116;261;"PINHEIRAL";"Ausência de reação do condutor";"Saída de leito carroçável";"Com Vítimas Feridas";"Pleno dia";"Decrescente";"Garoa/Chuvisco";"Dupla";"Reta";"Não";2;0;2;0;0;0;2;1;-22,58476877;-44,05026905;"SPRF-RJ";"DEL07-RJ";"UOP02-DEL07-RJ"
656099;2025-01-19;"domingo";"18:00:00";"ES";101;357,9;"ANCHIETA";"Reação tardia ou ineficiente do condutor";"Colisão traseira";"Com Vítimas Feridas";"Anoitecer";"Crescente";"Céu Claro";"Dupla";"Reta;Aclive";"Não";3;0;1;0;2;0;1;2;-20,691717;-40,704254;"SPRF-ES";"DEL03-ES";"UOP01-DEL03-ES"
656100;2025-01-19;"domingo";"18:00:00";"PI";343;345;"TERESINA";"Reação tardia ou ineficiente do condutor";"Colisão traseira";"Com Vítimas Feridas";"Plena Noite";"Crescente";"Ignorado";"Simples";"Reta";"Sim";2;0;1;0;1;0;1;2;-5,102889;-42,766506;"SPRF-PI";"DEL01-PI";"UOP01-DEL01-PI"
656101;2025-01-03;"sexta-feira";"19:15:00";"BA";324;592;"CANDEIAS";"Reação tardia ou ineficiente do condutor";"Colisão lateral mesmo sentido";"Com Vítimas Feridas";"Plena Noite";"Crescente";"Céu Claro";"Dupla";"Reta";"Não";2;0;2;0;0;0;2;2;-12,69021804;-38,46568118;"SPRF-BA";"DEL01-BA";"UOP01-DEL01-BA"
656102;2025-01-19;"domingo";"17:45:00";"RS";470;160;"NOVA PRATA";"Ausência de reação do condutor";"Colisão lateral mesmo sentido";"Sem Vítimas";"Pleno dia";"Crescente";"Céu Claro";"Simples";"Retorno Regulamentado;Reta";"Não";5;0;0;0;5;0;0;2;-28,81066741;-51,60061401;"SPRF-RS";"DEL06-RS";"UOP02-DEL06-RS"
656103;2025-01-19;"domingo";"17:30:00";"AL";101;129;"SAO MIGUEL DOS CAMPOS";"Ausência de reação do condutor";"Colisão traseira";"Com Vítimas Feridas";"Anoitecer";"Crescente";"Céu Claro";"Dupla";"Reta";"Não";2;0;1;0;1;0;1;2;-9,76239395;-36,07240677;"SPRF-AL";"DEL02-AL";"UOP01-DEL02-AL"
656104;2025-01-19;"domingo";"15:50:00";"MG";267;122;"JUIZ DE FORA";"Acessar a via sem observar a presença dos outros veículos";"Colisão lateral mesmo sentido";"Com Vítimas Feridas";"Pleno dia";"Decrescente";"Chuva";"Simples";"Reta";"Não";3;0;3;0;0;0;3;2;-21,71024166;-43,49328265;"SPRF-MG";"DEL05-MG";"UOP01-DEL05-MG"
656105;2025-01-19;"domingo";"18:28:00";"PE";232;5;"RECIFE";"Ausência de reação do condutor";"Colisão traseira";"Com Vítimas Feridas";"Anoitecer";"Decrescente";"Céu Claro";"Dupla";"Reta";"Sim";3;0;2;0;1;0;2;2;-8,06795766;-34,94535414;"SPRF-PE";"DEL01-PE";"UOP01-DEL01-PE"
656106;2025-01-19;"domingo";"16:15:00";"RS";290;176,9;"BUTIA";"Acessar a via sem observar a presença dos outros veículos";"Colisão transversal";"Com Vítimas Feridas";"Pleno dia";"Crescente";"Sol";"Simples";"Interseção de Vias";"Sim";5;0;4;0;1;0;4;2;-30,131086;-51,972031;"SPRF-RS";"DEL02-RS";"UOP03-DEL02-RS"
656107;2025-01-19;"domingo";"13:30:00";"RJ";465;15;"SEROPEDICA";"Trafegar com motocicleta (ou similar) entre as faixas";"Colisão transversal";"Com Vítimas Feridas";"Pleno dia";"Decrescente";"Céu Claro";"Simples";"Reta";"Sim";2;0;2;0;0;0;2;2;-22,810925;-43,631504;"SPRF-RJ";"DEL06-RJ";"UOP02-DEL06-RJ"
656108;2025-01-19;"domingo";"19:20:00";"SC";282;16;"PALHOCA";"Acessar a via sem observar a presença dos outros veículos";"Colisão transversal";"Com Vítimas Feridas";"Plena Noite";"Crescente";"Nublado";"Simples";"Reta";"Sim";2;0;1;0;1;0;1;2;-27,658611;-48,681847;"SPRF-SC";"DEL01-SC";"UOP02-DEL01-SC"
656110;2025-01-19;"domingo";"16:08:00";"PR";369;453;"CORBELIA";"Demais falhas mecânicas ou elétricas";"Saída de leito carroçável";"Com Vítimas Feridas";"Pleno dia";"Crescente";"Céu Claro";"Simples";"Aclive;Reta";"Não";5;0;5;0;0;0;5;1;-24,5828031;-53,1672902;"SPRF-PR";"DEL04-PR";"UOP03-DEL04-PR"
656111;2025-01-19;"domingo";"18:00:00";"MS";163;372,5;"NOVA ALVORADA DO SUL";"Ingestão de álcool pelo condutor";"Saída de leito carroçável";"Sem Vítimas";"Anoitecer";"Decrescente";"Nublado";"Dupla";"Reta";"Não";2;0;0;0;0;2;0;1;-21,40851284;-54,39788682;"SPRF-MS";"DEL02-MS";"UOP01-DEL02-MS"
656112;2025-01-19;"domingo";"19:50:00";"GO";60;11;"SANTO ANTONIO DO DESCOBERTO";"Ingestão de álcool pelo condutor";"Colisão lateral mesmo sentido";"Sem Vítimas";"Plena Noite";"Decrescente";"Céu Claro";"Dupla";"Reta";"Não";4;0;0;0;4;0;0;2;-16,11617686;-48,32330704;"SPRF-DF";"DEL03-DF";"UOP01-DEL03-DF"
656113;2025-01-19;"domingo";"17:45:00";"SC";116;173,5;"SAO CRISTOVAO DO SUL";"Avarias e/ou desgaste excessivo no pneu";"Capotamento";"Sem Vítimas";"Pleno dia";"Crescente";"Chuva";"Simples";"Curva";"Não";1;0;0;0;1;0;0;1;-27,21941717;-50,46323405;"SPRF-SC";"DEL05-SC";"UOP03-DEL05-SC"
656114;2025-01-19;"domingo";"19:00:00";"RO";364;710;"PORTO VELHO";"Pedestre - Ingestão de álcool/ substâncias psicoativas";"Queda de ocupante de veículo";"Com Vítimas Feridas";"Plena Noite";"Crescente";"Céu Claro";"Múltipla";"Reta";"Sim";1;0;0;1;0;0;1;1;-8,78621576;-63,85712687;"SPRF-RO";"DEL01-RO";"UOP01-DEL01-RO"
656115;2025-01-19;"domingo";"18:54:00";"ES";101;274,4;"SERRA";"Demais falhas mecânicas ou elétricas";"Incêndio";"Sem Vítimas";"Plena Noite";"Decrescente";"Céu Claro";"Simples";"Reta";"Não";1;0;0;0;1;0;0;1;-20,21288515;-40,29612219;"SPRF-ES";"DEL02-ES";"UOP01-DEL02-ES"
656116;2025-01-19;"domingo";"20:20:00";"SC";282;5,6;"SAO JOSE";"Velocidade Incompatível";"Tombamento";"Com Vítimas Feridas";"Plena Noite";"Crescente";"Chuva";"Múltipla";"Curva;Declive";"Não";3;0;2;0;1;0;2;3;-27,588425;-48,612919;"SPRF-SC";"DEL01-SC";"UOP01-DEL01-SC"
656117;2025-01-19;"domingo";"18:00:00";"MG";262;769;"UBERABA";"Reação tardia ou ineficiente do condutor";"Saída de leito carroçável";"Sem Vítimas";"Anoitecer";"Decrescente";"Céu Claro";"Simples";"Reta";"Não";1;0;0;0;1;0;0;1;-19,68962491;-47,6839242;"SPRF-MG";"DEL13-MG";"UOP01-DEL13-MG"
656118;2025-01-19;"domingo";"19:20:00";"MA";135;18;"SAO LUIS";"Entrada inopinada do pedestre";"Atropelamento de Pedestre";"Com Vítimas Feridas";"Plena Noite";"Crescente";"Céu Claro";"Simples";"Curva;Aclive";"Não";5;0;0;1;2;2;1;2;-2,53073;-44,3068;"SPRF-MA";"DEL01-MA";"UOP01-DEL01-MA"
656120;2025-01-19;"domingo";"20:25:00";"SE";235;112;"CARIRA";"Ingestão de álcool pelo condutor";"Colisão traseira";"Sem Vítimas";"Plena Noite";"Crescente";"Céu Claro";"Simples";"Reta";"Não";3;0;0;0;1;2;0;3;-10,33242;-37,724377;"SPRF-SE";"DEL01-SE";"UOP02-DEL01-SE"
656122;2025-01-19;"domingo";"19:00:00";"PI";343;23;"PARNAIBA";"Pedestre andava na pista";"Atropelamento de Pedestre";"Com Vítimas Fatais";"Plena Noite";"Crescente";"Garoa/Chuvisco";"Simples";"Reta";"Sim";2;1;0;0;0;1;0;2;-3,007861;-41,767223;"SPRF-PI";"DEL05-PI";"UOP01-DEL05-PI"
656123;2025-01-19;"domingo";"19:40:00";"AL";316;230,9;"ATALAIA";"Pedestre andava na pista";"Atropelamento de Pedestre";"Com Vítimas Fatais";"Plena Noite";"Crescente";"Nublado";"Simples";"Reta";"Não";2;1;1;0;0;0;1;2;-9,49432498;-36,118797;"SPRF-AL";"DEL01-AL";"UOP01-DEL01-AL"
656124;2025-01-19;"domingo";"20:15:00";"SP";116;225,9;"GUARULHOS";"Manobra de mudança de faixa";"Colisão lateral mesmo sentido";"Com Vítimas Feridas";"Plena Noite";"Decrescente";"Nublado";"Múltipla";"Reta;Em Obras";"Sim";2;0;0;1;1;0;1;2;-23,48586772;-46,54075317;"SPRF-SP";"DEL01-SP";"UOP01-DEL01-SP"
656125;2025-01-19;"domingo";"08:00:00";"SC";101;126;"ITAJAI";"Reação tardia ou ineficiente do condutor";"Saída de leito carroçável";"Com Vítimas Feridas";"Pleno dia";"Crescente";"Nublado";"Dupla";"Curva";"Não";1;0;1;0;0;0;1;1;-26,95564404;-48,67978366;"SPRF-SC";"DEL04-SC";"UOP04-DEL04-SC"
656126;2025-01-19;"domingo";"21:00:00";"RN";304;284;"MACAIBA";"Estacionar ou parar em local proibido";"Colisão traseira";"Com Vítimas Feridas";"Plena Noite";"Decrescente";"Céu Claro";"Dupla";"Reta;Viaduto";"Não";2;0;0;1;1;0;1;2;-5,87912197;-35,45510001;"SPRF-RN";"DEL01-RN";"UOP02-DEL01-RN"
656127;2025-01-19;"domingo";"16:20:00";"RO";364;704;"PORTO VELHO";"Ausência de reação do condutor";"Queda de ocupante de veículo";"Com Vítimas Feridas";"Pleno dia";"Crescente";"Céu Claro";"Dupla";"Reta";"Não";2;0;1;0;1;0;1;1;-8,80032739;-63,804543;"SPRF-RO";"DEL01-RO";"UOP01-DEL01-RO"
656128;2025-01-19;"domingo";"19:55:00";"BA";116;672;"JEQUIE";"Ingestão de álcool pelo condutor";"Colisão traseira";"Com Vítimas Feridas";"Plena Noite";"Decrescente";"Céu Claro";"Simples";"Reta";"Sim";3;0;2;0;0;1;2;2;-13,79970305;-40,11130458;"SPRF-BA";"DEL03-BA";"UOP01-DEL03-BA"
656129;2025-01-19;"domingo";"16:40:00";"RJ";40;101;"DUQUE DE CAXIAS";"Ausência de reação do condutor";"Colisão com objeto";"Com Vítimas Feridas";"Pleno dia";"Crescente";"Nublado";"Dupla";"Reta";"Não";2;0;1;1;0;0;2;1;-22,60246485;-43,28380739;"SPRF-RJ";"DEL01-RJ";"UOP01-DEL01-RJ"
656130;2025-01-19;"domingo";"21:00:00";"SC";280;67,2;"JARAGUA DO SUL";"Desrespeitar a preferência no cruzamento";"Colisão transversal";"Com Vítimas Feridas";"Plena Noite";"Crescente";"Nublado";"Simples";"Interseção de Vias";"Sim";2;0;1;1;0;0;2;2;-26,4775146;-49,10363575;"SPRF-SC";"DEL03-SC";"UOP03-DEL03-SC"
656131;2025-01-19;"domingo";"20:45:00";"RS";470;220;"BENTO GONCALVES";"Acessar a via sem observar a presença dos outros veículos";"Colisão transversal";"Com Vítimas Feridas";"Plena Noite";"Crescente";"Nublado";"Dupla";"Reta";"Sim";6;0;4;0;2;0;4;2;-29,18739172;-51,52056521;"SPRF-RS";"DEL06-RS";"UOP01-DEL06-RS"
656132;2025-01-19;"domingo";"20:10:00";"BA";367;79,7;"EUNAPOLIS";"Reação tardia ou ineficiente do condutor";"Saída de leito carroçável";"Com Vítimas Feridas";"Plena Noite";"Crescente";"Céu Claro";"Simples";"Curva";"Não";1;0;1;0;0;0;1;1;-16,36747588;-39,53590602;"SPRF-BA";"DEL09-BA";"UOP03-DEL09-BA"
656133;2025-01-19;"domingo";"18:30:00";"PE";316;11,5;"ARARIPINA";"Ingestão de álcool pelo condutor";"Colisão transversal";"Sem Vítimas";"Plena Noite";"Crescente";"Nublado";"Simples";"Reta";"Sim";2;0;0;0;1;1;0;2;-7,49666371;-40,5842486;"SPRF-PE";"DEL05-PE";"UOP02-DEL05-PE"
656134;2025-01-19;"domingo";"19:55:00";"MG";262;22,1;"REDUTO";"Problema com o freio";"Saída de leito carroçável";"Com Vítimas Fatais";"Plena Noite";"Crescente";"Céu Claro";"Simples";"Curva;Declive";"Não";5;2;0;3;0;0;3;1;-20,24575292;-41,92502101;"SPRF-MG";"DEL06-MG";"UOP03-DEL06-MG"
656135;2025-01-19;"domingo";"16:15:00";"MS";376;13;"DOURADOS";"Reação tardia ou ineficiente do condutor";"Colisão traseira";"Com Vítimas Feridas";"Pleno dia";"Crescente";"Céu Claro";"Simples";"Reta";"Não";8;0;1;0;7;0;1;2;-22,28313614;-54,61405715;"SPRF-MS";"DEL04-MS";"UOP01-DEL04-MS"
656136;2025-01-19;"domingo";"21:10:00";"BA";116;779;"PLANALTO";"Acesso irregular";"Colisão transversal";"Com Vítimas Feridas";"Plena Noite";"Crescente";"Céu Claro";"Simples";"Reta";"Sim";2;0;2;0;0;0;2;2;-14,62420805;-40,44735388;"SPRF-BA";"DEL08-BA";"UOP02-DEL08-BA"
656137;2025-01-19;"domingo";"22:16:00";"SC";282;5,1;"SAO JOSE";"Velocidade Incompatível";"Colisão com objeto";"Com Vítimas Feridas";"Plena Noite";"Decrescente";"Chuva";"Múltipla";"Curva";"Sim";1;0;1;0;0;0;1;1;-27,588425;-48,612919;"SPRF-SC";"DEL01-SC";"UOP01-DEL01-SC"
656138;2025-01-19;"domingo";"18:00:00";"RS";392;196;"SANTANA DA BOA VISTA";"Reação tardia ou ineficiente do condutor";"Saída de leito carroçável";"Com Vítimas Feridas";"Pleno dia";"Decrescente";"Chuva";"Simples";"Curva";"Não";2;0;2;0;0;0;2;1;-30,89678807;-53,11510534;"SPRF-RS";"DEL09-RS";"UOP02-DEL09-RS"
656139;2025-01-19;"domingo";"20:10:00";"SC";101;442,5;"SANTA ROSA DO SUL";"Reação tardia ou ineficiente do condutor";"Atropelamento de Pedestre";"Com Vítimas Feridas";"Plena Noite";"Crescente";"Nublado";"Múltipla";"Reta";"Sim";9;0;0;6;3;0;6;2;-29,132667;-49,699306;"SPRF-SC";"DEL02-SC";"UOP02-DEL02-SC"
656140;2025-01-19;"domingo";"21:20:00";"RJ";393;248,1;"BARRA DO PIRAI";"Ausência de reação do condutor";"Saída de leito carroçável";"Com Vítimas Feridas";"Plena Noite";"Crescente";"Céu Claro";"Simples";"Reta";"Sim";1;0;1;0;0;0;1;1;-22,434778;-43,776766;"SPRF-RJ";"DEL05-RJ";"UOP04-DEL05-RJ"
656143;2025-01-19;"domingo";"19:30:00";"PB";405;5,5;"UIRAUNA";"Transitar na contramão";"Colisão frontal";"Com Vítimas Feridas";"Plena Noite";"Decrescente";"Céu Claro";"Simples";"Curva";"Não";5;0;1;0;4;0;1;2;-6,494732;-38,394413;"SPRF-PB";"DEL03-PB";"UOP03-DEL03-PB"
656144;2025-01-19;"domingo";"20:45:00";"MT";364;402;"CUIABA";"Entrada inopinada do pedestre";"Atropelamento de Pedestre";"Com Vítimas Fatais";"Plena Noite";"Decrescente";"Céu Claro";"Dupla";"Reta";"Sim";2;1;1;0;0;0;1;2;-15,66855019;-55,95476508;"SPRF-MT";"DEL01-MT";"UOP02-DEL01-MT"