"id";"data_inversa";"dia_semana";"horario";"uf";"br";"km";"municipio";"causa_acidente";"tipo_acidente";"classificacao_acidente";"fase_dia";"sentido_via";"condicao_metereologica";"tipo_pista";"tracado_via";"uso_solo";"pessoas";"mortos";"feridos_leves";"feridos_graves";"ilesos";"ignorados";"feridos";"veiculos";"latitude";"longitude";"regional";"delegacia";"uop"
656145;2025-01-19;"domingo";"18:20:00";"PI";230;194,7;"OEIRAS";"Ausência de reação do condutor";"Colisão frontal";"Sem Vítimas";"Plena Noite";"Crescente";"Chuva";"Simples";"Retorno Regulamentado;Reta";"Sim";2;0;0;0;1;1;0;2;-6,99465451;-42,10490528;"SPRF-PI";"DEL04-PI";"UOP01-DEL04-PI"
656146;2025-01-19;"domingo";"23:00:00";"SP";381;90;"GUARULHOS";"Reação tardia ou ineficiente do condutor";"Colisão traseira";"Com Vítimas Feridas";"Plena Noite";"Decrescente";"Céu Claro";"Dupla";"Reta";"Sim";6;0;5;0;1;0;5;2;-23,49479479;-46,55959864;"SPRF-SP";"DEL03-SP";"UOP01-DEL03-SP"
656147;2025-01-19;"domingo";"21:20:00";"RJ";116;293,3;"BARRA MANSA";"Animais na Pista";"Atropelamento de Animal";"Com Vítimas Feridas";"Plena Noite";"Decrescente";"Nublado";"Dupla";"Reta";"Não";1;0;1;0;0;0;1;1;-22,45745983;-44,29161274;"SPRF-RJ";"DEL07-RJ";"UOP02-DEL07-RJ"
656148;2025-01-20;"segunda-feira";"00:10:00";"ES";101;356,7;"ANCHIETA";"Entrada inopinada do pedestre";"Atropelamento de Pedestre";"Com Vítimas Fatais";"Plena Noite";"Decrescente";"Céu Claro";"Dupla";"Reta";"Não";2;1;0;0;0;1;0;2;-20,69339794;-40,68748402;"SPRF-ES";"DEL03-ES";"UOP01-DEL03-ES"
656149;2025-01-19;"domingo";"22:57:00";"RS";290;108;"ELDORADO DO SUL";"Ingestão de álcool pelo condutor";"Colisão lateral mesmo sentido";"Sem Vítimas";"Plena Noite";"Crescente";"Chuva";"Dupla";"Reta";"Sim";4;0;0;0;3;1;0;3;-30,006546;-51,312927;"SPRF-RS";"DEL02-RS";"UOP01-DEL02-RS"
656151;2025-01-19;"domingo";"23:00:00";"SC";470;24;"ILHOTA";"Ausência de reação do condutor";"Saída de leito carroçável";"Sem Vítimas";"Plena Noite";"Decrescente";"Garoa/Chuvisco";"Dupla";"Reta";"Não";1;0;0;0;0;1;0;1;-26,881754;-48,856251;"SPRF-SC";"DEL04-SC";"UOP04-DEL04-SC"
656152;2025-01-19;"domingo";"23:30:00";"RO";364;422,8;"JARU";"Iluminação deficiente";"Saída de leito carroçável";"Com Vítimas Feridas";"Plena Noite";"Crescente";"Chuva";"Dupla";"Aclive;Em Obras";"Não";1;0;1;0;0;0;1;1;-10,4597532;-62,4558043;"SPRF-RO";"DEL03-RO";"UOP02-DEL03-RO"
656154;2025-01-20;"segunda-feira";"00:30:00";"PR";373;245,1;"GUAMIRANGA";"Ingestão de álcool pelo condutor";"Atropelamento de Pedestre";"Com Vítimas Fatais";"Plena Noite";"Crescente";"Garoa/Chuvisco";"Simples";"Reta";"Não";3;1;0;0;2;0;0;2;-25,186477;-50,805193;"SPRF-PR";"DEL03-PR";"UOP01-DEL03-PR"
656155;2025-01-19;"domingo";"23:15:00";"PB";104;182,1;"ALCANTIL";"Condutor Dormindo";"Saída de leito carroçável";"Com Vítimas Feridas";"Plena Noite";"Crescente";"Nublado";"Simples";"Reta;Aclive";"Não";1;0;1;0;0;0;1;1;-7,652095;-36,078718;"SPRF-PB";"DEL02-PB";"UOP03-DEL02-PB"
656157;2025-01-20;"segunda-feira";"01:30:00";"GO";153;494;"GOIANIA";"Ingestão de álcool pelo condutor";"Colisão com objeto";"Com Vítimas Feridas";"Plena Noite";"Crescente";"Céu Claro";"Simples";"Declive;Reta";"Sim";1;0;1;0;0;0;1;1;-16,6614;-49,2218;"SPRF-GO";"DEL01-GO";"UOP01-DEL01-GO"
656158;2025-01-20;"segunda-feira";"01:35:00";"SP";116;38,2;"CACHOEIRA PAULISTA";"Condutor Dormindo";"Colisão com objeto";"Com Vítimas Feridas";"Plena Noite";"Crescente";"Nublado";"Múltipla";"Curva";"Não";1;0;0;1;0;0;1;1;-22,67026579;-44,99183604;"SPRF-SP";"DEL08-SP";"UOP02-DEL08-SP"
656159;2025-01-19;"domingo";"23:39:00";"MT";163;831,5;"SINOP";"Ausência de reação do condutor";"Colisão com objeto";"Sem Vítimas";"Plena Noite";"Decrescente";"Nublado";"Dupla";"Retorno Regulamentado";"Sim";1;0;0;0;0;1;0;1;-11,89214;-55,50341;"SPRF-MT";"DEL06-MT";"UOP02-DEL06-MT"
656161;2025-01-20;"segunda-feira";"01:00:00";"MT";163;1028;"PEIXOTO DE AZEVEDO";"Animais na Pista";"Atropelamento de Animal";"Com Vítimas Feridas";"Pleno dia";"Crescente";"Ignorado";"Simples";"Reta;Aclive";"Sim";4;0;1;0;3;0;1;1;-10,25377624;-54,99652863;"SPRF-MT";"DEL06-MT";"UOP03-DEL06-MT"
656162;2025-01-20;"segunda-feira";"02:58:00";"GO";153;359;"JARAGUA";"Reação tardia ou ineficiente do condutor";"Saída de leito carroçável";"Com Vítimas Feridas";"Plena Noite";"Crescente";"Céu Claro";"Simples";"Reta";"Não";1;0;1;0;0;0;1;1;-15,742197;-49,320297;"SPRF-GO";"DEL02-GO";"UOP02-DEL02-GO"
656164;2025-01-19;"domingo";"22:50:00";"SC";101;104;"PENHA";"Ingestão de álcool pelo condutor";"Colisão com objeto";"Sem Vítimas";"Plena Noite";"Decrescente";"Nublado";"Dupla";"Reta";"Sim";1;0;0;0;0;1;0;1;-26,79281742;-48,68080819;"SPRF-SC";"DEL03-SC";"UOP02-DEL03-SC"
656165;2025-01-20;"segunda-feira";"04:30:00";"BA";242;758;"CATOLANDIA";"Animais na Pista";"Atropelamento de Animal";"Com Vítimas Feridas";"Amanhecer";"Crescente";"Céu Claro";"Simples";"Reta";"Não";1;0;1;0;0;0;1;1;-12,16402;-44,57349;"SPRF-BA";"DEL10-BA";"UOP01-DEL10-BA"
656166;2025-01-20;"segunda-feira";"05:00:00";"MG";381;786;"SAO GONCALO DO SAPUCAI";"Ausência de reação do condutor";"Saída de leito carroçável";"Sem Vítimas";"Amanhecer";"Decrescente";"Céu Claro";"Dupla";"Declive;Reta";"Não";1;0;0;0;1;0;0;1;-21,89171107;-45,54839084;"SPRF-MG";"DEL16-MG";"UOP02-DEL16-MG"
656170;2025-01-20;"segunda-feira";"05:51:00";"ES";262;18;"VIANA";"Pedestre cruzava a pista fora da faixa";"Atropelamento de Pedestre";"Com Vítimas Feridas";"Pleno dia";"Decrescente";"Sol";"Simples";"Reta";"Sim";2;0;1;0;1;0;1;2;-20,39137228;-40,48080285;"SPRF-ES";"DEL01-ES";"UOP01-DEL01-ES"
656173;2025-01-20;"segunda-feira";"06:40:00";"SC";101;207;"SAO JOSE";"Reação tardia ou ineficiente do condutor";"Colisão traseira";"Com Vítimas Feridas";"Pleno dia";"Decrescente";"Céu Claro";"Dupla";"Curva;Declive";"Não";2;0;2;0;0;0;2;2;-27,60001226;-48,6226467;"SPRF-SC";"DEL01-SC";"UOP01-DEL01-SC"
656175;2025-01-15;"quarta-feira";"18:30:00";"PR";163;257,5;"TOLEDO";"Ausência de reação do condutor";"Colisão com objeto";"Sem Vítimas";"Pleno dia";"Decrescente";"Céu Claro";"Dupla";"Reta";"Não";1;0;0;0;1;0;0;1;-24,67651077;-53,79458787;"SPRF-PR";"DEL06-PR";"UOP02-DEL06-PR"
656177;2025-01-20;"segunda-feira";"05:00:00";"PR";376;621,1;"SAO JOSE DOS PINHAIS";"Reação tardia ou ineficiente do condutor";"Colisão com objeto";"Com Vítimas Feridas";"Amanhecer";"Crescente";"Céu Claro";"Múltipla";"Reta;Declive;Interseção de Vias";"Não";3;0;2;1;0;0;3;2;-25,61783292;-49,1690968;"SPRF-PR";"DEL01-PR";"UOP04-DEL01-PR"
656178;2025-01-19;"domingo";"23:10:00";"SP";116;64,7;"GUARATINGUETA";"Pedestre cruzava a pista fora da faixa";"Atropelamento de Pedestre";"Com Vítimas Feridas";"Plena Noite";"Crescente";"Céu Claro";"Dupla";"Reta";"Não";2;0;2;0;0;0;2;2;-22,81942006;-45,18421298;"SPRF-SP";"DEL08-SP";"UOP01-DEL08-SP"
656179;2025-01-20;"segunda-feira";"01:00:00";"MT";70;706,8;"CACERES";"Velocidade Incompatível";"Saída de leito carroçável";"Sem Vítimas";"Plena Noite";"Decrescente";"Chuva";"Simples";"Curva";"Não";1;0;0;0;1;0;0;1;-16,24017;-57,56429;"SPRF-MT";"DEL03-MT";"UOP01-DEL03-MT"
656180;2025-01-19;"domingo";"19:30:00";"RJ";40;103;"DUQUE DE CAXIAS";"Ingestão de álcool pelo condutor";"Colisão traseira";"Com Vítimas Feridas";"Plena Noite";"Crescente";"Céu Claro";"Múltipla";"Reta";"Sim";2;0;0;1;1;0;1;2;-22,62009;-43,286922;"SPRF-RJ";"DEL01-RJ";"UOP02-DEL01-RJ"
656182;2025-01-20;"segunda-feira";"01:00:00";"PR";277;155;"PALMEIRA";"Reação tardia ou ineficiente do condutor";"Saída de leito carroçável";"Com Vítimas Feridas";"Plena Noite";"Crescente";"Chuva";"Simples";"Reta";"Não";2;0;2;0;0;0;2;1;-25,4719;-49,8057;"SPRF-PR";"DEL03-PR";"UOP03-DEL03-PR"
656183;2025-01-20;"segunda-feira";"07:05:00";"PE";101;75,3;"RECIFE";"Condutor deixou de manter distância do veículo da frente";"Engavetamento";"Sem Vítimas";"Pleno dia";"Decrescente";"Sol";"Dupla";"Reta";"Sim";3;0;0;0;2;1;0;3;-8,10973523;-34,94660151;"SPRF-PE";"DEL01-PE";"UOP01-DEL01-PE"
656184;2025-01-20;"segunda-feira";"08:00:00";"RJ";116;181;"NOVA IGUACU";"Trafegar com motocicleta (ou similar) entre as faixas";"Colisão traseira";"Com Vítimas Feridas";"Pleno dia";"Crescente";"Céu Claro";"Dupla";"Reta";"Sim";2;0;0;1;1;0;1;2;-22,761312;-43,423492;"SPRF-RJ";"DEL06-RJ";"UOP01-DEL06-RJ"
656185;2025-01-20;"segunda-feira";"08:00:00";"RS";290;95;"PORTO ALEGRE";"Acessar a via sem observar a presença dos outros veículos";"Colisão transversal";"Com Vítimas Feridas";"Pleno dia";"Crescente";"Nublado";"Dupla";"Reta";"Não";2;0;1;0;1;0;1;2;-29,9836977;-51,20226502;"SPRF-RS";"DEL01-RS";"UOP01-DEL01-RS"
656189;2025-01-20;"segunda-feira";"06:30:00";"AL";101;97;"PILAR";"Reação tardia ou ineficiente do condutor";"Colisão traseira";"Com Vítimas Feridas";"Pleno dia";"Decrescente";"Céu Claro";"Dupla";"Aclive";"Não";4;0;3;0;1;0;3;2;-9,53449091;-35,95070517;"SPRF-AL";"DEL01-AL";"UOP01-DEL01-AL"
656191;2025-01-20;"segunda-feira";"08:20:00";"MG";381;889,8;"CAMBUI";"Manobra de mudança de faixa";"Colisão traseira";"Com Vítimas Feridas";"Pleno dia";"Crescente";"Sol";"Dupla";"Reta";"Não";3;0;1;0;2;0;1;2;-22,57874206;-46,04473491;"SPRF-MG";"DEL16-MG";"UOP01-DEL16-MG"
656193;2025-01-19;"domingo";"20:00:00";"RJ";40;108;"DUQUE DE CAXIAS";"Reação tardia ou ineficiente do condutor";"Colisão com objeto";"Sem Vítimas";"Plena Noite";"Decrescente";"Chuva";"Simples";"Curva";"Não";1;0;0;0;0;1;0;1;-22,66476979;-43,28495144;"SPRF-RJ";"DEL01-RJ";"UOP02-DEL01-RJ"
656195;2025-01-20;"segunda-feira";"07:30:00";"RS";116;113;"SAO MARCOS";"Conversão proibida";"Colisão traseira";"Com Vítimas Feridas";"Pleno dia";"Decrescente";"Nublado";"Simples";"Reta";"Não";2;0;1;0;1;0;1;2;-28,95667906;-51,08016019;"SPRF-RS";"DEL05-RS";"UOP01-DEL05-RS"
656196;2025-01-20;"segunda-feira";"08:45:00";"RS";290;19;"SANTO ANTONIO DA PATRULHA";"Ausência de reação do condutor";"Colisão traseira";"Com Vítimas Feridas";"Pleno dia";"Crescente";"Nublado";"Múltipla";"Reta";"Não";7;0;1;0;6;0;1;2;-29,88553684;-50,4483819;"SPRF-RS";"DEL03-RS";"UOP01-DEL03-RS"
656197;2025-01-20;"segunda-feira";"08:30:00";"AL";104;46;"BRANQUINHA";"Condutor deixou de manter distância do veículo da frente";"Colisão traseira";"Com Vítimas Feridas";"Pleno dia";"Crescente";"Sol";"Simples";"Reta;Aclive";"Sim";3;0;0;2;1;0;2;2;-9,24110114;-36,01331702;"SPRF-AL";"DEL01-AL";"UOP02-DEL01-AL"
656198;2025-01-20;"segunda-feira";"08:28:00";"DF";70;7,4;"BRASILIA";"Acessar a via sem observar a presença dos outros veículos";"Atropelamento de Pedestre";"Com Vítimas Feridas";"Pleno dia";"Decrescente";"Céu Claro";"Dupla";"Reta";"Sim";3;0;1;0;2;0;1;3;-15,787601;-48,114429;"SPRF-DF";"DEL03-DF";"UOP02-DEL03-DF"
656199;2025-01-20;"segunda-feira";"08:00:00";"PR";116;44;"CAMPINA GRANDE DO SUL";"Reação tardia ou ineficiente do condutor";"Colisão com objeto";"Sem Vítimas";"Pleno dia";"Crescente";"Nublado";"Dupla";"Curva";"Não";1;0;0;0;1;0;0;1;-25,191265;-48,885173;"SPRF-PR";"DEL01-PR";"UOP02-DEL01-PR"
656200;2025-01-20;"segunda-feira";"09:00:00";"RS";116;260;"CANOAS";"Frear bruscamente";"Tombamento";"Com Vítimas Feridas";"Pleno dia";"Crescente";"Céu Claro";"Dupla";"Reta;Em Obras";"Sim";1;0;0;1;0;0;1;1;-29,879208;-51,18045622;"SPRF-RS";"DEL01-RS";"UOP01-DEL01-RS"
656201;2025-01-20;"segunda-feira";"09:00:00";"ES";101;66,6;"SAO MATEUS";"Desrespeitar a preferência no cruzamento";"Colisão transversal";"Com Vítimas Feridas";"Pleno dia";"Decrescente";"Céu Claro";"Múltipla";"Interseção de Vias;Reta";"Sim";2;0;1;0;1;0;1;2;-18,7165195;-39,87436378;"SPRF-ES";"DEL04-ES";"UOP02-DEL04-ES"
656203;2025-01-20;"segunda-feira";"08:05:00";"MG";50;178,2;"UBERABA";"Reação tardia ou ineficiente do condutor";"Saída de leito carroçável";"Com Vítimas Feridas";"Pleno dia";"Crescente";"Céu Claro";"Dupla";"Declive";"Sim";1;0;1;0;0;0;1;1;-19,77896821;-47,94093599;"SPRF-MG";"DEL13-MG";"UOP01-DEL13-MG"
656204;2025-01-20;"segunda-feira";"09:25:00";"RJ";116;186;"NOVA IGUACU";"Desrespeitar a preferência no cruzamento";"Colisão lateral mesmo sentido";"Com Vítimas Feridas";"Pleno dia";"Decrescente";"Céu Claro";"Dupla";"Reta";"Não";3;0;2;0;1;0;2;2;-22,73962339;-43,46276495;"SPRF-RJ";"DEL06-RJ";"UOP01-DEL06-RJ"
656205;2025-01-20;"segunda-feira";"09:30:00";"RJ";116;186;"NOVA IGUACU";"Reação tardia ou ineficiente do condutor";"Colisão traseira";"Com Vítimas Feridas";"Pleno dia";"Decrescente";"Sol";"Dupla";"Reta";"Sim";3;0;1;0;1;1;1;3;-22,73962339;-43,46276495;"SPRF-RJ";"DEL06-RJ";"UOP01-DEL06-RJ"
656207;2025-01-20;"segunda-feira";"08:50:00";"PA";230;109;"MARABA";"Condutor deixou de manter distância do veículo da frente";"Saída de leito carroçável";"Com Vítimas Feridas";"Pleno dia";"Decrescente";"Céu Claro";"Simples";"Reta";"Não";4;0;1;0;2;1;1;2;-5,37536896;-49,02246799;"SPRF-PA";"DEL03-PA";"UOP01-DEL03-PA"
656208;2025-01-07;"terça-feira";"03:35:00";"MS";163;611;"SAO GABRIEL DO OESTE";"Ausência de reação do condutor";"Tombamento";"Com Vítimas Feridas";"Plena Noite";"Decrescente";"Ignorado";"Simples";"Reta";"Não";2;0;1;0;1;0;1;1;-19,42738291;-54,54332791;"SPRF-MS";"DEL06-MS";"UOP02-DEL06-MS"
656209;2025-01-20;"segunda-feira";"07:40:00";"MG";40;545;"NOVA LIMA";"Condutor deixou de manter distância do veículo da frente";"Colisão traseira";"Com Vítimas Feridas";"Pleno dia";"Crescente";"Céu Claro";"Dupla";"Reta;Viaduto";"Não";3;0;0;1;2;0;1;2;-20,00670404;-43,96418668;"SPRF-MG";"DEL01-MG";"UOP02-DEL01-MG"
656211;2025-01-20;"segunda-feira";"09:12:00";"PR";369;147;"LONDRINA";"Condutor deixou de manter distância do veículo da frente";"Colisão traseira";"Com Vítimas Feridas";"Pleno dia";"Crescente";"Céu Claro";"Dupla";"Reta;Declive;Interseção de Vias";"Sim";3;0;1;0;2;0;1;2;-23,29289592;-51,13418763;"SPRF-PR";"DEL07-PR";"UOP01-DEL07-PR"
656212;2025-01-20;"segunda-feira";"08:30:00";"BA";324;622;"SALVADOR";"Reação tardia ou ineficiente do condutor";"Colisão lateral mesmo sentido";"Com Vítimas Feridas";"Pleno dia";"Crescente";"Céu Claro";"Dupla";"Reta";"Sim";2;0;1;0;0;1;1;2;-12,91888605;-38,46502095;"SPRF-BA";"DEL01-BA";"UOP01-DEL01-BA"
656213;2025-01-20;"segunda-feira";"09:38:00";"RS";290;95;"PORTO ALEGRE";"Demais falhas mecânicas ou elétricas";"Queda de ocupante de veículo";"Com Vítimas Feridas";"Pleno dia";"Crescente";"Chuva";"Múltipla";"Reta";"Não";2;0;2;0;0;0;2;1;-29,982832;-51,201572;"SPRF-RS";"DEL01-RS";"UOP01-DEL01-RS"
656215;2025-01-20;"segunda-feira";"09:00:00";"RS";290;303,2;"CACHOEIRA DO SUL";"Transitar na contramão";"Colisão frontal";"Com Vítimas Feridas";"Pleno dia";"Crescente";"Céu Claro";"Simples";"Reta;Aclive";"Não";6;0;5;1;0;0;6;2;-30,323257;-53,238743;"SPRF-RS";"DEL09-RS";"UOP02-DEL09-RS"
656216;2025-01-20;"segunda-feira";"07:20:00";"PR";116;10;"CAMPINA GRANDE DO SUL";"Chuva";"Saída de leito carroçável";"Com Vítimas Feridas";"Pleno dia";"Crescente";"Chuva";"Dupla";"Curva";"Não";2;0;1;0;1;0;1;1;-25,08357197;-48,64281407;"SPRF-PR";"DEL01-PR";"UOP02-DEL01-PR"
656219;2025-01-20;"segunda-feira";"09:30:00";"RJ";101;532;"ANGRA DOS REIS";"Acessar a via sem observar a presença dos outros veículos";"Atropelamento de Pedestre";"Com Vítimas Feridas";"Pleno dia";"Crescente";"Céu Claro";"Simples";"Reta";"Não";2;0;1;0;1;0;1;2;-23,02210579;-44,53584172;"SPRF-RJ";"DEL03-RJ";"UOP03-DEL03-RJ"
656220;2025-01-20;"segunda-feira";"09:30:00";"CE";222;220,5;"SOBRAL";"Acessar a via sem observar a presença dos outros veículos";"Colisão transversal";"Com Vítimas Feridas";"Pleno dia";"Decrescente";"Céu Claro";"Simples";"Interseção de Vias";"Não";7;0;1;0;6;0;1;2;-3,73488299;-40,31795598;"SPRF-CE";"DEL04-CE";"UOP01-DEL04-CE"
656223;2025-01-20;"segunda-feira";"08:00:00";"PR";116;7;"QUATRO BARRAS";"Reação tardia ou ineficiente do condutor";"Colisão com objeto";"Com Vítimas Feridas";"Pleno dia";"Decrescente";"Nublado";"Dupla";"Reta";"Sim";1;0;1;0;0;0;1;1;-25,36734;-49,102043;"SPRF-PR";"DEL01-PR";"UOP02-DEL01-PR"
656225;2025-01-20;"segunda-feira";"09:45:00";"SC";282;574,4;"PINHALZINHO";"Pista Escorregadia";"Colisão com objeto";"Com Vítimas Feridas";"Pleno dia";"Crescente";"Garoa/Chuvisco";"Simples";"Reta;Aclive";"Não";2;0;2;0;0;0;2;1;-26,867399;-52,965149;"SPRF-SC";"DEL07-SC";"UOP02-DEL07-SC"
656228;2025-01-20;"segunda-feira";"08:30:00";"GO";50;281;"CATALAO";"Desrespeitar a preferência no cruzamento";"Colisão transversal";"Com Vítimas Feridas";"Pleno dia";"Decrescente";"Céu Claro";"Dupla";"Rotatória";"Sim";2;0;1;0;1;0;1;2;-18,1838;-47,9441;"SPRF-GO";"DEL06-GO";"UOP01-DEL06-GO"
656230;2025-01-20;"segunda-feira";"10:40:00";"RN";226;13,2;"MACAIBA";"Ingestão de álcool pelo condutor";"Colisão frontal";"Com Vítimas Feridas";"Pleno dia";"Crescente";"Sol";"Simples";"Reta";"Não";2;0;0;1;1;0;1;2;-5,85273906;-35,32206416;"SPRF-RN";"DEL01-RN";"UOP02-DEL01-RN"
656231;2025-01-20;"segunda-feira";"10:30:00";"PI";343;200;"PIRIPIRI";"Transitar na contramão";"Saída de leito carroçável";"Com Vítimas Feridas";"Pleno dia";"Decrescente";"Sol";"Simples";"Reta";"Não";6;0;1;1;3;1;2;2;-4,384077;-41,845329;"SPRF-PI";"DEL02-PI";"UOP01-DEL02-PI"
656232;2025-01-20;"segunda-feira";"09:55:00";"GO";40;115;"CRISTALINA";"Condutor Dormindo";"Saída de leito carroçável";"Com Vítimas Feridas";"Pleno dia";"Decrescente";"Nublado";"Dupla";"Curva";"Não";4;0;3;0;1;0;3;1;-16,849173;-47,467226;"SPRF-DF";"DEL01-DF";"UOP02-DEL01-DF"
656233;2025-01-20;"segunda-feira";"09:40:00";"BA";101;367;"GANDU";"Desrespeitar a preferência no cruzamento";"Colisão transversal";"Com Vítimas Feridas";"Pleno dia";"Crescente";"Céu Claro";"Simples";"Reta";"Sim";2;0;1;0;1;0;1;2;-13,88580087;-39,48325188;"SPRF-BA";"DEL05-BA";"UOP03-DEL05-BA"
656235;2025-01-20;"segunda-feira";"10:40:00";"PR";163;161,7;"LINDOESTE";"Reação tardia ou ineficiente do condutor";"Colisão com objeto";"Com Vítimas Feridas";"Pleno dia";"Crescente";"Garoa/Chuvisco";"Dupla";"Aclive;Curva";"Não";1;0;1;0;0;0;1;1;-25,32790599;-53,59159198;"SPRF-PR";"DEL05-PR";"UOP05-DEL05-PR"
656236;2025-01-20;"segunda-feira";"07:05:00";"RJ";101;321;"NITEROI";"Reação tardia ou ineficiente do condutor";"Tombamento";"Com Vítimas Feridas";"Pleno dia";"Crescente";"Céu Claro";"Dupla";"Curva";"Não";1;0;1;0;0;0;1;1;-22,86981096;-43,11046465;"SPRF-RJ";"DEL02-RJ";"UOP01-DEL02-RJ"
656237;2025-01-20;"segunda-feira";"06:52:00";"MT";163;88,3;"RONDONOPOLIS";"Ausência de reação do condutor";"Colisão com objeto";"Com Vítimas Feridas";"Pleno dia";"Decrescente";"Céu Claro";"Dupla";"Reta;Declive";"Não";2;0;2;0;0;0;2;1;-16,75646914;-54,65421973;"SPRF-MT";"DEL02-MT";"UOP03-DEL02-MT"
656238;2025-01-20;"segunda-feira";"11:30:00";"RS";392;352;"SANTA MARIA";"Acessar a via sem observar a presença dos outros veículos";"Colisão transversal";"Com Vítimas Feridas";"Pleno dia";"Crescente";"Céu Claro";"Simples";"Em Obras;Interseção de Vias";"Sim";6;0;5;0;0;1;5;3;-29,720404;-53,807632;"SPRF-RS";"DEL09-RS";"UOP01-DEL09-RS"
656239;2025-01-20;"segunda-feira";"07:30:00";"RJ";101;322;"NITEROI";"Ausência de reação do condutor";"Colisão traseira";"Com Vítimas Feridas";"Pleno dia";"Decrescente";"Céu Claro";"Dupla";"Reta";"Não";2;0;1;0;0;1;1;2;-22,878923;-43,110676;"SPRF-RJ";"DEL02-RJ";"UOP01-DEL02-RJ"
656240;2025-01-20;"segunda-feira";"11:45:00";"ES";101;258;"SERRA";"Velocidade Incompatível";"Colisão traseira";"Com Vítimas Feridas";"Pleno dia";"Decrescente";"Sol";"Dupla";"Reta;Aclive";"Sim";2;0;1;0;1;0;1;2;-20,13059888;-40,2961019;"SPRF-ES";"DEL02-ES";"UOP01-DEL02-ES"
656241;2025-01-20;"segunda-feira";"09:10:00";"MG";116;555,7;"MANHUACU";"Velocidade Incompatível";"Saída de leito carroçável";"Com Vítimas Feridas";"Pleno dia";"Crescente";"Céu Claro";"Simples";"Curva";"Não";2;0;1;0;1;0;1;2;-20,00911074;-42,14328403;"SPRF-MG";"DEL06-MG";"UOP02-DEL06-MG"
656242;2025-01-20;"segunda-feira";"12:03:00";"RN";101;82;"NATAL";"Problema com o freio";"Colisão traseira";"Com Vítimas Feridas";"Pleno dia";"Decrescente";"Sol";"Dupla";"Reta;Interseção de Vias";"Sim";3;0;1;0;2;0;1;3;-5,76791511;-35,27456305;"SPRF-RN";"DEL02-RN";"UOP01-DEL02-RN"
656243;2025-01-20;"segunda-feira";"08:00:00";"SC";282;299,6;"VARGEM";"Ausência de reação do condutor";"Colisão frontal";"Com Vítimas Fatais";"Pleno dia";"Decrescente";"Céu Claro";"Simples";"Curva";"Não";4;1;2;1;0;0;3;3;-27,519346;-50,909714;"SPRF-SC";"DEL07-SC";"UOP06-DEL07-SC"
656246;2025-01-20;"segunda-feira";"12:20:00";"DF";70;7;"BRASILIA";"Demais falhas mecânicas ou elétricas";"Queda de ocupante de veículo";"Com Vítimas Feridas";"Pleno dia";"Decrescente";"Sol";"Dupla";"Reta";"Sim";2;0;2;0;0;0;2;1;-15,787601;-48,114429;"SPRF-DF";"DEL03-DF";"UOP02-DEL03-DF"
656247;2025-01-20;"segunda-feira";"12:40:00";"BA";135;193;"BARREIRAS";"Acessar a via sem observar a presença dos outros veículos";"Colisão frontal";"Com Vítimas Feridas";"Pleno dia";"Crescente";"Céu Claro";"Simples";"Reta";"Não";3;0;0;3;0;0;3;2;-12,30656505;-45,01392172;"SPRF-BA";"DEL10-BA";"UOP01-DEL10-BA"
656248;2025-01-20;"segunda-feira";"11:51:00";"SP";116;140,8;"SAO JOSE DOS CAMPOS";"Condutor deixou de manter distância do veículo da frente";"Engavetamento";"Com Vítimas Feridas";"Pleno dia";"Crescente";"Céu Claro";"Dupla";"Reta;Declive";"Sim";4;0;1;0;3;0;1;3;-23,16577714;-45,81246193;"SPRF-SP";"DEL02-SP";"UOP01-DEL02-SP"
656249;2025-01-20;"segunda-feira";"11:20:00";"RS";290;248;"CACHOEIRA DO SUL";"Reação tardia ou ineficiente do condutor";"Engavetamento";"Com Vítimas Feridas";"Pleno dia";"Crescente";"Céu Claro";"Simples";"Reta;Em Obras";"Não";5;0;2;0;1;2;2;3;-30,233294;-52,704216;"SPRF-RS";"DEL02-RS";"UOP03-DEL02-RS"
656250;2025-01-20;"segunda-feira";"12:30:00";"SP";153;122;"UBARANA";"Manobra de mudança de faixa";"Saída de leito carroçável";"Com Vítimas Feridas";"Pleno dia";"Crescente";"Sol";"Simples";"Reta";"Não";6;0;6;0;0;0;6;1;-21,18661376;-49,72333446;"SPRF-SP";"DEL09-SP";"UOP01-DEL09-SP"
656256;2025-01-20;"segunda-feira";"13:15:00";"GO";153;435,8;"ANAPOLIS";"Avarias e/ou desgaste excessivo no pneu";"Tombamento";"Com Vítimas Feridas";"Pleno dia";"Decrescente";"Céu Claro";"Dupla";"Reta;Aclive";"Sim";2;0;2;0;0;0;2;1;-16,280523;-48,960049;"SPRF-GO";"DEL02-GO";"UOP01-DEL02-GO"
656259;2025-01-20;"segunda-feira";"12:28:00";"PE";232;7,8;"RECIFE";"Condutor deixou de manter distância do veículo da frente";"Colisão traseira";"Com Vítimas Feridas";"Pleno dia";"Decrescente";"Céu Claro";"Dupla";"Reta";"Não";2;0;1;0;0;1;1;2;-8,07333497;-34,96184301;"SPRF-PE";"DEL01-PE";"UOP01-DEL01-PE"
656260;2025-01-20;"segunda-feira";"13:10:00";"PI";135;358;"BOM JESUS";"Pista Escorregadia";"Saída de leito carroçável";"Sem Vítimas";"Pleno dia";"Crescente";"Chuva";"Simples";"Curva;Declive";"Não";1;0;0;0;1;0;0;1;-9,12136518;-44,37810173;"SPRF-PI";"DEL03-PI";"UOP02-DEL03-PI"