"id";"data_inversa";"dia_semana";"horario";"uf";"br";"km";"municipio";"causa_acidente";"tipo_acidente";"classificacao_acidente";"fase_dia";"sentido_via";"condicao_metereologica";"tipo_pista";"tracado_via";"uso_solo";"pessoas";"mortos";"feridos_leves";"feridos_graves";"ilesos";"ignorados";"feridos";"veiculos";"latitude";"longitude";"regional";"delegacia";"uop"
656261;2025-01-20;"segunda-feira";"13:15:00";"PB";101;119,7;"PEDRAS DE FOGO";"Ausência de reação do condutor";"Colisão com objeto";"Com Vítimas Feridas";"Pleno dia";"Crescente";"Céu Claro";"Dupla";"Reta;Ponte;Declive";"Não";1;0;1;0;0;0;1;1;-7,42897814;-34,96672977;"SPRF-PB";"DEL01-PB";"UOP02-DEL01-PB"
656262;2025-01-20;"segunda-feira";"13:15:00";"MT";70;1,2;"BARRA DO GARCAS";"Reação tardia ou ineficiente do condutor";"Colisão lateral mesmo sentido";"Com Vítimas Feridas";"Pleno dia";"Decrescente";"Sol";"Simples";"Reta";"Sim";3;0;2;0;0;1;2;3;-15,89164596;-52,26202884;"SPRF-MT";"DEL07-MT";"UOP01-DEL07-MT"
656263;2025-01-20;"segunda-feira";"10:45:00";"RO";364;14;"VILHENA";"Acessar a via sem observar a presença dos outros veículos";"Colisão traseira";"Com Vítimas Feridas";"Pleno dia";"Decrescente";"Garoa/Chuvisco";"Simples";"Reta";"Sim";2;0;1;0;1;0;1;2;-12,73898138;-60,13911417;"SPRF-RO";"DEL04-RO";"UOP01-DEL04-RO"
656264;2025-01-20;"segunda-feira";"09:50:00";"PI";343;327;"TERESINA";"Condutor deixou de manter distância do veículo da frente";"Colisão traseira";"Sem Vítimas";"Pleno dia";"Crescente";"Céu Claro";"Simples";"Reta";"Não";2;0;0;0;2;0;0;2;-5,071425;-42,625938;"SPRF-PI";"DEL01-PI";"UOP01-DEL01-PI"
656266;2025-01-20;"segunda-feira";"13:00:00";"PR";116;114,5;"CURITIBA";"Acessar a via sem observar a presença dos outros veículos";"Colisão com objeto";"Com Vítimas Feridas";"Pleno dia";"Decrescente";"Garoa/Chuvisco";"Múltipla";"Reta";"Sim";5;0;2;0;3;0;2;2;-25,54501352;-49,29991901;"SPRF-PR";"DEL01-PR";"UOP03-DEL01-PR"
656267;2025-01-20;"segunda-feira";"11:15:00";"RJ";101;415;"MANGARATIBA";"Condutor deixou de manter distância do veículo da frente";"Colisão traseira";"Sem Vítimas";"Pleno dia";"Crescente";"Céu Claro";"Dupla";"Reta";"Não";2;0;0;0;2;0;0;2;-22,90433243;-43,88181398;"SPRF-RJ";"DEL03-RJ";"UOP01-DEL03-RJ"
656268;2025-01-20;"segunda-feira";"13:20:00";"PR";373;477,2;"CORONEL VIVIDA";"Desrespeitar a preferência no cruzamento";"Colisão transversal";"Com Vítimas Feridas";"Pleno dia";"Decrescente";"Céu Claro";"Simples";"Reta";"Não";2;0;1;0;1;0;1;2;-25,96797377;-52,52685308;"SPRF-PR";"DEL02-PR";"UOP01-DEL02-PR"
656269;2025-01-20;"segunda-feira";"14:15:00";"SP";116;143;"SAO JOSE DOS CAMPOS";"Ausência de reação do condutor";"Colisão traseira";"Com Vítimas Feridas";"Pleno dia";"Crescente";"Sol";"Dupla";"Reta";"Sim";2;0;1;1;0;0;2;2;-23,17849879;-45,83787411;"SPRF-SP";"DEL02-SP";"UOP01-DEL02-SP"
656270;2025-01-20;"segunda-feira";"12:50:00";"RJ";40;110;"DUQUE DE CAXIAS";"Acessar a via sem observar a presença dos outros veículos";"Colisão lateral mesmo sentido";"Com Vítimas Feridas";"Pleno dia";"Decrescente";"Céu Claro";"Múltipla";"Reta";"Sim";3;0;1;0;2;0;1;2;-22,68289906;-43,28549346;"SPRF-RJ";"DEL01-RJ";"UOP02-DEL01-RJ"
656271;2025-01-20;"segunda-feira";"14:05:00";"SP";116;212;"GUARULHOS";"Carga excessiva e/ou mal acondicionada";"Tombamento";"Com Vítimas Feridas";"Pleno dia";"Crescente";"Sol";"Múltipla";"Declive;Reta";"Sim";1;0;1;0;0;0;1;1;-23,43608315;-46,42805094;"SPRF-SP";"DEL01-SP";"UOP01-DEL01-SP"
656274;2025-01-20;"segunda-feira";"14:20:00";"SC";101;201,5;"SAO JOSE";"Ausência de reação do condutor";"Colisão traseira";"Com Vítimas Feridas";"Pleno dia";"Crescente";"Céu Claro";"Dupla";"Reta;Interseção de Vias";"Sim";2;0;1;0;1;0;1;2;-27,54836599;-48,61977975;"SPRF-SC";"DEL01-SC";"UOP01-DEL01-SC"
656276;2025-01-20;"segunda-feira";"14:30:00";"SC";101;119;"ITAJAI";"Ausência de reação do condutor";"Tombamento";"Com Vítimas Feridas";"Pleno dia";"Crescente";"Sol";"Dupla";"Reta";"Não";1;0;1;0;0;0;1;1;-26,9043179;-48,71555481;"SPRF-SC";"DEL04-SC";"UOP04-DEL04-SC"
656277;2025-01-20;"segunda-feira";"14:40:00";"SC";101;134;"BALNEARIO CAMBORIU";"Acessar a via sem observar a presença dos outros veículos";"Colisão transversal";"Com Vítimas Feridas";"Pleno dia";"Crescente";"Céu Claro";"Múltipla";"Reta";"Sim";2;0;0;1;1;0;1;2;-27,00218;-48,636433;"SPRF-SC";"DEL04-SC";"UOP03-DEL04-SC"
656278;2025-01-20;"segunda-feira";"13:20:00";"PR";376;391,5;"IMBAU";"Velocidade Incompatível";"Colisão com objeto";"Com Vítimas Feridas";"Pleno dia";"Decrescente";"Chuva";"Dupla";"Reta;Declive";"Não";2;0;2;0;0;0;2;1;-24,481;-50,73567;"SPRF-PR";"DEL03-PR";"UOP02-DEL03-PR"
656281;2025-01-20;"segunda-feira";"13:12:00";"BA";367;24,5;"PORTO SEGURO";"Acessar a via sem observar a presença dos outros veículos";"Colisão transversal";"Com Vítimas Feridas";"Pleno dia";"Crescente";"Céu Claro";"Simples";"Reta";"Sim";3;0;0;1;2;0;1;2;-16,43763962;-39,0813791;"SPRF-BA";"DEL09-BA";"UOP03-DEL09-BA"
656284;2025-01-20;"segunda-feira";"14:40:00";"DF";20;5;"BRASILIA";"Reação tardia ou ineficiente do condutor";"Colisão lateral mesmo sentido";"Com Vítimas Feridas";"Pleno dia";"Crescente";"Céu Claro";"Dupla";"Reta;Aclive";"Sim";1;0;1;0;0;0;1;1;-15,670546;-47,816044;"SPRF-DF";"DEL02-DF";"UOP01-DEL02-DF"
656286;2025-01-20;"segunda-feira";"14:20:00";"DF";20;5;"BRASILIA";"Entrada inopinada do pedestre";"Atropelamento de Pedestre";"Com Vítimas Feridas";"Pleno dia";"Crescente";"Céu Claro";"Dupla";"Reta";"Não";2;0;1;0;1;0;1;2;-15,670546;-47,816044;"SPRF-DF";"DEL02-DF";"UOP01-DEL02-DF"
656287;2025-01-20;"segunda-feira";"12:30:00";"MT";163;538,9;"DIAMANTINO";"Velocidade Incompatível";"Saída de leito carroçável";"Com Vítimas Feridas";"Pleno dia";"Crescente";"Nublado";"Dupla";"Curva";"Não";1;0;0;1;0;0;1;1;-14,306883;-56,138802;"SPRF-MT";"DEL01-MT";"UOP01-DEL01-MT"
656288;2025-01-20;"segunda-feira";"15:05:00";"SC";282;514;"XAXIM";"Condutor deixou de manter distância do veículo da frente";"Colisão traseira";"Com Vítimas Feridas";"Pleno dia";"Crescente";"Céu Claro";"Simples";"Reta";"Não";4;0;1;0;3;0;1;2;-26,916084;-52,49052;"SPRF-SC";"DEL07-SC";"UOP01-DEL07-SC"
656289;2025-01-20;"segunda-feira";"15:00:00";"SC";280;58;"GUARAMIRIM";"Manobra de mudança de faixa";"Tombamento";"Com Vítimas Feridas";"Pleno dia";"Decrescente";"Céu Claro";"Simples";"Reta;Rotatória";"Sim";2;0;1;0;1;0;1;2;-26,47415593;-49,021211;"SPRF-SC";"DEL03-SC";"UOP03-DEL03-SC"
656290;2025-01-20;"segunda-feira";"14:25:00";"SC";153;67;"IRANI";"Ausência de reação do condutor";"Saída de leito carroçável";"Com Vítimas Feridas";"Pleno dia";"Decrescente";"Céu Claro";"Simples";"Aclive;Curva";"Não";1;0;1;0;0;0;1;1;-27,03076753;-51,87955173;"SPRF-SC";"DEL07-SC";"UOP04-DEL07-SC"
656291;2025-01-20;"segunda-feira";"14:50:00";"PR";376;594;"CURITIBA";"Ausência de reação do condutor";"Colisão traseira";"Com Vítimas Feridas";"Pleno dia";"Crescente";"Chuva";"Dupla";"Reta";"Não";2;0;1;0;1;0;1;2;-25,48479613;-49,34730331;"SPRF-PR";"DEL03-PR";"UOP03-DEL03-PR"
656293;2025-01-20;"segunda-feira";"07:55:00";"PR";116;115;"CURITIBA";"Acessar a via sem observar a presença dos outros veículos";"Colisão lateral mesmo sentido";"Sem Vítimas";"Pleno dia";"Decrescente";"Céu Claro";"Dupla";"Reta";"Sim";4;0;0;0;4;0;0;3;-25,55953326;-49,26560414;"SPRF-PR";"DEL01-PR";"UOP03-DEL01-PR"
656299;2025-01-20;"segunda-feira";"15:49:00";"PE";101;46;"IGARASSU";"Condutor deixou de manter distância do veículo da frente";"Colisão traseira";"Com Vítimas Feridas";"Pleno dia";"Crescente";"Céu Claro";"Múltipla";"Reta";"Não";2;0;1;0;1;0;1;2;-7,87406004;-34,90588126;"SPRF-PE";"DEL01-PE";"UOP02-DEL01-PE"
656301;2025-01-20;"segunda-feira";"16:20:00";"MA";10;255;"IMPERATRIZ";"Acessar a via sem observar a presença dos outros veículos";"Colisão transversal";"Sem Vítimas";"Pleno dia";"Crescente";"Céu Claro";"Simples";"Reta";"Sim";2;0;0;0;2;0;0;2;-5,508798;-47,471718;"SPRF-MA";"DEL04-MA";"UOP01-DEL04-MA"
656304;2025-01-20;"segunda-feira";"17:00:00";"RJ";101;484,9;"ANGRA DOS REIS";"Condutor deixou de manter distância do veículo da frente";"Colisão traseira";"Sem Vítimas";"Pleno dia";"Decrescente";"Garoa/Chuvisco";"Simples";"Reta;Aclive";"Não";2;0;0;0;2;0;0;2;-22,99096308;-44,30429882;"SPRF-RJ";"DEL03-RJ";"UOP03-DEL03-RJ"
656306;2025-01-20;"segunda-feira";"16:30:00";"RJ";101;245;"SILVA JARDIM";"Condutor Dormindo";"Saída de leito carroçável";"Com Vítimas Feridas";"Pleno dia";"Crescente";"Céu Claro";"Dupla";"Reta";"Não";4;0;1;0;3;0;1;1;-22,64524706;-42,48167495;"SPRF-RJ";"DEL02-RJ";"UOP03-DEL02-RJ"
656307;2025-01-20;"segunda-feira";"16:25:00";"PE";101;67;"RECIFE";"Condutor deixou de manter distância do veículo da frente";"Colisão traseira";"Sem Vítimas";"Pleno dia";"Crescente";"Céu Claro";"Múltipla";"Reta";"Sim";2;0;0;0;2;0;0;2;-8,047727;-34,94513;"SPRF-PE";"DEL01-PE";"UOP01-DEL01-PE"
656308;2025-01-20;"segunda-feira";"16:15:00";"RS";290;258,9;"CACHOEIRA DO SUL";"Demais falhas mecânicas ou elétricas";"Incêndio";"Sem Vítimas";"Pleno dia";"Decrescente";"Sol";"Simples";"Reta";"Não";1;0;0;0;1;0;0;1;-30,25550857;-52,80544281;"SPRF-RS";"DEL02-RS";"UOP03-DEL02-RS"
656309;2025-01-20;"segunda-feira";"16:55:00";"BA";116;783;"PLANALTO";"Acessar a via sem observar a presença dos outros veículos";"Colisão transversal";"Com Vítimas Feridas";"Pleno dia";"Crescente";"Céu Claro";"Simples";"Aclive";"Não";5;0;1;0;4;0;1;2;-14,65785594;-40,46029014;"SPRF-BA";"DEL08-BA";"UOP02-DEL08-BA"
656312;2025-01-20;"segunda-feira";"13:45:00";"SC";101;118,9;"ITAJAI";"Ausência de reação do condutor";"Tombamento";"Com Vítimas Feridas";"Pleno dia";"Crescente";"Sol";"Dupla";"Reta";"Não";1;0;0;1;0;0;1;1;-26,895859;-48,71903;"SPRF-SC";"DEL04-SC";"UOP04-DEL04-SC"
656317;2025-01-20;"segunda-feira";"17:30:00";"PI";343;23;"PARNAIBA";"Acessar a via sem observar a presença dos outros veículos";"Atropelamento de Pedestre";"Com Vítimas Fatais";"Pleno dia";"Crescente";"Céu Claro";"Simples";"Reta";"Não";6;1;0;0;5;0;0;2;-2,998956;-41,76561;"SPRF-PI";"DEL05-PI";"UOP01-DEL05-PI"
656320;2025-01-20;"segunda-feira";"16:55:00";"SC";280;28;"ARAQUARI";"Transitar no Acostamento";"Colisão transversal";"Com Vítimas Feridas";"Pleno dia";"Crescente";"Céu Claro";"Simples";"Reta";"Não";2;0;1;0;1;0;1;2;-26,40450077;-48,74561031;"SPRF-SC";"DEL03-SC";"UOP03-DEL03-SC"
656324;2025-01-20;"segunda-feira";"17:50:00";"RS";386;349;"LAJEADO";"Manobra de mudança de faixa";"Colisão lateral mesmo sentido";"Com Vítimas Feridas";"Pleno dia";"Crescente";"Céu Claro";"Dupla";"Reta;Ponte";"Sim";2;0;1;1;0;0;2;2;-29,465483;-51,95509;"SPRF-RS";"DEL04-RS";"UOP01-DEL04-RS"
656325;2025-01-20;"segunda-feira";"13:45:00";"RJ";101;296;"SAO GONCALO";"Reação tardia ou ineficiente do condutor";"Queda de ocupante de veículo";"Com Vítimas Feridas";"Pleno dia";"Decrescente";"Céu Claro";"Dupla";"Reta";"Não";1;0;1;0;0;0;1;1;-22,7670498;-42,91019601;"SPRF-RJ";"DEL02-RJ";"UOP02-DEL02-RJ"
656326;2025-01-20;"segunda-feira";"17:35:00";"PR";373;172,4;"PONTA GROSSA";"Velocidade Incompatível";"Colisão traseira";"Com Vítimas Feridas";"Pleno dia";"Decrescente";"Chuva";"Dupla";"Reta";"Sim";2;0;0;1;1;0;1;2;-25,08139932;-50,19200981;"SPRF-PR";"DEL03-PR";"UOP01-DEL03-PR"
656329;2025-01-20;"segunda-feira";"17:45:00";"RJ";116;186;"NOVA IGUACU";"Reação tardia ou ineficiente do condutor";"Colisão traseira";"Com Vítimas Feridas";"Pleno dia";"Decrescente";"Céu Claro";"Dupla";"Reta";"Não";2;0;1;0;1;0;1;2;-22,73962339;-43,46276495;"SPRF-RJ";"DEL06-RJ";"UOP01-DEL06-RJ"
656330;2025-01-20;"segunda-feira";"17:55:00";"DF";70;14;"BRASILIA";"Ausência de reação do condutor";"Queda de ocupante de veículo";"Com Vítimas Feridas";"Pleno dia";"Crescente";"Céu Claro";"Dupla";"Curva;Retorno Regulamentado";"Não";1;0;1;0;0;0;1;1;-15,797312;-48,176056;"SPRF-DF";"DEL03-DF";"UOP02-DEL03-DF"
656331;2025-01-20;"segunda-feira";"15:00:00";"SP";116;492,9;"CAJATI";"Avarias e/ou desgaste excessivo no pneu";"Tombamento";"Com Vítimas Feridas";"Pleno dia";"Crescente";"Céu Claro";"Dupla";"Reta";"Não";2;0;2;0;0;0;2;1;-24,74308052;-48,1325941;"SPRF-SP";"DEL05-SP";"UOP01-DEL05-SP"
656332;2025-01-20;"segunda-feira";"17:45:00";"PR";116;210,8;"RIO NEGRO";"Acessar a via sem observar a presença dos outros veículos";"Colisão transversal";"Com Vítimas Feridas";"Pleno dia";"Crescente";"Céu Claro";"Simples";"Reta;Retorno Regulamentado;Interseção de Vias";"Sim";3;0;2;0;1;0;2;2;-26,1012601;-49,7807774;"SPRF-SC";"DEL06-SC";"UOP01-DEL06-SC"
656334;2025-01-20;"segunda-feira";"18:10:00";"PR";277;71;"SAO JOSE DOS PINHAIS";"Reação tardia ou ineficiente do condutor";"Colisão traseira";"Com Vítimas Feridas";"Pleno dia";"Crescente";"Céu Claro";"Dupla";"Reta;Interseção de Vias";"Sim";2;0;0;1;1;0;1;2;-25,52920381;-49,08862791;"SPRF-PR";"DEL01-PR";"UOP07-DEL01-PR"
656336;2025-01-20;"segunda-feira";"18:20:00";"RN";226;4;"NATAL";"Manobra de mudança de faixa";"Colisão lateral sentido oposto";"Com Vítimas Feridas";"Plena Noite";"Crescente";"Céu Claro";"Simples";"Reta";"Sim";2;0;1;0;1;0;1;2;-5,81958019;-35,25969486;"SPRF-RN";"DEL01-RN";"UOP02-DEL01-RN"
656338;2025-01-20;"segunda-feira";"17:30:00";"PA";316;252;"CACHOEIRA DO PIRIA";"Avarias e/ou desgaste excessivo no pneu";"Saída de leito carroçável";"Com Vítimas Fatais";"Pleno dia";"Crescente";"Céu Claro";"Simples";"Reta";"Não";5;1;2;2;0;0;4;1;-1,78751233;-46,49904013;"SPRF-PA";"DEL01-PA";"UOP04-DEL01-PA"
656340;2025-01-20;"segunda-feira";"19:25:00";"ES";101;145;"LINHARES";"Ausência de reação do condutor";"Colisão lateral mesmo sentido";"Com Vítimas Feridas";"Plena Noite";"Crescente";"Céu Claro";"Dupla";"Reta";"Não";2;0;1;0;1;0;1;2;-19,36089598;-40,06464018;"SPRF-ES";"DEL04-ES";"UOP01-DEL04-ES"
656341;2025-01-20;"segunda-feira";"19:05:00";"PB";230;27;"JOAO PESSOA";"Ausência de reação do condutor";"Colisão lateral mesmo sentido";"Com Vítimas Feridas";"Plena Noite";"Crescente";"Céu Claro";"Dupla";"Declive;Reta";"Sim";2;0;1;0;1;0;1;2;-7,1677;-34,8855;"SPRF-PB";"DEL01-PB";"UOP01-DEL01-PB"
656342;2025-01-20;"segunda-feira";"18:45:00";"ES";262;38;"DOMINGOS MARTINS";"Conversão proibida";"Colisão transversal";"Com Vítimas Feridas";"Plena Noite";"Crescente";"Céu Claro";"Simples";"Reta";"Não";2;0;1;0;1;0;1;2;-20,38085315;-40,62068704;"SPRF-ES";"DEL01-ES";"UOP01-DEL01-ES"
656344;2025-01-20;"segunda-feira";"19:45:00";"GO";153;490;"GOIANIA";"Pedestre andava na pista";"Atropelamento de Pedestre";"Com Vítimas Feridas";"Anoitecer";"Crescente";"Nublado";"Dupla";"Reta";"Sim";2;0;0;1;1;0;1;2;-16,6298;-49,2056;"SPRF-GO";"DEL01-GO";"UOP01-DEL01-GO"
656345;2025-01-20;"segunda-feira";"19:45:00";"RS";285;408,8;"PANAMBI";"Animais na Pista";"Atropelamento de Animal";"Com Vítimas Feridas";"Plena Noite";"Crescente";"Céu Claro";"Simples";"Reta";"Não";2;0;1;0;1;0;1;1;-28,37131362;-53,40745926;"SPRF-RS";"DEL10-RS";"UOP02-DEL10-RS"
656346;2025-01-20;"segunda-feira";"20:00:00";"RN";101;78;"NATAL";"Animais na Pista";"Atropelamento de Animal";"Com Vítimas Feridas";"Plena Noite";"Decrescente";"Céu Claro";"Dupla";"Reta";"Não";1;0;0;1;0;0;1;1;-5,74071896;-35,29021064;"SPRF-RN";"DEL02-RN";"UOP01-DEL02-RN"
656347;2025-01-20;"segunda-feira";"15:55:00";"RJ";40;69,3;"PETROPOLIS";"Suicídio (presumido)";"Colisão com objeto";"Com Vítimas Feridas";"Pleno dia";"Decrescente";"Nublado";"Dupla";"Reta;Declive";"Não";1;0;0;1;0;0;1;1;-22,44351715;-43,19229188;"SPRF-RJ";"DEL05-RJ";"UOP02-DEL05-RJ"
656348;2025-01-20;"segunda-feira";"19:40:00";"PR";376;4;"MANDAGUARI";"Desrespeitar a preferência no cruzamento";"Colisão transversal";"Com Vítimas Feridas";"Plena Noite";"Crescente";"Nublado";"Simples";"Interseção de Vias";"Sim";3;0;1;0;2;0;1;2;-23,547966;-51,671265;"SPRF-PR";"DEL09-PR";"UOP01-DEL09-PR"
656349;2025-01-20;"segunda-feira";"17:00:00";"MT";163;809;"SINOP";"Reação tardia ou ineficiente do condutor";"Saída de leito carroçável";"Com Vítimas Feridas";"Pleno dia";"Crescente";"Nublado";"Simples";"Reta";"Não";4;0;2;0;2;0;2;2;-12,09;-55,518;"SPRF-MT";"DEL06-MT";"UOP02-DEL06-MT"
656350;2025-01-20;"segunda-feira";"19:45:00";"SP";101;45,5;"UBATUBA";"Acessar a via sem observar a presença dos outros veículos";"Atropelamento de Pedestre";"Com Vítimas Feridas";"Plena Noite";"Crescente";"Céu Claro";"Simples";"Reta";"Sim";2;0;1;0;1;0;1;2;-23,42080198;-45,07089615;"SPRF-SP";"DEL06-SP";"UOP01-DEL06-SP"
656352;2025-01-20;"segunda-feira";"20:15:00";"PB";101;89,5;"JOAO PESSOA";"Pedestre - Ingestão de álcool/ substâncias psicoativas";"Atropelamento de Pedestre";"Com Vítimas Feridas";"Plena Noite";"Crescente";"Céu Claro";"Dupla";"Reta";"Não";2;0;1;1;0;0;2;2;-7,1710694;-34,89765372;"SPRF-PB";"DEL01-PB";"UOP02-DEL01-PB"
656355;2025-01-20;"segunda-feira";"15:00:00";"SC";470;63;"INDAIAL";"Condutor deixou de manter distância do veículo da frente";"Colisão traseira";"Com Vítimas Feridas";"Pleno dia";"Decrescente";"Céu Claro";"Simples";"Reta";"Não";2;0;1;0;1;0;1;2;-26,872396;-49,19228;"SPRF-SC";"DEL04-SC";"UOP01-DEL04-SC"
656357;2025-01-20;"segunda-feira";"21:10:00";"MG";40;556;"NOVA LIMA";"Ausência de reação do condutor";"Colisão frontal";"Com Vítimas Feridas";"Plena Noite";"Decrescente";"Céu Claro";"Dupla";"Reta";"Não";3;0;1;0;2;0;1;3;-20,09356202;-43,97554136;"SPRF-MG";"DEL01-MG";"UOP02-DEL01-MG"
656358;2025-01-20;"segunda-feira";"18:05:00";"SC";101;241,9;"PALHOCA";"Acumulo de areia ou detritos sobre o pavimento";"Tombamento";"Com Vítimas Feridas";"Pleno dia";"Decrescente";"Nublado";"Dupla";"Curva";"Não";2;0;1;0;1;0;1;1;-27,86671599;-48,64607012;"SPRF-SC";"DEL01-SC";"UOP02-DEL01-SC"
656360;2025-01-20;"segunda-feira";"19:15:00";"PR";277;42;"MORRETES";"Demais falhas mecânicas ou elétricas";"Incêndio";"Sem Vítimas";"Plena Noite";"Crescente";"Nublado";"Múltipla";"Aclive;Reta";"Não";1;0;0;0;1;0;0;1;-25,57361239;-48,84469597;"SPRF-PR";"DEL01-PR";"UOP05-DEL01-PR"
656361;2025-01-20;"segunda-feira";"20:40:00";"MG";116;699,1;"MURIAE";"Acessar a via sem observar a presença dos outros veículos";"Colisão lateral mesmo sentido";"Com Vítimas Feridas";"Plena Noite";"Decrescente";"Céu Claro";"Simples";"Reta;Interseção de Vias";"Sim";2;0;1;0;1;0;1;2;-21,09470198;-42,37369904;"SPRF-MG";"DEL07-MG";"UOP02-DEL07-MG"
656362;2025-01-20;"segunda-feira";"20:40:00";"PR";376;314;"ORTIGUEIRA";"Ausência de reação do condutor";"Saída de leito carroçável";"Sem Vítimas";"Plena Noite";"Crescente";"Chuva";"Dupla";"Curva";"Não";1;0;0;0;1;0;0;1;-24,0189474;-51,09284357;"SPRF-PR";"DEL07-PR";"UOP02-DEL07-PR"
656363;2025-01-20;"segunda-feira";"21:00:00";"PR";373;173;"PONTA GROSSA";"Pedestre cruzava a pista fora da faixa";"Atropelamento de Pedestre";"Com Vítimas Feridas";"Plena Noite";"Crescente";"Nublado";"Dupla";"Curva";"Sim";2;0;0;1;1;0;1;2;-25,0802783;-50,2019462;"SPRF-PR";"DEL03-PR";"UOP01-DEL03-PR"
656364;2025-01-20;"segunda-feira";"18:30:00";"SC";101;122;"ITAJAI";"Condutor deixou de manter distância do veículo da frente";"Colisão traseira";"Com Vítimas Feridas";"Anoitecer";"Crescente";"Garoa/Chuvisco";"Dupla";"Reta";"Não";2;0;0;1;1;0;1;2;-26,92955916;-48,70499836;"SPRF-SC";"DEL04-SC";"UOP04-DEL04-SC"
656365;2025-01-20;"segunda-feira";"21:45:00";"MG";381;502;"BETIM";"Demais falhas mecânicas ou elétricas";"Tombamento";"Com Vítimas Feridas";"Plena Noite";"Crescente";"Céu Claro";"Dupla";"Reta";"Sim";2;0;2;0;0;0;2;1;-20,02016966;-44,22885418;"SPRF-MG";"DEL01-MG";"UOP03-DEL01-MG"
656366;2025-01-20;"segunda-feira";"21:40:00";"RJ";393;279;"BARRA DO PIRAI";"Acessar a via sem observar a presença dos outros veículos";"Colisão transversal";"Com Vítimas Feridas";"Plena Noite";"Decrescente";"Céu Claro";"Simples";"Reta";"Sim";2;0;1;0;1;0;1;2;-22,47615736;-44,00889998;"SPRF-RJ";"DEL05-RJ";"UOP04-DEL05-RJ"
656367;2025-01-20;"segunda-feira";"20:00:00";"MG";262;38,3;"MANHUACU";"Conversão proibida";"Colisão transversal";"Com Vítimas Feridas";"Plena Noite";"Crescente";"Céu Claro";"Simples";"Aclive;Reta";"Sim";2;0;2;0;0;0;2;2;-20,26305859;-42,03684948;"SPRF-MG";"DEL06-MG";"UOP03-DEL06-MG"
656368;2025-01-20;"segunda-feira";"20:30:00";"RJ";101;384;"RIO DE JANEIRO";"Condutor deixou de manter distância do veículo da frente";"Colisão traseira";"Com Vítimas Feridas";"Plena Noite";"Decrescente";"Céu Claro";"Dupla";"Reta";"Sim";2;0;1;0;1;0;1;2;-22,87911609;-43,62323999;"SPRF-RJ";"DEL03-RJ";"UOP01-DEL03-RJ"
656369;2025-01-20;"segunda-feira";"22:22:00";"RS";116;265;"CANOAS";"Acesso irregular";"Tombamento";"Com Vítimas Feridas";"Plena Noite";"Decrescente";"Céu Claro";"Dupla";"Reta";"Sim";1;0;0;1;0;0;1;1;-29,92342302;-51,17780944;"SPRF-RS";"DEL01-RS";"UOP01-DEL01-RS"
656370;2025-01-20;"segunda-feira";"21:00:00";"MS";158;98,6;"PARANAIBA";"Ingestão de álcool pelo condutor";"Saída de leito carroçável";"Sem Vítimas";"Plena Noite";"Crescente";"Céu Claro";"Dupla";"Reta";"Sim";2;0;0;0;2;0;0;1;-19,69914535;-51,16781244;"SPRF-MS";"DEL08-MS";"UOP01-DEL08-MS"
656371;2025-01-20;"segunda-feira";"20:20:00";"GO";60;167,2;"GOIANIA";"Participar de racha";"Colisão com objeto";"Com Vítimas Fatais";"Plena Noite";"Crescente";"Céu Claro";"Dupla";"Curva";"Sim";1;1;0;0;0;0;0;1;-16,7175;-49,3663;"SPRF-GO";"DEL01-GO";"UOP02-DEL01-GO"
656372;2025-01-20;"segunda-feira";"21:30:00";"RS";386;355,4;"ESTRELA";"Reação tardia ou ineficiente do condutor";"Colisão com objeto";"Sem Vítimas";"Plena Noite";"Decrescente";"Céu Claro";"Dupla";"Reta";"Não";1;0;0;0;1;0;0;1;-29,515066;-51,940083;"SPRF-RS";"DEL04-RS";"UOP01-DEL04-RS"
656377;2025-01-20;"segunda-feira";"18:10:00";"RJ";493;1;"ITABORAI";"Retorno proibido";"Colisão transversal";"Com Vítimas Feridas";"Plena Noite";"Decrescente";"Céu Claro";"Simples";"Reta";"Sim";2;0;1;0;1;0;1;2;-22,77062;-42,92223;"SPRF-RJ";"DEL02-RJ";"UOP02-DEL02-RJ"
656378;2025-01-20;"segunda-feira";"12:10:00";"RJ";101;328;"RIO DE JANEIRO";"Ausência de reação do condutor";"Tombamento";"Com Vítimas Feridas";"Pleno dia";"Crescente";"Céu Claro";"Dupla";"Reta";"Não";2;0;2;0;0;0;2;1;-22,87028692;-43,16579699;"SPRF-RJ";"DEL02-RJ";"UOP01-DEL02-RJ"
656379;2025-01-20;"segunda-feira";"21:30:00";"SC";101;56,5;"ARAQUARI";"Entrada inopinada do pedestre";"Atropelamento de Pedestre";"Com Vítimas Fatais";"Plena Noite";"Decrescente";"Céu Claro";"Dupla";"Reta";"Não";2;1;0;0;1;0;0;2;-26,43554844;-48,81381691;"SPRF-SC";"DEL03-SC";"UOP01-DEL03-SC"
656380;2025-01-20;"segunda-feira";"22:20:00";"BA";324;621,8;"SALVADOR";"Manobra de mudança de faixa";"Colisão transversal";"Com Vítimas Feridas";"Plena Noite";"Decrescente";"Céu Claro";"Múltipla";"Curva;Aclive";"Sim";3;0;3;0;0;0;3;2;-12,927106;-38,46794;"SPRF-BA";"DEL01-BA";"UOP01-DEL01-BA"