"id";"data_inversa";"dia_semana";"horario";"uf";"br";"km";"municipio";"causa_acidente";"tipo_acidente";"classificacao_acidente";"fase_dia";"sentido_via";"condicao_metereologica";"tipo_pista";"tracado_via";"uso_solo";"pessoas";"mortos";"feridos_leves";"feridos_graves";"ilesos";"ignorados";"feridos";"veiculos";"latitude";"longitude";"regional";"delegacia";"uop"
656382;2025-01-20;"segunda-feira";"21:45:00";"MT";70;5,5;"BARRA DO GARCAS";"Reação tardia ou ineficiente do condutor";"Atropelamento de Animal";"Com Vítimas Feridas";"Plena Noite";"Decrescente";"Nublado";"Dupla";"Reta";"Não";2;0;2;0;0;0;2;1;-15,87814789;-52,296134;"SPRF-MT";"DEL07-MT";"UOP01-DEL07-MT"
656384;2025-01-20;"segunda-feira";"21:00:00";"BA";101;925;"NOVA VICOSA";"Manobra de mudança de faixa";"Colisão lateral mesmo sentido";"Sem Vítimas";"Plena Noite";"Decrescente";"Céu Claro";"Simples";"Reta";"Não";3;0;0;0;3;0;0;2;-17,93366225;-39,84260559;"SPRF-BA";"DEL09-BA";"UOP02-DEL09-BA"
656385;2025-01-21;"terça-feira";"00:10:00";"RJ";116;190;"NOVA IGUACU";"Ultrapassagem Indevida";"Colisão lateral mesmo sentido";"Sem Vítimas";"Plena Noite";"Crescente";"Céu Claro";"Dupla";"Reta";"Não";5;0;0;0;5;0;0;2;-22,74123776;-43,5007311;"SPRF-RJ";"DEL06-RJ";"UOP01-DEL06-RJ"
656389;2025-01-20;"segunda-feira";"22:00:00";"RO";364;341;"JI-PARANA";"Condutor deixou de manter distância do veículo da frente";"Colisão lateral mesmo sentido";"Com Vítimas Feridas";"Plena Noite";"Decrescente";"Nublado";"Dupla";"Aclive;Viaduto";"Sim";2;0;1;0;1;0;1;2;-10,8873802;-61,9328928;"SPRF-RO";"DEL02-RO";"UOP01-DEL02-RO"
656392;2025-01-21;"terça-feira";"01:40:00";"PB";230;175,9;"POCINHOS";"Ausência de reação do condutor";"Saída de leito carroçável";"Com Vítimas Feridas";"Plena Noite";"Crescente";"Céu Claro";"Simples";"Aclive;Reta;Em Obras";"Não";1;0;0;1;0;0;1;1;-7,1775;-36,0247;"SPRF-PB";"DEL02-PB";"UOP02-DEL02-PB"
656393;2025-01-21;"terça-feira";"03:50:00";"MG";381;527,2;"BRUMADINHO";"Acumulo de óleo sobre o pavimento";"Queda de ocupante de veículo";"Com Vítimas Feridas";"Plena Noite";"Crescente";"Nublado";"Dupla";"Reta";"Não";1;0;1;0;0;0;1;1;-20,16283256;-44,35072739;"SPRF-MG";"DEL04-MG";"UOP03-DEL04-MG"
656395;2025-01-21;"terça-feira";"06:00:00";"GO";414;439;"ANAPOLIS";"Desrespeitar a preferência no cruzamento";"Atropelamento de Pedestre";"Com Vítimas Feridas";"Pleno dia";"Crescente";"Céu Claro";"Simples";"Rotatória";"Não";2;0;1;0;1;0;1;2;-16,28128823;-48,94258908;"SPRF-GO";"DEL02-GO";"UOP01-DEL02-GO"
656396;2025-01-09;"quinta-feira";"14:10:00";"PE";232;7;"RECIFE";"Condutor Dormindo";"Colisão com objeto";"Com Vítimas Feridas";"Pleno dia";"Crescente";"Céu Claro";"Múltipla";"Reta";"Não";2;0;0;2;0;0;2;1;-8,07333497;-34,96184301;"SPRF-PE";"DEL01-PE";"UOP01-DEL01-PE"
656397;2025-01-21;"terça-feira";"04:00:00";"RJ";116;186;"NOVA IGUACU";"Demais falhas mecânicas ou elétricas";"Incêndio";"Sem Vítimas";"Amanhecer";"Crescente";"Céu Claro";"Dupla";"Reta";"Não";1;0;0;0;0;1;0;1;-22,73962339;-43,46276495;"SPRF-RJ";"DEL06-RJ";"UOP01-DEL06-RJ"
656398;2025-01-21;"terça-feira";"04:00:00";"RJ";116;132;"MAGE";"Reação tardia ou ineficiente do condutor";"Tombamento";"Com Vítimas Fatais";"Plena Noite";"Decrescente";"Céu Claro";"Dupla";"Reta";"Não";1;1;0;0;0;0;0;1;-22,65703272;-43,13458092;"SPRF-RJ";"DEL04-RJ";"UOP02-DEL04-RJ"
656401;2025-01-20;"segunda-feira";"21:15:00";"MA";316;561,5;"CAXIAS";"Transitar na contramão";"Colisão lateral sentido oposto";"Com Vítimas Feridas";"Plena Noite";"Crescente";"Garoa/Chuvisco";"Simples";"Reta";"Não";6;0;1;0;5;0;1;2;-4,893173;-43,275978;"SPRF-MA";"DEL03-MA";"UOP02-DEL03-MA"
656402;2025-01-21;"terça-feira";"03:30:00";"RS";472;597,6;"URUGUAIANA";"Demais falhas na via";"Saída de leito carroçável";"Com Vítimas Feridas";"Plena Noite";"Decrescente";"Céu Claro";"Simples";"Reta;Em Obras";"Não";3;0;2;0;1;0;2;1;-29,872252;-57,111932;"SPRF-RS";"DEL13-RS";"UOP01-DEL13-RS"
656405;2025-01-21;"terça-feira";"05:45:00";"SC";153;58;"IRANI";"Desrespeitar a preferência no cruzamento";"Colisão transversal";"Com Vítimas Feridas";"Amanhecer";"Crescente";"Céu Claro";"Simples";"Interseção de Vias;Rotatória";"Não";2;0;1;0;1;0;1;2;-26,964373;-51,841362;"SPRF-SC";"DEL07-SC";"UOP07-DEL07-SC"
656407;2025-01-21;"terça-feira";"00:35:00";"MG";381;621;"OLIVEIRA";"Ausência de reação do condutor";"Colisão com objeto";"Com Vítimas Feridas";"Plena Noite";"Decrescente";"Nublado";"Dupla";"Curva";"Não";1;0;1;0;0;0;1;1;-20,79358497;-44,78938914;"SPRF-MG";"DEL04-MG";"UOP01-DEL04-MG"
656410;2025-01-21;"terça-feira";"07:30:00";"SC";101;346,8;"JAGUARUNA";"Ultrapassagem Indevida";"Colisão lateral mesmo sentido";"Com Vítimas Feridas";"Pleno dia";"Crescente";"Céu Claro";"Dupla";"Reta";"Não";4;0;2;0;2;0;2;2;-28,54565997;-49,05345334;"SPRF-SC";"DEL02-SC";"UOP01-DEL02-SC"
656411;2025-01-21;"terça-feira";"07:00:00";"SC";101;201,3;"SAO JOSE";"Acessar a via sem observar a presença dos outros veículos";"Colisão transversal";"Com Vítimas Feridas";"Pleno dia";"Crescente";"Nublado";"Múltipla";"Reta";"Sim";3;0;2;0;1;0;2;2;-27,54836599;-48,61977975;"SPRF-SC";"DEL01-SC";"UOP01-DEL01-SC"
656413;2025-01-21;"terça-feira";"04:50:00";"ES";101;81,5;"DOMINGOS MARTINS";"Velocidade Incompatível";"Saída de leito carroçável";"Com Vítimas Feridas";"Amanhecer";"Decrescente";"Céu Claro";"Simples";"Curva;Declive";"Não";1;0;1;0;0;0;1;1;-20,4077324;-40,9543294;"SPRF-ES";"DEL04-ES";"UOP02-DEL04-ES"
656414;2025-01-21;"terça-feira";"07:15:00";"PB";230;19;"JOAO PESSOA";"Entrada inopinada do pedestre";"Atropelamento de Pedestre";"Com Vítimas Feridas";"Pleno dia";"Crescente";"Céu Claro";"Dupla";"Curva";"Sim";3;0;1;0;2;0;1;3;-7,1281;-34,8466;"SPRF-PB";"DEL01-PB";"UOP01-DEL01-PB"
656415;2025-01-21;"terça-feira";"07:40:00";"RJ";116;147;"DUQUE DE CAXIAS";"Entrada inopinada do pedestre";"Atropelamento de Pedestre";"Com Vítimas Feridas";"Pleno dia";"Decrescente";"Sol";"Múltipla";"Reta";"Sim";2;0;1;0;0;1;1;2;-22,67134286;-43,27746391;"SPRF-RJ";"DEL01-RJ";"UOP02-DEL01-RJ"
656416;2025-01-21;"terça-feira";"05:30:00";"MG";50;139;"UBERABA";"Animais na Pista";"Atropelamento de Animal";"Com Vítimas Feridas";"Pleno dia";"Decrescente";"Céu Claro";"Dupla";"Reta";"Não";2;0;1;1;0;0;2;1;-19,46790412;-48,05602538;"SPRF-MG";"DEL13-MG";"UOP01-DEL13-MG"
656417;2025-01-21;"terça-feira";"07:55:00";"PR";369;202,3;"APUCARANA";"Acessar a via sem observar a presença dos outros veículos";"Colisão transversal";"Com Vítimas Feridas";"Pleno dia";"Crescente";"Céu Claro";"Dupla";"Interseção de Vias;Reta";"Sim";2;0;1;0;1;0;1;2;-23,54543559;-51,4531213;"SPRF-PR";"DEL07-PR";"UOP03-DEL07-PR"
656418;2025-01-21;"terça-feira";"05:00:00";"MG";262;755,1;"SACRAMENTO";"Desrespeitar a preferência no cruzamento";"Colisão transversal";"Com Vítimas Feridas";"Amanhecer";"Decrescente";"Céu Claro";"Simples";"Interseção de Vias";"Não";4;0;3;0;1;0;3;2;-19,65112859;-47,54557012;"SPRF-MG";"DEL13-MG";"UOP01-DEL13-MG"
656421;2025-01-21;"terça-feira";"07:45:00";"MG";50;173;"UBERABA";"Ausência de reação do condutor";"Tombamento";"Com Vítimas Feridas";"Pleno dia";"Decrescente";"Céu Claro";"Dupla";"Reta;Declive";"Sim";1;0;1;0;0;0;1;1;-19,7624352;-47,97701547;"SPRF-MG";"DEL13-MG";"UOP01-DEL13-MG"
656423;2025-01-21;"terça-feira";"07:40:00";"MG";381;1;"BETIM";"Ausência de reação do condutor";"Colisão traseira";"Com Vítimas Feridas";"Pleno dia";"Crescente";"Céu Claro";"Dupla";"Reta";"Não";4;0;2;0;2;0;2;2;-19,96917819;-44,15964353;"SPRF-MG";"DEL01-MG";"UOP03-DEL01-MG"
656424;2025-01-21;"terça-feira";"07:30:00";"PR";476;115;"COLOMBO";"Reação tardia ou ineficiente do condutor";"Colisão traseira";"Com Vítimas Feridas";"Amanhecer";"Crescente";"Nublado";"Dupla";"Reta";"Sim";2;0;1;0;1;0;1;2;-25,34954306;-49,16452646;"SPRF-PR";"DEL01-PR";"UOP01-DEL01-PR"
656425;2025-01-21;"terça-feira";"08:15:00";"RJ";116;174;"SAO JOAO DE MERITI";"Ausência de reação do condutor";"Colisão traseira";"Com Vítimas Feridas";"Pleno dia";"Decrescente";"Céu Claro";"Dupla";"Reta";"Sim";3;0;1;0;2;0;1;2;-22,79423806;-43,36403759;"SPRF-RJ";"DEL06-RJ";"UOP01-DEL06-RJ"
656428;2025-01-21;"terça-feira";"07:30:00";"PB";104;135,8;"QUEIMADAS";"Condutor deixou de manter distância do veículo da frente";"Colisão frontal";"Com Vítimas Feridas";"Pleno dia";"Crescente";"Céu Claro";"Simples";"Reta";"Não";2;0;1;0;1;0;1;2;-7,31664;-35,894955;"SPRF-PB";"DEL02-PB";"UOP03-DEL02-PB"
656431;2025-01-09;"quinta-feira";"17:56:00";"PR";277;121;"CAMPO LARGO";"Acessar a via sem observar a presença dos outros veículos";"Colisão transversal";"Com Vítimas Feridas";"Pleno dia";"Crescente";"Céu Claro";"Simples";"Declive";"Sim";2;0;1;0;0;1;1;2;-25,4465187;-49,48736519;"SPRF-PR";"DEL03-PR";"UOP03-DEL03-PR"
656432;2025-01-21;"terça-feira";"07:20:00";"SC";101;210,6;"SAO JOSE";"Trafegar com motocicleta (ou similar) entre as faixas";"Colisão lateral mesmo sentido";"Com Vítimas Feridas";"Pleno dia";"Crescente";"Céu Claro";"Simples";"Reta";"Sim";2;0;1;0;0;1;1;2;-27,6167305;-48,6457265;"SPRF-SC";"DEL01-SC";"UOP01-DEL01-SC"
656433;2025-01-21;"terça-feira";"02:00:00";"RJ";116;133,6;"MAGE";"Reação tardia ou ineficiente do condutor";"Saída de leito carroçável";"Com Vítimas Fatais";"Plena Noite";"Decrescente";"Céu Claro";"Simples";"Reta";"Não";1;1;0;0;0;0;0;1;-22,65418284;-43,14382995;"SPRF-RJ";"DEL04-RJ";"UOP02-DEL04-RJ"
656435;2025-01-21;"terça-feira";"06:30:00";"ES";101;265;"SERRA";"Reação tardia ou ineficiente do condutor";"Tombamento";"Com Vítimas Feridas";"Pleno dia";"Crescente";"Sol";"Dupla";"Reta";"Sim";2;0;2;0;0;0;2;1;-20,1816849;-40,26536036;"SPRF-ES";"DEL02-ES";"UOP01-DEL02-ES"
656436;2025-01-21;"terça-feira";"09:05:00";"MG";50;85;"UBERLANDIA";"Frear bruscamente";"Saída de leito carroçável";"Com Vítimas Feridas";"Pleno dia";"Decrescente";"Sol";"Dupla";"Declive";"Não";1;0;1;0;0;0;1;1;-19,00488399;-48,20910294;"SPRF-MG";"DEL15-MG";"UOP01-DEL15-MG"
656437;2025-01-21;"terça-feira";"09:30:00";"RN";304;134,9;"ANGICOS";"Manobra de mudança de faixa";"Colisão transversal";"Com Vítimas Feridas";"Pleno dia";"Decrescente";"Céu Claro";"Simples";"Reta";"Não";4;0;2;2;0;0;4;2;-5,66107457;-36,73526097;"SPRF-RN";"DEL04-RN";"UOP01-DEL04-RN"
656438;2025-01-21;"terça-feira";"09:00:00";"RJ";116;214;"SEROPEDICA";"Acessar a via sem observar a presença dos outros veículos";"Colisão traseira";"Com Vítimas Feridas";"Pleno dia";"Crescente";"Céu Claro";"Simples";"Interseção de Vias";"Não";3;0;1;0;2;0;1;2;-22,713438;-43,734085;"SPRF-RJ";"DEL06-RJ";"UOP02-DEL06-RJ"
656439;2025-01-21;"terça-feira";"09:30:00";"RJ";465;2;"SEROPEDICA";"Conversão proibida";"Colisão transversal";"Com Vítimas Feridas";"Pleno dia";"Decrescente";"Céu Claro";"Simples";"Reta";"Sim";2;0;1;0;1;0;1;2;-22,727266;-43,718712;"SPRF-RJ";"DEL06-RJ";"UOP02-DEL06-RJ"
656441;2025-01-21;"terça-feira";"10:10:00";"RS";386;344,8;"LAJEADO";"Objeto estático sobre o leito carroçável";"Colisão com objeto";"Com Vítimas Feridas";"Pleno dia";"Crescente";"Sol";"Dupla";"Em Obras;Reta";"Sim";1;0;1;0;0;0;1;1;-29,439268;-51,993633;"SPRF-RS";"DEL04-RS";"UOP01-DEL04-RS"
656442;2025-01-21;"terça-feira";"10:10:00";"RS";290;577;"ALEGRETE";"Acessar a via sem observar a presença dos outros veículos";"Colisão transversal";"Com Vítimas Feridas";"Pleno dia";"Crescente";"Céu Claro";"Simples";"Interseção de Vias;Reta";"Não";2;0;1;0;1;0;1;2;-29,812544;-55,748367;"SPRF-RS";"DEL13-RS";"UOP02-DEL13-RS"
656443;2025-01-21;"terça-feira";"09:40:00";"SE";235;2;"ARACAJU";"Entrada inopinada do pedestre";"Atropelamento de Pedestre";"Com Vítimas Feridas";"Pleno dia";"Decrescente";"Sol";"Dupla";"Declive;Reta";"Sim";3;0;1;0;1;1;1;2;-10,9062;-37,1034;"SPRF-SE";"DEL01-SE";"UOP01-DEL01-SE"
656444;2025-01-21;"terça-feira";"10:15:00";"ES";101;288;"CARIACICA";"Ausência de reação do condutor";"Colisão transversal";"Com Vítimas Fatais";"Pleno dia";"Crescente";"Céu Claro";"Dupla";"Reta;Retorno Regulamentado";"Sim";3;1;0;0;2;0;0;3;-20,27160351;-40,39091743;"SPRF-ES";"DEL01-ES";"UOP01-DEL01-ES"
656445;2025-01-21;"terça-feira";"07:00:00";"PA";308;187;"TRACUATEUA";"Acessar a via sem observar a presença dos outros veículos";"Colisão transversal";"Com Vítimas Fatais";"Pleno dia";"Decrescente";"Céu Claro";"Simples";"Reta";"Não";3;1;2;0;0;0;2;2;-1,085483;-46,902207;"SPRF-PA";"DEL01-PA";"UOP03-DEL01-PA"
656446;2025-01-21;"terça-feira";"09:30:00";"AC";364;138;"RIO BRANCO";"Acessar a via sem observar a presença dos outros veículos";"Colisão lateral mesmo sentido";"Com Vítimas Feridas";"Pleno dia";"Crescente";"Chuva";"Dupla";"Rotatória";"Não";2;0;1;0;1;0;1;2;-9,96112502;-67,85646604;"SPRF-AC";"DEL01-AC";"UOP01-DEL01-AC"
656447;2025-01-21;"terça-feira";"10:20:00";"RJ";116;144;"DUQUE DE CAXIAS";"Reação tardia ou ineficiente do condutor";"Tombamento";"Com Vítimas Feridas";"Pleno dia";"Crescente";"Céu Claro";"Dupla";"Reta";"Sim";2;0;1;0;0;1;1;1;-22,65737709;-43,24724694;"SPRF-RJ";"DEL01-RJ";"UOP02-DEL01-RJ"
656449;2025-01-21;"terça-feira";"07:35:00";"PE";316;268,6;"BELEM DE SAO FRANCISCO";"Ausência de reação do condutor";"Saída de leito carroçável";"Com Vítimas Feridas";"Amanhecer";"Crescente";"Céu Claro";"Simples";"Reta";"Não";1;0;1;0;0;0;1;1;-8,70795366;-38,87816217;"SPRF-PE";"DEL04-PE";"UOP03-DEL04-PE"
656455;2025-01-21;"terça-feira";"12:29:00";"RJ";116;264;"VOLTA REDONDA";"Reação tardia ou ineficiente do condutor";"Queda de ocupante de veículo";"Com Vítimas Feridas";"Pleno dia";"Crescente";"Sol";"Múltipla";"Curva;Declive";"Não";2;0;2;0;0;0;2;1;-22,59213864;-44,07723781;"SPRF-RJ";"DEL07-RJ";"UOP02-DEL07-RJ"
656456;2025-01-21;"terça-feira";"09:10:00";"MG";116;530,8;"CARATINGA";"Demais falhas mecânicas ou elétricas";"Tombamento";"Com Vítimas Feridas";"Pleno dia";"Crescente";"Céu Claro";"Simples";"Reta";"Não";2;0;1;0;0;1;1;2;-19,81067298;-42,13539446;"SPRF-MG";"DEL06-MG";"UOP02-DEL06-MG"
656457;2025-01-21;"terça-feira";"11:30:00";"PR";369;36,9;"ANDIRA";"Acessar a via sem observar a presença dos outros veículos";"Colisão transversal";"Com Vítimas Feridas";"Pleno dia";"Decrescente";"Nublado";"Simples";"Interseção de Vias;Reta";"Sim";2;0;1;0;1;0;1;2;-23,04485617;-50,23146629;"SPRF-PR";"DEL07-PR";"UOP05-DEL07-PR"
656458;2025-01-21;"terça-feira";"13:00:00";"PB";230;16;"JOAO PESSOA";"Condutor deixou de manter distância do veículo da frente";"Engavetamento";"Sem Vítimas";"Pleno dia";"Decrescente";"Céu Claro";"Dupla";"Reta";"Sim";4;0;0;0;3;1;0;4;-7,1039;-34,8458;"SPRF-PB";"DEL01-PB";"UOP01-DEL01-PB"
656461;2025-01-21;"terça-feira";"06:40:00";"PA";316;119;"SANTA MARIA DO PARA";"Ultrapassagem Indevida";"Colisão frontal";"Com Vítimas Feridas";"Pleno dia";"Decrescente";"Céu Claro";"Simples";"Reta";"Sim";4;0;0;1;2;1;1;3;-1,31062901;-47,443276;"SPRF-PA";"DEL01-PA";"UOP02-DEL01-PA"
656463;2025-01-21;"terça-feira";"11:00:00";"RJ";101;507,5;"ANGRA DOS REIS";"Acessar a via sem observar a presença dos outros veículos";"Colisão transversal";"Com Vítimas Feridas";"Pleno dia";"Decrescente";"Céu Claro";"Simples";"Em Obras;Desvio Temporário;Reta";"Não";3;0;2;0;0;1;2;3;-22,93795948;-44,41352691;"SPRF-RJ";"DEL03-RJ";"UOP03-DEL03-RJ"
656466;2025-01-21;"terça-feira";"14:00:00";"SC";101;73;"ARAQUARI";"Ausência de reação do condutor";"Queda de ocupante de veículo";"Com Vítimas Feridas";"Pleno dia";"Decrescente";"Sol";"Múltipla";"Reta";"Não";1;0;1;0;0;0;1;1;-26,53567108;-48,71326731;"SPRF-SC";"DEL03-SC";"UOP02-DEL03-SC"
656467;2025-01-21;"terça-feira";"14:30:00";"SC";101;146;"ITAPEMA";"Reação tardia ou ineficiente do condutor";"Colisão traseira";"Com Vítimas Feridas";"Pleno dia";"Decrescente";"Céu Claro";"Dupla";"Reta";"Sim";2;0;1;0;1;0;1;1;-27,08666525;-48,60955587;"SPRF-SC";"DEL04-SC";"UOP03-DEL04-SC"
656471;2025-01-21;"terça-feira";"08:00:00";"RJ";465;19;"NOVA IGUACU";"Ultrapassagem Indevida";"Colisão transversal";"Com Vítimas Feridas";"Pleno dia";"Crescente";"Céu Claro";"Simples";"Reta";"Sim";3;0;1;0;2;0;1;2;-22,839184;-43,610451;"SPRF-RJ";"DEL06-RJ";"UOP02-DEL06-RJ"
656472;2025-01-21;"terça-feira";"14:00:00";"PR";376;647;"TIJUCAS DO SUL";"Entrada inopinada do pedestre";"Atropelamento de Pedestre";"Com Vítimas Feridas";"Pleno dia";"Decrescente";"Nublado";"Dupla";"Reta";"Não";2;0;0;1;1;0;1;2;-25,83292397;-49,11120797;"SPRF-PR";"DEL01-PR";"UOP04-DEL01-PR"
656474;2025-01-21;"terça-feira";"14:50:00";"RJ";101;87;"CAMPOS DOS GOYTACAZES";"Condutor Dormindo";"Saída de leito carroçável";"Com Vítimas Feridas";"Pleno dia";"Decrescente";"Chuva";"Dupla";"Reta";"Não";1;0;1;0;0;0;1;1;-21,82626899;-41,49641201;"SPRF-RJ";"DEL08-RJ";"UOP02-DEL08-RJ"
656476;2025-01-21;"terça-feira";"15:00:00";"PR";476;144,3;"CURITIBA";"Condutor deixou de manter distância do veículo da frente";"Colisão traseira";"Com Vítimas Feridas";"Pleno dia";"Decrescente";"Céu Claro";"Dupla";"Reta;Aclive";"Sim";2;0;1;0;1;0;1;2;-25,54382897;-49,31437969;"SPRF-PR";"DEL01-PR";"UOP06-DEL01-PR"
656477;2025-01-21;"terça-feira";"13:15:00";"RJ";116;2;"SAPUCAIA";"Conversão proibida";"Colisão transversal";"Com Vítimas Feridas";"Pleno dia";"Crescente";"Sol";"Simples";"Reta";"Sim";2;0;1;0;1;0;1;2;-21,879488;-42,681053;"SPRF-RJ";"DEL05-RJ";"UOP01-DEL05-RJ"
656478;2025-01-21;"terça-feira";"10:20:00";"RJ";40;120;"DUQUE DE CAXIAS";"Reação tardia ou ineficiente do condutor";"Colisão lateral mesmo sentido";"Com Vítimas Feridas";"Pleno dia";"Crescente";"Céu Claro";"Múltipla";"Reta";"Sim";2;0;1;0;1;0;1;2;-22,77280597;-43,28626763;"SPRF-RJ";"DEL01-RJ";"UOP02-DEL01-RJ"
656479;2025-01-21;"terça-feira";"15:20:00";"PE";101;71,6;"RECIFE";"Reação tardia ou ineficiente do condutor";"Colisão traseira";"Com Vítimas Feridas";"Pleno dia";"Decrescente";"Céu Claro";"Dupla";"Reta";"Sim";4;0;1;1;2;0;2;2;-8,07663102;-34,94277871;"SPRF-PE";"DEL01-PE";"UOP01-DEL01-PE"
656480;2025-01-21;"terça-feira";"15:30:00";"SC";101;146;"ITAPEMA";"Ausência de reação do condutor";"Colisão traseira";"Com Vítimas Feridas";"Pleno dia";"Decrescente";"Céu Claro";"Dupla";"Reta";"Sim";2;0;1;0;1;0;1;2;-27,08666525;-48,60955587;"SPRF-SC";"DEL04-SC";"UOP03-DEL04-SC"
656481;2025-01-21;"terça-feira";"14:30:00";"MG";381;827;"SAO SEBASTIAO DA BELA VISTA";"Ausência de reação do condutor";"Capotamento";"Com Vítimas Feridas";"Pleno dia";"Decrescente";"Céu Claro";"Dupla";"Reta";"Não";3;0;2;0;1;0;2;1;-22,12362394;-45,79487203;"SPRF-MG";"DEL16-MG";"UOP01-DEL16-MG"
656482;2025-01-21;"terça-feira";"15:50:00";"RJ";101;76;"CAMPOS DOS GOYTACAZES";"Acumulo de óleo sobre o pavimento";"Queda de ocupante de veículo";"Com Vítimas Feridas";"Pleno dia";"Crescente";"Céu Claro";"Simples";"Reta";"Não";1;0;0;1;0;0;1;1;-21,82852;-41,40671;"SPRF-RJ";"DEL08-RJ";"UOP02-DEL08-RJ"
656483;2025-01-21;"terça-feira";"11:10:00";"RN";405;156,2;"RAFAEL FERNANDES";"Ausência de reação do condutor";"Queda de ocupante de veículo";"Com Vítimas Feridas";"Pleno dia";"Crescente";"Céu Claro";"Simples";"Reta";"Não";2;0;0;1;0;1;1;2;-6,15854069;-38,2077416;"SPRF-RN";"DEL04-RN";"UOP02-DEL04-RN"
656485;2025-01-21;"terça-feira";"15:30:00";"PR";277;82,2;"CURITIBA";"Reação tardia ou ineficiente do condutor";"Colisão traseira";"Com Vítimas Feridas";"Pleno dia";"Decrescente";"Nublado";"Dupla";"Reta";"Sim";3;0;2;0;1;0;2;2;-25,455439;-49,224186;"SPRF-PR";"DEL01-PR";"UOP03-DEL01-PR"
656487;2025-01-21;"terça-feira";"16:00:00";"PE";232;257;"ARCOVERDE";"Acessar a via sem observar a presença dos outros veículos";"Colisão traseira";"Com Vítimas Feridas";"Pleno dia";"Decrescente";"Céu Claro";"Simples";"Reta";"Não";2;0;1;0;1;0;1;2;-8,40876559;-37,10231195;"SPRF-PE";"DEL04-PE";"UOP02-DEL04-PE"
656488;2025-01-21;"terça-feira";"15:40:00";"PE";101;71,9;"RECIFE";"Transitar no Acostamento";"Colisão traseira";"Com Vítimas Feridas";"Pleno dia";"Crescente";"Céu Claro";"Dupla";"Reta";"Sim";3;0;3;0;0;0;3;2;-8,084276;-34,944793;"SPRF-PE";"DEL01-PE";"UOP01-DEL01-PE"
656489;2025-01-21;"terça-feira";"15:50:00";"DF";20;7;"BRASILIA";"Manobra de mudança de faixa";"Colisão lateral mesmo sentido";"Com Vítimas Feridas";"Pleno dia";"Decrescente";"Nublado";"Dupla";"Reta";"Sim";3;0;2;0;1;0;2;2;-15,662208;-47,799866;"SPRF-DF";"DEL02-DF";"UOP01-DEL02-DF"
656493;2025-01-21;"terça-feira";"16:30:00";"PB";230;19,8;"JOAO PESSOA";"Demais falhas mecânicas ou elétricas";"Queda de ocupante de veículo";"Com Vítimas Feridas";"Pleno dia";"Crescente";"Céu Claro";"Dupla";"Curva";"Sim";1;0;0;1;0;0;1;1;-7,1281;-34,8466;"SPRF-PB";"DEL01-PB";"UOP01-DEL01-PB"
656494;2025-01-21;"terça-feira";"15:15:00";"PR";277;659;"MEDIANEIRA";"Problema com o freio";"Tombamento";"Com Vítimas Feridas";"Pleno dia";"Decrescente";"Céu Claro";"Dupla";"Reta";"Sim";2;0;0;1;0;1;1;2;-25,24664169;-53,98334832;"SPRF-PR";"DEL05-PR";"UOP02-DEL05-PR"
656497;2025-01-21;"terça-feira";"16:50:00";"BA";116;631,3;"JAGUAQUARA";"Demais falhas mecânicas ou elétricas";"Colisão frontal";"Com Vítimas Feridas";"Pleno dia";"Crescente";"Céu Claro";"Simples";"Reta";"Não";2;0;1;0;1;0;1;2;-13,45971301;-40,03314998;"SPRF-BA";"DEL03-BA";"UOP01-DEL03-BA"
656499;2025-01-21;"terça-feira";"16:30:00";"RJ";101;318;"SAO GONCALO";"Demais falhas mecânicas ou elétricas";"Incêndio";"Sem Vítimas";"Pleno dia";"Crescente";"Céu Claro";"Dupla";"Reta";"Sim";1;0;0;0;1;0;0;1;-22,84562994;-43,09841211;"SPRF-RJ";"DEL02-RJ";"UOP02-DEL02-RJ"
656500;2025-01-21;"terça-feira";"17:10:00";"SP";381;86;"GUARULHOS";"Condutor deixou de manter distância do veículo da frente";"Queda de ocupante de veículo";"Com Vítimas Feridas";"Pleno dia";"Decrescente";"Céu Claro";"Dupla";"Reta";"Sim";2;0;2;0;0;0;2;1;-23,45930499;-46,57161179;"SPRF-SP";"DEL03-SP";"UOP01-DEL03-SP"
656501;2025-01-21;"terça-feira";"09:40:00";"RJ";101;430;"MANGARATIBA";"Retorno proibido";"Colisão transversal";"Com Vítimas Feridas";"Pleno dia";"Crescente";"Sol";"Dupla";"Aclive;Curva";"Sim";2;0;1;0;1;0;1;2;-22,93710123;-44,01083798;"SPRF-RJ";"DEL03-RJ";"UOP02-DEL03-RJ"
656502;2025-01-21;"terça-feira";"17:00:00";"SC";101;186;"BIGUACU";"Reação tardia ou ineficiente do condutor";"Tombamento";"Com Vítimas Feridas";"Pleno dia";"Decrescente";"Céu Claro";"Dupla";"Curva";"Não";2;0;2;0;0;0;2;1;-27,4341098;-48,62567129;"SPRF-SC";"DEL01-SC";"UOP01-DEL01-SC"
656504;2025-01-21;"terça-feira";"14:30:00";"MG";381;939;"EXTREMA";"Velocidade Incompatível";"Queda de ocupante de veículo";"Com Vítimas Feridas";"Pleno dia";"Crescente";"Nublado";"Dupla";"Reta";"Não";1;0;1;0;0;0;1;1;-22,84701434;-46,33321175;"SPRF-MG";"DEL16-MG";"UOP03-DEL16-MG"