"id";"data_inversa";"dia_semana";"horario";"uf";"br";"km";"municipio";"causa_acidente";"tipo_acidente";"classificacao_acidente";"fase_dia";"sentido_via";"condicao_metereologica";"tipo_pista";"tracado_via";"uso_solo";"pessoas";"mortos";"feridos_leves";"feridos_graves";"ilesos";"ignorados";"feridos";"veiculos";"latitude";"longitude";"regional";"delegacia";"uop"
656505;2025-01-21;"terça-feira";"17:30:00";"MG";365;625;"UBERLANDIA";"Condutor deixou de manter distância do veículo da frente";"Colisão traseira";"Com Vítimas Feridas";"Pleno dia";"Crescente";"Céu Claro";"Dupla";"Reta";"Sim";4;0;2;0;2;0;2;2;-18,90585472;-48,32526001;"SPRF-MG";"DEL15-MG";"UOP01-DEL15-MG"
656506;2025-01-21;"terça-feira";"16:40:00";"GO";60;118;"TEREZOPOLIS DE GOIAS";"Reação tardia ou ineficiente do condutor";"Colisão traseira";"Com Vítimas Feridas";"Pleno dia";"Decrescente";"Céu Claro";"Dupla";"Aclive";"Sim";4;0;1;0;3;0;1;2;-16,4848;-49,0935;"SPRF-GO";"DEL01-GO";"UOP01-DEL01-GO"
656508;2025-01-21;"terça-feira";"16:20:00";"RJ";116;281;"BARRA MANSA";"Mal súbito do condutor";"Saída de leito carroçável";"Com Vítimas Feridas";"Pleno dia";"Crescente";"Céu Claro";"Dupla";"Curva";"Sim";1;0;1;0;0;0;1;1;-22,53244798;-44,19565304;"SPRF-RJ";"DEL07-RJ";"UOP02-DEL07-RJ"
656509;2025-01-21;"terça-feira";"15:00:00";"RJ";101;507,8;"ANGRA DOS REIS";"Desrespeitar a preferência no cruzamento";"Atropelamento de Pedestre";"Com Vítimas Feridas";"Pleno dia";"Decrescente";"Nublado";"Simples";"Desvio Temporário;Reta;Em Obras";"Não";3;0;1;0;0;2;1;2;-22,93795948;-44,41352691;"SPRF-RJ";"DEL03-RJ";"UOP03-DEL03-RJ"
656510;2025-01-21;"terça-feira";"07:30:00";"RJ";101;477;"ANGRA DOS REIS";"Reação tardia ou ineficiente do condutor";"Queda de ocupante de veículo";"Com Vítimas Feridas";"Pleno dia";"Crescente";"Céu Claro";"Simples";"Reta";"Sim";1;0;1;0;0;0;1;1;-22,99820396;-44,26554599;"SPRF-RJ";"DEL03-RJ";"UOP03-DEL03-RJ"
656512;2025-01-19;"domingo";"16:00:00";"RJ";101;420;"MANGARATIBA";"Velocidade Incompatível";"Colisão transversal";"Com Vítimas Feridas";"Pleno dia";"Decrescente";"Céu Claro";"Dupla";"Reta";"Não";3;0;2;0;1;0;2;2;-22,9189815;-43,92318002;"SPRF-RJ";"DEL03-RJ";"UOP02-DEL03-RJ"
656514;2025-01-21;"terça-feira";"17:50:00";"RS";290;95;"PORTO ALEGRE";"Acumulo de óleo sobre o pavimento";"Tombamento";"Com Vítimas Feridas";"Pleno dia";"Decrescente";"Céu Claro";"Dupla";"Reta";"Sim";2;0;0;1;0;1;1;2;-29,982832;-51,201572;"SPRF-RS";"DEL01-RS";"UOP01-DEL01-RS"
656516;2025-01-21;"terça-feira";"18:00:00";"RS";285;338;"CARAZINHO";"Acessar a via sem observar a presença dos outros veículos";"Colisão transversal";"Com Vítimas Feridas";"Pleno dia";"Decrescente";"Céu Claro";"Simples";"Declive";"Sim";2;0;0;1;1;0;1;2;-28,315704;-52,779015;"SPRF-RS";"DEL08-RS";"UOP03-DEL08-RS"
656518;2025-01-21;"terça-feira";"18:20:00";"PB";230;27,8;"JOAO PESSOA";"Pedestre andava na pista";"Atropelamento de Pedestre";"Com Vítimas Feridas";"Plena Noite";"Decrescente";"Céu Claro";"Dupla";"Aclive;Viaduto;Reta";"Sim";3;0;0;1;2;0;1;3;-7,16570426;-34,89719152;"SPRF-PB";"DEL01-PB";"UOP01-DEL01-PB"
656519;2025-01-21;"terça-feira";"17:50:00";"PR";116;117;"CURITIBA";"Condutor deixou de manter distância do veículo da frente";"Colisão traseira";"Com Vítimas Feridas";"Anoitecer";"Crescente";"Céu Claro";"Múltipla";"Reta";"Sim";2;0;0;1;1;0;1;2;-25,55905165;-49,30711269;"SPRF-PR";"DEL01-PR";"UOP03-DEL01-PR"
656520;2025-01-21;"terça-feira";"18:00:00";"SC";101;201,1;"SAO JOSE";"Condutor deixou de manter distância do veículo da frente";"Colisão lateral mesmo sentido";"Com Vítimas Feridas";"Pleno dia";"Crescente";"Céu Claro";"Múltipla";"Reta";"Sim";3;0;0;1;1;1;1;3;-27,54836599;-48,61977975;"SPRF-SC";"DEL01-SC";"UOP01-DEL01-SC"
656525;2025-01-21;"terça-feira";"18:40:00";"SC";101;203,8;"SAO JOSE";"Condutor deixou de manter distância do veículo da frente";"Colisão traseira";"Com Vítimas Feridas";"Pleno dia";"Decrescente";"Céu Claro";"Dupla";"Reta";"Sim";2;0;1;0;1;0;1;2;-27,5650044;-48,61460082;"SPRF-SC";"DEL01-SC";"UOP01-DEL01-SC"
656529;2025-01-21;"terça-feira";"17:45:00";"GO";153;503,5;"GOIANIA";"Manobra de mudança de faixa";"Colisão lateral mesmo sentido";"Com Vítimas Feridas";"Anoitecer";"Crescente";"Nublado";"Múltipla";"Interseção de Vias;Viaduto;Curva";"Sim";2;0;1;0;1;0;1;2;-16,73075294;-49,24345564;"SPRF-GO";"DEL01-GO";"UOP01-DEL01-GO"
656531;2025-01-21;"terça-feira";"18:27:00";"PE";101;75,1;"RECIFE";"Ausência de reação do condutor";"Colisão traseira";"Com Vítimas Feridas";"Plena Noite";"Decrescente";"Céu Claro";"Dupla";"Reta";"Sim";4;0;2;0;2;0;2;2;-8,11024807;-34,94645834;"SPRF-PE";"DEL01-PE";"UOP01-DEL01-PE"
656532;2025-01-21;"terça-feira";"17:30:00";"MT";163;829;"SINOP";"Acessar a via sem observar a presença dos outros veículos";"Colisão traseira";"Com Vítimas Feridas";"Pleno dia";"Decrescente";"Céu Claro";"Simples";"Retorno Regulamentado;Rotatória";"Sim";2;0;0;1;1;0;1;2;-11,89907862;-55,50519347;"SPRF-MT";"DEL06-MT";"UOP02-DEL06-MT"
656533;2025-01-21;"terça-feira";"19:00:00";"SC";101;208,2;"SAO JOSE";"Condutor deixou de manter distância do veículo da frente";"Colisão traseira";"Com Vítimas Feridas";"Anoitecer";"Crescente";"Céu Claro";"Dupla";"Reta";"Sim";3;0;0;2;1;0;2;2;-27,60327979;-48,63201818;"SPRF-SC";"DEL01-SC";"UOP01-DEL01-SC"
656534;2025-01-21;"terça-feira";"19:00:00";"SP";116;221,8;"GUARULHOS";"Reação tardia ou ineficiente do condutor";"Colisão lateral mesmo sentido";"Com Vítimas Feridas";"Plena Noite";"Crescente";"Céu Claro";"Múltipla";"Reta";"Sim";2;0;1;0;1;0;1;2;-23,470464;-46,516073;"SPRF-SP";"DEL01-SP";"UOP01-DEL01-SP"
656535;2025-01-13;"segunda-feira";"17:20:00";"RS";448;14;"CANOAS";"Condutor deixou de manter distância do veículo da frente";"Colisão traseira";"Com Vítimas Feridas";"Pleno dia";"Decrescente";"Céu Claro";"Múltipla";"Reta";"Não";4;0;1;0;3;0;1;2;-29,924847;-51,225426;"SPRF-RS";"DEL01-RS";"UOP01-DEL01-RS"
656537;2025-01-21;"terça-feira";"18:30:00";"DF";40;3;"BRASILIA";"Reação tardia ou ineficiente do condutor";"Colisão traseira";"Com Vítimas Feridas";"Anoitecer";"Crescente";"Céu Claro";"Dupla";"Reta";"Sim";2;0;1;0;1;0;1;2;-16,00072932;-47,9846549;"SPRF-DF";"DEL01-DF";"UOP01-DEL01-DF"
656538;2025-01-21;"terça-feira";"17:30:00";"RO";319;58;"PORTO VELHO";"Transitar no Acostamento";"Colisão traseira";"Sem Vítimas";"Pleno dia";"Crescente";"Céu Claro";"Dupla";"Reta";"Não";2;0;0;0;2;0;0;2;-8,739714;-63,93214024;"SPRF-RO";"DEL01-RO";"UOP01-DEL01-RO"
656539;2025-01-21;"terça-feira";"17:30:00";"RJ";101;297;"ITABORAI";"Ausência de reação do condutor";"Queda de ocupante de veículo";"Com Vítimas Feridas";"Pleno dia";"Decrescente";"Céu Claro";"Dupla";"Reta";"Não";2;0;2;0;0;0;2;1;-22,76942037;-42,91873581;"SPRF-RJ";"DEL02-RJ";"UOP02-DEL02-RJ"
656540;2025-01-21;"terça-feira";"16:45:00";"RS";285;398,8;"SANTA BARBARA DO SUL";"Demais falhas mecânicas ou elétricas";"Incêndio";"Sem Vítimas";"Pleno dia";"Crescente";"Sol";"Simples";"Reta";"Não";1;0;0;0;1;0;0;1;-28,38528413;-53,32652092;"SPRF-RS";"DEL10-RS";"UOP02-DEL10-RS"
656541;2025-01-21;"terça-feira";"18:04:00";"CE";222;4,1;"FORTALEZA";"Condutor deixou de manter distância do veículo da frente";"Engavetamento";"Com Vítimas Feridas";"Plena Noite";"Crescente";"Céu Claro";"Múltipla";"Reta";"Sim";5;0;3;0;1;1;3;4;-3,74164754;-38,60449792;"SPRF-CE";"DEL01-CE";"UOP01-DEL01-CE"
656544;2025-01-21;"terça-feira";"17:32:00";"MT";163;83;"RONDONOPOLIS";"Chuva";"Saída de leito carroçável";"Com Vítimas Feridas";"Anoitecer";"Decrescente";"Chuva";"Dupla";"Declive;Reta";"Não";1;0;1;0;0;0;1;1;-16,79588678;-54,67562933;"SPRF-MT";"DEL02-MT";"UOP03-DEL02-MT"
656545;2025-01-21;"terça-feira";"20:05:00";"SC";101;162;"PORTO BELO";"Demais falhas mecânicas ou elétricas";"Incêndio";"Sem Vítimas";"Plena Noite";"Crescente";"Nublado";"Dupla";"Reta";"Não";1;0;0;0;1;0;0;1;-27,20831288;-48,61987922;"SPRF-SC";"DEL04-SC";"UOP03-DEL04-SC"
656547;2025-01-21;"terça-feira";"19:45:00";"RS";116;151,6;"CAXIAS DO SUL";"Ausência de reação do condutor";"Saída de leito carroçável";"Com Vítimas Feridas";"Plena Noite";"Crescente";"Céu Claro";"Dupla";"Curva";"Sim";2;0;0;2;0;0;2;1;-29,17694502;-51,16173896;"SPRF-RS";"DEL05-RS";"UOP01-DEL05-RS"
656548;2025-01-21;"terça-feira";"19:35:00";"PR";116;14;"COLOMBO";"Condutor Dormindo";"Colisão traseira";"Com Vítimas Feridas";"Pleno dia";"Decrescente";"Céu Claro";"Dupla";"Reta";"Sim";2;0;1;0;1;0;1;2;-25,3818;-49,1643;"SPRF-PR";"DEL01-PR";"UOP02-DEL01-PR"
656549;2025-01-21;"terça-feira";"18:51:00";"RO";364;197,4;"PIMENTA BUENO";"Manobra de mudança de faixa";"Colisão transversal";"Com Vítimas Feridas";"Anoitecer";"Crescente";"Céu Claro";"Simples";"Reta;Interseção de Vias";"Sim";5;0;1;0;3;1;1;3;-11,67880278;-61,1878925;"SPRF-RO";"DEL02-RO";"UOP02-DEL02-RO"
656550;2025-01-21;"terça-feira";"16:18:00";"CE";116;9;"FORTALEZA";"Entrada inopinada do pedestre";"Atropelamento de Pedestre";"Com Vítimas Feridas";"Pleno dia";"Decrescente";"Sol";"Dupla";"Reta";"Sim";2;0;1;0;0;1;1;2;-3,82779096;-38,50486117;"SPRF-CE";"DEL01-CE";"UOP02-DEL01-CE"
656554;2025-01-21;"terça-feira";"14:50:00";"SC";280;289;"PORTO UNIAO";"Ingestão de álcool pelo condutor";"Queda de ocupante de veículo";"Com Vítimas Feridas";"Pleno dia";"Decrescente";"Céu Claro";"Simples";"Reta";"Não";1;0;0;1;0;0;1;1;-26,29630679;-50,91527399;"SPRF-SC";"DEL06-SC";"UOP04-DEL06-SC"
656555;2025-01-21;"terça-feira";"20:20:00";"SC";101;197,7;"SAO JOSE";"Condutor deixou de manter distância do veículo da frente";"Colisão lateral mesmo sentido";"Com Vítimas Feridas";"Plena Noite";"Decrescente";"Nublado";"Múltipla";"Reta";"Sim";2;0;1;0;0;1;1;2;-27,51844497;-48,63848496;"SPRF-SC";"DEL01-SC";"UOP01-DEL01-SC"
656556;2025-01-21;"terça-feira";"09:55:00";"RS";116;36,9;"VACARIA";"Acessar a via sem observar a presença dos outros veículos";"Colisão transversal";"Com Vítimas Feridas";"Pleno dia";"Decrescente";"Céu Claro";"Simples";"Retorno Regulamentado";"Sim";4;0;1;0;3;0;1;2;-28,49871686;-50,9175539;"SPRF-RS";"DEL05-RS";"UOP03-DEL05-RS"
656557;2025-01-21;"terça-feira";"19:50:00";"PE";232;332;"CUSTODIA";"Pedestre andava na pista";"Atropelamento de Pedestre";"Com Vítimas Feridas";"Plena Noite";"Decrescente";"Chuva";"Simples";"Reta;Declive";"Não";2;0;0;1;0;1;1;2;-8,08916179;-37,62141598;"SPRF-PE";"DEL04-PE";"UOP02-DEL04-PE"
656559;2025-01-21;"terça-feira";"18:30:00";"CE";116;42;"HORIZONTE";"Afundamento ou ondulação no pavimento";"Tombamento";"Com Vítimas Feridas";"Plena Noite";"Crescente";"Céu Claro";"Múltipla";"Em Obras;Reta";"Sim";1;0;1;0;0;0;1;1;-4,10857928;-38,4942173;"SPRF-CE";"DEL01-CE";"UOP02-DEL01-CE"
656560;2025-01-21;"terça-feira";"22:00:00";"RJ";116;169;"RIO DE JANEIRO";"Pedestre cruzava a pista fora da faixa";"Atropelamento de Pedestre";"Com Vítimas Feridas";"Plena Noite";"Crescente";"Céu Claro";"Múltipla";"Reta;Em Obras";"Não";2;0;1;0;1;0;1;2;-22,816206;-43,324463;"SPRF-RJ";"DEL06-RJ";"UOP01-DEL06-RJ"
656561;2025-01-21;"terça-feira";"21:00:00";"BA";324;595;"CANDEIAS";"Ausência de reação do condutor";"Colisão traseira";"Sem Vítimas";"Plena Noite";"Decrescente";"Céu Claro";"Múltipla";"Reta";"Sim";6;0;0;0;6;0;0;2;-12,71235341;-38,45524557;"SPRF-BA";"DEL01-BA";"UOP01-DEL01-BA"
656562;2025-01-21;"terça-feira";"21:00:00";"CE";116;39;"HORIZONTE";"Ausência de reação do condutor";"Colisão traseira";"Com Vítimas Feridas";"Pleno dia";"Decrescente";"Céu Claro";"Múltipla";"Reta";"Sim";4;0;1;0;3;0;1;2;-4,08722773;-38,500659;"SPRF-CE";"DEL01-CE";"UOP02-DEL01-CE"
656564;2025-01-21;"terça-feira";"21:10:00";"PB";101;83;"BAYEUX";"Deficiência do Sistema de Iluminação/Sinalização";"Colisão traseira";"Com Vítimas Feridas";"Plena Noite";"Decrescente";"Céu Claro";"Dupla";"Reta";"Sim";4;0;0;3;1;0;3;3;-7,1337703;-34,92963914;"SPRF-PB";"DEL01-PB";"UOP01-DEL01-PB"
656565;2025-01-21;"terça-feira";"20:33:00";"RJ";40;105;"DUQUE DE CAXIAS";"Reação tardia ou ineficiente do condutor";"Tombamento";"Com Vítimas Feridas";"Plena Noite";"Decrescente";"Céu Claro";"Simples";"Reta";"Sim";2;0;2;0;0;0;2;1;-22,63774862;-43,2839334;"SPRF-RJ";"DEL01-RJ";"UOP02-DEL01-RJ"
656566;2025-01-21;"terça-feira";"20:50:00";"PR";373;394;"CANDOI";"Conversão proibida";"Colisão frontal";"Com Vítimas Feridas";"Anoitecer";"Decrescente";"Céu Claro";"Simples";"Rotatória;Reta";"Não";3;0;0;1;2;0;1;2;-25,541378;-52,011139;"SPRF-PR";"DEL08-PR";"UOP01-DEL08-PR"
656568;2025-01-19;"domingo";"08:40:00";"DF";60;3;"BRASILIA";"Condutor Dormindo";"Saída de leito carroçável";"Com Vítimas Feridas";"Pleno dia";"Decrescente";"Garoa/Chuvisco";"Simples";"Reta";"Sim";5;0;2;0;3;0;2;2;-15,890521;-48,086864;"SPRF-DF";"DEL03-DF";"UOP01-DEL03-DF"
656569;2025-01-21;"terça-feira";"22:40:00";"AL";101;192,2;"JUNQUEIRO";"Conversão proibida";"Colisão transversal";"Com Vítimas Feridas";"Plena Noite";"Crescente";"Nublado";"Simples";"Reta";"Sim";3;0;1;0;2;0;1;2;-9,93276016;-36,48032295;"SPRF-AL";"DEL02-AL";"UOP02-DEL02-AL"
656570;2025-01-21;"terça-feira";"22:30:00";"PR";369;200;"APUCARANA";"Transitar na contramão";"Colisão frontal";"Com Vítimas Fatais";"Plena Noite";"Crescente";"Nublado";"Simples";"Curva";"Não";5;1;2;0;2;0;2;3;-23,528008;-51,446687;"SPRF-PR";"DEL07-PR";"UOP03-DEL07-PR"
656571;2025-01-05;"domingo";"11:27:00";"RJ";116;103;"GUAPIMIRIM";"Ausência de reação do condutor";"Tombamento";"Com Vítimas Feridas";"Pleno dia";"Decrescente";"Céu Claro";"Simples";"Curva";"Não";1;0;1;0;0;0;1;1;-22,5031646;-42,99910415;"SPRF-RJ";"DEL04-RJ";"UOP01-DEL04-RJ"
656572;2025-01-21;"terça-feira";"22:30:00";"SC";116;227,4;"CORREIA PINTO";"Velocidade Incompatível";"Saída de leito carroçável";"Com Vítimas Feridas";"Plena Noite";"Crescente";"Céu Claro";"Simples";"Reta";"Não";1;0;1;0;0;0;1;1;-27,63660007;-50,3395215;"SPRF-SC";"DEL05-SC";"UOP03-DEL05-SC"
656573;2025-01-21;"terça-feira";"22:40:00";"SC";470;42;"GASPAR";"Objeto estático sobre o leito carroçável";"Saída de leito carroçável";"Com Vítimas Feridas";"Plena Noite";"Crescente";"Céu Claro";"Dupla";"Curva";"Não";2;0;1;0;1;0;1;1;-26,875719;-49,003746;"SPRF-SC";"DEL04-SC";"UOP01-DEL04-SC"
656574;2025-01-21;"terça-feira";"22:08:00";"PR";376;3,6;"SAO JOSE DOS PINHAIS";"Velocidade Incompatível";"Colisão lateral mesmo sentido";"Com Vítimas Feridas";"Plena Noite";"Crescente";"Céu Claro";"Dupla";"Reta;Interseção de Vias";"Sim";5;0;1;1;3;0;2;5;-25,5307;-49,1958;"SPRF-PR";"DEL01-PR";"UOP04-DEL01-PR"
656575;2025-01-21;"terça-feira";"23:30:00";"ES";101;224,7;"IBIRACU";"Reação tardia ou ineficiente do condutor";"Tombamento";"Com Vítimas Feridas";"Plena Noite";"Decrescente";"Céu Claro";"Simples";"Reta";"Não";1;0;1;0;0;0;1;1;-19,89290688;-40,41230369;"SPRF-ES";"DEL02-ES";"UOP01-DEL02-ES"
656577;2025-01-22;"quarta-feira";"00:30:00";"DF";60;2,9;"BRASILIA";"Acessar a via sem observar a presença dos outros veículos";"Colisão lateral mesmo sentido";"Sem Vítimas";"Plena Noite";"Crescente";"Céu Claro";"Dupla";"Reta";"Sim";2;0;0;0;2;0;0;2;-15,887383;-48,077988;"SPRF-DF";"DEL03-DF";"UOP01-DEL03-DF"
656578;2025-01-21;"terça-feira";"23:15:00";"MS";163;21;"MUNDO NOVO";"Ausência de reação do condutor";"Tombamento";"Com Vítimas Feridas";"Plena Noite";"Decrescente";"Céu Claro";"Simples";"Declive";"Não";2;0;2;0;0;0;2;1;-23,91837576;-54,2894369;"SPRF-MS";"DEL09-MS";"UOP02-DEL09-MS"
656580;2025-01-22;"quarta-feira";"01:30:00";"PR";116;46;"CAMPINA GRANDE DO SUL";"Condutor Dormindo";"Capotamento";"Com Vítimas Feridas";"Plena Noite";"Crescente";"Céu Claro";"Dupla";"Curva";"Não";6;0;3;0;3;0;3;1;-25,20185401;-48,8962139;"SPRF-PR";"DEL01-PR";"UOP02-DEL01-PR"
656581;2025-01-22;"quarta-feira";"01:15:00";"PR";277;485,5;"NOVA LARANJEIRAS";"Velocidade Incompatível";"Tombamento";"Com Vítimas Feridas";"Plena Noite";"Decrescente";"Céu Claro";"Simples";"Curva;Declive";"Não";2;0;2;0;0;0;2;1;-25,24997491;-52,62897491;"SPRF-PR";"DEL04-PR";"UOP02-DEL04-PR"
656582;2025-01-21;"terça-feira";"23:45:00";"RR";174;290;"CARACARAI";"Condutor Dormindo";"Saída de leito carroçável";"Com Vítimas Feridas";"Plena Noite";"Decrescente";"Ignorado";"Simples";"Reta";"Não";17;0;9;0;6;2;9;1;1,431896;-60,723217;"SPRF-RR";"DEL01-RR";"UOP01-DEL01-RR"
656583;2025-01-22;"quarta-feira";"01:20:00";"SP";381;81;"SAO PAULO";"Reação tardia ou ineficiente do condutor";"Colisão frontal";"Sem Vítimas";"Plena Noite";"Crescente";"Céu Claro";"Dupla";"Reta";"Sim";1;0;0;0;0;1;0;1;-23,41704481;-46,58022057;"SPRF-SP";"DEL03-SP";"UOP01-DEL03-SP"
656586;2025-01-22;"quarta-feira";"04:25:00";"MT";163;832;"SINOP";"Reação tardia ou ineficiente do condutor";"Queda de ocupante de veículo";"Com Vítimas Feridas";"Amanhecer";"Decrescente";"Nublado";"Simples";"Retorno Regulamentado";"Sim";1;0;1;0;0;0;1;1;-11,882032;-55,500807;"SPRF-MT";"DEL06-MT";"UOP02-DEL06-MT"
656592;2025-01-22;"quarta-feira";"06:00:00";"BA";110;342;"ALAGOINHAS";"Ausência de reação do condutor";"Colisão traseira";"Com Vítimas Feridas";"Pleno dia";"Crescente";"Céu Claro";"Simples";"Curva";"Não";2;0;1;0;0;1;1;2;-12,23369001;-38,41224688;"SPRF-BA";"DEL01-BA";"UOP04-DEL01-BA"
656593;2025-01-22;"quarta-feira";"06:45:00";"SC";101;217,9;"PALHOCA";"Demais falhas mecânicas ou elétricas";"Incêndio";"Sem Vítimas";"Pleno dia";"Decrescente";"Céu Claro";"Dupla";"Reta";"Sim";1;0;0;0;1;0;0;1;-27,66779034;-48,67393586;"SPRF-SC";"DEL01-SC";"UOP02-DEL01-SC"
656595;2025-01-22;"quarta-feira";"06:30:00";"PR";467;109;"CASCAVEL";"Ingestão de álcool pelo condutor";"Saída de leito carroçável";"Sem Vítimas";"Pleno dia";"Decrescente";"Céu Claro";"Dupla";"Curva";"Não";1;0;0;0;1;0;0;1;-24,9209;-53,4764;"SPRF-PR";"DEL04-PR";"UOP01-DEL04-PR"
656596;2025-01-22;"quarta-feira";"04:50:00";"PR";116;17;"ANTONINA";"Demais falhas mecânicas ou elétricas";"Incêndio";"Sem Vítimas";"Amanhecer";"Crescente";"Céu Claro";"Dupla";"Curva";"Não";1;0;0;0;1;0;0;1;-25,10305915;-48,70103892;"SPRF-PR";"DEL01-PR";"UOP02-DEL01-PR"
656597;2025-01-22;"quarta-feira";"07:00:00";"PB";101;83;"BAYEUX";"Condutor deixou de manter distância do veículo da frente";"Colisão traseira";"Com Vítimas Feridas";"Pleno dia";"Decrescente";"Céu Claro";"Dupla";"Reta";"Sim";4;0;0;1;3;0;1;2;-7,1345984;-34,92874503;"SPRF-PB";"DEL01-PB";"UOP01-DEL01-PB"
656599;2025-01-10;"sexta-feira";"19:12:00";"PB";230;499;"CAJAZEIRAS";"Desrespeitar a preferência no cruzamento";"Colisão transversal";"Com Vítimas Feridas";"Plena Noite";"Decrescente";"Céu Claro";"Simples";"Aclive;Reta";"Sim";2;0;0;1;1;0;1;2;-6,8995;-38,499;"SPRF-PB";"DEL03-PB";"UOP03-DEL03-PB"
656603;2025-01-22;"quarta-feira";"07:25:00";"SP";116;283;"EMBU DAS ARTES";"Reação tardia ou ineficiente do condutor";"Colisão traseira";"Com Vítimas Feridas";"Pleno dia";"Decrescente";"Céu Claro";"Dupla";"Reta";"Sim";2;0;1;0;1;0;1;2;-23,69297005;-46,86352786;"SPRF-SP";"DEL04-SP";"UOP01-DEL04-SP"
656604;2025-01-22;"quarta-feira";"07:35:00";"MG";365;279;"JOAO PINHEIRO";"Ultrapassagem Indevida";"Saída de leito carroçável";"Com Vítimas Feridas";"Pleno dia";"Crescente";"Céu Claro";"Simples";"Reta";"Não";2;0;2;0;0;0;2;1;-18,01132385;-45,63081926;"SPRF-MG";"DEL10-MG";"UOP02-DEL010-MG"
656605;2025-01-22;"quarta-feira";"07:00:00";"SP";116;112,8;"TAUBATE";"Condutor deixou de manter distância do veículo da frente";"Colisão traseira";"Com Vítimas Feridas";"Pleno dia";"Decrescente";"Céu Claro";"Dupla";"Reta";"Sim";2;0;1;0;1;0;1;2;-23,04159343;-45,57065616;"SPRF-SP";"DEL02-SP";"UOP02-DEL02-SP"
656607;2025-01-22;"quarta-feira";"07:00:00";"SE";235;50;"ITABAIANA";"Animais na Pista";"Tombamento";"Com Vítimas Feridas";"Pleno dia";"Decrescente";"Céu Claro";"Dupla";"Reta";"Sim";1;0;1;0;0;0;1;1;-10,707879;-37,42606;"SPRF-SE";"DEL01-SE";"UOP02-DEL01-SE"
656609;2025-01-22;"quarta-feira";"06:20:00";"PR";277;584;"CASCAVEL";"Acessar a via sem observar a presença dos outros veículos";"Colisão lateral mesmo sentido";"Com Vítimas Feridas";"Pleno dia";"Crescente";"Céu Claro";"Simples";"Interseção de Vias";"Sim";2;0;1;0;1;0;1;2;-24,96684176;-53,40258186;"SPRF-PR";"DEL04-PR";"UOP01-DEL04-PR"
656610;2025-01-22;"quarta-feira";"07:58:00";"PR";376;1;"MARINGA";"Demais falhas mecânicas ou elétricas";"Tombamento";"Com Vítimas Feridas";"Pleno dia";"Crescente";"Céu Claro";"Dupla";"Reta";"Não";1;0;0;1;0;0;1;1;-23,40181966;-51,98078156;"SPRF-PR";"DEL09-PR";"UOP01-DEL09-PR"
656611;2025-01-22;"quarta-feira";"06:15:00";"PR";376;501,4;"PONTA GROSSA";"Ausência de reação do condutor";"Saída de leito carroçável";"Sem Vítimas";"Pleno dia";"Crescente";"Sol";"Dupla";"Reta";"Não";1;0;0;0;0;1;0;1;-25,164474;-50,117852;"SPRF-PR";"DEL03-PR";"UOP04-DEL03-PR"
656613;2025-01-22;"quarta-feira";"08:30:00";"CE";116;3;"FORTALEZA";"Condutor deixou de manter distância do veículo da frente";"Colisão traseira";"Com Vítimas Feridas";"Pleno dia";"Decrescente";"Nublado";"Dupla";"Reta";"Não";2;0;1;0;1;0;1;2;-3,78030624;-38,51424694;"SPRF-CE";"DEL01-CE";"UOP02-DEL01-CE"
656616;2025-01-22;"quarta-feira";"08:50:00";"PB";230;416,6;"POMBAL";"Acessar a via sem observar a presença dos outros veículos";"Colisão transversal";"Com Vítimas Feridas";"Pleno dia";"Decrescente";"Céu Claro";"Simples";"Declive";"Não";2;0;1;0;1;0;1;2;-6,7174;-37,8107;"SPRF-PB";"DEL03-PB";"UOP02-DEL03-PB"
656618;2025-01-22;"quarta-feira";"07:30:00";"AL";316;266;"SATUBA";"Acumulo de água sobre o pavimento";"Colisão frontal";"Com Vítimas Fatais";"Pleno dia";"Crescente";"Céu Claro";"Simples";"Declive";"Não";3;2;1;0;0;0;1;2;-9,59005875;-35,89598604;"SPRF-AL";"DEL02-AL";"UOP01-DEL02-AL"
656619;2025-01-22;"quarta-feira";"08:40:00";"SC";101;40,7;"PALHOCA";"Reação tardia ou ineficiente do condutor";"Colisão com objeto";"Com Vítimas Feridas";"Pleno dia";"Decrescente";"Céu Claro";"Dupla";"Curva";"Não";1;0;0;1;0;0;1;1;-27,64984;-48,72553;"SPRF-SC";"DEL01-SC";"UOP02-DEL01-SC"
656621;2025-01-22;"quarta-feira";"08:40:00";"MG";381;481,6;"CONTAGEM";"Ausência de reação do condutor";"Colisão lateral mesmo sentido";"Com Vítimas Feridas";"Pleno dia";"Crescente";"Céu Claro";"Múltipla";"Reta";"Sim";2;0;1;0;1;0;1;2;-19,9589118;-44,0656654;"SPRF-MG";"DEL01-MG";"UOP03-DEL01-MG"
656626;2025-01-22;"quarta-feira";"07:30:00";"SC";282;368;"ERVAL VELHO";"Acessar a via sem observar a presença dos outros veículos";"Colisão transversal";"Com Vítimas Feridas";"Pleno dia";"Decrescente";"Céu Claro";"Simples";"Interseção de Vias;Reta";"Sim";6;0;2;0;4;0;2;2;-27,284508;-51,433643;"SPRF-SC";"DEL07-SC";"UOP05-DEL07-SC"
656628;2025-01-22;"quarta-feira";"08:20:00";"SC";116;32;"ITAIOPOLIS";"Ausência de reação do condutor";"Saída de leito carroçável";"Com Vítimas Feridas";"Pleno dia";"Decrescente";"Sol";"Simples";"Reta";"Não";1;0;1;0;0;0;1;1;-26,32181178;-49,97952713;"SPRF-SC";"DEL06-SC";"UOP01-DEL06-SC"