"id";"data_inversa";"dia_semana";"horario";"uf";"br";"km";"municipio";"causa_acidente";"tipo_acidente";"classificacao_acidente";"fase_dia";"sentido_via";"condicao_metereologica";"tipo_pista";"tracado_via";"uso_solo";"pessoas";"mortos";"feridos_leves";"feridos_graves";"ilesos";"ignorados";"feridos";"veiculos";"latitude";"longitude";"regional";"delegacia";"uop"
656988;2025-01-24;"sexta-feira";"07:00:00";"BA";116;818,8;"VITORIA DA CONQUISTA";"Desrespeitar a preferência no cruzamento";"Colisão transversal";"Com Vítimas Feridas";"Pleno dia";"Decrescente";"Céu Claro";"Simples";"Declive;Interseção de Vias";"Não";2;0;1;0;1;0;1;2;-14,82928018;-40,82951736;"SPRF-BA";"DEL08-BA";"UOP01-DEL08-BA"
656989;2025-01-24;"sexta-feira";"09:45:00";"MG";50;180;"UBERABA";"Condutor deixou de manter distância do veículo da frente";"Colisão traseira";"Com Vítimas Feridas";"Pleno dia";"Crescente";"Céu Claro";"Dupla";"Interseção de Vias;Viaduto";"Sim";2;0;0;1;1;0;1;2;-19,77848216;-47,92194709;"SPRF-MG";"DEL13-MG";"UOP01-DEL13-MG"
656990;2025-01-24;"sexta-feira";"09:20:00";"SC";101;333,7;"TUBARAO";"Desrespeitar a preferência no cruzamento";"Colisão transversal";"Com Vítimas Feridas";"Pleno dia";"Decrescente";"Céu Claro";"Múltipla";"Viaduto";"Sim";2;0;1;0;1;0;1;2;-28,46630107;-48,99653096;"SPRF-SC";"DEL02-SC";"UOP01-DEL02-SC"
656991;2025-01-01;"quarta-feira";"02:55:00";"SC";470;25;"ILHOTA";"Pedestre andava na pista";"Atropelamento de Pedestre";"Com Vítimas Feridas";"Plena Noite";"Crescente";"Nublado";"Dupla";"Reta";"Não";3;0;0;1;2;0;1;2;-26,8854833;-48,87096405;"SPRF-SC";"DEL04-SC";"UOP04-DEL04-SC"
656992;2025-01-24;"sexta-feira";"08:10:00";"PR";277;583;"CASCAVEL";"Manobra de mudança de faixa";"Colisão transversal";"Com Vítimas Feridas";"Pleno dia";"Decrescente";"Céu Claro";"Simples";"Viaduto;Retorno Regulamentado;Reta";"Sim";3;0;1;0;0;2;1;2;-24,97165493;-53,39428595;"SPRF-PR";"DEL04-PR";"UOP01-DEL04-PR"
656993;2025-01-24;"sexta-feira";"08:50:00";"PE";232;319,2;"CUSTODIA";"Demais falhas mecânicas ou elétricas";"Incêndio";"Sem Vítimas";"Pleno dia";"Crescente";"Sol";"Simples";"Aclive;Reta";"Não";1;0;0;0;1;0;0;1;-8,1236144;-37,53328221;"SPRF-PE";"DEL04-PE";"UOP02-DEL04-PE"
656995;2025-01-24;"sexta-feira";"10:35:00";"RJ";116;187;"NOVA IGUACU";"Reação tardia ou ineficiente do condutor";"Colisão lateral mesmo sentido";"Com Vítimas Feridas";"Pleno dia";"Decrescente";"Nublado";"Dupla";"Reta";"Não";2;0;1;0;1;0;1;2;-22,73883756;-43,47245197;"SPRF-RJ";"DEL06-RJ";"UOP01-DEL06-RJ"
656998;2025-01-24;"sexta-feira";"08:05:00";"MG";40;98,7;"LAGOA GRANDE";"Reação tardia ou ineficiente do condutor";"Saída de leito carroçável";"Com Vítimas Feridas";"Pleno dia";"Decrescente";"Céu Claro";"Simples";"Reta";"Não";2;0;2;0;0;0;2;1;-17,54929481;-46,52158383;"SPRF-MG";"DEL14-MG";"UOP01-DEL14-MG"
656999;2025-01-24;"sexta-feira";"10:00:00";"RJ";101;321;"NITEROI";"Trafegar com motocicleta (ou similar) entre as faixas";"Colisão traseira";"Com Vítimas Feridas";"Pleno dia";"Crescente";"Nublado";"Dupla";"Reta";"Sim";2;0;0;1;1;0;1;2;-22,86981096;-43,11046465;"SPRF-RJ";"DEL02-RJ";"UOP01-DEL02-RJ"
657003;2025-01-24;"sexta-feira";"11:43:00";"PB";230;18;"JOAO PESSOA";"Condutor deixou de manter distância do veículo da frente";"Engavetamento";"Com Vítimas Feridas";"Pleno dia";"Decrescente";"Sol";"Dupla";"Reta";"Sim";4;0;1;0;3;0;1;3;-7,1198;-34,8453;"SPRF-PB";"DEL01-PB";"UOP01-DEL01-PB"
657004;2025-01-24;"sexta-feira";"11:50:00";"SC";101;333,7;"TUBARAO";"Desrespeitar a preferência no cruzamento";"Colisão transversal";"Com Vítimas Feridas";"Pleno dia";"Crescente";"Sol";"Simples";"Interseção de Vias;Viaduto;Reta";"Sim";2;0;1;0;1;0;1;2;-28,46963444;-49,01550293;"SPRF-SC";"DEL02-SC";"UOP01-DEL02-SC"
657005;2025-01-24;"sexta-feira";"10:00:00";"MG";381;756;"TRES CORACOES";"Reação tardia ou ineficiente do condutor";"Colisão traseira";"Com Vítimas Feridas";"Pleno dia";"Decrescente";"Céu Claro";"Dupla";"Reta;Rotatória";"Não";6;0;1;0;5;0;1;2;-21,6960517;-45,36128707;"SPRF-MG";"DEL16-MG";"UOP02-DEL16-MG"
657006;2025-01-24;"sexta-feira";"12:15:00";"SP";116;226;"GUARULHOS";"Acesso irregular";"Colisão lateral mesmo sentido";"Com Vítimas Feridas";"Pleno dia";"Crescente";"Céu Claro";"Múltipla";"Reta";"Sim";2;0;1;0;1;0;1;2;-23,49102507;-46,54878195;"SPRF-SP";"DEL01-SP";"UOP01-DEL01-SP"
657007;2025-01-24;"sexta-feira";"12:00:00";"PR";163;160;"LINDOESTE";"Condutor Dormindo";"Saída de leito carroçável";"Com Vítimas Feridas";"Pleno dia";"Crescente";"Céu Claro";"Dupla";"Curva;Aclive";"Não";2;0;1;0;1;0;1;1;-25,33653711;-53,5887282;"SPRF-PR";"DEL05-PR";"UOP05-DEL05-PR"
657008;2025-01-24;"sexta-feira";"10:20:00";"MG";262;669,4;"IBIA";"Velocidade Incompatível";"Saída de leito carroçável";"Com Vítimas Feridas";"Pleno dia";"Crescente";"Sol";"Simples";"Declive;Em Obras;Curva";"Não";1;0;1;0;0;0;1;1;-19,55172772;-46,79118955;"SPRF-MG";"DEL08-MG";"UOP01-DEL08-MG"
657009;2025-01-24;"sexta-feira";"12:30:00";"RJ";101;416;"MANGARATIBA";"Entrada inopinada do pedestre";"Atropelamento de Pedestre";"Com Vítimas Feridas";"Pleno dia";"Crescente";"Céu Claro";"Simples";"Curva";"Não";2;0;0;1;1;0;1;2;-22,9137496;-43,90081644;"SPRF-RJ";"DEL03-RJ";"UOP02-DEL03-RJ"
657010;2025-01-24;"sexta-feira";"11:00:00";"MT";70;6;"BARRA DO GARCAS";"Acessar a via sem observar a presença dos outros veículos";"Colisão transversal";"Com Vítimas Feridas";"Pleno dia";"Crescente";"Céu Claro";"Simples";"Rotatória";"Sim";2;0;1;0;1;0;1;2;-15,878268;-52,306705;"SPRF-MT";"DEL07-MT";"UOP01-DEL07-MT"
657011;2025-01-24;"sexta-feira";"12:05:00";"PE";407;129;"PETROLINA";"Condutor deixou de manter distância do veículo da frente";"Colisão traseira";"Com Vítimas Feridas";"Pleno dia";"Crescente";"Céu Claro";"Dupla";"Ponte";"Sim";2;0;0;1;1;0;1;2;-9,39958299;-40,50459298;"SPRF-PE";"DEL06-PE";"UOP01-DEL06-PE"
657012;2025-01-24;"sexta-feira";"11:50:00";"PR";376;614;"SAO JOSE DOS PINHAIS";"Reação tardia ou ineficiente do condutor";"Colisão traseira";"Sem Vítimas";"Pleno dia";"Decrescente";"Céu Claro";"Dupla";"Reta";"Sim";2;0;0;0;2;0;0;2;-25,57084314;-49,19356398;"SPRF-PR";"DEL01-PR";"UOP03-DEL01-PR"
657013;2025-01-24;"sexta-feira";"10:30:00";"RO";364;429;"JARU";"Condutor deixou de manter distância do veículo da frente";"Engavetamento";"Com Vítimas Feridas";"Pleno dia";"Decrescente";"Céu Claro";"Simples";"Reta";"Não";3;0;0;1;2;0;1;3;-10,41628317;-62,5026501;"SPRF-RO";"DEL03-RO";"UOP02-DEL03-RO"
657014;2025-01-24;"sexta-feira";"13:00:00";"PR";376;4,2;"MANDAGUARI";"Acessar a via sem observar a presença dos outros veículos";"Colisão transversal";"Com Vítimas Feridas";"Pleno dia";"Decrescente";"Céu Claro";"Simples";"Reta;Interseção de Vias";"Sim";2;0;1;0;1;0;1;2;-23,519212;-51,680609;"SPRF-PR";"DEL09-PR";"UOP01-DEL09-PR"
657017;2025-01-24;"sexta-feira";"13:00:00";"MG";262;444,7;"NOVA SERRANA";"Demais falhas mecânicas ou elétricas";"Saída de leito carroçável";"Com Vítimas Feridas";"Pleno dia";"Decrescente";"Sol";"Dupla";"Reta";"Sim";3;0;1;0;2;0;1;2;-19,86875821;-44,98568773;"SPRF-MG";"DEL08-MG";"UOP03-DEL08-MG"
657018;2025-01-14;"terça-feira";"07:30:00";"PB";101;122;"CAAPORA";"Acumulo de água sobre o pavimento";"Saída de leito carroçável";"Com Vítimas Feridas";"Pleno dia";"Crescente";"Nublado";"Dupla";"Declive;Curva";"Não";1;0;1;0;0;0;1;1;-7,45038197;-34,97994215;"SPRF-PB";"DEL01-PB";"UOP02-DEL01-PB"
657020;2025-01-24;"sexta-feira";"10:30:00";"PB";0;0;"JOAO PESSOA";"Velocidade Incompatível";"Colisão com objeto";"Sem Vítimas";"Pleno dia";"Não Informado";"Sol";"Simples";"Reta;Rotatória";"Não";1;0;0;0;1;0;0;1;-7,11896815;-34,83057283;"SPRF-PB";"DEL01-PB";"UOP02-DEL01-PB"
657022;2025-01-20;"segunda-feira";"07:45:00";"SC";101;205;"SAO JOSE";"Ausência de reação do condutor";"Colisão com objeto";"Com Vítimas Feridas";"Pleno dia";"Crescente";"Céu Claro";"Múltipla";"Reta";"Sim";1;0;1;0;0;0;1;1;-27,58313237;-48,61532885;"SPRF-SC";"DEL01-SC";"UOP01-DEL01-SC"
657024;2025-01-24;"sexta-feira";"14:00:00";"GO";414;383,7;"CORUMBA DE GOIAS";"Reação tardia ou ineficiente do condutor";"Saída de leito carroçável";"Com Vítimas Feridas";"Pleno dia";"Decrescente";"Céu Claro";"Simples";"Curva";"Não";4;0;3;0;1;0;3;1;-15,86047004;-48,77016595;"SPRF-GO";"DEL02-GO";"UOP01-DEL02-GO"
657026;2025-01-24;"sexta-feira";"15:15:00";"PB";230;6,3;"CABEDELO";"Manobra de mudança de faixa";"Colisão lateral mesmo sentido";"Com Vítimas Feridas";"Pleno dia";"Crescente";"Céu Claro";"Múltipla";"Declive;Viaduto";"Sim";2;0;1;0;1;0;1;2;-7,02;-34,8359;"SPRF-PB";"DEL01-PB";"UOP01-DEL01-PB"
657027;2025-01-24;"sexta-feira";"11:20:00";"BA";415;58;"ITABUNA";"Velocidade Incompatível";"Colisão frontal";"Com Vítimas Feridas";"Pleno dia";"Decrescente";"Garoa/Chuvisco";"Simples";"Curva";"Não";4;0;2;2;0;0;4;2;-14,849513;-39,38578;"SPRF-BA";"DEL05-BA";"UOP01-DEL05-BA"
657028;2025-01-24;"sexta-feira";"07:20:00";"RJ";40;10;"COMENDADOR LEVY GASPARIAN";"Reação tardia ou ineficiente do condutor";"Saída de leito carroçável";"Com Vítimas Feridas";"Pleno dia";"Decrescente";"Sol";"Dupla";"Curva";"Não";5;0;4;1;0;0;5;1;-22,04690218;-43,20124626;"SPRF-RJ";"DEL05-RJ";"UOP02-DEL05-RJ"
657029;2025-01-24;"sexta-feira";"14:30:00";"GO";153;547,4;"PROFESSOR JAMIL";"Ausência de reação do condutor";"Saída de leito carroçável";"Com Vítimas Feridas";"Pleno dia";"Crescente";"Céu Claro";"Dupla";"Declive;Reta";"Não";2;0;2;0;0;0;2;1;-17,1147;-49,2132;"SPRF-GO";"DEL01-GO";"UOP03-DEL01-GO"
657030;2025-01-24;"sexta-feira";"14:00:00";"BA";324;519;"FEIRA DE SANTANA";"Reação tardia ou ineficiente do condutor";"Colisão traseira";"Sem Vítimas";"Pleno dia";"Decrescente";"Céu Claro";"Múltipla";"Reta";"Sim";4;0;0;0;4;0;0;3;-12,280201;-38,924789;"SPRF-BA";"DEL02-BA";"UOP01-DEL02-BA"
657031;2025-01-24;"sexta-feira";"15:10:00";"SC";101;318,5;"PESCARIA BRAVA";"Ausência de reação do condutor";"Saída de leito carroçável";"Com Vítimas Feridas";"Pleno dia";"Decrescente";"Céu Claro";"Múltipla";"Reta";"Sim";1;0;1;0;0;0;1;1;-28,4266481;-48,86160099;"SPRF-SC";"DEL02-SC";"UOP01-DEL02-SC"
657032;2025-01-24;"sexta-feira";"14:00:00";"SC";470;66,5;"INDAIAL";"Acessar a via sem observar a presença dos outros veículos";"Colisão transversal";"Com Vítimas Feridas";"Pleno dia";"Decrescente";"Nublado";"Simples";"Em Obras;Reta;Rotatória";"Sim";4;0;1;0;3;0;1;2;-26,870407;-49,221844;"SPRF-SC";"DEL04-SC";"UOP01-DEL04-SC"
657035;2025-01-24;"sexta-feira";"15:40:00";"PR";376;498,8;"PONTA GROSSA";"Reação tardia ou ineficiente do condutor";"Colisão lateral mesmo sentido";"Com Vítimas Feridas";"Pleno dia";"Crescente";"Céu Claro";"Dupla";"Reta";"Sim";4;0;0;1;3;0;1;2;-25,153;-50,139;"SPRF-PR";"DEL03-PR";"UOP04-DEL03-PR"
657037;2025-01-24;"sexta-feira";"14:00:00";"PR";277;382,1;"CANDOI";"Reação tardia ou ineficiente do condutor";"Colisão com objeto";"Com Vítimas Feridas";"Pleno dia";"Crescente";"Céu Claro";"Simples";"Reta";"Não";5;0;1;0;4;0;1;2;-25,40819705;-51,75947599;"SPRF-PR";"DEL08-PR";"UOP01-DEL08-PR"
657038;2025-01-24;"sexta-feira";"15:55:00";"PE";428;184,2;"PETROLINA";"Desrespeitar a preferência no cruzamento";"Colisão lateral mesmo sentido";"Com Vítimas Feridas";"Pleno dia";"Decrescente";"Céu Claro";"Dupla";"Reta;Interseção de Vias";"Sim";2;0;1;0;1;0;1;2;-9,34650534;-40,4732573;"SPRF-PE";"DEL06-PE";"UOP01-DEL06-PE"
657039;2025-01-24;"sexta-feira";"12:15:00";"SC";470;84;"RODEIO";"Acessar a via sem observar a presença dos outros veículos";"Colisão transversal";"Com Vítimas Feridas";"Pleno dia";"Decrescente";"Céu Claro";"Simples";"Reta";"Não";2;0;0;1;1;0;1;2;-26,96137;-49,342415;"SPRF-SC";"DEL04-SC";"UOP01-DEL04-SC"
657043;2025-01-24;"sexta-feira";"13:00:00";"SP";116;140;"SAO JOSE DOS CAMPOS";"Ausência de reação do condutor";"Saída de leito carroçável";"Com Vítimas Feridas";"Pleno dia";"Decrescente";"Céu Claro";"Simples";"Reta";"Sim";3;0;2;0;1;0;2;1;-23,16577714;-45,81246193;"SPRF-SP";"DEL02-SP";"UOP01-DEL02-SP"
657045;2025-01-24;"sexta-feira";"16:30:00";"PB";101;88;"JOAO PESSOA";"Pedestre andava na pista";"Atropelamento de Pedestre";"Com Vítimas Feridas";"Pleno dia";"Decrescente";"Céu Claro";"Dupla";"Aclive;Reta";"Sim";2;0;0;1;0;1;1;2;-7,16470016;-34,89993643;"SPRF-PB";"DEL01-PB";"UOP01-DEL01-PB"
657047;2025-01-24;"sexta-feira";"16:45:00";"DF";40;1,3;"BRASILIA";"Condutor deixou de manter distância do veículo da frente";"Colisão traseira";"Com Vítimas Feridas";"Pleno dia";"Crescente";"Céu Claro";"Dupla";"Reta";"Sim";2;0;1;0;0;1;1;2;-15,985532;-47,987747;"SPRF-DF";"DEL01-DF";"UOP01-DEL01-DF"
657048;2025-01-24;"sexta-feira";"15:20:00";"PA";316;61;"CASTANHAL";"Transitar na contramão";"Colisão frontal";"Com Vítimas Feridas";"Pleno dia";"Crescente";"Céu Claro";"Dupla";"Reta";"Sim";3;0;1;2;0;0;3;2;-1,29686015;-47,94639002;"SPRF-PA";"DEL01-PA";"UOP01-DEL01-PA"
657049;2025-01-24;"sexta-feira";"17:08:00";"ES";101;242;"SERRA";"Ausência de reação do condutor";"Tombamento";"Com Vítimas Feridas";"Pleno dia";"Crescente";"Céu Claro";"Múltipla";"Curva";"Não";1;0;1;0;0;0;1;1;-20,0321348;-40,39675773;"SPRF-ES";"DEL02-ES";"UOP01-DEL02-ES"
657050;2025-01-24;"sexta-feira";"16:50:00";"DF";70;8;"BRASILIA";"Manobra de mudança de faixa";"Colisão lateral mesmo sentido";"Com Vítimas Feridas";"Pleno dia";"Crescente";"Céu Claro";"Dupla";"Declive;Reta";"Sim";3;0;1;0;0;2;1;3;-15,784966;-48,122108;"SPRF-DF";"DEL03-DF";"UOP02-DEL03-DF"
657052;2025-01-24;"sexta-feira";"17:00:00";"ES";101;6,9;"SERRA";"Ingestão de álcool pelo condutor";"Colisão traseira";"Sem Vítimas";"Pleno dia";"Decrescente";"Céu Claro";"Simples";"Reta";"Não";5;0;0;0;5;0;0;2;-20,129093;-40,308125;"SPRF-ES";"DEL02-ES";"UOP01-DEL02-ES"
657053;2025-01-24;"sexta-feira";"16:15:00";"PR";376;8,3;"MARINGA";"Reação tardia ou ineficiente do condutor";"Colisão com objeto";"Sem Vítimas";"Pleno dia";"Crescente";"Sol";"Dupla";"Aclive;Curva";"Não";1;0;0;0;0;1;0;1;-23,372639;-51,922594;"SPRF-PR";"DEL09-PR";"UOP01-DEL09-PR"
657054;2025-01-24;"sexta-feira";"16:30:00";"BA";324;610,8;"SIMOES FILHO";"Trafegar com motocicleta (ou similar) entre as faixas";"Colisão traseira";"Com Vítimas Feridas";"Pleno dia";"Decrescente";"Sol";"Dupla";"Reta";"Não";2;0;1;0;1;0;1;2;-12,846065;-38,416986;"SPRF-BA";"DEL01-BA";"UOP01-DEL01-BA"
657056;2025-01-24;"sexta-feira";"17:30:00";"RS";290;91;"PORTO ALEGRE";"Manobra de mudança de faixa";"Colisão transversal";"Com Vítimas Feridas";"Pleno dia";"Crescente";"Céu Claro";"Dupla";"Reta";"Sim";2;0;1;0;1;0;1;2;-29,969055;-51,167439;"SPRF-RS";"DEL01-RS";"UOP01-DEL01-RS"
657058;2025-01-24;"sexta-feira";"17:00:00";"PA";10;211;"IPIXUNA DO PARA";"Ausência de reação do condutor";"Saída de leito carroçável";"Com Vítimas Fatais";"Pleno dia";"Decrescente";"Céu Claro";"Simples";"Reta";"Não";1;1;0;0;0;0;0;1;-2,58325407;-47,48955144;"SPRF-PA";"DEL02-PA";"UOP01-DEL02-PA"
657059;2025-01-24;"sexta-feira";"16:05:00";"MS";163;41;"ELDORADO";"Acessar a via sem observar a presença dos outros veículos";"Colisão transversal";"Com Vítimas Feridas";"Pleno dia";"Crescente";"Céu Claro";"Simples";"Reta;Interseção de Vias";"Sim";2;0;1;0;1;0;1;2;-23,78038392;-54,2770967;"SPRF-MS";"DEL09-MS";"UOP02-DEL09-MS"
657060;2025-01-24;"sexta-feira";"17:25:00";"PR";116;97;"SAO JOSE DOS PINHAIS";"Ausência de reação do condutor";"Colisão lateral mesmo sentido";"Com Vítimas Feridas";"Pleno dia";"Crescente";"Nublado";"Múltipla";"Reta";"Sim";1;0;1;0;0;0;1;1;-25,51232495;-49,12871007;"SPRF-PR";"DEL01-PR";"UOP07-DEL01-PR"
657061;2025-01-24;"sexta-feira";"17:10:00";"PR";376;668;"GUARATUBA";"Demais falhas mecânicas ou elétricas";"Incêndio";"Sem Vítimas";"Pleno dia";"Decrescente";"Garoa/Chuvisco";"Dupla";"Curva";"Não";4;0;0;0;4;0;0;1;-25,864159;-48,937538;"SPRF-PR";"DEL01-PR";"UOP04-DEL01-PR"
657062;2025-01-24;"sexta-feira";"17:30:00";"AL";101;104;"PILAR";"Velocidade Incompatível";"Queda de ocupante de veículo";"Com Vítimas Feridas";"Anoitecer";"Decrescente";"Céu Claro";"Dupla";"Interseção de Vias";"Sim";1;0;0;1;0;0;1;1;-9,58714551;-35,98027797;"SPRF-AL";"DEL02-AL";"UOP01-DEL02-AL"
657063;2025-01-24;"sexta-feira";"18:00:00";"SC";101;141;"BALNEARIO CAMBORIU";"Demais falhas mecânicas ou elétricas";"Incêndio";"Sem Vítimas";"Anoitecer";"Crescente";"Chuva";"Simples";"Curva;Declive";"Não";1;0;0;0;1;0;0;1;-27,04761729;-48,59995855;"SPRF-SC";"DEL04-SC";"UOP03-DEL04-SC"
657064;2025-01-24;"sexta-feira";"15:12:00";"SC";101;47,5;"JOINVILLE";"Trafegar com motocicleta (ou similar) entre as faixas";"Colisão lateral mesmo sentido";"Com Vítimas Feridas";"Pleno dia";"Decrescente";"Céu Claro";"Dupla";"Reta";"Não";2;0;1;0;0;1;1;2;-26,34234997;-48,85840089;"SPRF-SC";"DEL03-SC";"UOP01-DEL03-SC"
657065;2025-01-24;"sexta-feira";"06:50:00";"PA";230;680;"BRASIL NOVO";"Transitar na contramão";"Colisão lateral sentido oposto";"Com Vítimas Feridas";"Pleno dia";"Decrescente";"Céu Claro";"Simples";"Reta";"Sim";3;0;1;1;1;0;2;2;-3,32825543;-52,57856548;"SPRF-PA";"DEL04-PA";"UOP01-DEL04-PA"
657066;2025-01-24;"sexta-feira";"16:20:00";"SP";116;413;"JUQUIA";"Avarias e/ou desgaste excessivo no pneu";"Queda de ocupante de veículo";"Com Vítimas Feridas";"Pleno dia";"Crescente";"Céu Claro";"Dupla";"Reta";"Sim";2;0;2;0;0;0;2;1;-24,33005991;-47,62299901;"SPRF-SP";"DEL05-SP";"UOP01-DEL05-SP"
657067;2025-01-24;"sexta-feira";"17:00:00";"MS";267;245,5;"NOVA ALVORADA DO SUL";"Ausência de reação do condutor";"Queda de ocupante de veículo";"Com Vítimas Feridas";"Pleno dia";"Decrescente";"Céu Claro";"Simples";"Reta";"Não";1;0;1;0;0;0;1;1;-21,54597666;-54,15324211;"SPRF-MS";"DEL02-MS";"UOP01-DEL02-MS"
657068;2025-01-24;"sexta-feira";"17:30:00";"SP";116;161;"JACAREI";"Manobra de mudança de faixa";"Colisão lateral mesmo sentido";"Com Vítimas Feridas";"Pleno dia";"Decrescente";"Garoa/Chuvisco";"Dupla";"Reta";"Não";3;0;2;0;1;0;2;2;-23,27617003;-45,97592098;"SPRF-SP";"DEL02-SP";"UOP01-DEL02-SP"
657070;2025-01-24;"sexta-feira";"18:30:00";"MG";40;606,2;"CONGONHAS";"Acessar a via sem observar a presença dos outros veículos";"Colisão transversal";"Com Vítimas Feridas";"Anoitecer";"Crescente";"Céu Claro";"Simples";"Reta";"Sim";3;0;0;1;1;1;1;3;-20,4728039;-43,8439985;"SPRF-MG";"DEL05-MG";"UOP02-DEL05-MG"
657071;2025-01-24;"sexta-feira";"18:15:00";"SP";153;63,9;"SAO JOSE DO RIO PRETO";"Manobra de mudança de faixa";"Colisão lateral mesmo sentido";"Com Vítimas Feridas";"Anoitecer";"Crescente";"Céu Claro";"Dupla";"Curva";"Não";3;0;1;0;2;0;1;2;-20,82149698;-49,35764818;"SPRF-SP";"DEL09-SP";"UOP01-DEL09-SP"
657074;2025-01-24;"sexta-feira";"15:20:00";"SC";101;219,9;"PALHOCA";"Avarias e/ou desgaste excessivo no pneu";"Tombamento";"Com Vítimas Feridas";"Pleno dia";"Crescente";"Nublado";"Dupla";"Reta";"Sim";2;0;2;0;0;0;2;1;-27,6943365;-48,66292655;"SPRF-SC";"DEL01-SC";"UOP02-DEL01-SC"
657075;2025-01-24;"sexta-feira";"18:25:00";"AP";210;5;"MACAPA";"Acessar a via sem observar a presença dos outros veículos";"Colisão transversal";"Com Vítimas Feridas";"Anoitecer";"Decrescente";"Chuva";"Dupla";"Reta";"Sim";2;0;0;1;1;0;1;2;0,09055062;-51,10349413;"SPRF-AP";"DEL01-AP";"UOP01-DEL01-AP"
657076;2025-01-24;"sexta-feira";"17:50:00";"SC";101;371,1;"ICARA";"Reação tardia ou ineficiente do condutor";"Saída de leito carroçável";"Com Vítimas Feridas";"Pleno dia";"Crescente";"Chuva";"Dupla";"Reta";"Sim";2;0;1;0;1;0;1;1;-28,70403682;-49,2008731;"SPRF-SC";"DEL02-SC";"UOP01-DEL02-SC"
657077;2025-01-24;"sexta-feira";"17:57:00";"SC";280;6;"SAO FRANCISCO DO SUL";"Acessar a via sem observar a presença dos outros veículos";"Colisão transversal";"Com Vítimas Feridas";"Anoitecer";"Crescente";"Nublado";"Simples";"Reta";"Não";2;0;1;0;1;0;1;2;-26,26569095;-48,63361804;"SPRF-SC";"DEL03-SC";"UOP03-DEL03-SC"
657080;2025-01-24;"sexta-feira";"18:20:00";"MG";381;726,8;"CARMO DA CACHOEIRA";"Demais falhas mecânicas ou elétricas";"Colisão com objeto";"Sem Vítimas";"Anoitecer";"Crescente";"Nublado";"Dupla";"Curva;Declive";"Não";1;0;0;0;1;0;0;1;-21,50846497;-45,21540331;"SPRF-MG";"DEL04-MG";"UOP02-DEL04-MG"
657082;2025-01-24;"sexta-feira";"19:00:00";"RN";406;166,9;"SAO GONCALO DO AMARANTE";"Manobra de mudança de faixa";"Colisão lateral mesmo sentido";"Sem Vítimas";"Plena Noite";"Crescente";"Céu Claro";"Dupla";"Reta";"Sim";2;0;0;0;2;0;0;2;-5,7466896;-35,33149685;"SPRF-RN";"DEL02-RN";"UOP01-DEL02-RN"
657084;2025-01-24;"sexta-feira";"19:00:00";"RJ";116;173;"SAO JOAO DE MERITI";"Demais falhas mecânicas ou elétricas";"Incêndio";"Sem Vítimas";"Plena Noite";"Decrescente";"Céu Claro";"Múltipla";"Reta";"Sim";1;0;0;0;1;0;0;1;-22,79810324;-43,35726614;"SPRF-RJ";"DEL06-RJ";"UOP01-DEL06-RJ"
657085;2025-01-24;"sexta-feira";"17:30:00";"SC";470;223,4;"SAO CRISTOVAO DO SUL";"Ausência de reação do condutor";"Saída de leito carroçável";"Com Vítimas Feridas";"Pleno dia";"Crescente";"Garoa/Chuvisco";"Simples";"Curva";"Não";2;0;2;0;0;0;2;1;-27,319908;-50,336388;"SPRF-SC";"DEL05-SC";"UOP03-DEL05-SC"
657086;2025-01-24;"sexta-feira";"17:00:00";"ES";262;121;"CONCEICAO DO CASTELO";"Demais falhas mecânicas ou elétricas";"Incêndio";"Sem Vítimas";"Pleno dia";"Crescente";"Nublado";"Simples";"Curva";"Não";1;0;0;0;0;1;0;1;-20,29365543;-41,23018943;"SPRF-ES";"DEL01-ES";"UOP02-DEL01-ES"
657087;2025-01-24;"sexta-feira";"17:50:00";"PI";316;2;"TERESINA";"Ausência de reação do condutor";"Colisão traseira";"Com Vítimas Feridas";"Pleno dia";"Crescente";"Céu Claro";"Múltipla";"Reta";"Sim";2;0;0;1;0;1;1;2;-5,12836725;-42,79307842;"SPRF-PI";"DEL01-PI";"UOP02-DEL01-PI"
657090;2025-01-24;"sexta-feira";"19:00:00";"DF";251;6,5;"BRASILIA";"Ausência de reação do condutor";"Colisão lateral sentido oposto";"Com Vítimas Feridas";"Plena Noite";"Crescente";"Céu Claro";"Dupla";"Reta";"Não";2;0;1;0;1;0;1;2;-15,999959;-47,557232;"SPRF-DF";"DEL01-DF";"UOP01-DEL01-DF"
657091;2025-01-24;"sexta-feira";"20:00:00";"ES";101;52,2;"SAO MATEUS";"Avarias e/ou desgaste excessivo no pneu";"Tombamento";"Com Vítimas Feridas";"Plena Noite";"Crescente";"Céu Claro";"Simples";"Reta";"Não";2;0;2;0;0;0;2;1;-18,60327989;-39,88710063;"SPRF-ES";"DEL04-ES";"UOP02-DEL04-ES"
657094;2025-01-24;"sexta-feira";"19:00:00";"DF";70;9;"BRASILIA";"Acessar a via sem observar a presença dos outros veículos";"Colisão traseira";"Com Vítimas Feridas";"Plena Noite";"Decrescente";"Céu Claro";"Dupla";"Reta";"Sim";2;0;1;0;1;0;1;2;-15,784966;-48,122108;"SPRF-DF";"DEL03-DF";"UOP02-DEL03-DF"