"id";"data_inversa";"dia_semana";"horario";"uf";"br";"km";"municipio";"causa_acidente";"tipo_acidente";"classificacao_acidente";"fase_dia";"sentido_via";"condicao_metereologica";"tipo_pista";"tracado_via";"uso_solo";"pessoas";"mortos";"feridos_leves";"feridos_graves";"ilesos";"ignorados";"feridos";"veiculos";"latitude";"longitude";"regional";"delegacia";"uop"
657095;2025-01-24;"sexta-feira";"17:30:00";"RJ";101;48,8;"CAMPOS DOS GOYTACAZES";"Ausência de reação do condutor";"Colisão transversal";"Com Vítimas Feridas";"Anoitecer";"Crescente";"Céu Claro";"Simples";"Interseção de Vias;Reta";"Sim";3;0;2;1;0;0;3;2;-21,61625895;-41,31535762;"SPRF-RJ";"DEL08-RJ";"UOP01-DEL08-RJ"
657096;2025-01-24;"sexta-feira";"18:30:00";"SC";101;414,9;"ARARANGUA";"Ausência de reação do condutor";"Colisão com objeto";"Com Vítimas Feridas";"Pleno dia";"Decrescente";"Garoa/Chuvisco";"Múltipla";"Curva;Interseção de Vias";"Não";1;0;1;0;0;0;1;1;-28,96629349;-49,52290177;"SPRF-SC";"DEL02-SC";"UOP02-DEL02-SC"
657097;2025-01-24;"sexta-feira";"21:00:00";"ES";101;266,3;"SERRA";"Frear bruscamente";"Colisão traseira";"Com Vítimas Feridas";"Plena Noite";"Decrescente";"Céu Claro";"Dupla";"Reta";"Não";2;0;1;0;0;1;1;2;-20,190199;-40,26828891;"SPRF-ES";"DEL02-ES";"UOP01-DEL02-ES"
657099;2025-01-24;"sexta-feira";"18:50:00";"MG";116;546,6;"SANTA BARBARA DO LESTE";"Condutor deixou de manter distância do veículo da frente";"Engavetamento";"Com Vítimas Feridas";"Anoitecer";"Crescente";"Céu Claro";"Simples";"Reta";"Não";5;0;2;0;3;0;2;3;-19,93628201;-42,13101771;"SPRF-MG";"DEL06-MG";"UOP02-DEL06-MG"
657103;2025-01-24;"sexta-feira";"20:20:00";"RJ";116;258;"PIRAI";"Demais falhas mecânicas ou elétricas";"Incêndio";"Sem Vítimas";"Plena Noite";"Decrescente";"Céu Claro";"Dupla";"Reta";"Não";5;0;0;0;5;0;0;1;-22,58138777;-44,02160689;"SPRF-RJ";"DEL07-RJ";"UOP02-DEL07-RJ"
657104;2025-01-24;"sexta-feira";"18:30:00";"MG";381;503;"BETIM";"Manobra de mudança de faixa";"Colisão lateral mesmo sentido";"Com Vítimas Feridas";"Pleno dia";"Decrescente";"Céu Claro";"Dupla";"Reta";"Não";3;0;1;0;1;1;1;3;-20,03855134;-44,25495493;"SPRF-MG";"DEL01-MG";"UOP03-DEL01-MG"
657107;2025-01-24;"sexta-feira";"18:18:00";"RO";364;425;"JARU";"Acessar a via sem observar a presença dos outros veículos";"Colisão lateral mesmo sentido";"Com Vítimas Feridas";"Anoitecer";"Crescente";"Céu Claro";"Dupla";"Reta";"Sim";1;0;1;0;0;0;1;1;-10,43752488;-62,47169791;"SPRF-RO";"DEL03-RO";"UOP02-DEL03-RO"
657108;2025-01-24;"sexta-feira";"21:20:00";"SP";116;110,8;"TAUBATE";"Reação tardia ou ineficiente do condutor";"Colisão com objeto";"Com Vítimas Feridas";"Plena Noite";"Decrescente";"Nublado";"Dupla";"Reta";"Não";2;0;1;0;0;1;1;2;-23,03412614;-45,5526999;"SPRF-SP";"DEL02-SP";"UOP02-DEL02-SP"
657109;2025-01-24;"sexta-feira";"21:40:00";"SP";116;283;"EMBU DAS ARTES";"Reação tardia ou ineficiente do condutor";"Colisão lateral mesmo sentido";"Com Vítimas Feridas";"Plena Noite";"Decrescente";"Céu Claro";"Dupla";"Reta";"Não";3;0;3;0;0;0;3;2;-23,69297005;-46,86352786;"SPRF-SP";"DEL04-SP";"UOP01-DEL04-SP"
657110;2025-01-24;"sexta-feira";"20:00:00";"MG";262;420,3;"IGARATINGA";"Acessar a via sem observar a presença dos outros veículos";"Colisão transversal";"Com Vítimas Feridas";"Plena Noite";"Decrescente";"Céu Claro";"Dupla";"Reta";"Não";4;0;0;2;2;0;2;2;-19,88933622;-44,71181914;"SPRF-MG";"DEL08-MG";"UOP03-DEL08-MG"
657111;2025-01-24;"sexta-feira";"22:10:00";"SP";116;282,4;"ITAPECERICA DA SERRA";"Ausência de reação do condutor";"Colisão traseira";"Com Vítimas Feridas";"Plena Noite";"Crescente";"Céu Claro";"Dupla";"Reta";"Sim";5;0;1;0;4;0;1;2;-23,68570216;-46,85970975;"SPRF-SP";"DEL04-SP";"UOP01-DEL04-SP"
657113;2025-01-24;"sexta-feira";"19:48:00";"RO";429;129;"SAO MIGUEL DO GUAPORE";"Animais na Pista";"Atropelamento de Animal";"Com Vítimas Feridas";"Plena Noite";"Crescente";"Céu Claro";"Simples";"Reta";"Não";1;0;0;1;0;0;1;1;-11,52455289;-62,53926318;"SPRF-RO";"DEL02-RO";"UOP03-DEL02-RO"
657114;2025-01-24;"sexta-feira";"22:30:00";"MG";40;626;"CONSELHEIRO LAFAIETE";"Condutor deixou de manter distância do veículo da frente";"Colisão traseira";"Com Vítimas Feridas";"Plena Noite";"Crescente";"Nublado";"Simples";"Reta";"Sim";3;0;2;0;1;0;2;2;-20,62801922;-43,80896769;"SPRF-MG";"DEL05-MG";"UOP02-DEL05-MG"
657115;2025-01-24;"sexta-feira";"22:50:00";"TO";153;559,4;"FATIMA";"Transitar na contramão";"Colisão frontal";"Com Vítimas Fatais";"Pleno dia";"Crescente";"Nublado";"Simples";"Reta";"Não";4;1;0;0;3;0;0;2;-10,736458;-48,903616;"SPRF-TO";"DEL01-TO";"UOP01-DEL01-TO"
657116;2025-01-24;"sexta-feira";"22:35:00";"PE";101;69;"RECIFE";"Condutor deixou de manter distância do veículo da frente";"Colisão traseira";"Com Vítimas Feridas";"Plena Noite";"Decrescente";"Nublado";"Dupla";"Reta";"Sim";2;0;1;0;1;0;1;2;-8,05951606;-34,94581024;"SPRF-PE";"DEL01-PE";"UOP01-DEL01-PE"
657119;2025-01-24;"sexta-feira";"22:30:00";"MG";262;38;"MANHUACU";"Animais na Pista";"Atropelamento de Animal";"Com Vítimas Feridas";"Plena Noite";"Crescente";"Céu Claro";"Simples";"Reta";"Sim";1;0;0;1;0;0;1;1;-20,26305859;-42,03684948;"SPRF-MG";"DEL06-MG";"UOP03-DEL06-MG"
657120;2025-01-24;"sexta-feira";"21:16:00";"GO";153;133;"ESTRELA DO NORTE";"Ausência de reação do condutor";"Colisão traseira";"Com Vítimas Feridas";"Plena Noite";"Decrescente";"Céu Claro";"Simples";"Reta";"Não";2;0;0;1;1;0;1;2;-13,934465;-49,075451;"SPRF-GO";"DEL07-GO";"UOP01-DEL07-GO"
657123;2025-01-24;"sexta-feira";"23:40:00";"PR";376;200;"MANDAGUARI";"Condutor Dormindo";"Colisão com objeto";"Com Vítimas Feridas";"Plena Noite";"Decrescente";"Céu Claro";"Múltipla";"Reta";"Sim";1;0;1;0;0;0;1;1;-23,50559834;-51,73918962;"SPRF-PR";"DEL09-PR";"UOP01-DEL09-PR"
657126;2025-01-24;"sexta-feira";"23:05:00";"SC";101;129,7;"BALNEARIO CAMBORIU";"Pedestre andava na pista";"Atropelamento de Pedestre";"Com Vítimas Fatais";"Plena Noite";"Decrescente";"Chuva";"Dupla";"Reta";"Sim";4;1;0;0;1;2;0;2;-26,9814883;-48,67627859;"SPRF-SC";"DEL04-SC";"UOP03-DEL04-SC"
657127;2025-01-24;"sexta-feira";"20:15:00";"MG";381;248,2;"SANTANA DO PARAISO";"Retorno proibido";"Colisão transversal";"Com Vítimas Feridas";"Plena Noite";"Decrescente";"Céu Claro";"Simples";"Reta";"Não";3;0;1;0;2;0;1;2;-19,438922;-42,511165;"SPRF-MG";"DEL06-MG";"UOP01-DEL06-MG"
657128;2025-01-24;"sexta-feira";"21:55:00";"PR";153;4,2;"IMBITUVA";"Velocidade Incompatível";"Saída de leito carroçável";"Com Vítimas Fatais";"Plena Noite";"Decrescente";"Nublado";"Simples";"Reta;Interseção de Vias";"Não";3;1;0;1;0;1;1;2;-25,216094;-50,592456;"SPRF-PR";"DEL03-PR";"UOP01-DEL03-PR"
657129;2025-01-24;"sexta-feira";"23:20:00";"RJ";495;2;"TERESOPOLIS";"Conversão proibida";"Colisão transversal";"Com Vítimas Feridas";"Plena Noite";"Crescente";"Nublado";"Simples";"Reta";"Sim";2;0;1;0;1;0;1;2;-22,397038;-42,984928;"SPRF-RJ";"DEL04-RJ";"UOP01-DEL04-RJ"
657130;2025-01-24;"sexta-feira";"23:40:00";"PR";277;245,1;"IRATI";"Acesso irregular";"Saída de leito carroçável";"Com Vítimas Feridas";"Plena Noite";"Crescente";"Céu Claro";"Simples";"Interseção de Vias;Reta";"Sim";2;0;1;0;0;1;1;1;-25,46419687;-50,56581801;"SPRF-PR";"DEL08-PR";"UOP02-DEL08-PR"
657134;2025-01-25;"sábado";"00:10:00";"PR";376;5;"APUCARANA";"Acessar a via sem observar a presença dos outros veículos";"Colisão frontal";"Com Vítimas Feridas";"Amanhecer";"Decrescente";"Nublado";"Simples";"Interseção de Vias;Reta";"Sim";4;0;2;0;2;0;2;2;-23,54930384;-51,44995093;"SPRF-PR";"DEL07-PR";"UOP03-DEL07-PR"
657135;2025-01-24;"sexta-feira";"23:15:00";"PR";373;264,9;"PRUDENTOPOLIS";"Pedestre andava na pista";"Atropelamento de Pedestre";"Com Vítimas Feridas";"Plena Noite";"Crescente";"Nublado";"Simples";"Reta";"Sim";2;0;1;0;1;0;1;2;-25,20255572;-50,98273035;"SPRF-PR";"DEL08-PR";"UOP01-DEL08-PR"
657136;2025-01-25;"sábado";"01:00:00";"ES";101;29;"CONCEICAO DA BARRA";"Transitar no Acostamento";"Queda de ocupante de veículo";"Com Vítimas Feridas";"Plena Noite";"Decrescente";"Nublado";"Simples";"Declive";"Não";2;0;2;0;0;0;2;1;-18,39992188;-39,93877968;"SPRF-ES";"DEL04-ES";"UOP02-DEL04-ES"
657137;2025-01-25;"sábado";"01:05:00";"ES";101;282,5;"CARIACICA";"Avarias e/ou desgaste excessivo no pneu";"Queda de ocupante de veículo";"Com Vítimas Feridas";"Plena Noite";"Crescente";"Céu Claro";"Dupla";"Ponte;Reta";"Não";2;0;1;0;1;0;1;1;-20,22694;-40,36458;"SPRF-ES";"DEL01-ES";"UOP01-DEL01-ES"
657138;2025-01-25;"sábado";"01:30:00";"RS";386;337,1;"FORQUETINHA";"Reação tardia ou ineficiente do condutor";"Saída de leito carroçável";"Sem Vítimas";"Plena Noite";"Decrescente";"Céu Claro";"Simples";"Reta";"Não";1;0;0;0;0;1;0;1;-29,396667;-52,041908;"SPRF-RS";"DEL04-RS";"UOP01-DEL04-RS"
657139;2025-01-25;"sábado";"01:30:00";"RS";285;451;"IJUI";"Transitar na contramão";"Colisão frontal";"Com Vítimas Feridas";"Plena Noite";"Decrescente";"Chuva";"Simples";"Interseção de Vias;Curva";"Não";4;0;2;0;2;0;2;2;-28,37370195;-53,85213733;"SPRF-RS";"DEL10-RS";"UOP01-DEL10-RS"
657141;2025-01-25;"sábado";"01:15:00";"RJ";40;84;"PETROPOLIS";"Demais falhas mecânicas ou elétricas";"Tombamento";"Com Vítimas Feridas";"Plena Noite";"Crescente";"Nublado";"Simples";"Túnel;Declive;Curva";"Não";1;0;1;0;0;0;1;1;-22,52145512;-43,23707996;"SPRF-RJ";"DEL01-RJ";"UOP01-DEL01-RJ"
657143;2025-01-25;"sábado";"00:44:00";"MT";163;861;"SINOP";"Ausência de reação do condutor";"Queda de ocupante de veículo";"Com Vítimas Feridas";"Plena Noite";"Crescente";"Céu Claro";"Simples";"Reta";"Não";2;0;2;0;0;0;2;1;-11,75986198;-55,46882608;"SPRF-MT";"DEL06-MT";"UOP02-DEL06-MT"
657144;2025-01-25;"sábado";"01:20:00";"RJ";393;176;"PARAIBA DO SUL";"Frear bruscamente";"Colisão traseira";"Com Vítimas Feridas";"Plena Noite";"Crescente";"Céu Claro";"Simples";"Reta";"Sim";5;0;1;0;4;0;1;2;-22,12586166;-43,21215519;"SPRF-RJ";"DEL05-RJ";"UOP03-DEL05-RJ"
657145;2025-01-24;"sexta-feira";"22:05:00";"RJ";0;0;"NITEROI";"Frear bruscamente";"Colisão traseira";"Sem Vítimas";"Plena Noite";"Não Informado";"Céu Claro";"Dupla";"Reta";"Sim";7;0;0;0;7;0;0;5;-22,85996981;-43,10239261;"SPRF-RJ";"N/A";"N/A"
657147;2025-01-25;"sábado";"02:45:00";"MG";40;611,2;"CONGONHAS";"Condutor Dormindo";"Saída de leito carroçável";"Com Vítimas Feridas";"Plena Noite";"Crescente";"Céu Claro";"Simples";"Reta";"Sim";1;0;1;0;0;0;1;1;-20,51670166;-43,8378866;"SPRF-MG";"DEL05-MG";"UOP02-DEL05-MG"
657149;2025-01-25;"sábado";"03:40:00";"MG";381;766,9;"CAMPANHA";"Condutor Dormindo";"Saída de leito carroçável";"Com Vítimas Feridas";"Plena Noite";"Decrescente";"Céu Claro";"Dupla";"Curva";"Não";2;0;1;0;1;0;1;1;-21,76294597;-45,41241603;"SPRF-MG";"DEL16-MG";"UOP02-DEL16-MG"
657151;2025-01-25;"sábado";"03:40:00";"PR";373;176,8;"PONTA GROSSA";"Ingestão de álcool pelo condutor";"Colisão com objeto";"Sem Vítimas";"Plena Noite";"Crescente";"Céu Claro";"Dupla";"Reta";"Sim";2;0;0;0;2;0;0;1;-25,058;-50,225;"SPRF-PR";"DEL03-PR";"UOP01-DEL03-PR"
657152;2025-01-25;"sábado";"05:05:00";"PB";101;89;"JOAO PESSOA";"Objeto estático sobre o leito carroçável";"Colisão com objeto";"Com Vítimas Feridas";"Pleno dia";"Decrescente";"Céu Claro";"Dupla";"Reta";"Sim";2;0;2;0;0;0;2;1;-7,1710694;-34,89765372;"SPRF-PB";"DEL01-PB";"UOP02-DEL01-PB"
657154;2025-01-25;"sábado";"05:00:00";"BA";116;10,2;"VITORIA DA CONQUISTA";"Chuva";"Tombamento";"Com Vítimas Feridas";"Pleno dia";"Crescente";"Garoa/Chuvisco";"Simples";"Reta";"Sim";2;0;2;0;0;0;2;1;-14,854292;-40,88072777;"SPRF-PE";"DEL05-PE";"UOP03-DEL05-PE"
657155;2025-01-25;"sábado";"04:00:00";"PB";230;126,1;"RIACHAO DO BACAMARTE";"Ingestão de álcool pelo condutor";"Colisão com objeto";"Com Vítimas Feridas";"Plena Noite";"Crescente";"Céu Claro";"Dupla";"Reta;Declive";"Não";4;0;0;3;0;1;3;1;-7,25988268;-35,69559574;"SPRF-PB";"DEL02-PB";"UOP01-DEL02-PB"
657156;2025-01-25;"sábado";"05:22:00";"PB";101;70;"SANTA RITA";"Ausência de reação do condutor";"Colisão com objeto";"Com Vítimas Feridas";"Amanhecer";"Decrescente";"Céu Claro";"Dupla";"Reta";"Não";2;0;1;1;0;0;2;1;-7,06454776;-35,01147489;"SPRF-PB";"DEL01-PB";"UOP04-DEL01-PB"
657157;2025-01-25;"sábado";"04:15:00";"SC";470;164,2;"POUSO REDONDO";"Ausência de reação do condutor";"Colisão frontal";"Com Vítimas Feridas";"Plena Noite";"Crescente";"Chuva";"Simples";"Reta";"Não";3;0;2;0;1;0;2;2;-27,27741286;-49,83905911;"SPRF-SC";"DEL04-SC";"UOP02-DEL04-SC"
657159;2025-01-25;"sábado";"02:30:00";"RN";226;68;"SERRA CAIADA";"Reação tardia ou ineficiente do condutor";"Colisão traseira";"Com Vítimas Fatais";"Plena Noite";"Crescente";"Nublado";"Simples";"Declive;Reta";"Não";2;1;0;0;0;1;0;2;-6,10373269;-35,70531524;"SPRF-RN";"DEL01-RN";"UOP02-DEL01-RN"
657160;2025-01-25;"sábado";"02:25:00";"PR";277;596;"CASCAVEL";"Deixar de acionar o farol da motocicleta (ou similar)";"Colisão lateral mesmo sentido";"Com Vítimas Feridas";"Plena Noite";"Crescente";"Céu Claro";"Simples";"Reta";"Sim";3;0;3;0;0;0;3;2;-24,9885767;-53,5082674;"SPRF-PR";"DEL04-PR";"UOP01-DEL04-PR"
657162;2025-01-21;"terça-feira";"18:35:00";"RS";290;95;"PORTO ALEGRE";"Acumulo de óleo sobre o pavimento";"Queda de ocupante de veículo";"Com Vítimas Feridas";"Pleno dia";"Decrescente";"Céu Claro";"Múltipla";"Reta";"Não";1;0;1;0;0;0;1;1;-29,982832;-51,201572;"SPRF-RS";"DEL01-RS";"UOP01-DEL01-RS"
657163;2025-01-24;"sexta-feira";"21:00:00";"PR";277;197;"PALMEIRA";"Ingestão de álcool pelo condutor";"Colisão com objeto";"Com Vítimas Feridas";"Plena Noite";"Decrescente";"Nublado";"Simples";"Reta;Ponte";"Não";1;0;1;0;0;0;1;1;-25,44144283;-50,17659008;"SPRF-PR";"DEL08-PR";"UOP02-DEL08-PR"
657164;2025-01-25;"sábado";"05:34:00";"SC";280;28;"ARAQUARI";"Ingestão de álcool pelo condutor";"Saída de leito carroçável";"Com Vítimas Feridas";"Amanhecer";"Decrescente";"Sol";"Simples";"Reta";"Não";1;0;1;0;0;0;1;1;-26,40450077;-48,74561031;"SPRF-SC";"DEL03-SC";"UOP03-DEL03-SC"
657166;2025-01-25;"sábado";"04:30:00";"PB";104;152;"QUEIMADAS";"Condutor Dormindo";"Saída de leito carroçável";"Com Vítimas Feridas";"Amanhecer";"Decrescente";"Nublado";"Simples";"Reta";"Não";1;0;1;0;0;0;1;1;-7,47287281;-35,93140315;"SPRF-PB";"DEL02-PB";"UOP03-DEL02-PB"
657167;2025-01-25;"sábado";"05:50:00";"PR";369;149;"LONDRINA";"Ingestão de álcool pelo condutor";"Saída de leito carroçável";"Com Vítimas Feridas";"Amanhecer";"Decrescente";"Céu Claro";"Dupla";"Reta";"Sim";2;0;1;1;0;0;2;1;-23,29299999;-51,15732729;"SPRF-PR";"DEL07-PR";"UOP01-DEL07-PR"
657169;2025-01-25;"sábado";"06:20:00";"PB";230;16,6;"JOAO PESSOA";"Demais falhas mecânicas ou elétricas";"Tombamento";"Com Vítimas Feridas";"Pleno dia";"Decrescente";"Céu Claro";"Dupla";"Reta";"Sim";2;0;2;0;0;0;2;1;-7,093;-34,8482;"SPRF-PB";"DEL01-PB";"UOP01-DEL01-PB"
657170;2025-01-25;"sábado";"05:30:00";"MG";40;739;"SANTOS DUMONT";"Ingestão de álcool pelo condutor";"Saída de leito carroçável";"Com Vítimas Feridas";"Pleno dia";"Crescente";"Céu Claro";"Simples";"Reta";"Não";1;0;0;1;0;0;1;1;-21,394039;-43,56680295;"SPRF-MG";"DEL05-MG";"UOP01-DEL05-MG"
657171;2025-01-25;"sábado";"06:40:00";"RS";470;218;"BENTO GONCALVES";"Reação tardia ou ineficiente do condutor";"Saída de leito carroçável";"Com Vítimas Feridas";"Amanhecer";"Crescente";"Garoa/Chuvisco";"Simples";"Curva";"Não";4;0;0;1;3;0;1;4;-29,18583845;-51,5209651;"SPRF-RS";"DEL06-RS";"UOP01-DEL06-RS"
657172;2025-01-24;"sexta-feira";"23:40:00";"PE";232;84,5;"GRAVATA";"Condutor deixou de manter distância do veículo da frente";"Colisão traseira";"Com Vítimas Feridas";"Plena Noite";"Crescente";"Chuva";"Dupla";"Reta;Declive";"Não";4;0;2;0;2;0;2;2;-8,2059894;-35,60359683;"SPRF-PE";"DEL02-PE";"UOP02-DEL02PE"
657173;2025-01-24;"sexta-feira";"16:20:00";"SP";381;84,9;"SAO PAULO";"Chuva";"Queda de ocupante de veículo";"Com Vítimas Feridas";"Pleno dia";"Crescente";"Chuva";"Dupla";"Reta";"Sim";2;0;2;0;0;0;2;1;-23,43937;-46,56807;"SPRF-SP";"DEL03-SP";"UOP01-DEL03-SP"
657174;2025-01-25;"sábado";"06:55:00";"MG";381;482,9;"BETIM";"Demais falhas mecânicas ou elétricas";"Tombamento";"Com Vítimas Feridas";"Pleno dia";"Crescente";"Céu Claro";"Dupla";"Curva;Declive";"Sim";2;0;1;1;0;0;2;1;-19,95749671;-44,07822132;"SPRF-MG";"DEL01-MG";"UOP03-DEL01-MG"
657175;2025-01-24;"sexta-feira";"21:02:00";"PE";101;19;"GOIANA";"Acessar a via sem observar a presença dos outros veículos";"Colisão transversal";"Com Vítimas Feridas";"Plena Noite";"Decrescente";"Céu Claro";"Dupla";"Retorno Regulamentado;Reta";"Não";2;0;1;0;1;0;1;2;-7,6608884;-34,93694723;"SPRF-PE";"DEL01-PE";"UOP02-DEL01-PE"
657176;2025-01-25;"sábado";"07:20:00";"PE";101;78;"RECIFE";"Pedestre - Ingestão de álcool/ substâncias psicoativas";"Atropelamento de Pedestre";"Com Vítimas Feridas";"Pleno dia";"Crescente";"Nublado";"Dupla";"Reta";"Sim";2;0;2;0;0;0;2;2;-8,13496499;-34,94738614;"SPRF-PE";"DEL01-PE";"UOP01-DEL01-PE"
657177;2025-01-25;"sábado";"06:35:00";"MS";60;370,9;"CAMPO GRANDE";"Ausência de reação do condutor";"Tombamento";"Com Vítimas Feridas";"Pleno dia";"Crescente";"Céu Claro";"Simples";"Reta";"Não";1;0;0;1;0;0;1;1;-20,55262671;-54,66947898;"SPRF-MS";"DEL01-MS";"UOP04-DEL01-MS"
657179;2025-01-24;"sexta-feira";"22:00:00";"MG";40;552;"NOVA LIMA";"Velocidade Incompatível";"Saída de leito carroçável";"Sem Vítimas";"Plena Noite";"Decrescente";"Céu Claro";"Dupla";"Declive;Reta";"Não";2;0;0;0;2;0;0;2;-20,06084086;-43,97716423;"SPRF-MG";"DEL01-MG";"UOP02-DEL01-MG"
657180;2025-01-25;"sábado";"01:30:00";"MG";153;98;"PRATA";"Ausência de reação do condutor";"Colisão com objeto";"Com Vítimas Feridas";"Plena Noite";"Crescente";"Nublado";"Simples";"Ponte;Declive;Reta";"Não";1;0;1;0;0;0;1;1;-19,2122511;-48,93761158;"SPRF-MG";"DEL15-MG";"UOP03-DEL15-MG"
657182;2025-01-25;"sábado";"08:02:00";"RS";448;22;"PORTO ALEGRE";"Acessar a via sem observar a presença dos outros veículos";"Colisão com objeto";"Com Vítimas Feridas";"Pleno dia";"Decrescente";"Chuva";"Múltipla";"Curva";"Não";2;0;1;0;0;1;1;2;-29,972212;-51,199139;"SPRF-RS";"DEL01-RS";"UOP01-DEL01-RS"
657184;2025-01-25;"sábado";"05:50:00";"MS";163;793;"COXIM";"Ausência de reação do condutor";"Saída de leito carroçável";"Com Vítimas Feridas";"Pleno dia";"Crescente";"Céu Claro";"Múltipla";"Reta;Aclive";"Não";1;0;1;0;0;0;1;1;-17,979322;-54,67845816;"SPRF-MS";"DEL06-MS";"UOP01-DEL06-MS"
657185;2025-01-25;"sábado";"08:30:00";"SC";101;167;"TIJUCAS";"Velocidade Incompatível";"Colisão traseira";"Com Vítimas Feridas";"Pleno dia";"Decrescente";"Céu Claro";"Dupla";"Reta";"Sim";2;0;0;1;1;0;1;2;-27,27029501;-48,63176618;"SPRF-SC";"DEL04-SC";"UOP03-DEL04-SC"
657187;2025-01-25;"sábado";"07:20:00";"MG";381;542,9;"ITATIAIUCU";"Ausência de reação do condutor";"Queda de ocupante de veículo";"Com Vítimas Feridas";"Pleno dia";"Crescente";"Céu Claro";"Dupla";"Reta";"Não";1;0;1;0;0;0;1;1;-20,26492509;-44,42256682;"SPRF-MG";"DEL04-MG";"UOP03-DEL04-MG"
657188;2025-01-25;"sábado";"08:10:00";"MG";459;99,2;"POUSO ALEGRE";"Velocidade Incompatível";"Colisão com objeto";"Com Vítimas Feridas";"Pleno dia";"Crescente";"Céu Claro";"Simples";"Curva;Declive";"Não";2;0;2;0;0;0;2;1;-22,201645;-45,963926;"SPRF-MG";"DEL09-MG";"UOP01-DEL09-MG"
657189;2025-01-25;"sábado";"06:30:00";"RJ";101;486;"ANGRA DOS REIS";"Acessar a via sem observar a presença dos outros veículos";"Colisão lateral sentido oposto";"Com Vítimas Feridas";"Pleno dia";"Decrescente";"Céu Claro";"Simples";"Reta";"Sim";2;0;1;0;1;0;1;2;-22,97708786;-44,29634653;"SPRF-RJ";"DEL03-RJ";"UOP03-DEL03-RJ"
657192;2025-01-25;"sábado";"09:05:00";"SC";280;28,6;"ARAQUARI";"Condutor deixou de manter distância do veículo da frente";"Colisão traseira";"Com Vítimas Feridas";"Pleno dia";"Crescente";"Céu Claro";"Simples";"Reta";"Sim";3;0;0;1;2;0;1;2;-26,40450077;-48,74561031;"SPRF-SC";"DEL03-SC";"UOP03-DEL03-SC"
657194;2025-01-25;"sábado";"07:30:00";"MT";163;837;"SINOP";"Reação tardia ou ineficiente do condutor";"Colisão traseira";"Com Vítimas Feridas";"Pleno dia";"Decrescente";"Céu Claro";"Simples";"Reta";"Não";2;0;1;0;1;0;1;2;-11,968963;-55,51695578;"SPRF-MT";"DEL06-MT";"UOP02-DEL06-MT"
657196;2025-01-25;"sábado";"08:30:00";"RS";392;316;"SAO SEPE";"Ausência de reação do condutor";"Colisão com objeto";"Com Vítimas Feridas";"Pleno dia";"Decrescente";"Sol";"Simples";"Curva";"Não";2;0;1;0;1;0;1;1;-30,02053093;-53,68300157;"SPRF-RS";"DEL09-RS";"UOP01-DEL09-RS"
657197;2025-01-25;"sábado";"07:35:00";"RJ";493;3;"ITABORAI";"Ausência de reação do condutor";"Tombamento";"Com Vítimas Feridas";"Pleno dia";"Decrescente";"Céu Claro";"Dupla";"Reta";"Sim";1;0;1;0;0;0;1;1;-22,7525329;-42,94160092;"SPRF-RJ";"DEL02-RJ";"UOP02-DEL02-RJ"
657200;2025-01-25;"sábado";"09:15:00";"BA";101;715;"EUNAPOLIS";"Acessar a via sem observar a presença dos outros veículos";"Colisão transversal";"Com Vítimas Feridas";"Pleno dia";"Crescente";"Nublado";"Múltipla";"Interseção de Vias";"Sim";3;0;2;0;1;0;2;2;-16,362362;-39,580627;"SPRF-BA";"DEL09-BA";"UOP01-DEL09-BA"
657202;2025-01-25;"sábado";"05:00:00";"GO";153;239,6;"SAO LUIZ DO NORTE";"Ausência de reação do condutor";"Atropelamento de Pedestre";"Com Vítimas Fatais";"Plena Noite";"Decrescente";"Céu Claro";"Simples";"Reta;Aclive";"Não";2;1;0;0;0;1;0;2;-14,846957;-49,314368;"SPRF-GO";"DEL07-GO";"UOP02-DEL07-GO"
657203;2025-01-25;"sábado";"09:00:00";"RS";116;347;"TAPES";"Reação tardia ou ineficiente do condutor";"Saída de leito carroçável";"Com Vítimas Feridas";"Pleno dia";"Crescente";"Nublado";"Dupla";"Reta";"Não";3;0;1;1;1;0;2;1;-30,51691315;-51,49665766;"SPRF-RS";"DEL02-RS";"UOP02-DEL02-RS"
657204;2025-01-25;"sábado";"10:10:00";"SP";116;112,5;"TAUBATE";"Reação tardia ou ineficiente do condutor";"Engavetamento";"Com Vítimas Feridas";"Pleno dia";"Decrescente";"Céu Claro";"Dupla";"Reta";"Sim";10;0;1;0;9;0;1;3;-23,04159343;-45,57065616;"SPRF-SP";"DEL02-SP";"UOP02-DEL02-SP"
657205;2025-01-25;"sábado";"09:45:00";"AL";101;188;"JUNQUEIRO";"Conversão proibida";"Colisão frontal";"Com Vítimas Feridas";"Pleno dia";"Crescente";"Céu Claro";"Simples";"Reta";"Sim";4;0;0;1;3;0;1;2;-9,90809784;-36,46933335;"SPRF-AL";"DEL02-AL";"UOP02-DEL02-AL"
657206;2025-01-25;"sábado";"09:40:00";"MG";116;277;"TEOFILO OTONI";"Entrada inopinada do pedestre";"Atropelamento de Pedestre";"Com Vítimas Feridas";"Pleno dia";"Decrescente";"Céu Claro";"Simples";"Interseção de Vias;Reta";"Sim";2;0;1;1;0;0;2;2;-17,859945;-41,515144;"SPRF-MG";"DEL11-MG";"UOP01-DEL11-MG"
657207;2025-01-25;"sábado";"09:45:00";"SC";280;130,5;"RIO NEGRINHO";"Acessar a via sem observar a presença dos outros veículos";"Colisão transversal";"Com Vítimas Feridas";"Pleno dia";"Decrescente";"Céu Claro";"Simples";"Declive;Reta";"Sim";2;0;1;0;1;0;1;2;-26,2530246;-49,52924913;"SPRF-SC";"DEL06-SC";"UOP03-DEL06-SC"