"id";"data_inversa";"dia_semana";"horario";"uf";"br";"km";"municipio";"causa_acidente";"tipo_acidente";"classificacao_acidente";"fase_dia";"sentido_via";"condicao_metereologica";"tipo_pista";"tracado_via";"uso_solo";"pessoas";"mortos";"feridos_leves";"feridos_graves";"ilesos";"ignorados";"feridos";"veiculos";"latitude";"longitude";"regional";"delegacia";"uop"
657208;2025-01-25;"sábado";"10:00:00";"GO";20;4;"FORMOSA";"Retorno proibido";"Colisão lateral mesmo sentido";"Com Vítimas Feridas";"Pleno dia";"Crescente";"Céu Claro";"Simples";"Reta";"Sim";3;0;1;1;0;1;2;3;-15,561395;-47,313698;"SPRF-DF";"DEL02-DF";"UOP02-DEL02-DF"
657209;2025-01-25;"sábado";"08:00:00";"GO";153;586,6;"PROFESSOR JAMIL";"Pista esburacada";"Queda de ocupante de veículo";"Com Vítimas Feridas";"Pleno dia";"Crescente";"Nublado";"Dupla";"Declive;Reta";"Não";1;0;1;0;0;0;1;1;-17,4342;-49,23;"SPRF-GO";"DEL03-GO";"UOP01-DEL03-GO"
657210;2025-01-25;"sábado";"09:30:00";"MG";262;871,2;"CAMPO FLORIDO";"Ausência de reação do condutor";"Saída de leito carroçável";"Com Vítimas Feridas";"Pleno dia";"Decrescente";"Céu Claro";"Dupla";"Reta";"Não";2;0;2;0;0;0;2;1;-19,78431116;-48,53013039;"SPRF-MG";"DEL13-MG";"UOP01-DEL13-MG"
657212;2025-01-25;"sábado";"10:30:00";"PE";101;68;"RECIFE";"Condutor deixou de manter distância do veículo da frente";"Colisão traseira";"Com Vítimas Feridas";"Pleno dia";"Crescente";"Céu Claro";"Dupla";"Aclive;Viaduto";"Sim";3;0;2;0;0;1;2;2;-8,052572;-34,946142;"SPRF-PE";"DEL01-PE";"UOP01-DEL01-PE"
657214;2025-01-25;"sábado";"10:52:00";"ES";101;321;"GUARAPARI";"Avarias e/ou desgaste excessivo no pneu";"Tombamento";"Com Vítimas Feridas";"Pleno dia";"Decrescente";"Céu Claro";"Dupla";"Reta";"Sim";2;0;2;0;0;0;2;1;-20,520908;-40,478306;"SPRF-ES";"DEL03-ES";"UOP01-DEL03-ES"
657215;2025-01-25;"sábado";"10:00:00";"RJ";101;391,3;"RIO DE JANEIRO";"Avarias e/ou desgaste excessivo no pneu";"Queda de ocupante de veículo";"Com Vítimas Feridas";"Pleno dia";"Decrescente";"Sol";"Dupla";"Reta";"Não";2;0;2;0;0;0;2;1;-22,894827;-43,68492;"SPRF-RJ";"DEL03-RJ";"UOP01-DEL03-RJ"
657216;2025-01-25;"sábado";"10:45:00";"SC";101;63;"ARAQUARI";"Manobra de mudança de faixa";"Colisão lateral mesmo sentido";"Com Vítimas Feridas";"Pleno dia";"Crescente";"Céu Claro";"Dupla";"Declive;Reta";"Não";3;0;2;0;1;0;2;2;-26,45898367;-48,7584088;"SPRF-SC";"DEL03-SC";"UOP02-DEL03-SC"
657217;2025-01-25;"sábado";"11:00:00";"SP";101;46;"UBATUBA";"Acessar a via sem observar a presença dos outros veículos";"Colisão transversal";"Com Vítimas Feridas";"Pleno dia";"Decrescente";"Céu Claro";"Simples";"Reta;Rotatória;Retorno Regulamentado";"Sim";3;0;1;0;2;0;1;2;-23,42403383;-45,07492113;"SPRF-SP";"DEL06-SP";"UOP01-DEL06-SP"
657218;2025-01-25;"sábado";"10:25:00";"PE";232;196,7;"SANHARO";"Ausência de sinalização";"Colisão frontal";"Com Vítimas Feridas";"Pleno dia";"Decrescente";"Céu Claro";"Simples";"Reta;Em Obras";"Não";3;0;2;1;0;0;3;2;-8,368707;-36,575354;"SPRF-PE";"DEL03-PE";"UOP02-DEL03-PE"
657219;2025-01-25;"sábado";"11:05:00";"PR";277;696;"SAO MIGUEL DO IGUACU";"Acessar a via sem observar a presença dos outros veículos";"Colisão traseira";"Com Vítimas Feridas";"Pleno dia";"Decrescente";"Nublado";"Dupla";"Reta";"Não";6;0;4;1;1;0;5;2;-25,38683788;-54,29509407;"SPRF-PR";"DEL05-PR";"UOP01-DEL05-PR"
657221;2025-01-25;"sábado";"10:32:00";"RS";386;177;"CARAZINHO";"Desrespeitar a preferência no cruzamento";"Colisão transversal";"Com Vítimas Feridas";"Pleno dia";"Crescente";"Céu Claro";"Simples";"Reta";"Sim";4;0;2;0;2;0;2;2;-28,28203652;-52,76490927;"SPRF-RS";"DEL08-RS";"UOP01-DEL08-RS"
657222;2025-01-25;"sábado";"11:00:00";"RJ";40;119;"DUQUE DE CAXIAS";"Pista Escorregadia";"Queda de ocupante de veículo";"Com Vítimas Feridas";"Pleno dia";"Decrescente";"Céu Claro";"Dupla";"Retorno Regulamentado;Curva;Viaduto";"Sim";2;0;1;0;1;0;1;1;-22,75470802;-43,28737838;"SPRF-RJ";"DEL01-RJ";"UOP02-DEL01-RJ"
657224;2025-01-25;"sábado";"12:00:00";"MG";40;510;"RIBEIRAO DAS NEVES";"Condutor deixou de manter distância do veículo da frente";"Engavetamento";"Com Vítimas Feridas";"Pleno dia";"Decrescente";"Sol";"Dupla";"Aclive;Reta";"Sim";4;0;1;0;3;0;1;3;-19,77463885;-44,12321882;"SPRF-MG";"DEL01-MG";"UOP02-DEL01-MG"
657225;2025-01-25;"sábado";"12:00:00";"MG";50;43,2;"ARAGUARI";"Demais falhas mecânicas ou elétricas";"Saída de leito carroçável";"Sem Vítimas";"Pleno dia";"Crescente";"Sol";"Dupla";"Declive;Reta";"Não";1;0;0;0;1;0;0;1;-18,71214868;-48,19607234;"SPRF-MG";"DEL15-MG";"UOP02-DEL15-MG"
657226;2025-01-25;"sábado";"11:40:00";"PB";230;156,1;"CAMPINA GRANDE";"Conversão proibida";"Colisão transversal";"Com Vítimas Feridas";"Pleno dia";"Decrescente";"Nublado";"Simples";"Reta";"Sim";2;0;1;0;0;1;1;2;-7,27296;-35,90945;"SPRF-PB";"DEL02-PB";"UOP01-DEL02-PB"
657229;2025-01-25;"sábado";"12:10:00";"ES";262;113;"VENDA NOVA DO IMIGRANTE";"Ingestão de álcool pelo condutor";"Colisão transversal";"Com Vítimas Feridas";"Pleno dia";"Decrescente";"Céu Claro";"Simples";"Reta";"Não";5;0;1;0;4;0;1;2;-20,32987893;-41,20496392;"SPRF-ES";"DEL01-ES";"UOP02-DEL01-ES"
657230;2025-01-25;"sábado";"12:15:00";"PR";153;335;"IRATI";"Transitar na contramão";"Colisão frontal";"Com Vítimas Feridas";"Pleno dia";"Crescente";"Nublado";"Simples";"Reta";"Sim";2;0;2;0;0;0;2;2;-25,48894141;-50,64508883;"SPRF-PR";"DEL08-PR";"UOP02-DEL08-PR"
657233;2025-01-25;"sábado";"12:09:00";"PI";343;2;"TERESINA";"Ausência de reação do condutor";"Colisão lateral mesmo sentido";"Com Vítimas Feridas";"Pleno dia";"Crescente";"Céu Claro";"Dupla";"Reta";"Não";3;0;1;0;2;0;1;3;-5,089569;-42,802288;"SPRF-PI";"DEL01-PI";"UOP01-DEL01-PI"
657234;2025-01-25;"sábado";"12:55:00";"SC";280;30;"ARAQUARI";"Trafegar com motocicleta (ou similar) entre as faixas";"Colisão transversal";"Com Vítimas Feridas";"Pleno dia";"Crescente";"Céu Claro";"Simples";"Reta";"Sim";2;0;0;1;1;0;1;2;-26,4141523;-48,76209493;"SPRF-SC";"DEL03-SC";"UOP03-DEL03-SC"
657236;2025-01-25;"sábado";"13:05:00";"SC";282;4,3;"FLORIANOPOLIS";"Reação tardia ou ineficiente do condutor";"Colisão lateral mesmo sentido";"Com Vítimas Feridas";"Pleno dia";"Decrescente";"Céu Claro";"Simples";"Reta";"Sim";2;0;1;0;1;0;1;2;-27,592646;-48,604034;"SPRF-SC";"DEL01-SC";"UOP01-DEL01-SC"
657237;2025-01-25;"sábado";"14:00:00";"SC";101;164;"TIJUCAS";"Manobra de mudança de faixa";"Colisão lateral mesmo sentido";"Com Vítimas Feridas";"Pleno dia";"Decrescente";"Nublado";"Dupla";"Reta";"Sim";2;0;1;0;1;0;1;2;-27,243868;-48,6309;"SPRF-SC";"DEL04-SC";"UOP03-DEL04-SC"
657240;2025-01-25;"sábado";"13:50:00";"PR";376;4,4;"MANDAGUARI";"Ausência de reação do condutor";"Colisão traseira";"Com Vítimas Feridas";"Pleno dia";"Crescente";"Céu Claro";"Simples";"Interseção de Vias;Reta";"Sim";2;0;1;0;1;0;1;2;-23,51922405;-51,68062091;"SPRF-PR";"DEL09-PR";"UOP01-DEL09-PR"
657241;2025-01-25;"sábado";"14:00:00";"BA";101;285;"LAJE";"Manobra de mudança de faixa";"Colisão lateral mesmo sentido";"Com Vítimas Feridas";"Pleno dia";"Decrescente";"Sol";"Simples";"Reta";"Não";2;0;1;0;1;0;1;2;-13,268436;-39,325351;"SPRF-BA";"DEL01-BA";"UOP02-DEL01-BA"
657242;2025-01-25;"sábado";"13:55:00";"PR";277;320;"GUARAPUAVA";"Acumulo de água sobre o pavimento";"Capotamento";"Com Vítimas Feridas";"Pleno dia";"Crescente";"Chuva";"Múltipla";"Reta";"Não";4;0;4;0;0;0;4;1;-25,371561;-51,261247;"SPRF-PR";"DEL08-PR";"UOP01-DEL08-PR"
657244;2025-01-25;"sábado";"12:00:00";"MG";262;772;"UBERABA";"Semáforo com defeito";"Incêndio";"Sem Vítimas";"Pleno dia";"Crescente";"Céu Claro";"Simples";"Reta";"Não";4;0;0;0;4;0;0;1;-19,70754792;-47,70151607;"SPRF-MG";"DEL13-MG";"UOP01-DEL13-MG"
657245;2025-01-25;"sábado";"01:45:00";"RS";470;211,9;"BENTO GONCALVES";"Ausência de reação do condutor";"Saída de leito carroçável";"Sem Vítimas";"Plena Noite";"Decrescente";"Nublado";"Simples";"Curva";"Não";1;0;0;0;0;1;0;1;-29,13901256;-51,54265881;"SPRF-RS";"DEL06-RS";"UOP01-DEL06-RS"
657246;2025-01-25;"sábado";"14:30:00";"SC";280;4,2;"SAO FRANCISCO DO SUL";"Condutor deixou de manter distância do veículo da frente";"Colisão traseira";"Com Vítimas Feridas";"Pleno dia";"Decrescente";"Garoa/Chuvisco";"Simples";"Reta;Em Obras";"Sim";3;0;1;1;1;0;2;2;-26,255347;-48,620998;"SPRF-SC";"DEL03-SC";"UOP03-DEL03-SC"
657248;2025-01-25;"sábado";"11:45:00";"RO";364;424,2;"JARU";"Acessar a via sem observar a presença dos outros veículos";"Colisão transversal";"Com Vítimas Feridas";"Pleno dia";"Decrescente";"Sol";"Simples";"Reta;Em Obras";"Sim";2;0;1;1;0;0;2;2;-10,44457274;-62,46568412;"SPRF-RO";"DEL03-RO";"UOP02-DEL03-RO"
657249;2025-01-25;"sábado";"14:30:00";"SP";381;62;"MAIRIPORA";"Manobra de mudança de faixa";"Colisão traseira";"Com Vítimas Feridas";"Pleno dia";"Decrescente";"Sol";"Dupla";"Aclive;Reta";"Não";2;0;1;0;1;0;1;2;-23,29437896;-46,57254696;"SPRF-SP";"DEL03-SP";"UOP01-DEL03-SP"
657252;2025-01-25;"sábado";"12:30:00";"MG";40;748;"SANTOS DUMONT";"Reação tardia ou ineficiente do condutor";"Tombamento";"Com Vítimas Feridas";"Pleno dia";"Crescente";"Céu Claro";"Simples";"Curva";"Não";1;0;1;0;0;0;1;1;-21,43796619;-43,55638245;"SPRF-MG";"DEL05-MG";"UOP01-DEL05-MG"
657253;2025-01-25;"sábado";"10:40:00";"RJ";40;118;"DUQUE DE CAXIAS";"Reação tardia ou ineficiente do condutor";"Colisão lateral mesmo sentido";"Sem Vítimas";"Pleno dia";"Crescente";"Céu Claro";"Múltipla";"Reta";"Sim";2;0;0;0;2;0;0;2;-22,75470802;-43,28737838;"SPRF-RJ";"DEL01-RJ";"UOP02-DEL01-RJ"
657255;2025-01-25;"sábado";"11:00:00";"RN";101;94;"NATAL";"Mal súbito do condutor";"Colisão lateral mesmo sentido";"Com Vítimas Feridas";"Pleno dia";"Decrescente";"Céu Claro";"Dupla";"Reta";"Não";2;0;1;0;1;0;1;2;-5,83176615;-35,21191342;"SPRF-RN";"DEL01-RN";"UOP01-DEL01-RN"
657256;2025-01-25;"sábado";"15:18:00";"RS";116;262;"CANOAS";"Reação tardia ou ineficiente do condutor";"Colisão com objeto";"Com Vítimas Feridas";"Pleno dia";"Decrescente";"Nublado";"Múltipla";"Reta";"Não";1;0;1;0;0;0;1;1;-29,896475;-51,17593;"SPRF-RS";"DEL01-RS";"UOP01-DEL01-RS"
657257;2025-01-25;"sábado";"15:30:00";"DF";60;0,9;"BRASILIA";"Ingestão de álcool pelo condutor";"Colisão lateral mesmo sentido";"Com Vítimas Fatais";"Pleno dia";"Crescente";"Nublado";"Dupla";"Reta";"Sim";3;1;0;0;1;1;0;3;-15,882499;-48,060212;"SPRF-DF";"DEL03-DF";"UOP01-DEL03-DF"
657258;2025-01-25;"sábado";"14:05:00";"SE";101;201,4;"CRISTINAPOLIS";"Reação tardia ou ineficiente do condutor";"Saída de leito carroçável";"Com Vítimas Feridas";"Pleno dia";"Decrescente";"Céu Claro";"Simples";"Reta";"Não";3;0;1;1;1;0;2;1;-11,49070496;-37,77641305;"SPRF-SE";"DEL02-SE";"UOP03-DEL02-SE"
657259;2025-01-25;"sábado";"13:40:00";"RJ";116;131;"MAGE";"Demais falhas mecânicas ou elétricas";"Incêndio";"Sem Vítimas";"Pleno dia";"Decrescente";"Céu Claro";"Dupla";"Reta";"Sim";1;0;0;0;1;0;0;1;-22,65608024;-43,12511494;"SPRF-RJ";"DEL04-RJ";"UOP02-DEL04-RJ"
657260;2025-01-25;"sábado";"15:25:00";"CE";222;308;"TIANGUA";"Ingestão de álcool pelo condutor";"Saída de leito carroçável";"Com Vítimas Feridas";"Pleno dia";"Decrescente";"Céu Claro";"Dupla";"Curva";"Não";1;0;0;1;0;0;1;1;-3,70113236;-40,9760052;"SPRF-CE";"DEL04-CE";"UOP02-DEL04-CE"
657261;2025-01-25;"sábado";"16:00:00";"SC";101;153;"PORTO BELO";"Demais falhas mecânicas ou elétricas";"Tombamento";"Com Vítimas Feridas";"Pleno dia";"Crescente";"Nublado";"Múltipla";"Interseção de Vias";"Sim";2;0;0;2;0;0;2;1;-27,144717;-48,61063935;"SPRF-SC";"DEL04-SC";"UOP03-DEL04-SC"
657262;2025-01-13;"segunda-feira";"19:00:00";"BA";101;283,8;"LAJE";"Reação tardia ou ineficiente do condutor";"Capotamento";"Com Vítimas Feridas";"Plena Noite";"Decrescente";"Céu Claro";"Simples";"Curva";"Não";1;0;0;1;0;0;1;1;-13,137704;-39,294103;"SPRF-BA";"DEL01-BA";"UOP02-DEL01-BA"
657263;2025-01-25;"sábado";"14:10:00";"PR";369;25,3;"CAMBARA";"Reação tardia ou ineficiente do condutor";"Colisão traseira";"Com Vítimas Feridas";"Pleno dia";"Decrescente";"Céu Claro";"Simples";"Reta";"Não";2;0;0;1;1;0;1;2;-23,03487454;-50,14984131;"SPRF-PR";"DEL07-PR";"UOP05-DEL07-PR"
657265;2025-01-25;"sábado";"14:42:00";"MA";230;398;"BALSAS";"Ingestão de álcool pelo condutor";"Colisão lateral sentido oposto";"Com Vítimas Feridas";"Pleno dia";"Crescente";"Céu Claro";"Simples";"Curva";"Não";3;0;0;1;1;1;1;3;-7,47496903;-46,01938735;"SPRF-MA";"DEL05-MA";"UOP01-DEL05-MA"
657266;2025-01-25;"sábado";"16:20:00";"SP";116;223;"GUARULHOS";"Condutor deixou de manter distância do veículo da frente";"Colisão traseira";"Com Vítimas Feridas";"Pleno dia";"Crescente";"Céu Claro";"Múltipla";"Reta";"Sim";3;0;1;0;2;0;1;2;-23,47559815;-46,5246609;"SPRF-SP";"DEL01-SP";"UOP01-DEL01-SP"
657268;2025-01-25;"sábado";"16:00:00";"PR";116;71,5;"QUATRO BARRAS";"Ausência de reação do condutor";"Colisão com objeto";"Com Vítimas Feridas";"Pleno dia";"Crescente";"Nublado";"Dupla";"Interseção de Vias;Curva";"Não";2;0;1;0;1;0;1;1;-25,34478233;-49,04386997;"SPRF-PR";"DEL01-PR";"UOP02-DEL01-PR"
657270;2025-01-25;"sábado";"15:00:00";"RN";406;44,5;"GUAMARE";"Animais na Pista";"Atropelamento de Animal";"Sem Vítimas";"Pleno dia";"Crescente";"Céu Claro";"Simples";"Reta";"Não";1;0;0;0;1;0;0;1;-5,28919893;-36,27733597;"SPRF-RN";"DEL02-RN";"UOP01-DEL02-RN"
657271;2025-01-25;"sábado";"16:05:00";"RS";470;267;"SAO JOSE DO SUL";"Reação tardia ou ineficiente do condutor";"Saída de leito carroçável";"Com Vítimas Feridas";"Pleno dia";"Crescente";"Nublado";"Simples";"Curva";"Não";2;0;0;1;1;0;1;1;-29,5121557;-51,48685794;"SPRF-RS";"DEL06-RS";"UOP01-DEL06-RS"
657272;2025-01-25;"sábado";"15:30:00";"SP";116;299;"SAO LOURENCO DA SERRA";"Objeto estático sobre o leito carroçável";"Queda de ocupante de veículo";"Com Vítimas Feridas";"Pleno dia";"Crescente";"Sol";"Múltipla";"Reta";"Sim";2;0;1;0;1;0;1;1;-23,79881101;-46,91523899;"SPRF-SP";"DEL04-SP";"UOP01-DEL04-SP"
657274;2025-01-25;"sábado";"16:30:00";"PA";230;117;"MARABA";"Animais na Pista";"Atropelamento de Animal";"Com Vítimas Feridas";"Pleno dia";"Crescente";"Céu Claro";"Dupla";"Aclive;Reta";"Sim";1;0;1;0;0;0;1;1;-5,35569904;-49,09047302;"SPRF-PA";"DEL03-PA";"UOP01-DEL03-PA"
657276;2025-01-25;"sábado";"16:40:00";"RS";285;443,2;"BOZANO";"Transitar na contramão";"Colisão transversal";"Com Vítimas Feridas";"Pleno dia";"Crescente";"Céu Claro";"Simples";"Viaduto";"Sim";5;0;1;0;4;0;1;2;-28,3639878;-53,76854897;"SPRF-RS";"DEL10-RS";"UOP01-DEL10-RS"
657277;2025-01-25;"sábado";"16:02:00";"BA";324;513;"FEIRA DE SANTANA";"Acessar a via sem observar a presença dos outros veículos";"Colisão transversal";"Com Vítimas Feridas";"Pleno dia";"Decrescente";"Céu Claro";"Simples";"Reta";"Sim";2;0;1;0;1;0;1;2;-12,2325259;-38,95076573;"SPRF-BA";"DEL02-BA";"UOP01-DEL02-BA"
657280;2025-01-25;"sábado";"16:00:00";"BA";324;513,3;"FEIRA DE SANTANA";"Ingestão de álcool pelo condutor";"Colisão transversal";"Com Vítimas Feridas";"Pleno dia";"Decrescente";"Céu Claro";"Simples";"Reta";"Sim";2;0;2;0;0;0;2;2;-12,23149473;-38,95730016;"SPRF-BA";"DEL02-BA";"UOP01-DEL02-BA"
657281;2025-01-25;"sábado";"15:00:00";"SP";116;472;"JACUPIRANGA";"Avarias e/ou desgaste excessivo no pneu";"Queda de ocupante de veículo";"Com Vítimas Feridas";"Pleno dia";"Crescente";"Céu Claro";"Dupla";"Reta";"Não";2;0;1;0;1;0;1;1;-24,6649709;-47,9738381;"SPRF-SP";"DEL05-SP";"UOP01-DEL05-SP"
657282;2025-01-25;"sábado";"17:15:00";"MG";381;792;"SAO GONCALO DO SAPUCAI";"Ausência de reação do condutor";"Saída de leito carroçável";"Com Vítimas Feridas";"Pleno dia";"Decrescente";"Chuva";"Dupla";"Curva";"Não";1;0;1;0;0;0;1;1;-21,91931581;-45,59934602;"SPRF-MG";"DEL16-MG";"UOP02-DEL16-MG"
657283;2025-01-25;"sábado";"17:52:00";"MG";116;632,6;"DIVINO";"Condutor Dormindo";"Saída de leito carroçável";"Com Vítimas Fatais";"Anoitecer";"Crescente";"Céu Claro";"Simples";"Curva";"Não";5;2;3;0;0;0;3;1;-20,60151499;-42,20862002;"SPRF-MG";"DEL07-MG";"UOP02-DEL07-MG"
657284;2025-01-25;"sábado";"18:00:00";"SP";381;73,8;"SAO PAULO";"Demais falhas mecânicas ou elétricas";"Incêndio";"Sem Vítimas";"Pleno dia";"Crescente";"Céu Claro";"Dupla";"Reta";"Não";1;0;0;0;1;0;0;1;-23,36553404;-46,55253934;"SPRF-SP";"DEL03-SP";"UOP01-DEL03-SP"
657286;2025-01-25;"sábado";"13:00:00";"MT";364;325;"SANTO ANTONIO DO LEVERGER";"Reação tardia ou ineficiente do condutor";"Queda de ocupante de veículo";"Com Vítimas Feridas";"Pleno dia";"Decrescente";"Céu Claro";"Dupla";"Reta";"Não";1;0;1;0;0;0;1;1;-15,8126764;-55,3680389;"SPRF-MT";"DEL05-MT";"UOP02-DEL05-MT"
657287;2025-01-25;"sábado";"18:48:00";"RJ";116;186;"NOVA IGUACU";"Ausência de reação do condutor";"Colisão traseira";"Com Vítimas Feridas";"Anoitecer";"Decrescente";"Céu Claro";"Dupla";"Reta";"Sim";2;0;0;1;1;0;1;2;-22,73962339;-43,46276495;"SPRF-RJ";"DEL06-RJ";"UOP01-DEL06-RJ"
657288;2025-01-25;"sábado";"17:30:00";"RJ";101;418;"MANGARATIBA";"Reação tardia ou ineficiente do condutor";"Colisão transversal";"Com Vítimas Feridas";"Pleno dia";"Decrescente";"Chuva";"Simples";"Túnel";"Sim";5;0;0;2;3;0;2;4;-22,9178274;-43,90471593;"SPRF-RJ";"DEL03-RJ";"UOP02-DEL03-RJ"
657292;2025-01-25;"sábado";"17:15:00";"PI";343;338,6;"TERESINA";"Condutor deixou de manter distância do veículo da frente";"Colisão traseira";"Com Vítimas Feridas";"Anoitecer";"Crescente";"Sol";"Dupla";"Reta";"Não";5;0;3;0;0;2;3;3;-5,065277;-42,728433;"SPRF-PI";"DEL01-PI";"UOP01-DEL01-PI"
657293;2025-01-25;"sábado";"16:41:00";"MG";381;279;"JAGUARACU";"Condutor deixou de manter distância do veículo da frente";"Colisão lateral mesmo sentido";"Com Vítimas Feridas";"Pleno dia";"Decrescente";"Sol";"Simples";"Curva";"Não";7;0;2;0;5;0;2;3;-19,6016332;-42,75481785;"SPRF-MG";"DEL03-MG";"UOP02-DEL03-MG"
657294;2025-01-25;"sábado";"19:00:00";"MG";381;729,3;"CARMO DA CACHOEIRA";"Chuva";"Colisão com objeto";"Com Vítimas Feridas";"Plena Noite";"Crescente";"Chuva";"Dupla";"Curva";"Não";1;0;1;0;0;0;1;1;-21,53065495;-45,23082007;"SPRF-MG";"DEL04-MG";"UOP02-DEL04-MG"
657295;2025-01-25;"sábado";"15:30:00";"RS";285;411;"PANAMBI";"Acostamento em desnível";"Saída de leito carroçável";"Com Vítimas Feridas";"Pleno dia";"Decrescente";"Céu Claro";"Simples";"Declive;Reta";"Não";2;0;1;0;1;0;1;1;-28,356352;-53,460957;"SPRF-RS";"DEL10-RS";"UOP02-DEL10-RS"
657296;2025-01-25;"sábado";"18:00:00";"MG";40;454;"CAETANOPOLIS";"Acessar a via sem observar a presença dos outros veículos";"Atropelamento de Pedestre";"Com Vítimas Feridas";"Amanhecer";"Decrescente";"Céu Claro";"Dupla";"Reta";"Não";2;0;1;0;0;1;1;2;-19,34996189;-44,35227779;"SPRF-MG";"DEL02-MG";"UOP01-DEL02-MG"
657298;2025-01-25;"sábado";"18:25:00";"RS";158;191,8;"CRUZ ALTA";"Velocidade Incompatível";"Saída de leito carroçável";"Com Vítimas Feridas";"Pleno dia";"Crescente";"Céu Claro";"Simples";"Curva";"Não";1;0;0;1;0;0;1;1;-28,62212411;-53,57010841;"SPRF-RS";"DEL10-RS";"UOP02-DEL10-RS"
657303;2025-01-25;"sábado";"18:20:00";"MG";116;406,7;"GOVERNADOR VALADARES";"Ausência de reação do condutor";"Colisão traseira";"Com Vítimas Feridas";"Anoitecer";"Crescente";"Céu Claro";"Simples";"Reta";"Sim";2;0;1;0;1;0;1;2;-18,82669347;-41,98753335;"SPRF-MG";"DEL06-MG";"UOP01-DEL06-MG"
657305;2025-01-25;"sábado";"18:20:00";"RJ";40;53,5;"PETROPOLIS";"Velocidade Incompatível";"Colisão com objeto";"Com Vítimas Feridas";"Anoitecer";"Decrescente";"Céu Claro";"Dupla";"Aclive;Curva";"Não";4;0;1;0;3;0;1;2;-22,34399896;-43,13243691;"SPRF-RJ";"DEL05-RJ";"UOP02-DEL05-RJ"
657306;2025-01-25;"sábado";"18:30:00";"PI";407;425;"PICOS";"Reação tardia ou ineficiente do condutor";"Colisão transversal";"Com Vítimas Feridas";"Plena Noite";"Crescente";"Nublado";"Simples";"Reta";"Não";2;0;0;1;0;1;1;2;-7,094478;-41,423126;"SPRF-PI";"DEL04-PI";"UOP01-DEL04-PI"
657307;2025-01-25;"sábado";"17:25:00";"SP";101;50;"UBATUBA";"Acessar a via sem observar a presença dos outros veículos";"Colisão transversal";"Com Vítimas Feridas";"Pleno dia";"Decrescente";"Céu Claro";"Simples";"Reta";"Sim";3;0;1;0;2;0;1;2;-23,45018939;-45,07743735;"SPRF-SP";"DEL06-SP";"UOP01-DEL06-SP"
657308;2025-01-25;"sábado";"16:50:00";"PR";376;495,5;"PONTA GROSSA";"Avarias e/ou desgaste excessivo no pneu";"Saída de leito carroçável";"Com Vítimas Feridas";"Pleno dia";"Crescente";"Chuva";"Dupla";"Curva";"Sim";2;0;2;0;0;0;2;1;-25,13827;-50,162922;"SPRF-PR";"DEL03-PR";"UOP04-DEL03-PR"
657310;2025-01-25;"sábado";"17:45:00";"MT";70;277;"PRIMAVERA DO LESTE";"Frear bruscamente";"Colisão traseira";"Com Vítimas Feridas";"Anoitecer";"Crescente";"Céu Claro";"Simples";"Reta";"Não";7;0;2;0;4;1;2;3;-15,55572064;-54,27085588;"SPRF-MT";"DEL05-MT";"UOP01-DEL05-MT"
657311;2025-01-25;"sábado";"20:15:00";"PE";232;254,5;"ARCOVERDE";"Ausência de reação do condutor";"Colisão traseira";"Sem Vítimas";"Plena Noite";"Crescente";"Vento";"Simples";"Reta";"Sim";4;0;0;0;4;0;0;2;-8,41875994;-37,07859892;"SPRF-PE";"DEL04-PE";"UOP02-DEL04-PE"
657312;2025-01-25;"sábado";"19:00:00";"PE";232;212,5;"PESQUEIRA";"Manobra de mudança de faixa";"Colisão frontal";"Com Vítimas Fatais";"Plena Noite";"Crescente";"Chuva";"Simples";"Reta";"Não";2;1;0;0;0;1;0;2;-8,37328104;-36,71376998;"SPRF-PE";"DEL03-PE";"UOP02-DEL03-PE"
657314;2025-01-25;"sábado";"19:40:00";"RO";364;235,7;"CACOAL";"Acessar a via sem observar a presença dos outros veículos";"Colisão transversal";"Com Vítimas Feridas";"Plena Noite";"Crescente";"Nublado";"Simples";"Reta";"Sim";3;0;1;0;2;0;1;2;-11,445753;-61,437405;"SPRF-RO";"DEL02-RO";"UOP02-DEL02-RO"
657315;2025-01-25;"sábado";"17:15:00";"SC";280;102,2;"SAO BENTO DO SUL";"Reação tardia ou ineficiente do condutor";"Saída de leito carroçável";"Com Vítimas Feridas";"Pleno dia";"Decrescente";"Nublado";"Simples";"Curva;Declive";"Não";1;0;1;0;0;0;1;1;-26,36381888;-49,34016753;"SPRF-SC";"DEL06-SC";"UOP03-DEL06-SC"
657316;2025-01-25;"sábado";"18:15:00";"SC";280;237,5;"CANOINHAS";"Reação tardia ou ineficiente do condutor";"Saída de leito carroçável";"Com Vítimas Feridas";"Plena Noite";"Decrescente";"Nublado";"Simples";"Curva;Declive";"Não";4;0;3;0;1;0;3;1;-26,19844599;-50,43216601;"SPRF-SC";"DEL06-SC";"UOP04-DEL06-SC"
657317;2025-01-25;"sábado";"20:00:00";"ES";101;258;"SERRA";"Manobra de mudança de faixa";"Colisão lateral mesmo sentido";"Com Vítimas Feridas";"Plena Noite";"Decrescente";"Céu Claro";"Dupla";"Reta;Declive";"Sim";2;0;1;0;1;0;1;2;-20,13059888;-40,2961019;"SPRF-ES";"DEL02-ES";"UOP01-DEL02-ES"
657318;2025-01-25;"sábado";"17:30:00";"AC";317;240;"XAPURI";"Ingestão de álcool pelo condutor";"Saída de leito carroçável";"Com Vítimas Feridas";"Pleno dia";"Crescente";"Céu Claro";"Simples";"Reta";"Não";1;0;0;1;0;0;1;1;-10,74730662;-68,43418121;"SPRF-AC";"DEL01-AC";"UOP02-DEL01-AC"