"id";"data_inversa";"dia_semana";"horario";"uf";"br";"km";"municipio";"causa_acidente";"tipo_acidente";"classificacao_acidente";"fase_dia";"sentido_via";"condicao_metereologica";"tipo_pista";"tracado_via";"uso_solo";"pessoas";"mortos";"feridos_leves";"feridos_graves";"ilesos";"ignorados";"feridos";"veiculos";"latitude";"longitude";"regional";"delegacia";"uop"
657319;2025-01-25;"sábado";"18:50:00";"BA";110;161;"RIBEIRA DO POMBAL";"Ingestão de álcool pelo condutor";"Atropelamento de Pedestre";"Com Vítimas Feridas";"Plena Noite";"Crescente";"Céu Claro";"Simples";"Reta";"Não";2;0;1;0;1;0;1;2;-10,76468984;-38,51131045;"SPRF-BA";"DEL07-BA";"UOP02-DEL07-BA"
657320;2025-01-25;"sábado";"16:40:00";"PI";135;131;"BERTOLINIA";"Ausência de reação do condutor";"Tombamento";"Com Vítimas Feridas";"Pleno dia";"Decrescente";"Céu Claro";"Simples";"Curva";"Não";1;0;0;1;0;0;1;1;-7,68281273;-43,92158582;"SPRF-PI";"DEL03-PI";"UOP01-DEL03-PI"
657321;2025-01-25;"sábado";"18:40:00";"ES";259;62,9;"COLATINA";"Entrada inopinada do pedestre";"Atropelamento de Pedestre";"Com Vítimas Feridas";"Plena Noite";"Crescente";"Céu Claro";"Simples";"Reta";"Sim";2;0;1;0;1;0;1;2;-19,53124185;-40,68990791;"SPRF-ES";"DEL02-ES";"UOP01-DEL02-ES"
657322;2025-01-25;"sábado";"17:50:00";"PA";10;354;"SANTA MARIA DO PARA";"Acessar a via sem observar a presença dos outros veículos";"Colisão transversal";"Com Vítimas Feridas";"Pleno dia";"Decrescente";"Céu Claro";"Simples";"Reta";"Sim";2;0;1;0;1;0;1;2;-1,34759789;-47,57735696;"SPRF-PA";"DEL01-PA";"UOP02-DEL01-PA"
657323;2025-01-25;"sábado";"20:25:00";"RJ";393;285,8;"VOLTA REDONDA";"Acessar a via sem observar a presença dos outros veículos";"Colisão transversal";"Com Vítimas Feridas";"Plena Noite";"Decrescente";"Nublado";"Dupla";"Reta";"Não";4;0;2;0;2;0;2;2;-22,481726;-44,06308602;"SPRF-RJ";"DEL05-RJ";"UOP04-DEL05-RJ"
657324;2025-01-25;"sábado";"21:26:00";"GO";70;6;"AGUAS LINDAS DE GOIAS";"Restrição de visibilidade em curvas horizontais";"Colisão lateral mesmo sentido";"Com Vítimas Fatais";"Plena Noite";"Decrescente";"Céu Claro";"Múltipla";"Curva";"Não";2;1;0;0;1;0;0;2;-15,743542;-48,268245;"SPRF-DF";"DEL03-DF";"UOP02-DEL03-DF"
657325;2025-01-25;"sábado";"20:50:00";"GO";153;510;"APARECIDA DE GOIANIA";"Ingestão de álcool pelo condutor";"Colisão com objeto";"Sem Vítimas";"Plena Noite";"Decrescente";"Nublado";"Múltipla";"Reta";"Sim";2;0;0;0;2;0;0;1;-16,7977;-49,2386;"SPRF-GO";"DEL01-GO";"UOP03-DEL01-GO"
657326;2025-01-25;"sábado";"19:30:00";"BA";367;28,9;"PORTO SEGURO";"Acessar a via sem observar a presença dos outros veículos";"Colisão transversal";"Sem Vítimas";"Plena Noite";"Decrescente";"Céu Claro";"Simples";"Curva";"Não";5;0;0;0;5;0;0;2;-16,41760283;-39,10888793;"SPRF-BA";"DEL09-BA";"UOP03-DEL09-BA"
657327;2025-01-25;"sábado";"17:20:00";"SC";280;110,1;"SAO BENTO DO SUL";"Ausência de reação do condutor";"Saída de leito carroçável";"Sem Vítimas";"Pleno dia";"Crescente";"Céu Claro";"Simples";"Curva";"Não";1;0;0;0;0;1;0;1;-26,32140672;-49,38932175;"SPRF-SC";"DEL06-SC";"UOP03-DEL06-SC"
657328;2025-01-25;"sábado";"21:00:00";"PR";116;17;"CAMPINA GRANDE DO SUL";"Ingestão de álcool pelo condutor";"Saída de leito carroçável";"Com Vítimas Feridas";"Plena Noite";"Decrescente";"Chuva";"Simples";"Curva";"Não";2;0;1;0;1;0;1;1;-25,10305915;-48,70103892;"SPRF-PR";"DEL01-PR";"UOP02-DEL01-PR"
657329;2025-01-25;"sábado";"20:00:00";"PE";423;43;"CACHOEIRINHA";"Deficiência do Sistema de Iluminação/Sinalização";"Colisão frontal";"Com Vítimas Fatais";"Plena Noite";"Decrescente";"Céu Claro";"Simples";"Reta";"Não";3;1;0;0;2;0;0;2;-8,51683426;-36,25551854;"SPRF-PE";"DEL03-PE";"UOP01-DEL03-PE"
657330;2025-01-25;"sábado";"21:30:00";"MG";381;831,9;"SAO SEBASTIAO DA BELA VISTA";"Ausência de reação do condutor";"Saída de leito carroçável";"Sem Vítimas";"Pleno dia";"Decrescente";"Céu Claro";"Dupla";"Reta";"Não";2;0;0;0;2;0;0;1;-22,15138412;-45,82353661;"SPRF-MG";"DEL16-MG";"UOP01-DEL16-MG"
657331;2025-01-25;"sábado";"20:00:00";"SC";101;138;"BALNEARIO CAMBORIU";"Reação tardia ou ineficiente do condutor";"Colisão traseira";"Com Vítimas Feridas";"Plena Noite";"Decrescente";"Chuva";"Dupla";"Curva";"Sim";3;0;1;0;2;0;1;2;-27,02397426;-48,60761649;"SPRF-SC";"DEL04-SC";"UOP03-DEL04-SC"
657332;2025-01-25;"sábado";"20:30:00";"MG";381;490;"BETIM";"Manobra de mudança de faixa";"Colisão com objeto";"Com Vítimas Feridas";"Plena Noite";"Crescente";"Céu Claro";"Múltipla";"Aclive;Reta";"Sim";4;0;1;0;3;0;1;2;-19,96502819;-44,17422195;"SPRF-MG";"DEL01-MG";"UOP03-DEL01-MG"
657333;2025-01-25;"sábado";"19:50:00";"PI";343;329;"TERESINA";"Conversão proibida";"Colisão transversal";"Com Vítimas Feridas";"Plena Noite";"Crescente";"Nublado";"Simples";"Reta";"Não";2;0;0;1;1;0;1;2;-5,064808;-42,641769;"SPRF-PI";"DEL01-PI";"UOP01-DEL01-PI"
657334;2025-01-25;"sábado";"21:24:00";"SP";116;388;"MIRACATU";"Acumulo de água sobre o pavimento";"Saída de leito carroçável";"Sem Vítimas";"Plena Noite";"Decrescente";"Chuva";"Dupla";"Reta";"Sim";1;0;0;0;1;0;0;1;-24,26919492;-47,39740603;"SPRF-SP";"DEL04-SP";"UOP02-DEL04-SP"
657335;2025-01-25;"sábado";"20:00:00";"MA";316;577,8;"CAXIAS";"Reação tardia ou ineficiente do condutor";"Colisão traseira";"Com Vítimas Fatais";"Plena Noite";"Decrescente";"Nublado";"Simples";"Aclive;Reta";"Sim";3;2;0;0;1;0;0;2;-4,947546;-43,143326;"SPRF-MA";"DEL03-MA";"UOP02-DEL03-MA"
657336;2025-01-25;"sábado";"20:30:00";"SC";101;416,6;"ARARANGUA";"Iluminação deficiente";"Colisão traseira";"Com Vítimas Feridas";"Plena Noite";"Crescente";"Nublado";"Simples";"Reta";"Sim";3;0;1;0;2;0;1;3;-28,980626;-49,53679562;"SPRF-SC";"DEL02-SC";"UOP02-DEL02-SC"
657338;2025-01-25;"sábado";"21:50:00";"MG";459;32;"CALDAS";"Ingestão de álcool pelo condutor";"Colisão com objeto";"Com Vítimas Feridas";"Plena Noite";"Crescente";"Nublado";"Simples";"Curva;Interseção de Vias";"Não";1;0;1;0;0;0;1;1;-21,92767944;-46,36470795;"SPRF-MG";"DEL09-MG";"UOP01-DEL09-MG"
657340;2025-01-25;"sábado";"20:45:00";"BA";324;513,8;"FEIRA DE SANTANA";"Velocidade Incompatível";"Colisão traseira";"Com Vítimas Feridas";"Plena Noite";"Crescente";"Céu Claro";"Simples";"Reta";"Sim";5;0;1;0;2;2;1;4;-12,23220747;-38,95301825;"SPRF-BA";"DEL02-BA";"UOP01-DEL02-BA"
657341;2025-01-25;"sábado";"20:00:00";"PR";376;139,2;"NOVA ESPERANCA";"Conversão proibida";"Saída de leito carroçável";"Sem Vítimas";"Plena Noite";"Crescente";"Céu Claro";"Dupla";"Retorno Regulamentado";"Não";1;0;0;0;1;0;0;1;-23,16684663;-52,25159883;"SPRF-PR";"DEL09-PR";"UOP02-DEL09-PR"
657342;2025-01-25;"sábado";"21:15:00";"PR";373;395;"CANDOI";"Reação tardia ou ineficiente do condutor";"Colisão traseira";"Com Vítimas Feridas";"Plena Noite";"Crescente";"Céu Claro";"Simples";"Reta";"Não";2;0;1;0;1;0;1;2;-25,54187475;-52,01243164;"SPRF-PR";"DEL08-PR";"UOP01-DEL08-PR"
657343;2025-01-25;"sábado";"21:20:00";"RS";470;11,4;"BARRACAO";"Acessar a via sem observar a presença dos outros veículos";"Colisão transversal";"Com Vítimas Feridas";"Plena Noite";"Crescente";"Nublado";"Simples";"Interseção de Vias;Rotatória;Reta";"Não";3;0;2;1;0;0;3;2;-27,675197;-51,454799;"SPRF-RS";"DEL08-RS";"UOP05-DEL08-RS"
657344;2025-01-25;"sábado";"22:00:00";"BA";116;15,6;"VITORIA DA CONQUISTA";"Acessar a via sem observar a presença dos outros veículos";"Colisão transversal";"Sem Vítimas";"Plena Noite";"Decrescente";"Nublado";"Simples";"Reta";"Não";2;0;0;0;2;0;0;2;-14,900341;-40,853484;"SPRF-PE";"DEL05-PE";"UOP03-DEL05-PE"
657345;2025-01-25;"sábado";"15:50:00";"PR";277;187;"PALMEIRA";"Ausência de reação do condutor";"Saída de leito carroçável";"Com Vítimas Feridas";"Pleno dia";"Decrescente";"Chuva";"Simples";"Curva";"Não";4;0;3;0;1;0;3;1;-25,4207591;-50,083596;"SPRF-PR";"DEL08-PR";"UOP02-DEL08-PR"
657346;2025-01-25;"sábado";"19:29:00";"RJ";493;86;"JAPERI";"Reação tardia ou ineficiente do condutor";"Saída de leito carroçável";"Sem Vítimas";"Plena Noite";"Crescente";"Céu Claro";"Dupla";"Reta";"Não";1;0;0;0;1;0;0;1;-22,661891;-43,623853;"SPRF-RJ";"DEL01-RJ";"UOP03-DEL01-RJ"
657348;2025-01-25;"sábado";"21:30:00";"MG";365;606;"UBERLANDIA";"Reação tardia ou ineficiente do condutor";"Saída de leito carroçável";"Com Vítimas Feridas";"Plena Noite";"Decrescente";"Céu Claro";"Simples";"Reta";"Não";1;0;1;0;0;0;1;1;-18,91688593;-48,17707923;"SPRF-MG";"DEL15-MG";"UOP01-DEL15-MG"
657350;2025-01-25;"sábado";"21:40:00";"RS";285;161,8;"MUITOS CAPOES";"Reação tardia ou ineficiente do condutor";"Saída de leito carroçável";"Com Vítimas Feridas";"Plena Noite";"Crescente";"Chuva";"Simples";"Curva;Declive";"Não";1;0;1;0;0;0;1;1;-28,32184;-51,237194;"SPRF-RS";"DEL05-RS";"UOP03-DEL05-RS"
657351;2025-01-25;"sábado";"22:45:00";"PR";376;4,8;"MANDAGUARI";"Desrespeitar a preferência no cruzamento";"Colisão transversal";"Com Vítimas Feridas";"Plena Noite";"Crescente";"Céu Claro";"Simples";"Interseção de Vias;Reta";"Sim";2;0;2;0;0;0;2;2;-23,52382502;-51,67827666;"SPRF-PR";"DEL09-PR";"UOP01-DEL09-PR"
657352;2025-01-25;"sábado";"22:45:00";"MG";40;573;"ITABIRITO";"Velocidade Incompatível";"Colisão com objeto";"Sem Vítimas";"Plena Noite";"Crescente";"Céu Claro";"Dupla";"Retorno Regulamentado";"Não";2;0;0;0;2;0;0;1;-20,23925113;-43,9663564;"SPRF-MG";"DEL01-MG";"UOP02-DEL01-MG"
657353;2025-01-25;"sábado";"22:35:00";"RJ";40;120;"DUQUE DE CAXIAS";"Ingestão de álcool pelo condutor";"Colisão traseira";"Sem Vítimas";"Plena Noite";"Crescente";"Ignorado";"Múltipla";"Reta";"Sim";3;0;0;0;3;0;0;2;-22,77280597;-43,28626763;"SPRF-RJ";"DEL01-RJ";"UOP02-DEL01-RJ"
657354;2025-01-25;"sábado";"22:50:00";"ES";101;64,3;"SAO MATEUS";"Animais na Pista";"Atropelamento de Animal";"Com Vítimas Feridas";"Plena Noite";"Decrescente";"Céu Claro";"Simples";"Curva";"Não";2;0;2;0;0;0;2;1;-18,70428583;-39,87065983;"SPRF-ES";"DEL04-ES";"UOP02-DEL04-ES"
657355;2025-01-25;"sábado";"22:40:00";"ES";262;58,8;"MARECHAL FLORIANO";"Conversão proibida";"Eventos atípicos";"Com Vítimas Feridas";"Plena Noite";"Decrescente";"Nublado";"Simples";"Reta";"Não";2;0;2;0;0;0;2;2;-20,42076276;-40,76927908;"SPRF-ES";"DEL01-ES";"UOP01-DEL01-ES"
657356;2025-01-25;"sábado";"20:00:00";"RJ";356;78;"ITALVA";"Reação tardia ou ineficiente do condutor";"Queda de ocupante de veículo";"Com Vítimas Feridas";"Plena Noite";"Crescente";"Céu Claro";"Simples";"Reta";"Sim";1;0;1;0;0;0;1;1;-21,43975905;-41,67832968;"SPRF-RJ";"DEL08-RJ";"UOP03-DEL08-RJ"
657357;2025-01-25;"sábado";"22:00:00";"PE";428;173,6;"PETROLINA";"Reação tardia ou ineficiente do condutor";"Colisão traseira";"Com Vítimas Fatais";"Plena Noite";"Decrescente";"Céu Claro";"Simples";"Reta";"Não";3;2;0;0;0;1;0;2;-9,259369;-40,428972;"SPRF-PE";"DEL06-PE";"UOP01-DEL06-PE"
657359;2025-01-25;"sábado";"14:30:00";"MT";174;328;"PONTES E LACERDA";"Objeto estático sobre o leito carroçável";"Saída de leito carroçável";"Com Vítimas Feridas";"Pleno dia";"Crescente";"Chuva";"Simples";"Aclive;Reta";"Não";1;0;1;0;0;0;1;1;-14,897952;-59,29475;"SPRF-MT";"DEL04-MT";"UOP01-DEL04-MT"
657361;2025-01-25;"sábado";"21:20:00";"SP";116;407;"JUQUIA";"Ausência de reação do condutor";"Queda de ocupante de veículo";"Com Vítimas Feridas";"Plena Noite";"Decrescente";"Chuva";"Dupla";"Reta";"Não";1;0;1;0;0;0;1;1;-24,32689195;-47,56569901;"SPRF-SP";"DEL05-SP";"UOP01-DEL05-SP"
657364;2025-01-25;"sábado";"23:10:00";"PI";316;3,9;"TERESINA";"Velocidade Incompatível";"Saída de leito carroçável";"Com Vítimas Feridas";"Plena Noite";"Decrescente";"Garoa/Chuvisco";"Múltipla";"Reta";"Sim";1;0;1;0;0;0;1;1;-5,139383;-42,785563;"SPRF-PI";"DEL01-PI";"UOP02-DEL01-PI"
657365;2025-01-25;"sábado";"12:30:00";"RO";364;308,3;"PRESIDENTE MEDICI";"Desrespeitar a preferência no cruzamento";"Colisão transversal";"Com Vítimas Feridas";"Pleno dia";"Decrescente";"Sol";"Múltipla";"Interseção de Vias;Reta";"Sim";2;0;0;1;1;0;1;2;-11,172427;-61,901573;"SPRF-RO";"DEL02-RO";"UOP01-DEL02-RO"
657367;2025-01-26;"domingo";"00:30:00";"SP";116;123;"CACAPAVA";"Reação tardia ou ineficiente do condutor";"Colisão com objeto";"Com Vítimas Feridas";"Plena Noite";"Decrescente";"Nublado";"Dupla";"Reta";"Não";5;0;2;0;2;1;2;3;-23,08754228;-45,66969781;"SPRF-SP";"DEL02-SP";"UOP02-DEL02-SP"
657369;2025-01-26;"domingo";"01:00:00";"SC";101;156;"PORTO BELO";"Desrespeitar a preferência no cruzamento";"Colisão frontal";"Com Vítimas Feridas";"Plena Noite";"Decrescente";"Nublado";"Dupla";"Interseção de Vias";"Sim";2;0;1;1;0;0;2;2;-27,172272;-48,61170204;"SPRF-SC";"DEL04-SC";"UOP03-DEL04-SC"
657370;2025-01-25;"sábado";"21:50:00";"RJ";40;92;"PETROPOLIS";"Reação tardia ou ineficiente do condutor";"Tombamento";"Com Vítimas Feridas";"Plena Noite";"Crescente";"Céu Claro";"Dupla";"Curva;Declive";"Sim";1;0;1;0;0;0;1;1;-22,55191954;-43,25068815;"SPRF-RJ";"DEL01-RJ";"UOP01-DEL01-RJ"
657371;2025-01-25;"sábado";"21:40:00";"MG";146;458,9;"BOTELHOS";"Ingestão de álcool pelo condutor";"Colisão transversal";"Com Vítimas Feridas";"Plena Noite";"Crescente";"Céu Claro";"Simples";"Reta;Declive;Interseção de Vias";"Não";4;0;2;1;1;0;3;2;-21,632192;-46,407369;"SPRF-MG";"DEL09-MG";"UOP01-DEL09-MG"
657372;2025-01-25;"sábado";"23:00:00";"SC";101;58,9;"ARAQUARI";"Condutor deixou de manter distância do veículo da frente";"Colisão traseira";"Com Vítimas Feridas";"Plena Noite";"Crescente";"Nublado";"Dupla";"Reta;Declive";"Não";3;0;3;0;0;0;3;2;-26,44456229;-48,79654884;"SPRF-SC";"DEL03-SC";"UOP02-DEL03-SC"
657374;2025-01-26;"domingo";"00:35:00";"PE";101;65;"RECIFE";"Ausência de reação do condutor";"Saída de leito carroçável";"Com Vítimas Feridas";"Plena Noite";"Crescente";"Céu Claro";"Dupla";"Reta";"Sim";1;0;0;1;0;0;1;1;-8,02478597;-34,94276635;"SPRF-PE";"DEL01-PE";"UOP01-DEL01-PE"
657375;2025-01-26;"domingo";"01:25:00";"RJ";101;478;"ANGRA DOS REIS";"Reação tardia ou ineficiente do condutor";"Colisão com objeto";"Com Vítimas Feridas";"Plena Noite";"Crescente";"Nublado";"Simples";"Curva";"Sim";2;0;1;0;1;0;1;1;-23,00246527;-44,27270594;"SPRF-RJ";"DEL03-RJ";"UOP03-DEL03-RJ"
657376;2025-01-25;"sábado";"23:45:00";"SP";116;52,9;"LORENA";"Pedestre andava na pista";"Atropelamento de Pedestre";"Com Vítimas Feridas";"Plena Noite";"Crescente";"Céu Claro";"Dupla";"Reta";"Não";3;0;0;1;1;1;1;2;-22,74708138;-45,09973038;"SPRF-SP";"DEL08-SP";"UOP02-DEL08-SP"
657377;2025-01-26;"domingo";"01:05:00";"SP";116;62;"GUARATINGUETA";"Transitar na contramão";"Colisão transversal";"Sem Vítimas";"Plena Noite";"Decrescente";"Nublado";"Dupla";"Reta";"Não";2;0;0;0;1;1;0;2;-22,80538606;-45,17236692;"SPRF-SP";"DEL08-SP";"UOP01-DEL08-SP"
657378;2025-01-25;"sábado";"22:30:00";"MG";365;161;"PIRAPORA";"Área urbana sem a presença de local apropriado para a travessia de pedestres";"Atropelamento de Pedestre";"Com Vítimas Feridas";"Plena Noite";"Crescente";"Nublado";"Simples";"Reta";"Sim";2;0;0;1;1;0;1;2;-17,36446786;-44,92847403;"SPRF-MG";"DEL10-MG";"UOP02-DEL010-MG"
657379;2025-01-26;"domingo";"01:30:00";"GO";40;80;"CRISTALINA";"Condutor Dormindo";"Saída de leito carroçável";"Com Vítimas Feridas";"Plena Noite";"Crescente";"Céu Claro";"Dupla";"Curva";"Não";1;0;1;0;0;0;1;1;-16,669464;-47,713391;"SPRF-DF";"DEL01-DF";"UOP02-DEL01-DF"
657380;2025-01-25;"sábado";"21:32:00";"PA";163;139;"ALTAMIRA";"Reação tardia ou ineficiente do condutor";"Atropelamento de Animal";"Sem Vítimas";"Plena Noite";"Crescente";"Nublado";"Simples";"Aclive";"Não";1;0;0;0;1;0;0;1;-8,4668;-55,134;"SPRF-MT";"DEL06-MT";"UOP03-DEL06-MT"
657383;2025-01-26;"domingo";"02:21:00";"MT";70;3,9;"BARRA DO GARCAS";"Reação tardia ou ineficiente do condutor";"Colisão com objeto";"Com Vítimas Fatais";"Plena Noite";"Crescente";"Nublado";"Dupla";"Rotatória";"Sim";1;1;0;0;0;0;0;1;-15,88252843;-52,27574027;"SPRF-MT";"DEL07-MT";"UOP01-DEL07-MT"
657384;2025-01-26;"domingo";"02:30:00";"MA";135;23;"SAO LUIS";"Ausência de reação do condutor";"Colisão traseira";"Sem Vítimas";"Plena Noite";"Crescente";"Céu Claro";"Dupla";"Reta";"Sim";2;0;0;0;2;0;0;2;-2,53073;-44,3068;"SPRF-MA";"DEL01-MA";"UOP01-DEL01-MA"
657385;2025-01-26;"domingo";"04:00:00";"MG";262;409;"IGARATINGA";"Ausência de reação do condutor";"Saída de leito carroçável";"Com Vítimas Feridas";"Plena Noite";"Crescente";"Ignorado";"Dupla";"Curva;Declive";"Não";5;0;1;0;4;0;1;1;-19,8901412;-44,62313102;"SPRF-MG";"DEL08-MG";"UOP03-DEL08-MG"
657386;2025-01-26;"domingo";"03:40:00";"SC";101;11,9;"GARUVA";"Ausência de reação do condutor";"Colisão traseira";"Com Vítimas Feridas";"Pleno dia";"Decrescente";"Chuva";"Múltipla";"Reta";"Não";1;0;1;0;0;0;1;1;-26,07202503;-48,86100853;"SPRF-SC";"DEL03-SC";"UOP01-DEL03-SC"
657387;2025-01-26;"domingo";"04:41:00";"GO";153;516;"APARECIDA DE GOIANIA";"Ingestão de álcool pelo condutor";"Colisão traseira";"Sem Vítimas";"Plena Noite";"Crescente";"Nublado";"Dupla";"Reta";"Sim";2;0;0;0;2;0;0;2;-16,8504;-49,2473;"SPRF-GO";"DEL01-GO";"UOP03-DEL01-GO"
657388;2025-01-26;"domingo";"01:30:00";"BA";407;102;"JAGUARARI";"Animais na Pista";"Atropelamento de Animal";"Com Vítimas Fatais";"Plena Noite";"Crescente";"Céu Claro";"Simples";"Reta;Declive";"Não";3;1;1;1;0;0;2;1;-10,25144463;-40,19450109;"SPRF-BA";"DEL04-BA";"UOP01-DEL04-BA"
657390;2025-01-26;"domingo";"04:55:00";"SC";470;49;"BLUMENAU";"Ausência de reação do condutor";"Tombamento";"Com Vítimas Feridas";"Amanhecer";"Crescente";"Sol";"Dupla";"Curva";"Sim";2;0;1;1;0;0;2;1;-26,860662;-49,065159;"SPRF-SC";"DEL04-SC";"UOP01-DEL04-SC"
657393;2025-01-26;"domingo";"04:40:00";"RS";287;298;"SAO PEDRO DO SUL";"Ingestão de álcool pelo condutor";"Saída de leito carroçável";"Sem Vítimas";"Amanhecer";"Crescente";"Céu Claro";"Simples";"Reta";"Não";2;0;0;0;2;0;0;1;-29,64548343;-54,37431605;"SPRF-RS";"DEL09-RS";"UOP01-DEL09-RS"
657394;2025-01-26;"domingo";"05:50:00";"PR";277;71;"SAO JOSE DOS PINHAIS";"Reação tardia ou ineficiente do condutor";"Saída de leito carroçável";"Com Vítimas Feridas";"Amanhecer";"Crescente";"Nublado";"Dupla";"Reta";"Sim";2;0;1;0;1;0;1;1;-25,50727759;-49,13789749;"SPRF-PR";"DEL01-PR";"UOP07-DEL01-PR"
657395;2025-01-26;"domingo";"03:00:00";"RJ";40;123;"DUQUE DE CAXIAS";"Demais falhas mecânicas ou elétricas";"Incêndio";"Sem Vítimas";"Plena Noite";"Decrescente";"Céu Claro";"Dupla";"Curva";"Sim";1;0;0;0;0;1;0;1;-22,79907687;-43,29015739;"SPRF-RJ";"DEL01-RJ";"UOP02-DEL01-RJ"
657396;2025-01-26;"domingo";"03:30:00";"MG";381;821;"CAREACU";"Velocidade Incompatível";"Colisão com objeto";"Com Vítimas Feridas";"Plena Noite";"Crescente";"Nevoeiro/Neblina";"Dupla";"Interseção de Vias;Reta";"Não";5;0;3;0;2;0;3;1;-22,11209226;-45,74742779;"SPRF-MG";"DEL16-MG";"UOP02-DEL16-MG"
657398;2025-01-26;"domingo";"06:10:00";"SC";101;205,9;"SAO JOSE";"Condutor deixou de manter distância do veículo da frente";"Colisão traseira";"Com Vítimas Feridas";"Pleno dia";"Crescente";"Céu Claro";"Múltipla";"Reta";"Sim";2;0;1;0;1;0;1;2;-27,58313237;-48,61532885;"SPRF-SC";"DEL01-SC";"UOP01-DEL01-SC"
657399;2025-01-26;"domingo";"02:15:00";"RJ";101;415;"MANGARATIBA";"Animais na Pista";"Atropelamento de Animal";"Com Vítimas Feridas";"Plena Noite";"Decrescente";"Céu Claro";"Dupla";"Reta";"Não";2;0;2;0;0;0;2;1;-22,90433243;-43,88181398;"SPRF-RJ";"DEL03-RJ";"UOP01-DEL03-RJ"
657402;2025-01-26;"domingo";"06:25:00";"PB";230;42,1;"SANTA RITA";"Demais falhas mecânicas ou elétricas";"Saída de leito carroçável";"Com Vítimas Feridas";"Pleno dia";"Decrescente";"Céu Claro";"Dupla";"Reta";"Não";2;0;1;1;0;0;2;1;-7,1426;-34,9956;"SPRF-PB";"DEL01-PB";"UOP03-DEL01-PB"
657403;2025-01-26;"domingo";"02:30:00";"GO";60;114;"GOIANAPOLIS";"Ausência de reação do condutor";"Saída de leito carroçável";"Com Vítimas Feridas";"Plena Noite";"Crescente";"Nublado";"Dupla";"Reta";"Sim";1;0;1;0;0;0;1;1;-16,4633;-49,0636;"SPRF-GO";"DEL01-GO";"UOP01-DEL01-GO"
657405;2025-01-26;"domingo";"06:40:00";"SC";101;195,8;"BIGUACU";"Manobra de mudança de faixa";"Colisão lateral mesmo sentido";"Com Vítimas Feridas";"Pleno dia";"Crescente";"Nublado";"Múltipla";"Interseção de Vias;Reta";"Sim";2;0;1;0;1;0;1;2;-27,5047092;-48,65010819;"SPRF-SC";"DEL01-SC";"UOP01-DEL01-SC"
657406;2025-01-26;"domingo";"05:30:00";"MT";364;449;"VARZEA GRANDE";"Ausência de reação do condutor";"Colisão frontal";"Com Vítimas Feridas";"Amanhecer";"Crescente";"Céu Claro";"Simples";"Reta";"Não";2;0;0;1;1;0;1;2;-15,59907434;-56,21805803;"SPRF-MT";"DEL01-MT";"UOP02-DEL01-MT"
657407;2025-01-26;"domingo";"01:20:00";"RS";471;172;"RIO PARDO";"Condutor Dormindo";"Saída de leito carroçável";"Com Vítimas Feridas";"Plena Noite";"Decrescente";"Céu Claro";"Simples";"Curva";"Sim";1;0;0;1;0;0;1;1;-30,005714;-52,367828;"SPRF-RS";"DEL02-RS";"UOP03-DEL02-RS"
657408;2025-01-26;"domingo";"06:30:00";"PB";230;12,5;"CABEDELO";"Animais na Pista";"Atropelamento de Animal";"Com Vítimas Feridas";"Pleno dia";"Decrescente";"Céu Claro";"Dupla";"Reta";"Sim";2;0;2;0;0;0;2;1;-7,068;-34,85;"SPRF-PB";"DEL01-PB";"UOP01-DEL01-PB"
657410;2025-01-12;"domingo";"07:00:00";"PR";277;328;"GUARAPUAVA";"Transitar na contramão";"Colisão lateral sentido oposto";"Com Vítimas Fatais";"Pleno dia";"Crescente";"Nublado";"Simples";"Reta";"Não";7;1;5;0;1;0;5;3;-25,3658465;-51,344064;"SPRF-PR";"DEL08-PR";"UOP01-DEL08-PR"
657411;2025-01-26;"domingo";"06:00:00";"PA";10;262,5;"AURORA DO PARA";"Ausência de reação do condutor";"Colisão traseira";"Com Vítimas Fatais";"Amanhecer";"Crescente";"Ignorado";"Simples";"Reta;Declive";"Sim";4;1;0;2;0;1;2;2;-2,141316;-47,560802;"SPRF-PA";"DEL02-PA";"UOP01-DEL02-PA"
657413;2025-01-26;"domingo";"07:00:00";"RS";293;2,7;"PELOTAS";"Acesso irregular";"Colisão transversal";"Com Vítimas Feridas";"Pleno dia";"Crescente";"Céu Claro";"Simples";"Reta";"Não";2;0;1;0;1;0;1;2;-31,750426;-52,35999499;"SPRF-RS";"DEL07-RS";"UOP01-DEL07-RS"
657415;2025-01-26;"domingo";"06:00:00";"RO";429;94,5;"ALVORADA DOESTE";"Ausência de reação do condutor";"Tombamento";"Com Vítimas Feridas";"Amanhecer";"Crescente";"Ignorado";"Dupla";"Declive";"Sim";1;0;0;1;0;0;1;1;-11,35984129;-62,2992267;"SPRF-RO";"DEL02-RO";"UOP03-DEL02-RO"
657416;2025-01-26;"domingo";"08:35:00";"SE";101;46;"JAPARATUBA";"Chuva";"Saída de leito carroçável";"Com Vítimas Feridas";"Pleno dia";"Crescente";"Chuva";"Dupla";"Retorno Regulamentado;Reta;Declive";"Não";2;0;2;0;0;0;2;1;-10,57096002;-36,96427168;"SPRF-SE";"DEL02-SE";"UOP02-DEL02-SE"
657417;2025-01-26;"domingo";"08:40:00";"MG";116;412;"GOVERNADOR VALADARES";"Acessar a via sem observar a presença dos outros veículos";"Colisão transversal";"Com Vítimas Feridas";"Pleno dia";"Crescente";"Céu Claro";"Simples";"Reta";"Sim";3;0;2;0;1;0;2;2;-18,87596871;-41,96438245;"SPRF-MG";"DEL06-MG";"UOP01-DEL06-MG"