"id";"data_inversa";"dia_semana";"horario";"uf";"br";"km";"municipio";"causa_acidente";"tipo_acidente";"classificacao_acidente";"fase_dia";"sentido_via";"condicao_metereologica";"tipo_pista";"tracado_via";"uso_solo";"pessoas";"mortos";"feridos_leves";"feridos_graves";"ilesos";"ignorados";"feridos";"veiculos";"latitude";"longitude";"regional";"delegacia";"uop"
657418;2025-01-26;"domingo";"07:30:00";"BA";324;553;"AMELIA RODRIGUES";"Demais falhas mecânicas ou elétricas";"Saída de leito carroçável";"Com Vítimas Feridas";"Pleno dia";"Crescente";"Céu Claro";"Dupla";"Reta";"Não";5;0;1;0;4;0;1;1;-12,45504393;-38,70402395;"SPRF-BA";"DEL01-BA";"UOP03-DEL01-BA"
657420;2025-01-26;"domingo";"09:00:00";"GO";70;9;"AGUAS LINDAS DE GOIAS";"Demais falhas mecânicas ou elétricas";"Colisão com objeto";"Sem Vítimas";"Pleno dia";"Crescente";"Céu Claro";"Dupla";"Reta";"Sim";2;0;0;0;2;0;0;2;-15,73576731;-48,28288046;"SPRF-DF";"DEL03-DF";"UOP02-DEL03-DF"
657422;2025-01-26;"domingo";"05:40:00";"RO";364;415,2;"JARU";"Ausência de reação do condutor";"Saída de leito carroçável";"Sem Vítimas";"Amanhecer";"Crescente";"Nevoeiro/Neblina";"Simples";"Reta";"Não";1;0;0;0;0;1;0;1;-10,50318569;-62,41426582;"SPRF-RO";"DEL03-RO";"UOP02-DEL03-RO"
657423;2025-01-20;"segunda-feira";"12:00:00";"SC";101;302;"LAGUNA";"Ausência de reação do condutor";"Engavetamento";"Com Vítimas Feridas";"Pleno dia";"Crescente";"Sol";"Dupla";"Reta";"Não";10;0;1;0;9;0;1;4;-28,35387609;-48,7426239;"SPRF-SC";"DEL02-SC";"UOP03-DEL02-SC"
657424;2025-01-26;"domingo";"09:00:00";"BA";116;11,8;"VITORIA DA CONQUISTA";"Avarias e/ou desgaste excessivo no pneu";"Queda de ocupante de veículo";"Com Vítimas Feridas";"Pleno dia";"Crescente";"Céu Claro";"Simples";"Reta";"Não";2;0;1;0;1;0;1;1;-14,851;-40,8485;"SPRF-BA";"DEL08-BA";"UOP01-DEL08-BA"
657427;2025-01-26;"domingo";"07:05:00";"MT";70;0,6;"BARRA DO GARCAS";"Desrespeitar a preferência no cruzamento";"Colisão traseira";"Com Vítimas Feridas";"Pleno dia";"Decrescente";"Céu Claro";"Dupla";"Rotatória";"Sim";3;0;1;1;1;0;2;2;-15,893992;-52,258408;"SPRF-MT";"DEL07-MT";"UOP01-DEL07-MT"
657428;2025-01-26;"domingo";"09:35:00";"GO";60;90;"ANAPOLIS";"Demais falhas mecânicas ou elétricas";"Tombamento";"Com Vítimas Feridas";"Pleno dia";"Decrescente";"Céu Claro";"Dupla";"Declive;Reta";"Sim";2;0;1;0;1;0;1;1;-16,3427;-48,9019;"SPRF-GO";"DEL02-GO";"UOP01-DEL02-GO"
657432;2025-01-26;"domingo";"08:59:00";"SP";153;45,7;"SAO JOSE DO RIO PRETO";"Ultrapassagem Indevida";"Colisão traseira";"Com Vítimas Feridas";"Pleno dia";"Decrescente";"Céu Claro";"Simples";"Reta";"Não";3;0;1;0;2;0;1;2;-20,66398299;-49,34086178;"SPRF-SP";"DEL09-SP";"UOP01-DEL09-SP"
657433;2025-01-26;"domingo";"08:30:00";"GO";60;20;"ALEXANIA";"Reação tardia ou ineficiente do condutor";"Saída de leito carroçável";"Com Vítimas Feridas";"Pleno dia";"Crescente";"Céu Claro";"Dupla";"Curva;Declive";"Não";1;0;1;0;0;0;1;1;-16,0963;-48,5202;"SPRF-DF";"DEL03-DF";"UOP01-DEL03-DF"
657436;2025-01-19;"domingo";"06:10:00";"SC";282;561;"NOVA ERECHIM";"Condutor Dormindo";"Saída de leito carroçável";"Com Vítimas Feridas";"Pleno dia";"Crescente";"Céu Claro";"Simples";"Reta";"Não";3;0;2;0;1;0;2;1;-26,919464;-52,861614;"SPRF-SC";"DEL07-SC";"UOP02-DEL07-SC"
657437;2025-01-26;"domingo";"09:25:00";"RJ";116;173;"SAO JOAO DE MERITI";"Ausência de reação do condutor";"Colisão traseira";"Com Vítimas Feridas";"Pleno dia";"Crescente";"Céu Claro";"Dupla";"Reta";"Sim";3;0;2;0;1;0;2;2;-22,79810324;-43,35726614;"SPRF-RJ";"DEL06-RJ";"UOP01-DEL06-RJ"
657438;2025-01-26;"domingo";"10:00:00";"PR";476;88;"BOCAIUVA DO SUL";"Declive acentuado";"Colisão com objeto";"Com Vítimas Feridas";"Pleno dia";"Decrescente";"Céu Claro";"Simples";"Curva";"Não";1;0;0;1;0;0;1;1;-25,179029;-49,118553;"SPRF-PR";"DEL01-PR";"UOP01-DEL01-PR"
657439;2025-01-26;"domingo";"10:00:00";"GO";40;92,2;"CRISTALINA";"Acessar a via sem observar a presença dos outros veículos";"Colisão transversal";"Com Vítimas Feridas";"Pleno dia";"Crescente";"Céu Claro";"Simples";"Interseção de Vias;Reta";"Não";5;0;4;0;1;0;4;2;-16,73460543;-47,62126923;"SPRF-DF";"DEL01-DF";"UOP02-DEL01-DF"
657440;2025-01-26;"domingo";"10:30:00";"ES";101;174,7;"ARACRUZ";"Acessar a via sem observar a presença dos outros veículos";"Colisão transversal";"Com Vítimas Feridas";"Pleno dia";"Crescente";"Céu Claro";"Simples";"Reta;Interseção de Vias";"Não";3;0;1;1;0;1;2;2;-19,58047007;-40,18782185;"SPRF-ES";"DEL04-ES";"UOP01-DEL04-ES"
657442;2025-01-26;"domingo";"10:00:00";"PR";376;291,5;"MAUA DA SERRA";"Velocidade Incompatível";"Queda de ocupante de veículo";"Com Vítimas Feridas";"Pleno dia";"Decrescente";"Céu Claro";"Dupla";"Curva";"Não";1;0;1;0;0;0;1;1;-23,907572;-51,192665;"SPRF-PR";"DEL07-PR";"UOP02-DEL07-PR"
657443;2025-01-26;"domingo";"10:30:00";"RJ";101;415;"MANGARATIBA";"Ingestão de álcool pelo condutor";"Saída de leito carroçável";"Com Vítimas Feridas";"Pleno dia";"Crescente";"Céu Claro";"Dupla";"Reta";"Não";2;0;1;0;1;0;1;1;-22,90433243;-43,88181398;"SPRF-RJ";"DEL03-RJ";"UOP01-DEL03-RJ"
657444;2025-01-26;"domingo";"10:16:00";"PR";369;202;"APUCARANA";"Conversão proibida";"Colisão transversal";"Sem Vítimas";"Pleno dia";"Decrescente";"Céu Claro";"Simples";"Reta;Interseção de Vias";"Sim";3;0;0;0;3;0;0;2;-23,5467929;-51,45194113;"SPRF-PR";"DEL07-PR";"UOP03-DEL07-PR"
657445;2025-01-26;"domingo";"10:55:00";"SC";101;24,4;"JOINVILLE";"Avarias e/ou desgaste excessivo no pneu";"Tombamento";"Com Vítimas Feridas";"Pleno dia";"Decrescente";"Céu Claro";"Dupla";"Reta";"Sim";2;0;2;0;0;0;2;1;-26,17483309;-48,90767978;"SPRF-SC";"DEL03-SC";"UOP01-DEL03-SC"
657446;2025-01-26;"domingo";"10:30:00";"ES";262;58,1;"MARECHAL FLORIANO";"Conversão proibida";"Colisão traseira";"Com Vítimas Feridas";"Pleno dia";"Decrescente";"Sol";"Simples";"Reta";"Não";3;0;1;0;2;0;1;2;-20,42076276;-40,76927908;"SPRF-ES";"DEL01-ES";"UOP01-DEL01-ES"
657449;2025-01-26;"domingo";"09:55:00";"MT";70;525;"VARZEA GRANDE";"Acessar a via sem observar a presença dos outros veículos";"Colisão transversal";"Com Vítimas Feridas";"Pleno dia";"Crescente";"Céu Claro";"Simples";"Reta;Interseção de Vias";"Sim";3;0;3;0;0;0;3;2;-15,652106;-56,201497;"SPRF-MT";"DEL01-MT";"UOP02-DEL01-MT"
657450;2025-01-26;"domingo";"11:20:00";"SP";153;72,7;"SAO JOSE DO RIO PRETO";"Ingestão de álcool pelo condutor";"Colisão com objeto";"Sem Vítimas";"Pleno dia";"Decrescente";"Céu Claro";"Dupla";"Declive;Reta";"Sim";2;0;0;0;2;0;0;1;-20,87627206;-49,42004692;"SPRF-SP";"DEL09-SP";"UOP01-DEL09-SP"
657452;2025-01-26;"domingo";"11:30:00";"ES";262;39,5;"DOMINGOS MARTINS";"Transitar na contramão";"Colisão frontal";"Com Vítimas Feridas";"Pleno dia";"Crescente";"Céu Claro";"Simples";"Curva";"Não";8;0;1;0;7;0;1;2;-20,38402519;-40,63602448;"SPRF-ES";"DEL01-ES";"UOP01-DEL01-ES"
657453;2025-01-26;"domingo";"11:50:00";"ES";101;365,3;"ANCHIETA";"Velocidade Incompatível";"Colisão com objeto";"Com Vítimas Feridas";"Pleno dia";"Crescente";"Céu Claro";"Simples";"Aclive;Reta";"Não";2;0;0;2;0;0;2;1;-20,73397538;-40,7507118;"SPRF-ES";"DEL03-ES";"UOP01-DEL03-ES"
657455;2025-01-26;"domingo";"11:50:00";"TO";153;133;"ARAGUAINA";"Ausência de reação do condutor";"Saída de leito carroçável";"Com Vítimas Fatais";"Plena Noite";"Decrescente";"Céu Claro";"Simples";"Reta";"Não";1;1;0;0;0;0;0;1;-7,11461109;-48,18743388;"SPRF-TO";"DEL02-TO";"UOP01-DEL02-TO"
657457;2025-01-26;"domingo";"11:30:00";"AL";101;178;"TEOTONIO VILELA";"Transitar na contramão";"Colisão frontal";"Com Vítimas Feridas";"Pleno dia";"Decrescente";"Céu Claro";"Simples";"Reta";"Não";5;0;2;0;1;2;2;3;-9,88723897;-36,390828;"SPRF-AL";"DEL02-AL";"UOP02-DEL02-AL"
657458;2025-01-26;"domingo";"12:10:00";"SP";116;373;"MIRACATU";"Condutor Dormindo";"Colisão com objeto";"Com Vítimas Feridas";"Pleno dia";"Decrescente";"Nublado";"Dupla";"Reta";"Não";1;0;1;0;0;0;1;1;-24,17559984;-47,34537385;"SPRF-SP";"DEL04-SP";"UOP02-DEL04-SP"
657460;2025-01-26;"domingo";"09:25:00";"SC";280;24,8;"ARAQUARI";"Acessar a via sem observar a presença dos outros veículos";"Colisão transversal";"Com Vítimas Feridas";"Pleno dia";"Decrescente";"Sol";"Simples";"Reta";"Sim";2;0;2;0;0;0;2;2;-26,37724921;-48,71953282;"SPRF-SC";"DEL03-SC";"UOP03-DEL03-SC"
657461;2025-01-26;"domingo";"12:30:00";"PR";376;177,3;"MARINGA";"Ausência de reação do condutor";"Colisão com objeto";"Com Vítimas Feridas";"Pleno dia";"Crescente";"Céu Claro";"Dupla";"Retorno Regulamentado;Reta";"Sim";2;0;1;1;0;0;2;1;-23,41595855;-51,92226484;"SPRF-PR";"DEL09-PR";"UOP01-DEL09-PR"
657462;2025-01-26;"domingo";"12:00:00";"MG";381;932,9;"EXTREMA";"Ausência de reação do condutor";"Tombamento";"Com Vítimas Feridas";"Pleno dia";"Crescente";"Nublado";"Dupla";"Curva";"Não";1;0;1;0;0;0;1;1;-22,79357583;-46,25246494;"SPRF-MG";"DEL16-MG";"UOP03-DEL16-MG"
657464;2025-01-26;"domingo";"12:50:00";"SC";282;320;"VARGEM";"Manobra de mudança de faixa";"Colisão lateral sentido oposto";"Com Vítimas Feridas";"Pleno dia";"Crescente";"Céu Claro";"Simples";"Reta";"Não";2;0;2;0;0;0;2;1;-27,510321;-50,922432;"SPRF-SC";"DEL07-SC";"UOP06-DEL07-SC"
657465;2025-01-26;"domingo";"13:15:00";"SP";101;46;"UBATUBA";"Reação tardia ou ineficiente do condutor";"Colisão traseira";"Com Vítimas Feridas";"Pleno dia";"Crescente";"Garoa/Chuvisco";"Simples";"Reta";"Sim";4;0;1;0;3;0;1;2;-23,42403383;-45,07492113;"SPRF-SP";"DEL06-SP";"UOP01-DEL06-SP"
657466;2025-01-26;"domingo";"11:45:00";"MT";70;730;"CACERES";"Acessar a via sem observar a presença dos outros veículos";"Colisão transversal";"Sem Vítimas";"Pleno dia";"Decrescente";"Céu Claro";"Simples";"Reta";"Sim";2;0;0;0;2;0;0;2;-16,10342215;-57,67733216;"SPRF-MT";"DEL03-MT";"UOP01-DEL03-MT"
657469;2025-01-26;"domingo";"09:50:00";"SC";282;402,3;"CATANDUVAS";"Ausência de reação do condutor";"Saída de leito carroçável";"Sem Vítimas";"Pleno dia";"Crescente";"Céu Claro";"Simples";"Curva";"Não";1;0;0;0;0;1;0;1;-27,115656;-51,631065;"SPRF-SC";"DEL07-SC";"UOP05-DEL07-SC"
657470;2025-01-26;"domingo";"14:00:00";"BA";116;427;"FEIRA DE SANTANA";"Reação tardia ou ineficiente do condutor";"Saída de leito carroçável";"Com Vítimas Feridas";"Pleno dia";"Decrescente";"Céu Claro";"Dupla";"Reta";"Sim";2;0;0;1;0;1;1;2;-12,272592;-38,993806;"SPRF-BA";"DEL02-BA";"UOP01-DEL02-BA"
657471;2025-01-26;"domingo";"12:20:00";"BA";101;903,6;"IBIRAPUA";"Acessar a via sem observar a presença dos outros veículos";"Saída de leito carroçável";"Com Vítimas Feridas";"Pleno dia";"Crescente";"Céu Claro";"Simples";"Aclive";"Não";2;0;0;1;1;0;1;2;-17,759748;-39,775365;"SPRF-BA";"DEL09-BA";"UOP02-DEL09-BA"
657472;2025-01-26;"domingo";"12:40:00";"SC";101;262,3;"GAROPABA";"Ausência de reação do condutor";"Saída de leito carroçável";"Com Vítimas Feridas";"Pleno dia";"Crescente";"Céu Claro";"Dupla";"Reta";"Sim";1;0;0;1;0;0;1;1;-28,03525949;-48,70902836;"SPRF-SC";"DEL02-SC";"UOP03-DEL02-SC"
657473;2025-01-26;"domingo";"11:30:00";"RN";110;5;"AREIA BRANCA";"Reação tardia ou ineficiente do condutor";"Colisão transversal";"Com Vítimas Feridas";"Pleno dia";"Crescente";"Céu Claro";"Simples";"Curva";"Não";3;0;2;0;1;0;2;2;-4,95135716;-37,09382023;"SPRF-RN";"DEL04-RN";"UOP01-DEL04-RN"
657474;2025-01-26;"domingo";"14:00:00";"CE";222;63;"SAO GONCALO DO AMARANTE";"Transitar na contramão";"Colisão transversal";"Com Vítimas Feridas";"Pleno dia";"Crescente";"Nublado";"Simples";"Reta";"Sim";3;0;0;1;2;0;1;2;-3,6717776;-39,10726798;"SPRF-CE";"DEL01-CE";"UOP03-DEL01-CE"
657475;2025-01-26;"domingo";"13:45:00";"MG";381;519,1;"IGARAPE";"Velocidade Incompatível";"Tombamento";"Com Vítimas Feridas";"Pleno dia";"Decrescente";"Chuva";"Dupla";"Curva;Declive";"Não";2;0;2;0;0;0;2;1;-20,12834104;-44,30330781;"SPRF-MG";"DEL01-MG";"UOP03-DEL01-MG"
657477;2025-01-26;"domingo";"13:43:00";"MG";381;519,1;"IGARAPE";"Velocidade Incompatível";"Tombamento";"Com Vítimas Feridas";"Pleno dia";"Decrescente";"Chuva";"Dupla";"Curva;Declive";"Não";1;0;1;0;0;0;1;1;-20,1088719;-44,315927;"SPRF-MG";"DEL01-MG";"UOP03-DEL01-MG"
657479;2025-01-26;"domingo";"14:10:00";"RS";116;261;"CANOAS";"Demais falhas mecânicas ou elétricas";"Tombamento";"Com Vítimas Feridas";"Pleno dia";"Crescente";"Nublado";"Dupla";"Reta";"Sim";3;0;2;0;0;1;2;2;-29,887983;-51,17901;"SPRF-RS";"DEL01-RS";"UOP01-DEL01-RS"
657480;2025-01-26;"domingo";"14:00:00";"MG";365;657,5;"UBERLANDIA";"Ingestão de álcool pelo condutor";"Colisão com objeto";"Sem Vítimas";"Pleno dia";"Crescente";"Sol";"Dupla";"Reta";"Não";2;0;0;0;1;1;0;1;-18,88770079;-48,62008095;"SPRF-MG";"DEL15-MG";"UOP01-DEL15-MG"
657481;2025-01-26;"domingo";"14:00:00";"RN";101;109,6;"PARNAMIRIM";"Velocidade Incompatível";"Colisão com objeto";"Com Vítimas Feridas";"Pleno dia";"Decrescente";"Céu Claro";"Múltipla";"Em Obras;Curva;Interseção de Vias";"Sim";2;0;2;0;0;0;2;1;-5,93894814;-35,26443958;"SPRF-RN";"DEL01-RN";"UOP01-DEL01-RN"
657483;2025-01-26;"domingo";"14:40:00";"PB";230;17;"JOAO PESSOA";"Pedestre cruzava a pista fora da faixa";"Atropelamento de Pedestre";"Com Vítimas Feridas";"Pleno dia";"Crescente";"Céu Claro";"Dupla";"Reta";"Sim";2;0;1;0;1;0;1;2;-7,1121;-34,8426;"SPRF-PB";"DEL01-PB";"UOP01-DEL01-PB"
657484;2025-01-26;"domingo";"12:30:00";"RJ";40;113;"DUQUE DE CAXIAS";"Reação tardia ou ineficiente do condutor";"Colisão lateral mesmo sentido";"Com Vítimas Feridas";"Pleno dia";"Decrescente";"Céu Claro";"Múltipla";"Reta";"Não";2;0;1;0;0;1;1;2;-22,70948502;-43,29040354;"SPRF-RJ";"DEL01-RJ";"UOP02-DEL01-RJ"
657485;2025-01-26;"domingo";"14:34:00";"MG";381;635;"SANTO ANTONIO DO AMPARO";"Reação tardia ou ineficiente do condutor";"Colisão com objeto";"Com Vítimas Feridas";"Pleno dia";"Decrescente";"Chuva";"Dupla";"Curva";"Não";4;0;3;0;1;0;3;1;-20,88278809;-44,85183046;"SPRF-MG";"DEL04-MG";"UOP01-DEL04-MG"
657486;2025-01-26;"domingo";"15:20:00";"SC";101;6;"BIGUACU";"Condutor Dormindo";"Saída de leito carroçável";"Com Vítimas Feridas";"Pleno dia";"Decrescente";"Nublado";"Dupla";"Curva";"Não";2;0;2;0;0;0;2;1;-27,4946;-48,6561;"SPRF-SC";"DEL01-SC";"UOP01-DEL01-SC"
657488;2025-01-26;"domingo";"15:10:00";"SC";470;142,9;"RIO DO SUL";"Acessar a via sem observar a presença dos outros veículos";"Colisão transversal";"Com Vítimas Feridas";"Pleno dia";"Decrescente";"Céu Claro";"Simples";"Interseção de Vias;Curva";"Sim";3;0;0;1;1;1;1;3;-27,229801;-49,6693;"SPRF-SC";"DEL04-SC";"UOP02-DEL04-SC"
657489;2025-01-26;"domingo";"14:50:00";"SP";116;310,8;"SAO LOURENCO DA SERRA";"Chuva";"Colisão com objeto";"Com Vítimas Feridas";"Pleno dia";"Crescente";"Chuva";"Dupla";"Declive;Reta";"Não";2;0;1;0;1;0;1;1;-23,8717102;-46,96137189;"SPRF-SP";"DEL04-SP";"UOP01-DEL04-SP"
657490;2025-01-26;"domingo";"15:00:00";"PR";116;173;"QUITANDINHA";"Acessar a via sem observar a presença dos outros veículos";"Colisão transversal";"Sem Vítimas";"Pleno dia";"Decrescente";"Céu Claro";"Simples";"Reta;Interseção de Vias";"Não";2;0;0;0;0;2;0;2;-25,89648;-49,550045;"SPRF-PR";"DEL01-PR";"UOP03-DEL01-PR"
657491;2025-01-26;"domingo";"16:00:00";"MG";50;65;"UBERLANDIA";"Avarias e/ou desgaste excessivo no pneu";"Saída de leito carroçável";"Com Vítimas Feridas";"Pleno dia";"Crescente";"Céu Claro";"Dupla";"Reta";"Não";2;0;1;0;1;0;1;1;-18,85140204;-48,25345932;"SPRF-MG";"DEL15-MG";"UOP02-DEL15-MG"
657492;2025-01-26;"domingo";"16:00:00";"RS";472;577;"URUGUAIANA";"Ausência de reação do condutor";"Colisão com objeto";"Com Vítimas Feridas";"Pleno dia";"Crescente";"Céu Claro";"Simples";"Curva;Rotatória";"Sim";1;0;1;0;0;0;1;1;-29,76580017;-57,00834791;"SPRF-RS";"DEL13-RS";"UOP01-DEL13-RS"
657494;2025-01-26;"domingo";"16:55:00";"MG";40;716,9;"BARBACENA";"Velocidade Incompatível";"Colisão com objeto";"Com Vítimas Feridas";"Pleno dia";"Decrescente";"Chuva";"Dupla";"Curva";"Não";3;0;1;0;2;0;1;2;-21,25153502;-43,66402206;"SPRF-MG";"DEL05-MG";"UOP01-DEL05-MG"
657495;2025-01-26;"domingo";"14:00:00";"MG";381;855,1;"POUSO ALEGRE";"Ausência de reação do condutor";"Saída de leito carroçável";"Com Vítimas Feridas";"Pleno dia";"Crescente";"Sol";"Dupla";"Reta";"Não";1;0;1;0;0;0;1;1;-22,28051906;-45,89512825;"SPRF-MG";"DEL16-MG";"UOP01-DEL16-MG"
657496;2025-01-26;"domingo";"14:48:00";"PR";369;473,8;"CORBELIA";"Condutor deixou de manter distância do veículo da frente";"Colisão traseira";"Com Vítimas Feridas";"Pleno dia";"Decrescente";"Sol";"Simples";"Reta";"Não";3;0;1;0;2;0;1;2;-24,718529;-53,246337;"SPRF-PR";"DEL04-PR";"UOP03-DEL04-PR"
657497;2025-01-26;"domingo";"16:20:00";"SC";101;196,7;"BIGUACU";"Reação tardia ou ineficiente do condutor";"Colisão com objeto";"Com Vítimas Feridas";"Pleno dia";"Decrescente";"Nublado";"Múltipla";"Curva";"Sim";1;0;0;1;0;0;1;1;-27,51101091;-48,64322292;"SPRF-SC";"DEL01-SC";"UOP01-DEL01-SC"
657498;2025-01-26;"domingo";"16:30:00";"MG";381;501;"BETIM";"Trafegar com motocicleta (ou similar) entre as faixas";"Colisão lateral mesmo sentido";"Com Vítimas Feridas";"Pleno dia";"Decrescente";"Céu Claro";"Múltipla";"Reta";"Sim";3;0;1;0;2;0;1;3;-20,01270991;-44,22031403;"SPRF-MG";"DEL01-MG";"UOP03-DEL01-MG"
657499;2025-01-26;"domingo";"16:10:00";"MG";381;500;"BETIM";"Condutor deixou de manter distância do veículo da frente";"Engavetamento";"Sem Vítimas";"Pleno dia";"Decrescente";"Sol";"Dupla";"Aclive;Reta";"Sim";4;0;0;0;3;1;0;4;-20,00250761;-44,21198845;"SPRF-MG";"DEL01-MG";"UOP03-DEL01-MG"
657500;2025-01-26;"domingo";"14:00:00";"MT";158;790,1;"BARRA DO GARCAS";"Demais falhas mecânicas ou elétricas";"Queda de ocupante de veículo";"Com Vítimas Feridas";"Pleno dia";"Decrescente";"Céu Claro";"Simples";"Aclive";"Não";1;0;1;0;0;0;1;1;-15,827985;-52,307073;"SPRF-MT";"DEL07-MT";"UOP01-DEL07-MT"
657501;2025-01-26;"domingo";"16:30:00";"RS";101;82,7;"OSORIO";"Reação tardia ou ineficiente do condutor";"Colisão traseira";"Com Vítimas Feridas";"Pleno dia";"Crescente";"Céu Claro";"Dupla";"Reta";"Não";3;0;1;0;2;0;1;2;-29,84322488;-50,24558869;"SPRF-RS";"DEL03-RS";"UOP01-DEL03-RS"
657506;2025-01-26;"domingo";"14:00:00";"PE";116;6,4;"SALGUEIRO";"Ausência de reação do condutor";"Colisão com objeto";"Sem Vítimas";"Pleno dia";"Crescente";"Céu Claro";"Simples";"Reta";"Não";1;0;0;0;0;1;0;1;-7,903998;-39,114899;"SPRF-PE";"DEL05-PE";"UOP01-DEL05-PE"
657507;2025-01-26;"domingo";"16:30:00";"MG";116;704,1;"MURIAE";"Frear bruscamente";"Tombamento";"Com Vítimas Feridas";"Pleno dia";"Decrescente";"Chuva";"Simples";"Reta";"Sim";2;0;1;0;1;0;1;1;-21,13416858;-42,38722798;"SPRF-MG";"DEL07-MG";"UOP02-DEL07-MG"
657509;2025-01-26;"domingo";"15:15:00";"MG";381;315,8;"ANTONIO DIAS";"Velocidade Incompatível";"Colisão frontal";"Com Vítimas Fatais";"Pleno dia";"Decrescente";"Céu Claro";"Simples";"Curva";"Não";2;1;0;0;1;0;0;2;-19,69154909;-42,99258988;"SPRF-MG";"DEL03-MG";"UOP02-DEL03-MG"
657511;2025-01-26;"domingo";"17:05:00";"MG";262;437,3;"NOVA SERRANA";"Acessar a via sem observar a presença dos outros veículos";"Colisão transversal";"Com Vítimas Feridas";"Pleno dia";"Crescente";"Sol";"Dupla";"Retorno Regulamentado;Reta";"Não";4;0;1;0;3;0;1;2;-19,89622194;-44,86972815;"SPRF-MG";"DEL08-MG";"UOP03-DEL08-MG"
657512;2025-01-26;"domingo";"16:25:00";"RO";319;58,3;"PORTO VELHO";"Acessar a via sem observar a presença dos outros veículos";"Colisão lateral mesmo sentido";"Sem Vítimas";"Pleno dia";"Decrescente";"Céu Claro";"Dupla";"Interseção de Vias";"Sim";2;0;0;0;2;0;0;2;-8,766685;-63,884052;"SPRF-RO";"DEL01-RO";"UOP01-DEL01-RO"
657514;2025-01-26;"domingo";"15:54:00";"SC";470;32;"GASPAR";"Condutor deixou de manter distância do veículo da frente";"Colisão lateral mesmo sentido";"Com Vítimas Feridas";"Pleno dia";"Crescente";"Céu Claro";"Dupla";"Reta";"Não";3;0;0;1;2;0;1;3;-26,901793;-48,931812;"SPRF-SC";"DEL04-SC";"UOP01-DEL04-SC"
657516;2025-01-26;"domingo";"17:40:00";"MG";146;486,9;"POCOS DE CALDAS";"Avarias e/ou desgaste excessivo no pneu";"Saída de leito carroçável";"Sem Vítimas";"Pleno dia";"Crescente";"Chuva";"Simples";"Reta;Aclive";"Sim";3;0;0;0;3;0;0;1;-21,8079621;-46,4799316;"SPRF-MG";"DEL09-MG";"UOP01-DEL09-MG"
657517;2025-01-26;"domingo";"16:30:00";"RJ";116;141;"DUQUE DE CAXIAS";"Ausência de reação do condutor";"Engavetamento";"Com Vítimas Feridas";"Pleno dia";"Crescente";"Céu Claro";"Dupla";"Reta;Ponte";"Não";6;0;1;0;5;0;1;3;-22,64724486;-43,22083001;"SPRF-RJ";"DEL01-RJ";"UOP02-DEL01-RJ"
657518;2025-01-26;"domingo";"17:50:00";"MG";459;35,2;"CALDAS";"Velocidade Incompatível";"Saída de leito carroçável";"Com Vítimas Feridas";"Pleno dia";"Decrescente";"Chuva";"Simples";"Curva";"Não";2;0;2;0;0;0;2;1;-21,94101539;-46,35071754;"SPRF-MG";"DEL09-MG";"UOP01-DEL09-MG"
657519;2025-01-26;"domingo";"17:00:00";"SP";381;46;"ATIBAIA";"Pista Escorregadia";"Colisão com objeto";"Sem Vítimas";"Pleno dia";"Decrescente";"Chuva";"Simples";"Reta";"Sim";3;0;0;0;3;0;0;1;-23,180897;-46,580777;"SPRF-SP";"DEL03-SP";"UOP01-DEL03-SP"
657520;2025-01-26;"domingo";"17:30:00";"GO";364;251;"JATAI";"Velocidade Incompatível";"Saída de leito carroçável";"Com Vítimas Feridas";"Anoitecer";"Decrescente";"Garoa/Chuvisco";"Simples";"Curva";"Não";3;0;1;0;2;0;1;1;-17,723007;-52,161961;"SPRF-GO";"DEL05-GO";"UOP01-DEL05-GO"
657521;2025-01-26;"domingo";"18:00:00";"CE";222;20;"CAUCAIA";"Acessar a via sem observar a presença dos outros veículos";"Colisão transversal";"Com Vítimas Feridas";"Plena Noite";"Crescente";"Céu Claro";"Simples";"Desvio Temporário;Em Obras";"Não";2;0;1;0;1;0;1;2;-3,7411838;-38,7350389;"SPRF-CE";"DEL01-CE";"UOP01-DEL01-CE"
657523;2025-01-26;"domingo";"16:35:00";"MG";381;654;"SANTO ANTONIO DO AMPARO";"Avarias e/ou desgaste excessivo no pneu";"Capotamento";"Com Vítimas Feridas";"Pleno dia";"Crescente";"Chuva";"Dupla";"Aclive;Curva";"Não";5;0;1;0;4;0;1;1;-20,98800716;-44,95206356;"SPRF-MG";"DEL04-MG";"UOP02-DEL04-MG"
657525;2025-01-26;"domingo";"19:00:00";"SP";153;35;"NOVA GRANADA";"Ingestão de álcool pelo condutor";"Colisão traseira";"Sem Vítimas";"Plena Noite";"Crescente";"Chuva";"Simples";"Reta";"Não";3;0;0;0;3;0;0;3;-20,58054802;-49,31936791;"SPRF-SP";"DEL09-SP";"UOP01-DEL09-SP"
657526;2025-01-26;"domingo";"18:00:00";"RS";116;261;"CANOAS";"Frear bruscamente";"Colisão traseira";"Com Vítimas Feridas";"Pleno dia";"Crescente";"Céu Claro";"Dupla";"Reta";"Sim";3;0;1;0;2;0;1;2;-29,88826233;-51,17912292;"SPRF-RS";"DEL01-RS";"UOP01-DEL01-RS"
657528;2025-01-26;"domingo";"19:00:00";"SP";153;61;"SAO JOSE DO RIO PRETO";"Ingestão de álcool pelo condutor";"Engavetamento";"Sem Vítimas";"Plena Noite";"Crescente";"Chuva";"Dupla";"Retorno Regulamentado;Reta";"Sim";3;0;0;0;3;0;0;3;-20,80502876;-49,35574909;"SPRF-SP";"DEL09-SP";"UOP01-DEL09-SP"