"id";"data_inversa";"dia_semana";"horario";"uf";"br";"km";"municipio";"causa_acidente";"tipo_acidente";"classificacao_acidente";"fase_dia";"sentido_via";"condicao_metereologica";"tipo_pista";"tracado_via";"uso_solo";"pessoas";"mortos";"feridos_leves";"feridos_graves";"ilesos";"ignorados";"feridos";"veiculos";"latitude";"longitude";"regional";"delegacia";"uop"
657529;2025-01-26;"domingo";"18:20:00";"PR";476;182;"LAPA";"Velocidade Incompatível";"Saída de leito carroçável";"Com Vítimas Feridas";"Anoitecer";"Decrescente";"Céu Claro";"Simples";"Curva";"Não";2;0;1;0;1;0;1;1;-25,716891;-49,61441;"SPRF-PR";"DEL01-PR";"UOP06-DEL01-PR"
657530;2025-01-26;"domingo";"18:35:00";"MG";40;480;"SETE LAGOAS";"Avarias e/ou desgaste excessivo no pneu";"Colisão com objeto";"Com Vítimas Fatais";"Anoitecer";"Decrescente";"Chuva";"Dupla";"Curva;Declive";"Não";6;1;4;0;1;0;4;2;-19,54293519;-44,2485434;"SPRF-MG";"DEL02-MG";"UOP01-DEL02-MG"
657531;2025-01-26;"domingo";"17:55:00";"RJ";101;61;"CAMPOS DOS GOYTACAZES";"Entrada inopinada do pedestre";"Atropelamento de Pedestre";"Com Vítimas Feridas";"Anoitecer";"Decrescente";"Nublado";"Simples";"Reta";"Sim";2;0;1;0;0;1;1;2;-21,72048414;-41,31448591;"SPRF-RJ";"DEL08-RJ";"UOP01-DEL08-RJ"
657533;2025-01-26;"domingo";"15:15:00";"RS";290;194,9;"RIO PARDO";"Demais falhas mecânicas ou elétricas";"Queda de ocupante de veículo";"Com Vítimas Feridas";"Pleno dia";"Crescente";"Céu Claro";"Simples";"Reta";"Não";2;0;2;0;0;0;2;1;-30,163651;-52,15506;"SPRF-RS";"DEL02-RS";"UOP03-DEL02-RS"
657534;2025-01-26;"domingo";"18:45:00";"PR";376;349;"ORTIGUEIRA";"Acessar a via sem observar a presença dos outros veículos";"Colisão transversal";"Sem Vítimas";"Anoitecer";"Decrescente";"Céu Claro";"Simples";"Reta;Declive";"Não";6;0;0;0;5;1;0;2;-24,23741824;-50,91757915;"SPRF-PR";"DEL07-PR";"UOP02-DEL07-PR"
657535;2025-01-26;"domingo";"18:46:00";"PE";101;49;"ABREU E LIMA";"Ultrapassagem Indevida";"Colisão frontal";"Com Vítimas Feridas";"Plena Noite";"Decrescente";"Chuva";"Múltipla";"Reta";"Sim";2;0;0;1;1;0;1;2;-7,90886695;-34,90223408;"SPRF-PE";"DEL01-PE";"UOP02-DEL01-PE"
657537;2025-01-26;"domingo";"19:15:00";"MG";116;279;"TEOFILO OTONI";"Conversão proibida";"Colisão transversal";"Com Vítimas Feridas";"Plena Noite";"Crescente";"Céu Claro";"Simples";"Reta";"Sim";3;0;1;0;2;0;1;2;-17,87634412;-41,52080762;"SPRF-MG";"DEL11-MG";"UOP01-DEL11-MG"
657538;2025-01-26;"domingo";"17:40:00";"SE";235;84;"FREI PAULO";"Acessar a via sem observar a presença dos outros veículos";"Colisão transversal";"Com Vítimas Feridas";"Anoitecer";"Crescente";"Ignorado";"Simples";"Aclive;Curva;Interseção de Vias";"Sim";3;0;2;0;0;1;2;2;-10,554296;-37,633732;"SPRF-SE";"DEL01-SE";"UOP02-DEL01-SE"
657540;2025-01-26;"domingo";"17:50:00";"RJ";40;4;"COMENDADOR LEVY GASPARIAN";"Chuva";"Saída de leito carroçável";"Com Vítimas Feridas";"Plena Noite";"Decrescente";"Chuva";"Dupla";"Curva";"Não";1;0;1;0;0;0;1;1;-22,01337537;-43,23594846;"SPRF-RJ";"DEL05-RJ";"UOP02-DEL05-RJ"
657541;2025-01-26;"domingo";"18:30:00";"RJ";40;4;"COMENDADOR LEVY GASPARIAN";"Chuva";"Colisão traseira";"Com Vítimas Feridas";"Plena Noite";"Decrescente";"Chuva";"Dupla";"Curva;Declive";"Não";3;0;2;0;1;0;2;2;-22,01279315;-43,25743147;"SPRF-RJ";"DEL05-RJ";"UOP02-DEL05-RJ"
657542;2025-01-26;"domingo";"19:00:00";"BA";110;306;"INHAMBUPE";"Frear bruscamente";"Colisão traseira";"Com Vítimas Fatais";"Plena Noite";"Crescente";"Céu Claro";"Simples";"Reta";"Não";3;1;1;1;0;0;2;2;-11,95971896;-38,3725292;"SPRF-BA";"DEL01-BA";"UOP04-DEL01-BA"
657543;2025-01-26;"domingo";"19:30:00";"PR";116;96;"SAO JOSE DOS PINHAIS";"Chuva";"Tombamento";"Com Vítimas Feridas";"Anoitecer";"Crescente";"Chuva";"Dupla";"Reta";"Não";2;0;1;0;1;0;1;1;-25,53864856;-49,15024999;"SPRF-PR";"DEL01-PR";"UOP07-DEL01-PR"
657544;2025-01-26;"domingo";"18:50:00";"RS";116;298;"GUAIBA";"Transitar no Acostamento";"Colisão traseira";"Com Vítimas Fatais";"Anoitecer";"Crescente";"Céu Claro";"Dupla";"Reta";"Sim";5;1;0;1;0;3;1;3;-30,10644302;-51,34381389;"SPRF-RS";"DEL02-RS";"UOP01-DEL02-RS"
657546;2025-01-26;"domingo";"19:20:00";"RO";364;198;"PIMENTA BUENO";"Acessar a via sem observar a presença dos outros veículos";"Colisão lateral mesmo sentido";"Com Vítimas Feridas";"Plena Noite";"Crescente";"Nublado";"Simples";"Reta";"Sim";2;0;1;0;1;0;1;2;-11,67104;-61,191322;"SPRF-RO";"DEL02-RO";"UOP02-DEL02-RO"
657547;2025-01-26;"domingo";"11:05:00";"PA";230;726,3;"MEDICILANDIA";"Pista esburacada";"Saída de leito carroçável";"Com Vítimas Feridas";"Pleno dia";"Crescente";"Céu Claro";"Simples";"Reta";"Não";4;0;4;0;0;0;4;1;-3,35708059;-52,76922703;"SPRF-PA";"DEL04-PA";"UOP01-DEL04-PA"
657548;2025-01-26;"domingo";"20:15:00";"RS";392;101;"MORRO REDONDO";"Condutor deixou de manter distância do veículo da frente";"Colisão lateral mesmo sentido";"Com Vítimas Feridas";"Plena Noite";"Crescente";"Céu Claro";"Simples";"Reta;Declive";"Não";2;0;1;0;0;1;1;2;-31,53006815;-52,58461814;"SPRF-RS";"DEL07-RS";"UOP01-DEL07-RS"
657549;2025-01-26;"domingo";"20:00:00";"GO";70;9;"AGUAS LINDAS DE GOIAS";"Ingestão de álcool pelo condutor";"Colisão traseira";"Com Vítimas Feridas";"Plena Noite";"Decrescente";"Nublado";"Dupla";"Reta";"Sim";4;0;3;0;1;0;3;2;-15,73576731;-48,28288046;"SPRF-DF";"DEL03-DF";"UOP02-DEL03-DF"
657551;2025-01-26;"domingo";"20:00:00";"AL";316;234;"ATALAIA";"Conversão proibida";"Colisão frontal";"Com Vítimas Feridas";"Plena Noite";"Crescente";"Céu Claro";"Simples";"Reta";"Sim";3;0;1;0;2;0;1;2;-9,495433;-36,082429;"SPRF-AL";"DEL01-AL";"UOP01-DEL01-AL"
657552;2025-01-26;"domingo";"16:30:00";"MG";365;505,8;"PATROCINIO";"Pista Escorregadia";"Capotamento";"Com Vítimas Feridas";"Pleno dia";"Decrescente";"Chuva";"Simples";"Reta";"Não";4;0;4;0;0;0;4;1;-18,95015062;-47,2727949;"SPRF-MG";"DEL10-MG";"UOP01-DEL10-MG"
657553;2025-01-26;"domingo";"20:30:00";"MG";40;621;"CONSELHEIRO LAFAIETE";"Condutor deixou de manter distância do veículo da frente";"Colisão traseira";"Com Vítimas Feridas";"Plena Noite";"Crescente";"Chuva";"Simples";"Reta;Declive";"Sim";5;0;1;0;4;0;1;2;-20,58556107;-43,80743334;"SPRF-MG";"DEL05-MG";"UOP02-DEL05-MG"
657554;2025-01-26;"domingo";"19:30:00";"BA";101;875,2;"TEIXEIRA DE FREITAS";"Ingestão de álcool pelo condutor";"Colisão traseira";"Com Vítimas Feridas";"Plena Noite";"Decrescente";"Céu Claro";"Simples";"Reta";"Sim";2;0;0;1;0;1;1;2;-17,529243;-39,70969;"SPRF-BA";"DEL09-BA";"UOP02-DEL09-BA"
657555;2025-01-26;"domingo";"20:15:00";"RS";290;176,9;"BUTIA";"Acessar a via sem observar a presença dos outros veículos";"Colisão transversal";"Com Vítimas Feridas";"Plena Noite";"Crescente";"Céu Claro";"Simples";"Reta";"Sim";3;0;1;0;1;1;1;3;-30,131086;-51,972031;"SPRF-RS";"DEL02-RS";"UOP03-DEL02-RS"
657556;2025-01-26;"domingo";"19:50:00";"SC";282;513,6;"XAXIM";"Acessar a via sem observar a presença dos outros veículos";"Colisão transversal";"Com Vítimas Fatais";"Plena Noite";"Crescente";"Nublado";"Simples";"Reta";"Não";7;1;0;0;5;1;0;3;-26,91529409;-52,48435557;"SPRF-SC";"DEL07-SC";"UOP01-DEL07-SC"
657559;2025-01-26;"domingo";"17:00:00";"CE";222;298;"TIANGUA";"Ingestão de álcool pelo condutor";"Tombamento";"Com Vítimas Feridas";"Pleno dia";"Crescente";"Chuva";"Simples";"Curva";"Não";1;0;1;0;0;0;1;1;-3,65334406;-40,9299664;"SPRF-CE";"DEL04-CE";"UOP02-DEL04-CE"
657560;2025-01-26;"domingo";"20:55:00";"SC";101;226,9;"PALHOCA";"Trafegar com motocicleta (ou similar) entre as faixas";"Colisão traseira";"Com Vítimas Feridas";"Plena Noite";"Decrescente";"Nublado";"Dupla";"Reta";"Não";3;0;0;1;1;1;1;3;-27,74200001;-48,63806504;"SPRF-SC";"DEL01-SC";"UOP02-DEL01-SC"
657561;2025-01-26;"domingo";"21:15:00";"ES";101;331,9;"GUARAPARI";"Transitar no Acostamento";"Atropelamento de Pedestre";"Com Vítimas Fatais";"Plena Noite";"Crescente";"Nublado";"Dupla";"Reta";"Não";2;1;0;0;0;1;0;2;-20,60149301;-40,50248706;"SPRF-ES";"DEL03-ES";"UOP01-DEL03-ES"
657562;2025-01-26;"domingo";"20:30:00";"PR";376;155,8;"MANDAGUACU";"Pedestre cruzava a pista fora da faixa";"Atropelamento de Pedestre";"Com Vítimas Fatais";"Plena Noite";"Decrescente";"Céu Claro";"Múltipla";"Reta";"Sim";2;1;0;0;1;0;0;2;-23,3431911;-52,09041624;"SPRF-PR";"DEL09-PR";"UOP02-DEL09-PR"
657563;2025-01-26;"domingo";"21:05:00";"RJ";101;327;"RIO DE JANEIRO";"Ausência de reação do condutor";"Colisão traseira";"Com Vítimas Feridas";"Plena Noite";"Decrescente";"Nublado";"Dupla";"Aclive;Reta";"Não";2;0;1;1;0;0;2;2;-22,87117393;-43,15595099;"SPRF-RJ";"DEL02-RJ";"UOP01-DEL02-RJ"
657564;2025-01-26;"domingo";"19:30:00";"PR";277;265;"IRATI";"Ausência de reação do condutor";"Saída de leito carroçável";"Com Vítimas Feridas";"Anoitecer";"Crescente";"Céu Claro";"Simples";"Curva";"Não";1;0;1;0;0;0;1;1;-25,40796469;-50,78574703;"SPRF-PR";"DEL08-PR";"UOP02-DEL08-PR"
657565;2025-01-26;"domingo";"21:30:00";"ES";101;32;"CONCEICAO DA BARRA";"Acessar a via sem observar a presença dos outros veículos";"Colisão transversal";"Com Vítimas Feridas";"Plena Noite";"Crescente";"Céu Claro";"Simples";"Reta";"Sim";3;0;0;2;0;1;2;2;-18,42549901;-39,93487006;"SPRF-ES";"DEL04-ES";"UOP02-DEL04-ES"
657566;2025-01-26;"domingo";"20:40:00";"RJ";493;18,5;"GUAPIMIRIM";"Acessar a via sem observar a presença dos outros veículos";"Colisão transversal";"Com Vítimas Feridas";"Plena Noite";"Crescente";"Céu Claro";"Dupla";"Reta";"Não";2;0;1;0;1;0;1;2;-22,6687122;-43,01862696;"SPRF-RJ";"DEL04-RJ";"UOP02-DEL04-RJ"
657567;2025-01-26;"domingo";"20:50:00";"GO";40;19;"LUZIANIA";"Acesso irregular";"Colisão transversal";"Com Vítimas Feridas";"Pleno dia";"Decrescente";"Céu Claro";"Dupla";"Reta";"Sim";7;0;4;1;2;0;5;2;-16,201556;-47,921314;"SPRF-DF";"DEL01-DF";"UOP01-DEL01-DF"
657568;2025-01-26;"domingo";"21:20:00";"ES";101;392,3;"RIO NOVO DO SUL";"Iluminação deficiente";"Colisão transversal";"Com Vítimas Feridas";"Plena Noite";"Crescente";"Céu Claro";"Simples";"Interseção de Vias";"Não";2;0;1;0;1;0;1;2;-20,86651733;-40,90775156;"SPRF-ES";"DEL03-ES";"UOP02-DEL03-ES"
657569;2025-01-26;"domingo";"19:55:00";"MG";381;686;"LAVRAS";"Velocidade Incompatível";"Colisão com objeto";"Sem Vítimas";"Plena Noite";"Decrescente";"Chuva";"Dupla";"Curva";"Não";4;0;0;0;4;0;0;2;-21,20030689;-45,11944438;"SPRF-MG";"DEL04-MG";"UOP02-DEL04-MG"
657570;2025-01-26;"domingo";"20:25:00";"SC";101;427,1;"SOMBRIO";"Ausência de reação do condutor";"Tombamento";"Com Vítimas Feridas";"Plena Noite";"Decrescente";"Nublado";"Múltipla";"Reta";"Não";1;0;1;0;0;0;1;1;-29,04731597;-49,61751938;"SPRF-SC";"DEL02-SC";"UOP02-DEL02-SC"
657571;2025-01-26;"domingo";"21:10:00";"MA";316;266,9;"SANTA INES";"Pista Escorregadia";"Queda de ocupante de veículo";"Com Vítimas Feridas";"Plena Noite";"Crescente";"Chuva";"Simples";"Reta";"Não";1;0;1;0;0;0;1;1;-3,681815;-45,347157;"SPRF-MA";"DEL02-MA";"UOP01-DEL02-MA"
657573;2025-01-26;"domingo";"21:15:00";"RN";304;41,3;"MOSSORO";"Pedestre cruzava a pista fora da faixa";"Atropelamento de Pedestre";"Com Vítimas Feridas";"Plena Noite";"Decrescente";"Céu Claro";"Dupla";"Reta";"Sim";2;0;0;1;1;0;1;2;-5,20483515;-37,37615746;"SPRF-RN";"DEL04-RN";"UOP01-DEL04-RN"
657575;2025-01-26;"domingo";"21:30:00";"RS";158;262,8;"JULIO DE CASTILHOS";"Demais falhas mecânicas ou elétricas";"Incêndio";"Com Vítimas Feridas";"Plena Noite";"Decrescente";"Céu Claro";"Simples";"Reta";"Não";2;0;2;0;0;0;2;1;-29,22145708;-53,66974727;"SPRF-RS";"DEL10-RS";"UOP02-DEL10-RS"
657577;2025-01-26;"domingo";"20:20:00";"SP";116;166,9;"JACAREI";"Ingestão de álcool pelo condutor";"Saída de leito carroçável";"Sem Vítimas";"Plena Noite";"Decrescente";"Céu Claro";"Dupla";"Retorno Regulamentado";"Sim";2;0;0;0;1;1;0;2;-23,30197995;-46,02344513;"SPRF-SP";"DEL02-SP";"UOP01-DEL02-SP"
657578;2025-01-26;"domingo";"21:00:00";"RJ";116;245;"PIRAI";"Chuva";"Colisão traseira";"Com Vítimas Feridas";"Plena Noite";"Decrescente";"Chuva";"Dupla";"Reta";"Não";3;0;2;0;1;0;2;2;-22,59555599;-43,93978119;"SPRF-RJ";"DEL07-RJ";"UOP01-DEL07-RJ"
657579;2025-01-26;"domingo";"20:15:00";"RJ";40;123;"DUQUE DE CAXIAS";"Ingestão de álcool pelo condutor";"Colisão traseira";"Sem Vítimas";"Plena Noite";"Crescente";"Céu Claro";"Dupla";"Interseção de Vias;Reta";"Sim";3;0;0;0;3;0;0;3;-22,79907687;-43,29015739;"SPRF-RJ";"DEL01-RJ";"UOP02-DEL01-RJ"
657580;2025-01-26;"domingo";"21:55:00";"PR";116;131;"FAZENDA RIO GRANDE";"Reação tardia ou ineficiente do condutor";"Colisão com objeto";"Sem Vítimas";"Plena Noite";"Decrescente";"Céu Claro";"Dupla";"Reta";"Sim";1;0;0;0;1;0;0;1;-25,67633565;-49,31556333;"SPRF-PR";"DEL01-PR";"UOP03-DEL01-PR"
657581;2025-01-26;"domingo";"21:30:00";"BA";242;830;"BARREIRAS";"Ausência de reação do condutor";"Colisão traseira";"Com Vítimas Feridas";"Plena Noite";"Decrescente";"Céu Claro";"Simples";"Curva";"Não";3;0;1;1;1;0;2;2;-12,13294831;-45,11393419;"SPRF-BA";"DEL10-BA";"UOP01-DEL10-BA"
657582;2025-01-26;"domingo";"21:30:00";"RS";116;310;"GUAIBA";"Reação tardia ou ineficiente do condutor";"Saída de leito carroçável";"Sem Vítimas";"Plena Noite";"Decrescente";"Céu Claro";"Dupla";"Reta";"Não";1;0;0;0;0;1;0;1;-30,20082914;-51,40020449;"SPRF-RS";"DEL02-RS";"UOP01-DEL02-RS"
657583;2025-01-26;"domingo";"21:00:00";"RO";429;55;"ALVORADA DOESTE";"Ausência de reação do condutor";"Saída de leito carroçável";"Com Vítimas Fatais";"Plena Noite";"Decrescente";"Céu Claro";"Simples";"Reta";"Não";2;1;0;0;1;0;0;1;-11,367865;-62,306883;"SPRF-RO";"DEL02-RO";"UOP03-DEL02-RO"
657584;2025-01-26;"domingo";"22:00:00";"SC";101;74;"ARAQUARI";"Reação tardia ou ineficiente do condutor";"Tombamento";"Com Vítimas Feridas";"Plena Noite";"Crescente";"Céu Claro";"Dupla";"Reta";"Não";1;0;1;0;0;0;1;1;-26,54711111;-48,71301413;"SPRF-SC";"DEL03-SC";"UOP02-DEL03-SC"
657586;2025-01-26;"domingo";"22:50:00";"PR";277;561,9;"CASCAVEL";"Demais falhas mecânicas ou elétricas";"Tombamento";"Com Vítimas Feridas";"Plena Noite";"Crescente";"Céu Claro";"Simples";"Reta";"Não";2;0;2;0;0;0;2;1;-25,05866119;-53,22275924;"SPRF-PR";"DEL04-PR";"UOP04-DEL04-PR"
657588;2025-01-26;"domingo";"21:40:00";"MT";174;485;"COMODORO";"Condutor deixou de manter distância do veículo da frente";"Colisão traseira";"Com Vítimas Feridas";"Plena Noite";"Crescente";"Céu Claro";"Simples";"Reta";"Sim";3;0;1;1;1;0;2;2;-13,66506826;-59,79266103;"SPRF-MT";"DEL04-MT";"UOP02-DEL04-MT"
657590;2025-01-26;"domingo";"23:00:00";"PE";104;66,1;"CARUARU";"Ingestão de álcool pelo condutor";"Colisão frontal";"Com Vítimas Feridas";"Plena Noite";"Decrescente";"Ignorado";"Dupla";"Curva";"Sim";4;0;1;0;3;0;1;2;-8,28493402;-35,98374367;"SPRF-PE";"DEL02-PE";"UOP01-DEL02-PE"
657591;2025-01-26;"domingo";"23:00:00";"MG";40;277;"TRES MARIAS";"Velocidade Incompatível";"Saída de leito carroçável";"Com Vítimas Feridas";"Plena Noite";"Decrescente";"Céu Claro";"Simples";"Declive;Reta";"Sim";2;0;2;0;0;0;2;1;-18,21264695;-45,22480595;"SPRF-MG";"DEL14-MG";"UOP02-DEL14-MG"
657593;2025-01-26;"domingo";"23:00:00";"RS";290;68,8;"GRAVATAI";"Reação tardia ou ineficiente do condutor";"Saída de leito carroçável";"Com Vítimas Feridas";"Plena Noite";"Crescente";"Céu Claro";"Dupla";"Reta";"Não";2;0;2;0;0;0;2;1;-29,943384;-50,936207;"SPRF-RS";"DEL03-RS";"UOP01-DEL03-RS"
657595;2025-01-26;"domingo";"20:00:00";"RS";468;84,5;"CAMPO NOVO";"Velocidade Incompatível";"Saída de leito carroçável";"Com Vítimas Fatais";"Anoitecer";"Decrescente";"Céu Claro";"Simples";"Reta";"Sim";1;1;0;0;0;0;0;1;-27,59201797;-53,87237438;"SPRF-RS";"DEL08-RS";"UOP02-DEL08-RS"
657597;2025-01-26;"domingo";"23:15:00";"PR";376;241;"APUCARANA";"Ausência de reação do condutor";"Capotamento";"Com Vítimas Feridas";"Plena Noite";"Crescente";"Céu Claro";"Dupla";"Declive;Curva";"Não";1;0;0;1;0;0;1;1;-23,58168461;-51,42681594;"SPRF-PR";"DEL07-PR";"UOP03-DEL07-PR"
657598;2025-01-26;"domingo";"22:25:00";"SP";153;216,1;"MARILIA";"Ingestão de álcool pelo condutor";"Saída de leito carroçável";"Sem Vítimas";"Plena Noite";"Decrescente";"Nublado";"Simples";"Curva";"Não";1;0;0;0;1;0;0;1;-21,96180388;-49,92179359;"SPRF-SP";"DEL07-SP";"UOP02-DEL07-SP"
657599;2025-01-27;"segunda-feira";"00:03:00";"RJ";116;178;"BELFORD ROXO";"Condutor usando celular";"Colisão traseira";"Com Vítimas Feridas";"Plena Noite";"Crescente";"Céu Claro";"Múltipla";"Reta";"Sim";2;0;1;0;1;0;1;2;-22,77496393;-43,40081465;"SPRF-RJ";"DEL06-RJ";"UOP01-DEL06-RJ"
657600;2025-01-26;"domingo";"15:15:00";"SC";470;74,8;"INDAIAL";"Acessar a via sem observar a presença dos outros veículos";"Colisão transversal";"Com Vítimas Feridas";"Pleno dia";"Crescente";"Nublado";"Simples";"Reta";"Não";3;0;1;0;1;1;1;3;-26,92378896;-49,28361839;"SPRF-SC";"DEL04-SC";"UOP01-DEL04-SC"
657601;2025-01-26;"domingo";"19:30:00";"SC";470;91,9;"APIUNA";"Chuva";"Colisão com objeto";"Com Vítimas Feridas";"Plena Noite";"Decrescente";"Chuva";"Simples";"Reta;Ponte";"Não";2;0;2;0;0;0;2;1;-26,98532894;-49,37289303;"SPRF-SC";"DEL04-SC";"UOP01-DEL04-SC"
657602;2025-01-26;"domingo";"20:00:00";"MG";267;155,1;"LIMA DUARTE";"Ausência de reação do condutor";"Colisão frontal";"Com Vítimas Fatais";"Plena Noite";"Decrescente";"Nublado";"Simples";"Reta";"Não";7;1;3;2;1;0;5;2;-21,83547518;-43,76759901;"SPRF-MG";"DEL05-MG";"UOP01-DEL05-MG"
657603;2025-01-27;"segunda-feira";"00:30:00";"ES";101;359,1;"ANCHIETA";"Condutor Dormindo";"Colisão lateral sentido oposto";"Com Vítimas Feridas";"Plena Noite";"Crescente";"Céu Claro";"Dupla";"Reta;Declive";"Não";10;0;0;2;8;0;2;2;-20,69768274;-40,71161014;"SPRF-ES";"DEL03-ES";"UOP01-DEL03-ES"
657604;2025-01-26;"domingo";"21:10:00";"RJ";356;166;"SAO JOAO DA BARRA";"Transitar no Acostamento";"Colisão traseira";"Com Vítimas Feridas";"Pleno dia";"Decrescente";"Nublado";"Simples";"Reta";"Não";6;0;3;0;3;0;3;2;-21,71832905;-41,10952362;"SPRF-RJ";"DEL08-RJ";"UOP02-DEL08-RJ"
657606;2025-01-27;"segunda-feira";"00:35:00";"RS";290;95;"PORTO ALEGRE";"Entrada inopinada do pedestre";"Atropelamento de Pedestre";"Com Vítimas Fatais";"Plena Noite";"Decrescente";"Nublado";"Múltipla";"Reta";"Sim";2;1;0;0;1;0;0;2;-29,982832;-51,201572;"SPRF-RS";"DEL01-RS";"UOP01-DEL01-RS"
657607;2025-01-27;"segunda-feira";"01:30:00";"SC";101;214;"PALHOCA";"Reação tardia ou ineficiente do condutor";"Colisão com objeto";"Sem Vítimas";"Plena Noite";"Decrescente";"Céu Claro";"Múltipla";"Reta";"Sim";2;0;0;0;1;1;0;1;-27,65139207;-48,67550611;"SPRF-SC";"DEL01-SC";"UOP02-DEL01-SC"
657608;2025-01-27;"segunda-feira";"00:20:00";"MS";262;2;"TRES LAGOAS";"Condutor Dormindo";"Saída de leito carroçável";"Com Vítimas Feridas";"Plena Noite";"Decrescente";"Chuva";"Simples";"Rotatória";"Não";1;0;0;1;0;0;1;1;-20,78949837;-51,64329529;"SPRF-MS";"DEL07-MS";"UOP01-DEL07-MS"
657609;2025-01-27;"segunda-feira";"01:00:00";"PR";272;433;"GOIOERE";"Reação tardia ou ineficiente do condutor";"Colisão lateral mesmo sentido";"Com Vítimas Feridas";"Plena Noite";"Decrescente";"Céu Claro";"Simples";"Reta";"Não";2;0;2;0;0;0;2;2;-24,19011334;-52,99214065;"SPRF-PR";"DEL09-PR";"UOP03-DEL09-PR"
657612;2025-01-26;"domingo";"12:15:00";"MA";316;619,5;"TIMON";"Conversão proibida";"Colisão traseira";"Com Vítimas Feridas";"Pleno dia";"Decrescente";"Céu Claro";"Simples";"Reta";"Sim";3;0;1;0;2;0;1;2;-5,119788;-42,824196;"SPRF-MA";"DEL03-MA";"UOP02-DEL03-MA"
657614;2025-01-27;"segunda-feira";"03:30:00";"SP";116;147;"SAO JOSE DOS CAMPOS";"Ausência de reação do condutor";"Colisão com objeto";"Sem Vítimas";"Plena Noite";"Crescente";"Chuva";"Dupla";"Curva";"Não";1;0;0;0;0;1;0;1;-23,19542994;-45,87176303;"SPRF-SP";"DEL02-SP";"UOP01-DEL02-SP"
657615;2025-01-27;"segunda-feira";"02:30:00";"PR";277;725;"FOZ DO IGUACU";"Ausência de reação do condutor";"Colisão com objeto";"Com Vítimas Feridas";"Plena Noite";"Crescente";"Céu Claro";"Dupla";"Curva;Aclive";"Sim";2;0;1;0;0;1;1;2;-25,50823541;-54,54619865;"SPRF-PR";"DEL05-PR";"UOP03-DEL05-PR"
657616;2025-01-27;"segunda-feira";"02:30:00";"AL";101;41;"FLEXEIRAS";"Condutor Dormindo";"Saída de leito carroçável";"Com Vítimas Feridas";"Plena Noite";"Decrescente";"Céu Claro";"Dupla";"Curva";"Não";3;0;3;0;0;0;3;1;-9,17104293;-35,77460326;"SPRF-AL";"DEL01-AL";"UOP02-DEL01-AL"
657617;2025-01-27;"segunda-feira";"05:40:00";"ES";101;267,9;"SERRA";"Condutor deixou de manter distância do veículo da frente";"Colisão traseira";"Com Vítimas Feridas";"Amanhecer";"Crescente";"Céu Claro";"Dupla";"Reta";"Sim";2;0;1;0;0;1;1;2;-20,19930999;-40,26884609;"SPRF-ES";"DEL02-ES";"UOP01-DEL02-ES"
657618;2025-01-27;"segunda-feira";"04:25:00";"MG";50;180;"UBERABA";"Transitar na contramão";"Colisão com objeto";"Sem Vítimas";"Amanhecer";"Decrescente";"Garoa/Chuvisco";"Simples";"Viaduto;Reta";"Sim";1;0;0;0;0;1;0;1;-19,77848216;-47,92194709;"SPRF-MG";"DEL13-MG";"UOP01-DEL13-MG"
657621;2025-01-27;"segunda-feira";"06:15:00";"PB";230;19,9;"JOAO PESSOA";"Condutor deixou de manter distância do veículo da frente";"Engavetamento";"Com Vítimas Feridas";"Amanhecer";"Decrescente";"Nublado";"Dupla";"Reta";"Sim";5;0;1;0;4;0;1;4;-7,1337;-34,8544;"SPRF-PB";"DEL01-PB";"UOP01-DEL01-PB"
657622;2025-01-26;"domingo";"19:20:00";"BA";101;909;"IBIRAPUA";"Demais falhas mecânicas ou elétricas";"Incêndio";"Sem Vítimas";"Plena Noite";"Crescente";"Céu Claro";"Simples";"Reta";"Não";1;0;0;0;1;0;0;1;-17,805867;-39,782755;"SPRF-BA";"DEL09-BA";"UOP02-DEL09-BA"
657624;2025-01-27;"segunda-feira";"05:00:00";"PR";277;675;"MEDIANEIRA";"Reação tardia ou ineficiente do condutor";"Saída de leito carroçável";"Com Vítimas Feridas";"Amanhecer";"Decrescente";"Céu Claro";"Dupla";"Reta";"Sim";1;0;1;0;0;0;1;1;-25,29891949;-54,12338731;"SPRF-PR";"DEL05-PR";"UOP01-DEL05-PR"
657626;2025-01-26;"domingo";"18:32:00";"GO";80;137;"VILA PROPICIO";"Frear bruscamente";"Saída de leito carroçável";"Com Vítimas Feridas";"Plena Noite";"Crescente";"Céu Claro";"Simples";"Curva";"Não";5;0;2;0;3;0;2;2;-15,208875;-48,697312;"SPRF-GO";"DEL07-GO";"UOP02-DEL07-GO"
657628;2025-01-27;"segunda-feira";"06:30:00";"MS";262;406;"TERENOS";"Reação tardia ou ineficiente do condutor";"Saída de leito carroçável";"Com Vítimas Fatais";"Amanhecer";"Crescente";"Céu Claro";"Simples";"Reta";"Não";5;1;3;1;0;0;4;1;-20,43409079;-55,08493423;"SPRF-MS";"DEL01-MS";"UOP03-DEL01-MS"
657629;2025-01-27;"segunda-feira";"06:40:00";"PB";101;82;"BAYEUX";"Trafegar com motocicleta (ou similar) entre as faixas";"Tombamento";"Com Vítimas Feridas";"Pleno dia";"Crescente";"Nublado";"Dupla";"Reta";"Sim";1;0;0;1;0;0;1;1;-7,12911;-34,93714;"SPRF-PB";"DEL01-PB";"UOP01-DEL01-PB"