"id";"data_inversa";"dia_semana";"horario";"uf";"br";"km";"municipio";"causa_acidente";"tipo_acidente";"classificacao_acidente";"fase_dia";"sentido_via";"condicao_metereologica";"tipo_pista";"tracado_via";"uso_solo";"pessoas";"mortos";"feridos_leves";"feridos_graves";"ilesos";"ignorados";"feridos";"veiculos";"latitude";"longitude";"regional";"delegacia";"uop"
657748;2025-01-27;"segunda-feira";"17:20:00";"MS";163;730;"COXIM";"Acessar a via sem observar a presença dos outros veículos";"Colisão transversal";"Com Vítimas Feridas";"Pleno dia";"Decrescente";"Céu Claro";"Simples";"Reta";"Sim";3;0;2;0;1;0;2;2;-18,50978886;-54,73602351;"SPRF-MS";"DEL06-MS";"UOP01-DEL06-MS"
657749;2025-01-27;"segunda-feira";"17:00:00";"RJ";101;266;"RIO BONITO";"Condutor deixou de manter distância do veículo da frente";"Tombamento";"Com Vítimas Feridas";"Anoitecer";"Crescente";"Nublado";"Dupla";"Curva";"Não";1;0;1;0;0;0;1;1;-22,70861445;-42,65178735;"SPRF-RJ";"DEL02-RJ";"UOP03-DEL02-RJ"
657752;2025-01-27;"segunda-feira";"18:30:00";"RS";116;231;"IVOTI";"Manobra de mudança de faixa";"Colisão transversal";"Com Vítimas Feridas";"Anoitecer";"Decrescente";"Chuva";"Simples";"Reta;Aclive";"Sim";4;0;4;0;0;0;4;2;-29,62743221;-51,13858608;"SPRF-RS";"DEL01-RS";"UOP02-DEL01-RS"
657753;2025-01-27;"segunda-feira";"14:30:00";"PE";232;105,8;"BEZERROS";"Reação tardia ou ineficiente do condutor";"Saída de leito carroçável";"Com Vítimas Feridas";"Pleno dia";"Crescente";"Nublado";"Dupla";"Aclive;Reta";"Não";1;0;0;1;0;0;1;1;-8,25830415;-35,78275595;"SPRF-PE";"DEL02-PE";"UOP02-DEL02PE"
657755;2025-01-27;"segunda-feira";"16:50:00";"RJ";116;148;"DUQUE DE CAXIAS";"Chuva";"Colisão com objeto";"Com Vítimas Feridas";"Pleno dia";"Crescente";"Chuva";"Dupla";"Reta";"Sim";1;0;1;0;0;0;1;1;-22,6723488;-43,28215398;"SPRF-RJ";"DEL01-RJ";"UOP02-DEL01-RJ"
657759;2025-01-27;"segunda-feira";"18:45:00";"PR";277;83;"CURITIBA";"Avarias e/ou desgaste excessivo no pneu";"Tombamento";"Com Vítimas Feridas";"Anoitecer";"Decrescente";"Céu Claro";"Dupla";"Reta";"Sim";2;0;1;0;1;0;1;1;-25,568939;-49,181978;"SPRF-PR";"DEL01-PR";"UOP03-DEL01-PR"
657761;2025-01-27;"segunda-feira";"18:00:00";"SP";116;511;"CAJATI";"Velocidade Incompatível";"Saída de leito carroçável";"Com Vítimas Feridas";"Anoitecer";"Decrescente";"Garoa/Chuvisco";"Simples";"Curva;Declive";"Não";1;0;1;0;0;0;1;1;-24,83558399;-48,2223738;"SPRF-SP";"DEL05-SP";"UOP02-DEL05-SP"
657762;2025-01-27;"segunda-feira";"19:00:00";"ES";101;141,2;"LINHARES";"Pedestre andava na pista";"Atropelamento de Pedestre";"Com Vítimas Feridas";"Plena Noite";"Decrescente";"Céu Claro";"Dupla";"Reta";"Sim";2;0;1;0;0;1;1;2;-19,32655693;-40,07192387;"SPRF-ES";"DEL04-ES";"UOP01-DEL04-ES"
657764;2025-01-27;"segunda-feira";"15:47:00";"PB";230;165,3;"CAMPINA GRANDE";"Transitar na contramão";"Colisão frontal";"Com Vítimas Fatais";"Pleno dia";"Crescente";"Céu Claro";"Simples";"Curva;Declive";"Sim";3;1;1;0;0;1;1;3;-7,20502533;-35,95010877;"SPRF-PB";"DEL02-PB";"UOP01-DEL02-PB"
657766;2025-01-27;"segunda-feira";"18:00:00";"RO";319;56;"PORTO VELHO";"Demais falhas mecânicas ou elétricas";"Incêndio";"Sem Vítimas";"Anoitecer";"Crescente";"Nublado";"Simples";"Ponte";"Não";1;0;0;0;1;0;0;1;-8,739714;-63,93214024;"SPRF-RO";"DEL01-RO";"UOP01-DEL01-RO"
657769;2025-01-27;"segunda-feira";"16:40:00";"PA";10;74;"RONDON DO PARA";"Acessar a via sem observar a presença dos outros veículos";"Colisão transversal";"Com Vítimas Feridas";"Pleno dia";"Crescente";"Céu Claro";"Simples";"Reta";"Sim";2;0;0;1;1;0;1;2;-4,58559018;-47,85541534;"SPRF-PA";"DEL02-PA";"UOP02-DEL02-PA"
657771;2025-01-27;"segunda-feira";"19:00:00";"RS";386;306,1;"POUSO NOVO";"Velocidade Incompatível";"Saída de leito carroçável";"Com Vítimas Feridas";"Plena Noite";"Decrescente";"Chuva";"Simples";"Curva;Aclive";"Não";1;0;1;0;0;0;1;1;-29,194696;-52,185722;"SPRF-RS";"DEL04-RS";"UOP01-DEL04-RS"
657773;2025-01-27;"segunda-feira";"18:40:00";"MA";10;253;"IMPERATRIZ";"Condutor deixou de manter distância do veículo da frente";"Colisão traseira";"Com Vítimas Feridas";"Plena Noite";"Crescente";"Céu Claro";"Simples";"Reta";"Sim";3;0;0;1;2;0;1;2;-5,526911;-47,471455;"SPRF-MA";"DEL04-MA";"UOP01-DEL04-MA"
657774;2025-01-27;"segunda-feira";"19:01:00";"PE";428;140;"LAGOA GRANDE";"Conversão proibida";"Colisão transversal";"Com Vítimas Feridas";"Plena Noite";"Decrescente";"Céu Claro";"Simples";"Reta;Interseção de Vias";"Sim";3;0;0;2;1;0;2;2;-9,00007204;-40,27205229;"SPRF-PE";"DEL06-PE";"UOP03-DEL06-PE"
657775;2025-01-27;"segunda-feira";"18:50:00";"SC";101;255,5;"PAULO LOPES";"Ausência de reação do condutor";"Colisão traseira";"Com Vítimas Feridas";"Anoitecer";"Decrescente";"Nublado";"Simples";"Curva;Declive";"Não";5;0;1;0;3;1;1;2;-27,990146;-48,679981;"SPRF-SC";"DEL02-SC";"UOP03-DEL02-SC"
657776;2025-01-27;"segunda-feira";"18:48:00";"RN";110;125,1;"AUGUSTO SEVERO";"Deficiência do Sistema de Iluminação/Sinalização";"Colisão traseira";"Com Vítimas Feridas";"Plena Noite";"Crescente";"Nublado";"Simples";"Declive";"Não";2;0;1;0;1;0;1;2;-5,86081305;-37,31126581;"SPRF-RN";"DEL04-RN";"UOP01-DEL04-RN"
657777;2025-01-27;"segunda-feira";"17:55:00";"SC";101;14;"GARUVA";"Demais falhas mecânicas ou elétricas";"Tombamento";"Com Vítimas Feridas";"Pleno dia";"Decrescente";"Chuva";"Dupla";"Reta";"Não";2;0;2;0;0;0;2;1;-26,09803515;-48,86773972;"SPRF-SC";"DEL03-SC";"UOP01-DEL03-SC"
657778;2025-01-27;"segunda-feira";"18:30:00";"RJ";40;124;"DUQUE DE CAXIAS";"Carga excessiva e/ou mal acondicionada";"Incêndio";"Sem Vítimas";"Plena Noite";"Crescente";"Nublado";"Múltipla";"Reta";"Sim";1;0;0;0;1;0;0;1;-22,807953;-43,289124;"SPRF-RJ";"DEL01-RJ";"UOP02-DEL01-RJ"
657780;2025-01-27;"segunda-feira";"20:20:00";"RS";480;64,7;"BARAO DE COTEGIPE";"Ingestão de álcool pelo condutor";"Colisão frontal";"Com Vítimas Feridas";"Plena Noite";"Crescente";"Céu Claro";"Simples";"Curva";"Sim";2;0;1;0;1;0;1;2;-27,61899397;-52,38880515;"SPRF-RS";"DEL08-RS";"UOP04-DEL08-RS"
657781;2025-01-27;"segunda-feira";"20:10:00";"GO";60;101;"ANAPOLIS";"Manobra de mudança de faixa";"Colisão traseira";"Sem Vítimas";"Plena Noite";"Crescente";"Céu Claro";"Dupla";"Retorno Regulamentado";"Sim";3;0;0;0;3;0;0;3;-16,40416898;-48,97996187;"SPRF-GO";"DEL02-GO";"UOP01-DEL02-GO"
657783;2025-01-27;"segunda-feira";"17:50:00";"BA";330;806;"JEQUIE";"Velocidade Incompatível";"Capotamento";"Com Vítimas Feridas";"Anoitecer";"Crescente";"Céu Claro";"Simples";"Declive";"Não";2;0;1;1;0;0;2;1;-13,98328201;-39,94236501;"SPRF-BA";"DEL03-BA";"UOP01-DEL03-BA"
657784;2025-01-27;"segunda-feira";"19:45:00";"MS";262;380;"TERENOS";"Reação tardia ou ineficiente do condutor";"Saída de leito carroçável";"Com Vítimas Feridas";"Plena Noite";"Crescente";"Céu Claro";"Simples";"Retorno Regulamentado;Reta";"Não";2;0;1;0;1;0;1;1;-20,45577198;-54,84474093;"SPRF-MS";"DEL01-MS";"UOP03-DEL01-MS"
657785;2025-01-27;"segunda-feira";"19:50:00";"PE";232;403;"SERRA TALHADA";"Manobra de mudança de faixa";"Colisão lateral sentido oposto";"Com Vítimas Feridas";"Pleno dia";"Decrescente";"Chuva";"Simples";"Reta;Ponte";"Não";4;0;0;1;0;3;1;3;-8,00147098;-38,24433438;"SPRF-PE";"DEL04-PE";"UOP01-DEL04-PE"
657786;2025-01-27;"segunda-feira";"17:40:00";"RS";290;281,8;"CACHOEIRA DO SUL";"Ultrapassagem Indevida";"Colisão frontal";"Com Vítimas Feridas";"Anoitecer";"Crescente";"Nublado";"Simples";"Reta;Aclive";"Não";12;0;3;6;3;0;9;4;-30,251297;-53,033596;"SPRF-RS";"DEL02-RS";"UOP03-DEL02-RS"
657788;2025-01-27;"segunda-feira";"19:00:00";"SC";101;134;"BALNEARIO CAMBORIU";"Manobra de mudança de faixa";"Colisão traseira";"Com Vítimas Feridas";"Plena Noite";"Crescente";"Nublado";"Múltipla";"Reta";"Sim";2;0;1;0;1;0;1;2;-27,00218;-48,636433;"SPRF-SC";"DEL04-SC";"UOP03-DEL04-SC"
657789;2025-01-27;"segunda-feira";"18:50:00";"PR";369;484,5;"CORBELIA";"Velocidade Incompatível";"Tombamento";"Com Vítimas Feridas";"Pleno dia";"Decrescente";"Chuva";"Dupla";"Curva;Declive";"Sim";1;0;1;0;0;0;1;1;-24,796051;-53,288598;"SPRF-PR";"DEL04-PR";"UOP03-DEL04-PR"
657791;2025-01-27;"segunda-feira";"18:45:00";"SC";280;58;"GUARAMIRIM";"Reação tardia ou ineficiente do condutor";"Atropelamento de Pedestre";"Com Vítimas Feridas";"Anoitecer";"Crescente";"Nublado";"Dupla";"Reta";"Sim";2;0;1;0;1;0;1;2;-26,47415593;-49,021211;"SPRF-SC";"DEL03-SC";"UOP03-DEL03-SC"
657792;2025-01-27;"segunda-feira";"15:30:00";"PR";277;127,8;"CAMPO LARGO";"Pedestre andava na pista";"Atropelamento de Pedestre";"Com Vítimas Feridas";"Pleno dia";"Crescente";"Nublado";"Dupla";"Reta";"Sim";2;0;0;1;1;0;1;2;-25,44496036;-49,49851513;"SPRF-PR";"DEL03-PR";"UOP03-DEL03-PR"
657793;2025-01-27;"segunda-feira";"21:50:00";"PE";232;7,9;"RECIFE";"Velocidade Incompatível";"Saída de leito carroçável";"Com Vítimas Feridas";"Plena Noite";"Decrescente";"Chuva";"Dupla";"Em Obras;Reta";"Sim";1;0;1;0;0;0;1;1;-8,075878;-34,969798;"SPRF-PE";"DEL01-PE";"UOP01-DEL01-PE"
657794;2025-01-27;"segunda-feira";"22:30:00";"SC";101;206,3;"SAO JOSE";"Reação tardia ou ineficiente do condutor";"Queda de ocupante de veículo";"Com Vítimas Feridas";"Plena Noite";"Decrescente";"Garoa/Chuvisco";"Múltipla";"Reta";"Sim";2;0;2;0;0;0;2;1;-27,59193546;-48,61824557;"SPRF-SC";"DEL01-SC";"UOP01-DEL01-SC"
657798;2025-01-27;"segunda-feira";"11:30:00";"MG";262;37,4;"MANHUACU";"Reação tardia ou ineficiente do condutor";"Colisão lateral mesmo sentido";"Com Vítimas Feridas";"Pleno dia";"Crescente";"Céu Claro";"Simples";"Curva";"Sim";2;0;1;0;1;0;1;2;-20,25748975;-42,03048732;"SPRF-MG";"DEL06-MG";"UOP03-DEL06-MG"
657801;2025-01-27;"segunda-feira";"22:00:00";"MG";40;723,4;"BARBACENA";"Avarias e/ou desgaste excessivo no pneu";"Saída de leito carroçável";"Com Vítimas Feridas";"Plena Noite";"Decrescente";"Garoa/Chuvisco";"Dupla";"Curva";"Não";4;0;4;0;0;0;4;1;-21,29864253;-43,62857213;"SPRF-MG";"DEL05-MG";"UOP01-DEL05-MG"
657805;2025-01-27;"segunda-feira";"22:30:00";"MG";365;628;"UBERLANDIA";"Ausência de reação do condutor";"Tombamento";"Com Vítimas Feridas";"Plena Noite";"Decrescente";"Nublado";"Simples";"Reta";"Sim";1;0;0;1;0;0;1;1;-18,90175741;-48,35287106;"SPRF-MG";"DEL15-MG";"UOP01-DEL15-MG"
657809;2025-01-28;"terça-feira";"00:40:00";"SP";116;277,7;"EMBU DAS ARTES";"Mal súbito do condutor";"Saída de leito carroçável";"Com Vítimas Feridas";"Plena Noite";"Decrescente";"Nublado";"Dupla";"Reta";"Sim";1;0;1;0;0;0;1;1;-23,64870535;-46,84395469;"SPRF-SP";"DEL04-SP";"UOP01-DEL04-SP"
657815;2025-01-27;"segunda-feira";"08:00:00";"RJ";356;12;"ITAPERUNA";"Acessar a via sem observar a presença dos outros veículos";"Colisão transversal";"Com Vítimas Feridas";"Pleno dia";"Crescente";"Sol";"Simples";"Reta";"Não";5;0;3;0;2;0;3;2;-21,16687137;-42,08055587;"SPRF-RJ";"DEL08-RJ";"UOP03-DEL08-RJ"
657817;2025-01-28;"terça-feira";"06:20:00";"SC";101;206,3;"SAO JOSE";"Acessar a via sem observar a presença dos outros veículos";"Colisão transversal";"Com Vítimas Feridas";"Pleno dia";"Decrescente";"Céu Claro";"Múltipla";"Reta;Interseção de Vias";"Sim";2;0;0;1;1;0;1;2;-27,59193546;-48,61824557;"SPRF-SC";"DEL01-SC";"UOP01-DEL01-SC"
657819;2025-01-28;"terça-feira";"06:22:00";"MG";381;526;"BRUMADINHO";"Curva acentuada";"Queda de ocupante de veículo";"Com Vítimas Feridas";"Pleno dia";"Crescente";"Céu Claro";"Dupla";"Curva";"Não";1;0;0;1;0;0;1;1;-20,16175378;-44,34144636;"SPRF-MG";"DEL04-MG";"UOP03-DEL04-MG"
657820;2025-01-27;"segunda-feira";"19:45:00";"MS";262;592;"MIRANDA";"Ausência de reação do condutor";"Tombamento";"Com Vítimas Feridas";"Plena Noite";"Crescente";"Céu Claro";"Simples";"Reta";"Não";1;0;1;0;0;0;1;1;-20,13367406;-56,674271;"SPRF-MS";"DEL03-MS";"UOP02-DEL03-MS"
657821;2025-01-28;"terça-feira";"07:00:00";"RS";392;352;"SANTA MARIA";"Condutor deixou de manter distância do veículo da frente";"Colisão traseira";"Com Vítimas Feridas";"Pleno dia";"Decrescente";"Nublado";"Simples";"Aclive;Reta";"Sim";3;0;2;0;1;0;2;2;-29,725584;-53,805588;"SPRF-RS";"DEL09-RS";"UOP01-DEL09-RS"
657822;2025-01-28;"terça-feira";"07:00:00";"GO";80;20;"PADRE BERNARDO";"Reação tardia ou ineficiente do condutor";"Tombamento";"Com Vítimas Feridas";"Pleno dia";"Crescente";"Céu Claro";"Simples";"Reta";"Não";1;0;1;0;0;0;1;1;-15,377257;-48,214469;"SPRF-DF";"DEL03-DF";"UOP02-DEL03-DF"
657823;2025-01-28;"terça-feira";"07:22:00";"ES";101;204;"JOAO NEIVA";"Acessar a via sem observar a presença dos outros veículos";"Colisão transversal";"Com Vítimas Feridas";"Pleno dia";"Crescente";"Céu Claro";"Simples";"Reta";"Sim";2;0;1;0;1;0;1;2;-19,74948916;-40,37922678;"SPRF-ES";"DEL02-ES";"UOP01-DEL02-ES"
657824;2025-01-28;"terça-feira";"07:37:00";"ES";101;267;"SERRA";"Demais falhas mecânicas ou elétricas";"Queda de ocupante de veículo";"Com Vítimas Feridas";"Pleno dia";"Crescente";"Céu Claro";"Dupla";"Reta";"Sim";2;0;1;0;0;1;1;2;-20,19930999;-40,26884609;"SPRF-ES";"DEL02-ES";"UOP01-DEL02-ES"
657827;2025-01-28;"terça-feira";"07:50:00";"RS";116;265;"CANOAS";"Manobra de mudança de faixa";"Colisão lateral mesmo sentido";"Com Vítimas Feridas";"Pleno dia";"Crescente";"Céu Claro";"Dupla";"Curva";"Não";3;0;1;0;2;0;1;2;-29,92342302;-51,17780944;"SPRF-RS";"DEL01-RS";"UOP01-DEL01-RS"
657828;2025-01-28;"terça-feira";"06:50:00";"RJ";40;12,9;"TRES RIOS";"Condutor Dormindo";"Saída de leito carroçável";"Com Vítimas Feridas";"Pleno dia";"Crescente";"Nublado";"Dupla";"Curva";"Não";1;0;1;0;0;0;1;1;-22,05732477;-43,19811326;"SPRF-RJ";"DEL05-RJ";"UOP02-DEL05-RJ"
657829;2025-01-28;"terça-feira";"06:45:00";"BA";324;590;"CANDEIAS";"Ausência de reação do condutor";"Colisão com objeto";"Com Vítimas Feridas";"Pleno dia";"Crescente";"Céu Claro";"Dupla";"Reta";"Não";3;0;2;0;1;0;2;1;-12,67291202;-38,46908411;"SPRF-BA";"DEL01-BA";"UOP01-DEL01-BA"
657830;2025-01-28;"terça-feira";"07:30:00";"PR";116;118;"CURITIBA";"Ausência de reação do condutor";"Engavetamento";"Sem Vítimas";"Pleno dia";"Decrescente";"Céu Claro";"Dupla";"Reta";"Não";4;0;0;0;4;0;0;4;-25,54657438;-49,29173608;"SPRF-PR";"DEL01-PR";"UOP03-DEL01-PR"
657831;2025-01-28;"terça-feira";"07:40:00";"PR";277;82;"CURITIBA";"Trafegar com motocicleta (ou similar) entre as faixas";"Colisão traseira";"Com Vítimas Feridas";"Pleno dia";"Crescente";"Céu Claro";"Dupla";"Reta";"Sim";3;0;2;0;1;0;2;2;-25,568939;-49,181978;"SPRF-PR";"DEL01-PR";"UOP03-DEL01-PR"
657832;2025-01-28;"terça-feira";"06:00:00";"RJ";493;62;"DUQUE DE CAXIAS";"Ausência de reação do condutor";"Saída de leito carroçável";"Com Vítimas Feridas";"Pleno dia";"Decrescente";"Céu Claro";"Dupla";"Reta";"Não";2;0;1;0;1;0;1;1;-22,672089;-43,285053;"SPRF-RJ";"DEL01-RJ";"UOP03-DEL01-RJ"
657833;2025-01-28;"terça-feira";"07:58:00";"MG";40;470,9;"SETE LAGOAS";"Velocidade Incompatível";"Colisão com objeto";"Sem Vítimas";"Pleno dia";"Decrescente";"Céu Claro";"Dupla";"Reta";"Não";1;0;0;0;1;0;0;1;-19,474607;-44,29196;"SPRF-MG";"DEL02-MG";"UOP01-DEL02-MG"
657834;2025-01-28;"terça-feira";"07:37:00";"SC";101;204,2;"SAO JOSE";"Reação tardia ou ineficiente do condutor";"Tombamento";"Com Vítimas Feridas";"Pleno dia";"Crescente";"Nublado";"Múltipla";"Reta";"Sim";1;0;1;0;0;0;1;1;-27,58313237;-48,61532885;"SPRF-SC";"DEL01-SC";"UOP01-DEL01-SC"
657835;2025-01-28;"terça-feira";"08:15:00";"RS";116;300;"GUAIBA";"Acessar a via sem observar a presença dos outros veículos";"Colisão frontal";"Com Vítimas Feridas";"Pleno dia";"Decrescente";"Nublado";"Simples";"Reta";"Sim";2;0;0;1;1;0;1;2;-30,12131741;-51,34788752;"SPRF-RS";"DEL02-RS";"UOP01-DEL02-RS"
657836;2025-01-28;"terça-feira";"08:00:00";"PI";343;306,5;"ALTOS";"Desrespeitar a preferência no cruzamento";"Colisão transversal";"Com Vítimas Feridas";"Pleno dia";"Decrescente";"Céu Claro";"Simples";"Interseção de Vias;Reta";"Sim";2;0;0;1;1;0;1;2;-5,038756;-42,450893;"SPRF-PI";"DEL01-PI";"UOP01-DEL01-PI"
657837;2025-01-26;"domingo";"17:30:00";"RJ";116;142;"DUQUE DE CAXIAS";"Trafegar com motocicleta (ou similar) entre as faixas";"Colisão traseira";"Com Vítimas Feridas";"Pleno dia";"Crescente";"Céu Claro";"Dupla";"Reta";"Sim";2;0;1;0;1;0;1;2;-22,64876087;-43,23031638;"SPRF-RJ";"DEL01-RJ";"UOP02-DEL01-RJ"
657838;2025-01-28;"terça-feira";"07:45:00";"PI";343;7;"PARNAIBA";"Animais na Pista";"Atropelamento de Animal";"Com Vítimas Feridas";"Pleno dia";"Crescente";"Céu Claro";"Simples";"Reta";"Sim";1;0;0;1;0;0;1;1;-2,898051;-41,714767;"SPRF-PI";"DEL05-PI";"UOP01-DEL05-PI"
657840;2025-01-28;"terça-feira";"07:42:00";"PE";104;64;"CARUARU";"Reação tardia ou ineficiente do condutor";"Colisão traseira";"Com Vítimas Feridas";"Pleno dia";"Decrescente";"Nublado";"Dupla";"Reta";"Sim";2;0;1;0;1;0;1;2;-8,2783;-35,9815;"SPRF-PE";"DEL02-PE";"UOP01-DEL02-PE"
657841;2025-01-28;"terça-feira";"06:55:00";"MS";163;469;"CAMPO GRANDE";"Acumulo de areia ou detritos sobre o pavimento";"Tombamento";"Com Vítimas Feridas";"Pleno dia";"Crescente";"Céu Claro";"Simples";"Reta";"Sim";2;0;1;0;0;1;1;2;-20,566965;-54,561515;"SPRF-MS";"DEL01-MS";"UOP01-DEL01-MS"
657842;2025-01-28;"terça-feira";"08:50:00";"SP";153;62,5;"SAO JOSE DO RIO PRETO";"Manobra de mudança de faixa";"Colisão lateral mesmo sentido";"Com Vítimas Feridas";"Pleno dia";"Crescente";"Céu Claro";"Dupla";"Aclive;Reta";"Sim";2;0;1;0;1;0;1;2;-20,81325404;-49,35675563;"SPRF-SP";"DEL09-SP";"UOP01-DEL09-SP"
657844;2025-01-28;"terça-feira";"07:40:00";"SC";101;282;"IMBITUBA";"Reação tardia ou ineficiente do condutor";"Colisão transversal";"Com Vítimas Feridas";"Pleno dia";"Crescente";"Céu Claro";"Dupla";"Rotatória";"Sim";2;0;1;0;1;0;1;2;-28,19626005;-48,69739859;"SPRF-SC";"DEL02-SC";"UOP03-DEL02-SC"
657845;2025-01-28;"terça-feira";"08:18:00";"PE";101;76;"RECIFE";"Transitar no Acostamento";"Atropelamento de Pedestre";"Com Vítimas Feridas";"Pleno dia";"Decrescente";"Nublado";"Dupla";"Reta";"Sim";3;0;1;1;0;1;2;2;-8,11152;-34,94591;"SPRF-PE";"DEL01-PE";"UOP01-DEL01-PE"
657846;2025-01-28;"terça-feira";"08:40:00";"SC";101;208,3;"SAO JOSE";"Ausência de reação do condutor";"Tombamento";"Com Vítimas Feridas";"Pleno dia";"Decrescente";"Céu Claro";"Múltipla";"Reta";"Sim";1;0;1;0;0;0;1;1;-27,60327979;-48,63201818;"SPRF-SC";"DEL01-SC";"UOP01-DEL01-SC"
657847;2025-01-28;"terça-feira";"08:50:00";"MG";50;0,2;"ARAGUARI";"Reação tardia ou ineficiente do condutor";"Saída de leito carroçável";"Com Vítimas Feridas";"Pleno dia";"Crescente";"Céu Claro";"Dupla";"Curva;Aclive";"Não";1;0;1;0;0;0;1;1;-18,42432;-48,068207;"SPRF-MG";"DEL15-MG";"UOP02-DEL15-MG"
657848;2025-01-28;"terça-feira";"09:00:00";"DF";20;6;"BRASILIA";"Manobra de mudança de faixa";"Colisão lateral mesmo sentido";"Com Vítimas Feridas";"Pleno dia";"Decrescente";"Céu Claro";"Dupla";"Reta";"Sim";3;0;3;0;0;0;3;2;-15,665888;-47,808308;"SPRF-DF";"DEL02-DF";"UOP01-DEL02-DF"
657849;2025-01-28;"terça-feira";"07:45:00";"PR";376;216,9;"JANDAIA DO SUL";"Desrespeitar a preferência no cruzamento";"Colisão transversal";"Com Vítimas Feridas";"Pleno dia";"Decrescente";"Nublado";"Simples";"Aclive;Interseção de Vias";"Sim";3;0;3;0;0;0;3;2;-23,59767281;-51,63339596;"SPRF-PR";"DEL09-PR";"UOP01-DEL09-PR"
657850;2025-01-28;"terça-feira";"08:50:00";"SC";101;207,9;"SAO JOSE";"Reação tardia ou ineficiente do condutor";"Colisão traseira";"Com Vítimas Feridas";"Pleno dia";"Crescente";"Nublado";"Múltipla";"Curva";"Sim";2;0;0;1;1;0;1;2;-27,60001226;-48,6226467;"SPRF-SC";"DEL01-SC";"UOP01-DEL01-SC"
657853;2025-01-24;"sexta-feira";"22:30:00";"RJ";356;134;"CAMPOS DOS GOYTACAZES";"Pedestre andava na pista";"Atropelamento de Pedestre";"Com Vítimas Feridas";"Plena Noite";"Crescente";"Céu Claro";"Simples";"Interseção de Vias;Reta";"Sim";3;0;1;2;0;0;3;2;-21,72679391;-41,34758482;"SPRF-RJ";"DEL08-RJ";"UOP01-DEL08-RJ"
657854;2025-01-28;"terça-feira";"07:40:00";"SC";101;112,2;"ITAJAI";"Ausência de reação do condutor";"Colisão lateral mesmo sentido";"Com Vítimas Feridas";"Pleno dia";"Crescente";"Nublado";"Dupla";"Reta";"Não";2;0;1;0;1;0;1;2;-26,84589005;-48,72131295;"SPRF-SC";"DEL04-SC";"UOP04-DEL04-SC"
657855;2025-01-28;"terça-feira";"08:42:00";"PR";272;367,9;"CAMPO MOURAO";"Reação tardia ou ineficiente do condutor";"Colisão com objeto";"Com Vítimas Feridas";"Pleno dia";"Crescente";"Céu Claro";"Dupla";"Reta";"Sim";2;0;1;0;0;1;1;2;-24,05398844;-52,40924835;"SPRF-PR";"DEL09-PR";"UOP03-DEL09-PR"
657860;2025-01-28;"terça-feira";"07:40:00";"SC";282;573;"NOVA ERECHIM";"Acessar a via sem observar a presença dos outros veículos";"Colisão transversal";"Com Vítimas Feridas";"Pleno dia";"Crescente";"Céu Claro";"Simples";"Reta";"Não";2;0;0;1;1;0;1;2;-26,872942;-52,956654;"SPRF-SC";"DEL07-SC";"UOP02-DEL07-SC"
657861;2025-01-28;"terça-feira";"10:00:00";"RS";290;409,2;"SANTA MARGARIDA DO SUL";"Acessar a via sem observar a presença dos outros veículos";"Colisão transversal";"Sem Vítimas";"Pleno dia";"Decrescente";"Sol";"Simples";"Reta";"Não";6;0;0;0;6;0;0;2;-30,3650255;-54,24310684;"SPRF-RS";"DEL09-RS";"UOP02-DEL09-RS"
657862;2025-01-28;"terça-feira";"10:30:00";"SC";101;119,5;"ITAJAI";"Ausência de reação do condutor";"Colisão lateral mesmo sentido";"Com Vítimas Feridas";"Pleno dia";"Crescente";"Nublado";"Dupla";"Reta;Ponte";"Não";2;0;0;1;1;0;1;2;-26,9043179;-48,71555481;"SPRF-SC";"DEL04-SC";"UOP04-DEL04-SC"
657863;2025-01-28;"terça-feira";"07:55:00";"ES";262;134;"BREJETUBA";"Transitar na contramão";"Colisão frontal";"Com Vítimas Feridas";"Pleno dia";"Crescente";"Nevoeiro/Neblina";"Simples";"Curva";"Não";7;0;5;0;2;0;5;2;-20,24029105;-41,32539293;"SPRF-ES";"DEL01-ES";"UOP02-DEL01-ES"
657864;2025-01-28;"terça-feira";"10:40:00";"RS";116;247;"SAO LEOPOLDO";"Manobra de mudança de faixa";"Colisão lateral mesmo sentido";"Com Vítimas Feridas";"Pleno dia";"Decrescente";"Céu Claro";"Múltipla";"Reta";"Sim";2;0;1;0;1;0;1;2;-29,76733091;-51,1535296;"SPRF-RS";"DEL01-RS";"UOP02-DEL01-RS"
657865;2025-01-28;"terça-feira";"10:20:00";"RS";290;637,8;"URUGUAIANA";"Reação tardia ou ineficiente do condutor";"Colisão traseira";"Com Vítimas Feridas";"Pleno dia";"Crescente";"Céu Claro";"Simples";"Reta;Em Obras";"Não";9;0;0;1;8;0;1;2;-30,019506;-56,290599;"SPRF-RS";"DEL13-RS";"UOP02-DEL13-RS"
657867;2025-01-18;"sábado";"15:15:00";"PR";153;83;"CONSELHEIRO MAIRINCK";"Acumulo de água sobre o pavimento";"Saída de leito carroçável";"Com Vítimas Feridas";"Pleno dia";"Crescente";"Nublado";"Simples";"Reta";"Não";5;0;5;0;0;0;5;1;-23,6302471;-50,14830773;"SPRF-PR";"DEL07-PR";"UOP04-DEL07-PR"