"id";"data_inversa";"dia_semana";"horario";"uf";"br";"km";"municipio";"causa_acidente";"tipo_acidente";"classificacao_acidente";"fase_dia";"sentido_via";"condicao_metereologica";"tipo_pista";"tracado_via";"uso_solo";"pessoas";"mortos";"feridos_leves";"feridos_graves";"ilesos";"ignorados";"feridos";"veiculos";"latitude";"longitude";"regional";"delegacia";"uop"
658257;2025-01-30;"quinta-feira";"15:30:00";"PE";424;57;"CAETES";"Transitar na contramão";"Colisão frontal";"Com Vítimas Feridas";"Pleno dia";"Decrescente";"Céu Claro";"Simples";"Reta";"Não";2;0;1;1;0;0;2;2;-8,73585768;-36,72797593;"SPRF-PE";"DEL03-PE";"UOP01-DEL03-PE"
658258;2025-01-30;"quinta-feira";"16:20:00";"BA";235;350;"JUAZEIRO";"Acesso irregular";"Colisão transversal";"Sem Vítimas";"Pleno dia";"Crescente";"Céu Claro";"Dupla";"Reta";"Sim";2;0;0;0;2;0;0;2;-9,428865;-40,50411;"SPRF-PE";"DEL06-PE";"UOP01-DEL06-PE"
658260;2025-01-30;"quinta-feira";"14:30:00";"SC";101;436,8;"SOMBRIO";"Acessar a via sem observar a presença dos outros veículos";"Colisão transversal";"Com Vítimas Feridas";"Pleno dia";"Decrescente";"Garoa/Chuvisco";"Simples";"Reta;Interseção de Vias;Viaduto;Declive";"Não";2;0;1;0;1;0;1;2;-29,121432;-49,642754;"SPRF-SC";"DEL02-SC";"UOP02-DEL02-SC"
658263;2025-01-30;"quinta-feira";"16:40:00";"PB";230;12;"CABEDELO";"Animais na Pista";"Atropelamento de Animal";"Com Vítimas Feridas";"Anoitecer";"Crescente";"Céu Claro";"Dupla";"Reta";"Sim";2;0;2;0;0;0;2;1;-7,068;-34,85;"SPRF-PB";"DEL01-PB";"UOP01-DEL01-PB"
658264;2025-01-30;"quinta-feira";"17:10:00";"MG";381;793;"SAO GONCALO DO SAPUCAI";"Velocidade Incompatível";"Saída de leito carroçável";"Com Vítimas Feridas";"Pleno dia";"Crescente";"Chuva";"Dupla";"Reta";"Não";2;0;2;0;0;0;2;1;-21,92033716;-45,60985394;"SPRF-MG";"DEL16-MG";"UOP02-DEL16-MG"
658265;2025-01-30;"quinta-feira";"17:20:00";"BA";116;415;"FEIRA DE SANTANA";"Acessar a via sem observar a presença dos outros veículos";"Colisão traseira";"Com Vítimas Feridas";"Pleno dia";"Decrescente";"Céu Claro";"Dupla";"Reta";"Sim";4;0;0;2;2;0;2;2;-12,159639;-38,9648641;"SPRF-BA";"DEL02-BA";"UOP01-DEL02-BA"
658266;2025-01-30;"quinta-feira";"17:20:00";"MG";40;824,9;"SIMAO PEREIRA";"Ausência de reação do condutor";"Saída de leito carroçável";"Com Vítimas Feridas";"Pleno dia";"Crescente";"Chuva";"Dupla";"Declive;Curva";"Não";1;0;1;0;0;0;1;1;-21,989844;-43,284436;"SPRF-MG";"DEL05-MG";"UOP01-DEL05-MG"
658267;2025-01-30;"quinta-feira";"17:11:00";"PB";230;16,7;"JOAO PESSOA";"Condutor deixou de manter distância do veículo da frente";"Colisão traseira";"Com Vítimas Feridas";"Pleno dia";"Decrescente";"Céu Claro";"Dupla";"Reta;Aclive";"Sim";3;0;1;0;2;0;1;3;-7,1039;-34,8458;"SPRF-PB";"DEL01-PB";"UOP01-DEL01-PB"
658272;2025-01-30;"quinta-feira";"17:15:00";"DF";40;7;"BRASILIA";"Acessar a via sem observar a presença dos outros veículos";"Atropelamento de Pedestre";"Com Vítimas Feridas";"Pleno dia";"Crescente";"Céu Claro";"Dupla";"Reta";"Sim";2;0;0;1;1;0;1;2;-16,038666;-47,979691;"SPRF-DF";"DEL01-DF";"UOP01-DEL01-DF"
658273;2025-01-30;"quinta-feira";"16:20:00";"SC";282;3,1;"FLORIANOPOLIS";"Reação tardia ou ineficiente do condutor";"Colisão lateral mesmo sentido";"Com Vítimas Feridas";"Pleno dia";"Crescente";"Céu Claro";"Múltipla";"Reta";"Sim";2;0;1;0;1;0;1;2;-27,600384;-48,599705;"SPRF-SC";"DEL01-SC";"UOP01-DEL01-SC"
658274;2025-01-30;"quinta-feira";"18:15:00";"MG";354;753,2;"ITAMONTE";"Manobra de mudança de faixa";"Colisão transversal";"Com Vítimas Feridas";"Anoitecer";"Crescente";"Chuva";"Simples";"Reta";"Sim";2;0;1;0;1;0;1;2;-22,30074263;-44,86208652;"SPRF-MG";"DEL17-MG";"UOP01-DEL17-MG"
658278;2025-01-30;"quinta-feira";"17:55:00";"RJ";493;0;"ITABORAI";"Conversão proibida";"Colisão lateral mesmo sentido";"Com Vítimas Feridas";"Pleno dia";"Crescente";"Garoa/Chuvisco";"Dupla";"Reta";"Não";3;0;1;0;2;0;1;2;-22,77062;-42,92223;"SPRF-RJ";"DEL02-RJ";"UOP02-DEL02-RJ"
658279;2025-01-30;"quinta-feira";"14:49:00";"RO";364;329;"PRESIDENTE MEDICI";"Ausência de reação do condutor";"Saída de leito carroçável";"Com Vítimas Feridas";"Pleno dia";"Decrescente";"Céu Claro";"Dupla";"Reta";"Não";2;0;1;0;1;0;1;1;-10,99369301;-61,91698046;"SPRF-RO";"DEL02-RO";"UOP01-DEL02-RO"
658281;2025-01-30;"quinta-feira";"18:30:00";"RS";392;16;"RIO GRANDE";"Ultrapassagem Indevida";"Queda de ocupante de veículo";"Com Vítimas Feridas";"Pleno dia";"Decrescente";"Céu Claro";"Simples";"Curva;Aclive";"Não";1;0;1;0;0;0;1;1;-32,1024397;-52,16347437;"SPRF-RS";"DEL07-RS";"UOP02-DEL07-RS"
658282;2025-01-30;"quinta-feira";"18:30:00";"SC";282;211,9;"LAGES";"Ausência de reação do condutor";"Colisão traseira";"Com Vítimas Feridas";"Anoitecer";"Crescente";"Céu Claro";"Simples";"Reta";"Não";5;0;1;0;4;0;1;2;-27,780222;-50,241741;"SPRF-SC";"DEL05-SC";"UOP01-DEL05-SC"
658284;2025-01-30;"quinta-feira";"18:50:00";"PB";230;21;"JOAO PESSOA";"Ausência de reação do condutor";"Colisão traseira";"Com Vítimas Feridas";"Plena Noite";"Decrescente";"Céu Claro";"Dupla";"Reta";"Sim";2;0;1;0;1;0;1;2;-7,1415;-34,8519;"SPRF-PB";"DEL01-PB";"UOP01-DEL01-PB"
658285;2025-01-30;"quinta-feira";"13:50:00";"RJ";101;88;"CAMPOS DOS GOYTACAZES";"Ausência de reação do condutor";"Saída de leito carroçável";"Com Vítimas Fatais";"Pleno dia";"Decrescente";"Céu Claro";"Dupla";"Curva";"Não";2;1;0;0;1;0;0;1;-21,83540825;-41,50312901;"SPRF-RJ";"DEL08-RJ";"UOP02-DEL08-RJ"
658286;2025-01-30;"quinta-feira";"14:30:00";"RJ";116;180;"NOVA IGUACU";"Ausência de reação do condutor";"Colisão traseira";"Com Vítimas Feridas";"Pleno dia";"Crescente";"Céu Claro";"Dupla";"Reta";"Sim";2;0;1;0;1;0;1;2;-22,7651616;-43,4154728;"SPRF-RJ";"DEL06-RJ";"UOP01-DEL06-RJ"
658287;2025-01-30;"quinta-feira";"17:30:00";"RJ";116;263,6;"VOLTA REDONDA";"Chuva";"Queda de ocupante de veículo";"Com Vítimas Feridas";"Anoitecer";"Crescente";"Chuva";"Dupla";"Reta";"Não";1;0;1;0;0;0;1;1;-22,59220328;-44,06782285;"SPRF-RJ";"DEL07-RJ";"UOP02-DEL07-RJ"
658288;2025-01-30;"quinta-feira";"17:45:00";"SC";101;206,1;"SAO JOSE";"Reação tardia ou ineficiente do condutor";"Colisão lateral mesmo sentido";"Com Vítimas Feridas";"Pleno dia";"Decrescente";"Nublado";"Múltipla";"Reta";"Sim";3;0;1;0;0;2;1;3;-27,59193546;-48,61824557;"SPRF-SC";"DEL01-SC";"UOP01-DEL01-SC"
658289;2025-01-30;"quinta-feira";"19:05:00";"SC";101;118,1;"ITAJAI";"Reação tardia ou ineficiente do condutor";"Colisão lateral mesmo sentido";"Com Vítimas Feridas";"Plena Noite";"Decrescente";"Céu Claro";"Múltipla";"Reta";"Sim";2;0;1;0;1;0;1;2;-26,895859;-48,71903;"SPRF-SC";"DEL04-SC";"UOP04-DEL04-SC"
658296;2025-01-30;"quinta-feira";"18:20:00";"PR";476;119;"COLOMBO";"Redutor de velocidade em desacordo";"Tombamento";"Com Vítimas Feridas";"Anoitecer";"Decrescente";"Garoa/Chuvisco";"Múltipla";"Declive;Reta";"Sim";1;0;1;0;0;0;1;1;-25,364202;-49,185825;"SPRF-PR";"DEL01-PR";"UOP01-DEL01-PR"
658297;2025-01-30;"quinta-feira";"17:05:00";"MS";163;380;"NOVA ALVORADA DO SUL";"Ausência de reação do condutor";"Saída de leito carroçável";"Sem Vítimas";"Pleno dia";"Crescente";"Sol";"Simples";"Reta";"Não";1;0;0;0;1;0;0;1;-21,34034796;-54,41994981;"SPRF-MS";"DEL02-MS";"UOP01-DEL02-MS"
658298;2025-01-30;"quinta-feira";"19:30:00";"PR";277;34;"MORRETES";"Reação tardia ou ineficiente do condutor";"Colisão lateral mesmo sentido";"Com Vítimas Feridas";"Plena Noite";"Crescente";"Chuva";"Dupla";"Curva;Declive";"Sim";5;0;4;0;1;0;4;1;-25,547373;-48,790559;"SPRF-PR";"DEL01-PR";"UOP05-DEL01-PR"
658300;2025-01-30;"quinta-feira";"21:00:00";"SE";101;196;"CRISTINAPOLIS";"Demais falhas na via";"Queda de ocupante de veículo";"Com Vítimas Feridas";"Plena Noite";"Decrescente";"Céu Claro";"Simples";"Aclive";"Não";2;0;2;0;0;0;2;1;-11,46225469;-37,74281194;"SPRF-SE";"DEL02-SE";"UOP03-DEL02-SE"
658301;2025-01-30;"quinta-feira";"20:45:00";"RS";392;58,4;"RIO GRANDE";"Afundamento ou ondulação no pavimento";"Queda de ocupante de veículo";"Com Vítimas Feridas";"Plena Noite";"Decrescente";"Ignorado";"Dupla";"Curva";"Não";1;0;1;0;0;0;1;1;-31,79841635;-52,33697925;"SPRF-RS";"DEL07-RS";"UOP02-DEL07-RS"
658302;2025-01-30;"quinta-feira";"18:20:00";"CE";230;81,5;"VARZEA ALEGRE";"Ausência de reação do condutor";"Colisão traseira";"Com Vítimas Fatais";"Plena Noite";"Decrescente";"Céu Claro";"Simples";"Reta";"Sim";3;1;0;0;2;0;0;2;-6,7922524;-39,3079452;"SPRF-CE";"DEL05-CE";"UOP01-DEL05-CE"
658303;2025-01-30;"quinta-feira";"20:45:00";"PA";10;217;"IPIXUNA DO PARA";"Acessar a via sem observar a presença dos outros veículos";"Colisão traseira";"Com Vítimas Feridas";"Plena Noite";"Crescente";"Garoa/Chuvisco";"Simples";"Reta;Aclive";"Não";3;0;1;0;2;0;1;2;-2,53902584;-47,49819061;"SPRF-PA";"DEL02-PA";"UOP01-DEL02-PA"
658304;2025-01-30;"quinta-feira";"21:00:00";"RJ";101;326;"RIO DE JANEIRO";"Ausência de reação do condutor";"Colisão traseira";"Com Vítimas Feridas";"Plena Noite";"Decrescente";"Garoa/Chuvisco";"Dupla";"Reta;Ponte;Aclive";"Não";3;0;2;0;1;0;2;2;-22,87206203;-43,146105;"SPRF-RJ";"DEL02-RJ";"UOP01-DEL02-RJ"
658308;2025-01-30;"quinta-feira";"22:30:00";"SC";101;211,9;"PALHOCA";"Manobra de mudança de faixa";"Colisão traseira";"Com Vítimas Feridas";"Plena Noite";"Decrescente";"Céu Claro";"Múltipla";"Reta";"Sim";5;0;0;3;2;0;3;3;-27,62329313;-48,65245588;"SPRF-SC";"DEL01-SC";"UOP02-DEL01-SC"
658309;2025-01-30;"quinta-feira";"12:00:00";"MA";222;614;"ACAILANDIA";"Chuva";"Saída de leito carroçável";"Com Vítimas Feridas";"Pleno dia";"Crescente";"Chuva";"Simples";"Declive;Curva";"Não";1;0;0;1;0;0;1;1;-4,71079697;-46,99909403;"SPRF-MA";"DEL04-MA";"UOP03-DEL04-MA"
658310;2025-01-15;"quarta-feira";"18:20:00";"BA";324;618;"SALVADOR";"Demais falhas mecânicas ou elétricas";"Incêndio";"Sem Vítimas";"Plena Noite";"Crescente";"Céu Claro";"Múltipla";"Reta";"Sim";1;0;0;0;1;0;0;1;-12,891109;-38,445374;"SPRF-BA";"DEL01-BA";"UOP01-DEL01-BA"
658311;2025-01-30;"quinta-feira";"22:30:00";"PA";316;56;"CASTANHAL";"Reação tardia ou ineficiente do condutor";"Capotamento";"Com Vítimas Feridas";"Plena Noite";"Crescente";"Nublado";"Dupla";"Aclive;Reta";"Sim";3;0;2;0;0;1;2;1;-1,30296976;-47,99063907;"SPRF-PA";"DEL01-PA";"UOP01-DEL01-PA"
658315;2025-01-30;"quinta-feira";"23:31:00";"PE";232;16;"JABOATAO DOS GUARARAPES";"Demais falhas mecânicas ou elétricas";"Incêndio";"Sem Vítimas";"Plena Noite";"Crescente";"Céu Claro";"Simples";"Reta";"Não";1;0;0;0;1;0;0;1;-8,0639684;-34,9447324;"SPRF-PE";"DEL01-PE";"UOP01-DEL01-PE"
658317;2025-01-30;"quinta-feira";"22:50:00";"RJ";116;248;"PIRAI";"Pedestre cruzava a pista fora da faixa";"Atropelamento de Pedestre";"Com Vítimas Fatais";"Plena Noite";"Decrescente";"Chuva";"Dupla";"Curva;Aclive";"Não";2;1;0;0;0;1;0;2;-22,59976123;-43,94042912;"SPRF-RJ";"DEL07-RJ";"UOP01-DEL07-RJ"
658318;2025-01-31;"sexta-feira";"00:20:00";"RJ";40;34;"TRES RIOS";"Pista Escorregadia";"Tombamento";"Com Vítimas Feridas";"Plena Noite";"Decrescente";"Chuva";"Simples";"Curva";"Não";5;0;4;0;1;0;4;1;-22,20122568;-43,14116761;"SPRF-RJ";"DEL05-RJ";"UOP02-DEL05-RJ"
658319;2025-01-31;"sexta-feira";"01:00:00";"MG";50;47,2;"ARAGUARI";"Chuva";"Saída de leito carroçável";"Com Vítimas Feridas";"Plena Noite";"Decrescente";"Chuva";"Dupla";"Reta;Aclive";"Não";1;0;1;0;0;0;1;1;-18,7324837642;-48,2105376385;"SPRF-MG";"DEL15-MG";"UOP02-DEL15-MG"
658321;2025-01-31;"sexta-feira";"01:48:00";"AL";104;53;"MURICI";"Animais na Pista";"Atropelamento de Animal";"Com Vítimas Feridas";"Plena Noite";"Decrescente";"Céu Claro";"Simples";"Reta";"Não";2;0;1;0;1;0;1;1;-9,2654778;-35,96476362;"SPRF-AL";"DEL01-AL";"UOP02-DEL01-AL"
658322;2025-01-31;"sexta-feira";"02:40:00";"RN";101;80,6;"NATAL";"Desrespeitar a preferência no cruzamento";"Colisão transversal";"Com Vítimas Feridas";"Plena Noite";"Crescente";"Céu Claro";"Dupla";"Rotatória";"Não";3;0;0;2;0;1;2;2;-5,75852229;-35,28806121;"SPRF-RN";"DEL02-RN";"UOP01-DEL02-RN"
658323;2025-01-31;"sexta-feira";"02:20:00";"SP";116;291,9;"ITAPECERICA DA SERRA";"Chuva";"Colisão com objeto";"Com Vítimas Feridas";"Plena Noite";"Decrescente";"Chuva";"Dupla";"Retorno Regulamentado";"Não";3;0;1;0;2;0;1;1;-23,73826593;-46,89672721;"SPRF-SP";"DEL04-SP";"UOP01-DEL04-SP"
658324;2025-01-31;"sexta-feira";"03:30:00";"RJ";101;309;"SAO GONCALO";"Condutor deixou de manter distância do veículo da frente";"Colisão traseira";"Com Vítimas Feridas";"Plena Noite";"Crescente";"Garoa/Chuvisco";"Dupla";"Reta";"Sim";3;0;2;0;1;0;2;2;-22,79498873;-43,03446105;"SPRF-RJ";"DEL02-RJ";"UOP02-DEL02-RJ"
658327;2025-01-31;"sexta-feira";"04:50:00";"ES";101;151;"LINHARES";"Condutor deixou de manter distância do veículo da frente";"Colisão traseira";"Com Vítimas Feridas";"Pleno dia";"Crescente";"Céu Claro";"Simples";"Reta";"Não";3;0;2;0;1;0;2;2;-19,41156656;-40,06592463;"SPRF-ES";"DEL04-ES";"UOP01-DEL04-ES"
658328;2025-01-31;"sexta-feira";"04:50:00";"RN";101;164,6;"CANGUARETAMA";"Manobra de mudança de faixa";"Colisão traseira";"Com Vítimas Feridas";"Amanhecer";"Crescente";"Céu Claro";"Dupla";"Reta;Em Obras;Ponte";"Não";3;0;0;1;2;0;1;3;-6,40133392;-35,13530586;"SPRF-RN";"DEL01-RN";"UOP01-DEL01-RN"
658329;2025-01-31;"sexta-feira";"05:40:00";"RN";226;0;"NATAL";"Acessar a via sem observar a presença dos outros veículos";"Colisão transversal";"Com Vítimas Feridas";"Amanhecer";"Crescente";"Céu Claro";"Simples";"Rotatória";"Sim";3;0;1;0;2;0;1;2;-5,80144;-35,238165;"SPRF-RN";"DEL01-RN";"UOP02-DEL01-RN"
658332;2025-01-30;"quinta-feira";"16:40:00";"MG";116;606,2;"SAO JOAO DO MANHUACU";"Ausência de reação do condutor";"Tombamento";"Com Vítimas Feridas";"Pleno dia";"Crescente";"Céu Claro";"Simples";"Rotatória;Reta";"Não";1;0;0;1;0;0;1;1;-20,378722;-42,14721389;"SPRF-MG";"DEL06-MG";"UOP03-DEL06-MG"
658336;2025-01-31;"sexta-feira";"06:00:00";"AL";110;5;"DELMIRO GOUVEIA";"Condutor Dormindo";"Saída de leito carroçável";"Com Vítimas Feridas";"Pleno dia";"Decrescente";"Céu Claro";"Simples";"Reta";"Não";2;0;1;0;1;0;1;1;-9,33568084;-38,1846145;"SPRF-BA";"DEL07-BA";"UOP01-DEL07-BA"
658338;2025-01-31;"sexta-feira";"03:15:00";"SP";116;545;"BARRA DO TURVO";"Reação tardia ou ineficiente do condutor";"Capotamento";"Sem Vítimas";"Plena Noite";"Crescente";"Garoa/Chuvisco";"Simples";"Declive;Curva";"Não";1;0;0;0;0;1;0;1;-24,95016699;-48,42400302;"SPRF-SP";"DEL05-SP";"UOP02-DEL05-SP"
658339;2025-01-31;"sexta-feira";"07:15:00";"BA";116;24;"VITORIA DA CONQUISTA";"Acessar a via sem observar a presença dos outros veículos";"Colisão lateral mesmo sentido";"Sem Vítimas";"Pleno dia";"Crescente";"Céu Claro";"Simples";"Curva";"Sim";2;0;0;0;2;0;0;2;-14,864315;-40,799756;"SPRF-BA";"DEL08-BA";"UOP01-DEL08-BA"
658341;2025-01-30;"quinta-feira";"20:08:00";"BA";101;682;"ITAGIMIRIM";"Acessar a via sem observar a presença dos outros veículos";"Colisão lateral mesmo sentido";"Sem Vítimas";"Plena Noite";"Crescente";"Céu Claro";"Simples";"Declive;Reta";"Não";3;0;0;0;2;1;0;2;-16,099488;-39,613962;"SPRF-BA";"DEL09-BA";"UOP03-DEL09-BA"
658343;2025-01-31;"sexta-feira";"07:00:00";"MG";381;646,5;"SANTO ANTONIO DO AMPARO";"Reação tardia ou ineficiente do condutor";"Colisão com objeto";"Com Vítimas Feridas";"Pleno dia";"Crescente";"Nublado";"Dupla";"Curva";"Não";5;0;1;0;4;0;1;1;-20,94561;-44,88134;"SPRF-MG";"DEL04-MG";"UOP02-DEL04-MG"
658344;2025-01-31;"sexta-feira";"07:30:00";"MG";251;512,9;"MONTES CLAROS";"Pista Escorregadia";"Saída de leito carroçável";"Com Vítimas Feridas";"Amanhecer";"Decrescente";"Nublado";"Simples";"Reta";"Não";1;0;1;0;0;0;1;1;-16,6553239;-43,71906108;"SPRF-MG";"DEL12-MG";"UOP01-DEL12-MG"
658346;2025-01-31;"sexta-feira";"06:50:00";"MS";163;223;"CAARAPO";"Neblina";"Tombamento";"Com Vítimas Feridas";"Pleno dia";"Crescente";"Nevoeiro/Neblina";"Simples";"Declive";"Não";1;0;0;1;0;0;1;1;-22,51758799;-54,86012799;"SPRF-MS";"DEL04-MS";"UOP02-DEL04-MS"
658348;2025-01-31;"sexta-feira";"08:00:00";"MG";40;516;"RIBEIRAO DAS NEVES";"Acessar a via sem observar a presença dos outros veículos";"Colisão lateral mesmo sentido";"Com Vítimas Feridas";"Pleno dia";"Crescente";"Céu Claro";"Dupla";"Reta";"Sim";2;0;1;0;1;0;1;2;-19,81628624;-44,08960124;"SPRF-MG";"DEL01-MG";"UOP02-DEL01-MG"
658350;2025-01-31;"sexta-feira";"08:05:00";"PB";230;10,6;"CABEDELO";"Acostamento em desnível";"Tombamento";"Com Vítimas Feridas";"Pleno dia";"Decrescente";"Céu Claro";"Dupla";"Em Obras;Reta";"Sim";2;0;1;0;1;0;1;1;-7,0514;-34,8499;"SPRF-PB";"DEL01-PB";"UOP01-DEL01-PB"
658351;2025-01-31;"sexta-feira";"07:15:00";"PR";369;130;"JATAIZINHO";"Condutor Dormindo";"Colisão com objeto";"Com Vítimas Feridas";"Pleno dia";"Crescente";"Nublado";"Dupla";"Reta";"Sim";1;0;1;0;0;0;1;1;-23,25739663;-50,98498208;"SPRF-PR";"DEL07-PR";"UOP01-DEL07-PR"
658352;2025-01-31;"sexta-feira";"00:45:00";"PA";163;644;"ITAITUBA";"Animais na Pista";"Atropelamento de Animal";"Sem Vítimas";"Plena Noite";"Decrescente";"Céu Claro";"Simples";"Reta;Declive";"Não";2;0;0;0;2;0;0;1;-4,55704148;-55,92057324;"SPRF-PA";"DEL05-PA";"UOP02-DEL05-PA"
658353;2025-01-31;"sexta-feira";"07:30:00";"RJ";40;100;"DUQUE DE CAXIAS";"Acumulo de areia ou detritos sobre o pavimento";"Tombamento";"Com Vítimas Feridas";"Pleno dia";"Decrescente";"Nublado";"Simples";"Curva;Aclive";"Sim";4;0;2;0;2;0;2;1;-22,59404803;-43,28079889;"SPRF-RJ";"DEL01-RJ";"UOP01-DEL01-RJ"
658354;2025-01-31;"sexta-feira";"08:11:00";"DF";20;12;"BRASILIA";"Chuva";"Queda de ocupante de veículo";"Com Vítimas Feridas";"Pleno dia";"Decrescente";"Chuva";"Dupla";"Reta";"Sim";1;0;1;0;0;0;1;1;-15,642812;-47,757786;"SPRF-DF";"DEL02-DF";"UOP01-DEL02-DF"
658355;2025-01-31;"sexta-feira";"07:50:00";"SC";101;329,7;"TUBARAO";"Condutor deixou de manter distância do veículo da frente";"Colisão traseira";"Com Vítimas Feridas";"Pleno dia";"Crescente";"Nublado";"Dupla";"Reta";"Sim";2;0;1;0;1;0;1;2;-28,45455919;-48,97907317;"SPRF-SC";"DEL02-SC";"UOP01-DEL02-SC"
658357;2025-01-31;"sexta-feira";"08:40:00";"SC";470;52;"BLUMENAU";"Acessar a via sem observar a presença dos outros veículos";"Colisão transversal";"Com Vítimas Feridas";"Pleno dia";"Decrescente";"Nublado";"Simples";"Retorno Regulamentado;Interseção de Vias";"Não";2;0;1;0;1;0;1;2;-26,862286;-49,093903;"SPRF-SC";"DEL04-SC";"UOP01-DEL04-SC"
658360;2025-01-31;"sexta-feira";"08:00:00";"RJ";116;145;"DUQUE DE CAXIAS";"Transitar na contramão";"Colisão frontal";"Com Vítimas Feridas";"Pleno dia";"Decrescente";"Céu Claro";"Dupla";"Reta";"Sim";2;0;0;1;1;0;1;2;-22,66237951;-43,25529831;"SPRF-RJ";"DEL01-RJ";"UOP02-DEL01-RJ"
658361;2025-01-06;"segunda-feira";"10:20:00";"RS";158;333;"SANTA MARIA";"Frear bruscamente";"Tombamento";"Com Vítimas Feridas";"Pleno dia";"Crescente";"Céu Claro";"Dupla";"Rotatória";"Não";3;0;1;0;0;2;1;2;-29,70846948;-53,86426102;"SPRF-RS";"DEL09-RS";"UOP01-DEL09-RS"
658362;2025-01-31;"sexta-feira";"08:00:00";"PR";476;161;"ARAUCARIA";"Condutor deixou de manter distância do veículo da frente";"Colisão traseira";"Com Vítimas Feridas";"Pleno dia";"Decrescente";"Nublado";"Simples";"Reta";"Não";2;0;0;1;1;0;1;2;-25,622871;-49,447582;"SPRF-PR";"DEL01-PR";"UOP06-DEL01-PR"
658363;2025-01-31;"sexta-feira";"08:20:00";"GO";414;375;"COCALZINHO DE GOIAS";"Avarias e/ou desgaste excessivo no pneu";"Saída de leito carroçável";"Sem Vítimas";"Pleno dia";"Crescente";"Céu Claro";"Dupla";"Reta";"Sim";1;0;0;0;0;1;0;1;-15,80962599;-48,78235438;"SPRF-GO";"DEL02-GO";"UOP01-DEL02-GO"
658364;2025-01-31;"sexta-feira";"09:00:00";"MG";381;794;"SAO GONCALO DO SAPUCAI";"Velocidade Incompatível";"Saída de leito carroçável";"Com Vítimas Feridas";"Pleno dia";"Crescente";"Nublado";"Dupla";"Curva";"Não";1;0;1;0;0;0;1;1;-21,92913899;-45,61170907;"SPRF-MG";"DEL16-MG";"UOP02-DEL16-MG"
658365;2025-01-31;"sexta-feira";"04:30:00";"MT";163;888;"CLAUDIA";"Ausência de reação do condutor";"Colisão com objeto";"Com Vítimas Feridas";"Amanhecer";"Crescente";"Nublado";"Simples";"Reta";"Não";1;0;1;0;0;0;1;1;-11,41449258;-55,35006523;"SPRF-MT";"DEL06-MT";"UOP02-DEL06-MT"
658369;2025-01-31;"sexta-feira";"08:30:00";"MG";116;267,8;"TEOFILO OTONI";"Estacionar ou parar em local proibido";"Colisão traseira";"Com Vítimas Feridas";"Pleno dia";"Decrescente";"Sol";"Simples";"Aclive;Curva";"Não";2;0;0;1;1;0;1;2;-17,77862602;-41,49956897;"SPRF-MG";"DEL11-MG";"UOP01-DEL11-MG"
658370;2025-01-31;"sexta-feira";"09:50:00";"SC";282;19,7;"PALHOCA";"Reação tardia ou ineficiente do condutor";"Colisão traseira";"Com Vítimas Feridas";"Pleno dia";"Crescente";"Céu Claro";"Simples";"Reta";"Sim";2;0;1;0;1;0;1;2;-27,678635;-48,70192;"SPRF-SC";"DEL01-SC";"UOP02-DEL01-SC"
658371;2025-01-31;"sexta-feira";"07:30:00";"RS";290;391;"SANTA MARGARIDA DO SUL";"Ausência de reação do condutor";"Saída de leito carroçável";"Com Vítimas Feridas";"Pleno dia";"Decrescente";"Céu Claro";"Simples";"Reta";"Não";2;0;1;0;1;0;1;1;-30,33931347;-54,06172514;"SPRF-RS";"DEL09-RS";"UOP02-DEL09-RS"
658372;2025-01-31;"sexta-feira";"07:00:00";"RJ";393;282;"VOLTA REDONDA";"Ausência de reação do condutor";"Saída de leito carroçável";"Com Vítimas Fatais";"Amanhecer";"Crescente";"Céu Claro";"Simples";"Reta";"Sim";1;1;0;0;0;0;0;1;-22,48082784;-44,04047201;"SPRF-RJ";"DEL05-RJ";"UOP04-DEL05-RJ"
658373;2025-01-20;"segunda-feira";"05:00:00";"PR";163;141;"CAPITAO LEONIDAS MARQUES";"Reação tardia ou ineficiente do condutor";"Saída de leito carroçável";"Com Vítimas Feridas";"Amanhecer";"Decrescente";"Céu Claro";"Dupla";"Reta;Viaduto";"Não";1;0;1;0;0;0;1;1;-25,49094155;-53,59476776;"SPRF-PR";"DEL05-PR";"UOP05-DEL05-PR"
658374;2025-01-31;"sexta-feira";"10:11:00";"PE";101;46;"IGARASSU";"Manobra de mudança de faixa";"Colisão traseira";"Com Vítimas Feridas";"Pleno dia";"Crescente";"Sol";"Múltipla";"Reta";"Sim";2;0;0;1;1;0;1;2;-7,86521297;-34,90715176;"SPRF-PE";"DEL01-PE";"UOP02-DEL01-PE"
658375;2025-01-31;"sexta-feira";"09:30:00";"RS";116;142;"CAXIAS DO SUL";"Acessar a via sem observar a presença dos outros veículos";"Colisão lateral mesmo sentido";"Sem Vítimas";"Pleno dia";"Decrescente";"Sol";"Dupla";"Interseção de Vias";"Sim";2;0;0;0;2;0;0;2;-29,11880874;-51,11702442;"SPRF-RS";"DEL05-RS";"UOP01-DEL05-RS"
658378;2025-01-31;"sexta-feira";"10:00:00";"MG";50;27,9;"ARAGUARI";"Velocidade Incompatível";"Saída de leito carroçável";"Com Vítimas Feridas";"Pleno dia";"Crescente";"Céu Claro";"Dupla";"Aclive;Reta";"Não";1;0;1;0;0;0;1;1;-18,61943321;-48,09375199;"SPRF-MG";"DEL15-MG";"UOP02-DEL15-MG"