"id";"data_inversa";"dia_semana";"horario";"uf";"br";"km";"municipio";"causa_acidente";"tipo_acidente";"classificacao_acidente";"fase_dia";"sentido_via";"condicao_metereologica";"tipo_pista";"tracado_via";"uso_solo";"pessoas";"mortos";"feridos_leves";"feridos_graves";"ilesos";"ignorados";"feridos";"veiculos";"latitude";"longitude";"regional";"delegacia";"uop"
658499;2025-01-31;"sexta-feira";"17:33:00";"RO";364;10;"VILHENA";"Acessar a via sem observar a presença dos outros veículos";"Colisão transversal";"Com Vítimas Feridas";"Pleno dia";"Decrescente";"Céu Claro";"Simples";"Reta";"Não";2;0;2;0;0;0;2;2;-12,75194006;-60,10600907;"SPRF-RO";"DEL04-RO";"UOP01-DEL04-RO"
658501;2025-01-31;"sexta-feira";"19:00:00";"PR";376;383,9;"IMBAU";"Velocidade Incompatível";"Colisão com objeto";"Com Vítimas Feridas";"Anoitecer";"Decrescente";"Chuva";"Dupla";"Curva;Declive";"Não";2;0;2;0;0;0;2;1;-24,43007005;-50,76607347;"SPRF-PR";"DEL03-PR";"UOP02-DEL03-PR"
658502;2025-01-31;"sexta-feira";"21:20:00";"MG";40;627,6;"CONSELHEIRO LAFAIETE";"Conversão proibida";"Colisão transversal";"Com Vítimas Feridas";"Plena Noite";"Crescente";"Garoa/Chuvisco";"Simples";"Reta";"Sim";2;0;0;1;1;0;1;2;-20,6447866;-43,81092424;"SPRF-MG";"DEL05-MG";"UOP02-DEL05-MG"
658503;2025-01-23;"quinta-feira";"15:15:00";"RS";285;131,4;"VACARIA";"Reação tardia ou ineficiente do condutor";"Colisão transversal";"Com Vítimas Feridas";"Pleno dia";"Crescente";"Céu Claro";"Simples";"Reta;Retorno Regulamentado";"Não";4;0;2;0;2;0;2;2;-28,442188;-50,996849;"SPRF-RS";"DEL05-RS";"UOP03-DEL05-RS"
658505;2025-01-31;"sexta-feira";"21:55:00";"RN";304;32;"MOSSORO";"Animais na Pista";"Atropelamento de Animal";"Com Vítimas Feridas";"Plena Noite";"Crescente";"Céu Claro";"Dupla";"Reta";"Não";2;0;1;0;0;1;1;1;-5,13471117;-37,34486327;"SPRF-RN";"DEL04-RN";"UOP02-DEL04-RN"
658506;2025-01-31;"sexta-feira";"19:00:00";"RO";364;342,8;"JI-PARANA";"Conversão proibida";"Colisão transversal";"Com Vítimas Feridas";"Plena Noite";"Crescente";"Céu Claro";"Dupla";"Aclive;Reta";"Sim";4;0;3;0;1;0;3;2;-10,878778;-61,94499;"SPRF-RO";"DEL02-RO";"UOP01-DEL02-RO"
658508;2025-01-31;"sexta-feira";"20:00:00";"SC";280;179,3;"MAFRA";"Ausência de reação do condutor";"Colisão traseira";"Sem Vítimas";"Plena Noite";"Decrescente";"Céu Claro";"Simples";"Declive;Reta";"Não";2;0;0;0;2;0;0;2;-26,17768641;-49,87831496;"SPRF-SC";"DEL06-SC";"UOP01-DEL06-SC"
658509;2025-01-31;"sexta-feira";"22:28:00";"SC";470;58;"BLUMENAU";"Transitar no Acostamento";"Colisão frontal";"Com Vítimas Feridas";"Plena Noite";"Crescente";"Céu Claro";"Simples";"Desvio Temporário;Em Obras";"Não";4;0;0;1;2;1;1;3;-26,883879;-49,145622;"SPRF-SC";"DEL04-SC";"UOP01-DEL04-SC"
658510;2025-01-31;"sexta-feira";"21:30:00";"MG";40;512;"RIBEIRAO DAS NEVES";"Demais falhas mecânicas ou elétricas";"Incêndio";"Sem Vítimas";"Plena Noite";"Crescente";"Céu Claro";"Dupla";"Reta";"Não";1;0;0;0;1;0;0;1;-19,78946999;-44,11290699;"SPRF-MG";"DEL01-MG";"UOP02-DEL01-MG"
658511;2025-01-31;"sexta-feira";"22:35:00";"PR";116;124;"FAZENDA RIO GRANDE";"Mal súbito do condutor";"Queda de ocupante de veículo";"Com Vítimas Feridas";"Plena Noite";"Decrescente";"Chuva";"Dupla";"Reta";"Não";1;0;1;0;0;0;1;1;-25,58620703;-49,31436887;"SPRF-PR";"DEL01-PR";"UOP03-DEL01-PR"
658512;2025-01-31;"sexta-feira";"21:50:00";"SP";116;144;"SAO JOSE DOS CAMPOS";"Reação tardia ou ineficiente do condutor";"Colisão traseira";"Com Vítimas Feridas";"Plena Noite";"Crescente";"Nublado";"Múltipla";"Reta;Aclive";"Sim";3;0;1;0;1;1;1;2;-23,18274416;-45,84633592;"SPRF-SP";"DEL02-SP";"UOP01-DEL02-SP"
658513;2025-01-31;"sexta-feira";"22:40:00";"PR";369;194;"ARAPONGAS";"Reação tardia ou ineficiente do condutor";"Colisão com objeto";"Com Vítimas Feridas";"Plena Noite";"Crescente";"Céu Claro";"Dupla";"Reta";"Sim";1;0;0;1;0;0;1;1;-23,47547575;-51,42368316;"SPRF-PR";"DEL07-PR";"UOP03-DEL07-PR"
658514;2025-01-31;"sexta-feira";"18:50:00";"RJ";101;333;"RIO DE JANEIRO";"Ausência de reação do condutor";"Queda de ocupante de veículo";"Com Vítimas Feridas";"Plena Noite";"Decrescente";"Chuva";"Múltipla";"Reta";"Não";1;0;1;0;0;0;1;1;-22,87827816;-43,21053578;"SPRF-RJ";"DEL02-RJ";"UOP01-DEL02-RJ"
658515;2025-01-31;"sexta-feira";"22:00:00";"MS";163;486;"CAMPO GRANDE";"Animais na Pista";"Atropelamento de Animal";"Com Vítimas Feridas";"Plena Noite";"Decrescente";"Chuva";"Dupla";"Reta";"Não";1;0;1;0;0;0;1;1;-20,4336361;-54,54376745;"SPRF-MS";"DEL01-MS";"UOP02-DEL01-MS"
658517;2025-01-31;"sexta-feira";"21:15:00";"MT";364;305,3;"JACIARA";"Acumulo de água sobre o pavimento";"Saída de leito carroçável";"Com Vítimas Feridas";"Plena Noite";"Decrescente";"Chuva";"Dupla";"Reta";"Não";5;0;4;1;0;0;5;1;-15,82596627;-55,1950521;"SPRF-MT";"DEL05-MT";"UOP02-DEL05-MT"
658518;2025-01-31;"sexta-feira";"23:00:00";"PB";230;153;"CAMPINA GRANDE";"Demais falhas na via";"Colisão frontal";"Com Vítimas Feridas";"Plena Noite";"Decrescente";"Céu Claro";"Simples";"Interseção de Vias;Rotatória;Desvio Temporário;Em Obras";"Não";2;0;0;1;1;0;1;2;-7,2763;-35,8887;"SPRF-PB";"DEL02-PB";"UOP01-DEL02-PB"
658520;2025-01-31;"sexta-feira";"23:15:00";"SC";470;322,8;"CAMPOS NOVOS";"Reação tardia ou ineficiente do condutor";"Saída de leito carroçável";"Sem Vítimas";"Plena Noite";"Decrescente";"Céu Claro";"Simples";"Reta";"Não";1;0;0;0;1;0;0;1;-27,429661;-51,243233;"SPRF-SC";"DEL07-SC";"UOP06-DEL07-SC"
658522;2025-02-01;"sábado";"00:10:00";"ES";101;66,5;"SAO MATEUS";"Reação tardia ou ineficiente do condutor";"Colisão lateral mesmo sentido";"Com Vítimas Feridas";"Plena Noite";"Decrescente";"Céu Claro";"Múltipla";"Reta";"Sim";2;0;1;0;1;0;1;2;-18,7165195;-39,87436378;"SPRF-ES";"DEL04-ES";"UOP02-DEL04-ES"
658523;2025-02-01;"sábado";"00:53:00";"TO";10;467;"PALMAS";"Ausência de reação do condutor";"Colisão traseira";"Com Vítimas Feridas";"Plena Noite";"Decrescente";"Céu Claro";"Múltipla";"Curva;Declive";"Não";4;0;1;0;3;0;1;2;-10,28275983;-48,29781044;"SPRF-TO";"DEL01-TO";"UOP03-DEL01-TO"
658524;2025-02-01;"sábado";"01:45:00";"CE";222;310;"TIANGUA";"Velocidade Incompatível";"Saída de leito carroçável";"Sem Vítimas";"Plena Noite";"Crescente";"Céu Claro";"Múltipla";"Reta";"Sim";1;0;0;0;0;1;0;1;-3,70670595;-40,97707006;"SPRF-CE";"DEL04-CE";"UOP02-DEL04-CE"
658526;2025-02-01;"sábado";"01:49:00";"SP";116;279;"EMBU DAS ARTES";"Reação tardia ou ineficiente do condutor";"Capotamento";"Sem Vítimas";"Plena Noite";"Crescente";"Garoa/Chuvisco";"Múltipla";"Reta";"Sim";1;0;0;0;0;1;0;1;-23,64135949;-46,83742046;"SPRF-SP";"DEL04-SP";"UOP01-DEL04-SP"
658527;2025-02-01;"sábado";"00:40:00";"SP";116;547;"BARRA DO TURVO";"Velocidade Incompatível";"Colisão com objeto";"Com Vítimas Feridas";"Plena Noite";"Crescente";"Chuva";"Simples";"Curva;Declive";"Não";3;0;1;0;2;0;1;1;-24,9503414;-48,4394088;"SPRF-SP";"DEL05-SP";"UOP02-DEL05-SP"
658530;2025-02-01;"sábado";"03:10:00";"SP";116;229;"SAO PAULO";"Ausência de reação do condutor";"Colisão com objeto";"Com Vítimas Feridas";"Plena Noite";"Crescente";"Chuva";"Dupla";"Reta;Em Obras";"Sim";1;0;1;0;0;0;1;1;-23,51291902;-46,57604698;"SPRF-SP";"DEL01-SP";"UOP01-DEL01-SP"
658533;2025-02-01;"sábado";"02:50:00";"SC";116;269;"CAPAO ALTO";"Reação tardia ou ineficiente do condutor";"Saída de leito carroçável";"Sem Vítimas";"Plena Noite";"Crescente";"Nublado";"Simples";"Reta";"Não";1;0;0;0;0;1;0;1;-27,9558374;-50,48358321;"SPRF-SC";"DEL05-SC";"UOP02-DEL05-SC"
658536;2025-02-01;"sábado";"04:30:00";"RS";285;122;"VACARIA";"Reação tardia ou ineficiente do condutor";"Colisão com objeto";"Sem Vítimas";"Amanhecer";"Crescente";"Céu Claro";"Simples";"Rotatória";"Sim";2;0;0;0;2;0;0;1;-28,505535;-50,944073;"SPRF-RS";"DEL05-RS";"UOP03-DEL05-RS"
658537;2025-02-01;"sábado";"03:40:00";"SC";470;14;"ILHOTA";"Ingestão de álcool pelo condutor";"Saída de leito carroçável";"Com Vítimas Feridas";"Plena Noite";"Decrescente";"Nublado";"Dupla";"Curva";"Não";1;0;1;0;0;0;1;1;-26,837988;-48,775795;"SPRF-SC";"DEL04-SC";"UOP04-DEL04-SC"
658538;2025-02-01;"sábado";"03:50:00";"RS";386;52,7;"SEBERI";"Reação tardia ou ineficiente do condutor";"Saída de leito carroçável";"Com Vítimas Feridas";"Plena Noite";"Decrescente";"Céu Claro";"Simples";"Reta";"Não";1;0;1;0;0;0;1;1;-27,508551;-53,381039;"SPRF-RS";"DEL08-RS";"UOP02-DEL08-RS"
658539;2025-02-01;"sábado";"05:00:00";"RJ";40;108;"DUQUE DE CAXIAS";"Reação tardia ou ineficiente do condutor";"Colisão com objeto";"Sem Vítimas";"Amanhecer";"Decrescente";"Chuva";"Dupla";"Reta";"Sim";1;0;0;0;1;0;0;1;-22,66476979;-43,28495144;"SPRF-RJ";"DEL01-RJ";"UOP02-DEL01-RJ"
658540;2025-02-01;"sábado";"05:05:00";"SC";101;37;"JOINVILLE";"Animais na Pista";"Atropelamento de Animal";"Com Vítimas Feridas";"Amanhecer";"Crescente";"Chuva";"Dupla";"Reta";"Sim";1;0;1;0;0;0;1;1;-26,25050176;-48,90863867;"SPRF-SC";"DEL03-SC";"UOP01-DEL03-SC"
658542;2025-02-01;"sábado";"05:00:00";"SP";116;279;"EMBU DAS ARTES";"Ausência de reação do condutor";"Colisão com objeto";"Com Vítimas Feridas";"Plena Noite";"Decrescente";"Chuva";"Dupla";"Reta";"Não";1;0;1;0;0;0;1;1;-23,66233697;-46,85292907;"SPRF-SP";"DEL04-SP";"UOP01-DEL04-SP"
658543;2025-02-01;"sábado";"05:11:00";"GO";153;502,8;"GOIANIA";"Ausência de reação do condutor";"Colisão traseira";"Com Vítimas Feridas";"Amanhecer";"Decrescente";"Vento";"Dupla";"Reta";"Sim";2;0;1;0;1;0;1;2;-16,7287;-49,2424;"SPRF-GO";"DEL01-GO";"UOP01-DEL01-GO"
658544;2025-02-01;"sábado";"06:00:00";"PR";369;90,7;"CORNELIO PROCOPIO";"Desrespeitar a preferência no cruzamento";"Colisão transversal";"Com Vítimas Feridas";"Pleno dia";"Crescente";"Nublado";"Simples";"Interseção de Vias";"Sim";6;0;1;1;4;0;2;2;-23,19676;-50,65425;"SPRF-PR";"DEL07-PR";"UOP05-DEL07-PR"
658545;2025-02-01;"sábado";"01:37:00";"BA";116;514;"ITATIM";"Animais na Pista";"Atropelamento de Animal";"Sem Vítimas";"Plena Noite";"Decrescente";"Céu Claro";"Simples";"Reta";"Não";1;0;0;0;1;0;0;1;-12,66097682;-39,63011709;"SPRF-BA";"DEL02-BA";"UOP01-DEL02-BA"
658546;2025-02-01;"sábado";"04:35:00";"RO";364;422;"JARU";"Ausência de reação do condutor";"Saída de leito carroçável";"Com Vítimas Feridas";"Plena Noite";"Decrescente";"Garoa/Chuvisco";"Simples";"Reta";"Sim";1;0;0;1;0;0;1;1;-10,46086704;-62,45530128;"SPRF-RO";"DEL03-RO";"UOP02-DEL03-RO"
658547;2025-02-01;"sábado";"05:25:00";"PR";277;81;"CURITIBA";"Ausência de reação do condutor";"Colisão com objeto";"Com Vítimas Feridas";"Amanhecer";"Decrescente";"Céu Claro";"Dupla";"Reta";"Não";1;0;1;0;0;0;1;1;-25,46829194;-49,21411514;"SPRF-PR";"DEL01-PR";"UOP03-DEL01-PR"
658549;2025-02-01;"sábado";"05:30:00";"RJ";116;199;"QUEIMADOS";"Animais na Pista";"Atropelamento de Animal";"Com Vítimas Feridas";"Pleno dia";"Crescente";"Céu Claro";"Dupla";"Reta";"Não";1;0;0;1;0;0;1;1;-22,72898648;-43,58452101;"SPRF-RJ";"DEL06-RJ";"UOP02-DEL06-RJ"
658550;2025-02-01;"sábado";"05:15:00";"CE";116;46,5;"PACAJUS";"Ausência de reação do condutor";"Colisão com objeto";"Com Vítimas Fatais";"Amanhecer";"Crescente";"Céu Claro";"Dupla";"Curva";"Sim";1;1;0;0;0;0;0;1;-4,1312959;-38,48313475;"SPRF-CE";"DEL01-CE";"UOP02-DEL01-CE"
658551;2025-02-01;"sábado";"04:00:00";"SC";282;37;"AGUAS MORNAS";"Demais falhas mecânicas ou elétricas";"Incêndio";"Sem Vítimas";"Plena Noite";"Crescente";"Céu Claro";"Simples";"Declive;Curva";"Não";1;0;0;0;1;0;0;1;-27,707325;-48,842983;"SPRF-SC";"DEL01-SC";"UOP03-DEL01-SC"
658554;2025-02-01;"sábado";"06:15:00";"MG";50;174;"UBERABA";"Pedestre cruzava a pista fora da faixa";"Saída de leito carroçável";"Com Vítimas Feridas";"Pleno dia";"Crescente";"Céu Claro";"Dupla";"Reta";"Sim";2;0;1;0;1;0;1;1;-19,770817;-47,973434;"SPRF-MG";"DEL13-MG";"UOP01-DEL13-MG"
658555;2025-02-01;"sábado";"06:00:00";"CE";230;3,3;"IPAUMIRIM";"Pista esburacada";"Saída de leito carroçável";"Com Vítimas Feridas";"Pleno dia";"Crescente";"Céu Claro";"Simples";"Reta;Aclive";"Não";1;0;1;0;0;0;1;1;-6,84889593;-38,70687098;"SPRF-PB";"DEL03-PB";"UOP03-DEL03-PB"
658556;2025-02-01;"sábado";"06:15:00";"SP";116;201;"ARUJA";"Reação tardia ou ineficiente do condutor";"Saída de leito carroçável";"Sem Vítimas";"Pleno dia";"Crescente";"Garoa/Chuvisco";"Múltipla";"Reta";"Sim";1;0;0;0;0;1;0;1;-23,40362877;-46,33050107;"SPRF-SP";"DEL01-SP";"UOP01-DEL01-SP"
658557;2025-02-01;"sábado";"06:40:00";"MG";40;40;"PARACATU";"Acessar a via sem observar a presença dos outros veículos";"Colisão transversal";"Com Vítimas Feridas";"Pleno dia";"Crescente";"Céu Claro";"Simples";"Interseção de Vias";"Não";6;0;0;2;3;1;2;2;-17,21013894;-46,88089301;"SPRF-MG";"DEL14-MG";"UOP01-DEL14-MG"
658559;2025-02-01;"sábado";"06:10:00";"SC";470;3,8;"NAVEGANTES";"Velocidade Incompatível";"Colisão transversal";"Com Vítimas Feridas";"Amanhecer";"Decrescente";"Nublado";"Simples";"Em Obras;Interseção de Vias";"Sim";2;0;1;0;1;0;1;2;-26,861937;-48,681618;"SPRF-SC";"DEL04-SC";"UOP04-DEL04-SC"
658560;2025-02-01;"sábado";"07:05:00";"SC";470;129,7;"LONTRAS";"Condutor deixou de manter distância do veículo da frente";"Colisão traseira";"Com Vítimas Feridas";"Pleno dia";"Decrescente";"Céu Claro";"Simples";"Reta";"Sim";7;0;3;0;4;0;3;2;-27,15539307;-49,55649376;"SPRF-SC";"DEL04-SC";"UOP02-DEL04-SC"
658561;2025-02-01;"sábado";"04:30:00";"MG";262;671,3;"IBIA";"Condutor Dormindo";"Saída de leito carroçável";"Com Vítimas Feridas";"Plena Noite";"Crescente";"Chuva";"Simples";"Curva";"Não";29;0;9;0;20;0;9;1;-19,54170234;-46,80745219;"SPRF-MG";"DEL08-MG";"UOP01-DEL08-MG"
658563;2025-01-31;"sexta-feira";"16:30:00";"BA";367;57;"PORTO SEGURO";"Chuva";"Colisão com objeto";"Com Vítimas Feridas";"Pleno dia";"Decrescente";"Chuva";"Simples";"Reta";"Não";1;0;1;0;0;0;1;1;-16,38873974;-39,35713702;"SPRF-BA";"DEL09-BA";"UOP03-DEL09-BA"
658564;2025-02-01;"sábado";"05:20:00";"TO";235;196,4;"GUARAI";"Ausência de reação do condutor";"Saída de leito carroçável";"Com Vítimas Feridas";"Plena Noite";"Crescente";"Ignorado";"Simples";"Reta";"Não";1;0;1;0;0;0;1;1;-8,95181555;-48,42847569;"SPRF-TO";"DEL02-TO";"UOP02-DEL02-TO"
658565;2025-02-01;"sábado";"06:55:00";"PB";230;163,9;"CAMPINA GRANDE";"Acessar a via sem observar a presença dos outros veículos";"Colisão transversal";"Com Vítimas Feridas";"Pleno dia";"Crescente";"Céu Claro";"Simples";"Curva;Aclive";"Não";2;0;1;0;1;0;1;2;-7,217175;-35,945787;"SPRF-PB";"DEL02-PB";"UOP01-DEL02-PB"
658566;2025-02-01;"sábado";"07:25:00";"PB";101;83;"BAYEUX";"Acessar a via sem observar a presença dos outros veículos";"Eventos atípicos";"Com Vítimas Feridas";"Pleno dia";"Crescente";"Sol";"Simples";"Reta";"Sim";1;0;1;0;0;0;1;1;-7,1337703;-34,92963914;"SPRF-PB";"DEL01-PB";"UOP01-DEL01-PB"
658569;2025-02-01;"sábado";"06:00:00";"PA";316;63;"CASTANHAL";"Ausência de reação do condutor";"Colisão lateral mesmo sentido";"Com Vítimas Feridas";"Amanhecer";"Decrescente";"Céu Claro";"Dupla";"Reta";"Sim";3;0;2;0;1;0;2;2;-1,29679363;-47,92878096;"SPRF-PA";"DEL01-PA";"UOP01-DEL01-PA"
658570;2025-02-01;"sábado";"07:40:00";"RJ";116;130;"MAGE";"Manobra de mudança de faixa";"Saída de leito carroçável";"Com Vítimas Feridas";"Pleno dia";"Decrescente";"Nublado";"Dupla";"Curva";"Sim";3;0;1;0;2;0;1;1;-22,65949914;-43,11671944;"SPRF-RJ";"DEL04-RJ";"UOP02-DEL04-RJ"
658571;2025-01-17;"sexta-feira";"17:40:00";"PR";376;438,5;"TIBAGI";"Ausência de reação do condutor";"Colisão com objeto";"Com Vítimas Fatais";"Anoitecer";"Decrescente";"Chuva";"Dupla";"Curva;Aclive";"Não";6;1;0;0;4;1;0;3;-24,79525;-50,49555;"SPRF-PR";"DEL03-PR";"UOP02-DEL03-PR"
658573;2025-02-01;"sábado";"07:40:00";"RN";304;36;"MOSSORO";"Estacionar ou parar em local proibido";"Colisão traseira";"Com Vítimas Feridas";"Pleno dia";"Crescente";"Céu Claro";"Dupla";"Viaduto";"Sim";3;0;1;2;0;0;3;2;-5,16853634;-37,35540171;"SPRF-RN";"DEL04-RN";"UOP02-DEL04-RN"
658575;2025-02-01;"sábado";"08:00:00";"PB";230;153,8;"CAMPINA GRANDE";"Reação tardia ou ineficiente do condutor";"Tombamento";"Com Vítimas Feridas";"Pleno dia";"Crescente";"Céu Claro";"Simples";"Curva;Em Obras";"Sim";2;0;2;0;0;0;2;1;-7,2763;-35,8887;"SPRF-PB";"DEL02-PB";"UOP01-DEL02-PB"
658577;2025-02-01;"sábado";"08:25:00";"PB";101;81;"SANTA RITA";"Ausência de sinalização";"Colisão com objeto";"Sem Vítimas";"Pleno dia";"Decrescente";"Céu Claro";"Dupla";"Curva;Aclive";"Sim";2;0;0;0;2;0;0;2;-7,12512041;-34,9435991;"SPRF-PB";"DEL01-PB";"UOP01-DEL01-PB"
658578;2025-02-01;"sábado";"07:20:00";"RS";293;247,9;"DOM PEDRITO";"Frear bruscamente";"Saída de leito carroçável";"Com Vítimas Feridas";"Pleno dia";"Crescente";"Sol";"Simples";"Reta";"Sim";1;0;1;0;0;0;1;1;-30,98556552;-54,63715553;"SPRF-RS";"DEL11-RS";"UOP01-DEL11-RS"
658579;2025-02-01;"sábado";"07:20:00";"MG";40;519,9;"RIBEIRAO DAS NEVES";"Condutor Dormindo";"Saída de leito carroçável";"Com Vítimas Feridas";"Pleno dia";"Crescente";"Nublado";"Dupla";"Reta";"Não";2;0;1;1;0;0;2;1;-19,83957589;-44,07684485;"SPRF-MG";"DEL01-MG";"UOP02-DEL01-MG"
658580;2025-01-12;"domingo";"15:30:00";"MG";40;671;"CARANDAI";"Chuva";"Saída de leito carroçável";"Com Vítimas Feridas";"Pleno dia";"Crescente";"Chuva";"Simples";"Reta";"Não";2;0;0;1;0;1;1;2;-20,97451232;-43,78312725;"SPRF-MG";"DEL05-MG";"UOP02-DEL05-MG"
658582;2025-02-01;"sábado";"08:50:00";"BA";116;515;"FEIRA DE SANTANA";"Ausência de reação do condutor";"Queda de ocupante de veículo";"Com Vítimas Feridas";"Pleno dia";"Decrescente";"Céu Claro";"Dupla";"Reta";"Sim";2;0;2;0;0;0;2;1;-12,16389;-38,9649;"SPRF-BA";"DEL02-BA";"UOP01-DEL02-BA"
658583;2025-01-16;"quinta-feira";"13:10:00";"PA";163;572;"TRAIRAO";"Acessar a via sem observar a presença dos outros veículos";"Colisão transversal";"Com Vítimas Feridas";"Pleno dia";"Decrescente";"Nublado";"Simples";"Reta;Declive";"Não";4;0;0;1;3;0;1;2;-5,04193667;-56,18318859;"SPRF-PA";"DEL05-PA";"UOP03-DEL05-PA"
658584;2025-02-01;"sábado";"09:20:00";"RS";290;481;"ROSARIO DO SUL";"Condutor deixou de manter distância do veículo da frente";"Colisão traseira";"Com Vítimas Feridas";"Pleno dia";"Crescente";"Céu Claro";"Simples";"Reta;Aclive";"Sim";14;0;7;0;7;0;7;4;-30,242239;-54,930161;"SPRF-RS";"DEL11-RS";"UOP02-DEL11-RS"
658590;2025-02-01;"sábado";"09:40:00";"ES";101;57,6;"SAO MATEUS";"Acessar a via sem observar a presença dos outros veículos";"Colisão lateral mesmo sentido";"Com Vítimas Feridas";"Pleno dia";"Decrescente";"Céu Claro";"Simples";"Reta";"Não";3;0;2;0;1;0;2;2;-18,64677697;-39,87407788;"SPRF-ES";"DEL04-ES";"UOP02-DEL04-ES"
658593;2025-02-01;"sábado";"09:30:00";"SP";101;48;"UBATUBA";"Acumulo de óleo sobre o pavimento";"Queda de ocupante de veículo";"Com Vítimas Feridas";"Pleno dia";"Crescente";"Céu Claro";"Simples";"Interseção de Vias";"Sim";1;0;1;0;0;0;1;1;-23,43696329;-45,08768768;"SPRF-SP";"DEL06-SP";"UOP01-DEL06-SP"
658594;2025-02-01;"sábado";"09:05:00";"BA";324;540;"AMELIA RODRIGUES";"Velocidade Incompatível";"Engavetamento";"Com Vítimas Feridas";"Pleno dia";"Crescente";"Céu Claro";"Dupla";"Reta";"Sim";11;0;3;0;8;0;3;4;-12,38543536;-38,79238728;"SPRF-BA";"DEL01-BA";"UOP03-DEL01-BA"
658595;2025-02-01;"sábado";"09:40:00";"PB";101;39;"MAMANGUAPE";"Reação tardia ou ineficiente do condutor";"Colisão transversal";"Com Vítimas Feridas";"Pleno dia";"Crescente";"Céu Claro";"Simples";"Reta";"Sim";3;0;2;0;0;1;2;2;-6,82975098;-35,13756194;"SPRF-PB";"DEL01-PB";"UOP04-DEL01-PB"
658596;2025-02-01;"sábado";"10:15:00";"RN";406;33;"GUAMARE";"Reação tardia ou ineficiente do condutor";"Colisão traseira";"Com Vítimas Feridas";"Pleno dia";"Decrescente";"Céu Claro";"Simples";"Aclive;Reta";"Sim";3;0;3;0;0;0;3;2;-5,2503936;-36,36877625;"SPRF-RN";"DEL02-RN";"UOP01-DEL02-RN"
658597;2025-02-01;"sábado";"08:45:00";"BA";110;144;"CICERO DANTAS";"Acessar a via sem observar a presença dos outros veículos";"Colisão frontal";"Com Vítimas Fatais";"Pleno dia";"Crescente";"Céu Claro";"Simples";"Reta;Interseção de Vias";"Sim";5;1;0;0;4;0;0;2;-10,651503;-38,409901;"SPRF-BA";"DEL07-BA";"UOP02-DEL07-BA"
658598;2025-02-01;"sábado";"09:30:00";"BA";242;614;"IBOTIRAMA";"Condutor Dormindo";"Colisão frontal";"Com Vítimas Feridas";"Pleno dia";"Crescente";"Céu Claro";"Simples";"Reta";"Não";5;0;4;1;0;0;5;2;-12,17450507;-43,25593869;"SPRF-BA";"DEL10-BA";"UOP01-DEL10-BA"
658600;2025-02-01;"sábado";"10:30:00";"PB";101;86,5;"JOAO PESSOA";"Condutor deixou de manter distância do veículo da frente";"Colisão traseira";"Sem Vítimas";"Pleno dia";"Decrescente";"Céu Claro";"Dupla";"Reta";"Sim";2;0;0;0;2;0;0;2;-7,15118983;-34,91012184;"SPRF-PB";"DEL01-PB";"UOP01-DEL01-PB"
658602;2025-02-01;"sábado";"10:30:00";"PE";101;46,4;"IGARASSU";"Ingestão de álcool pelo condutor";"Colisão lateral mesmo sentido";"Com Vítimas Feridas";"Pleno dia";"Decrescente";"Nublado";"Múltipla";"Reta";"Sim";2;0;1;0;1;0;1;2;-7,881044;-34,904965;"SPRF-PE";"DEL01-PE";"UOP02-DEL01-PE"
658604;2025-02-01;"sábado";"09:59:00";"GO";40;9,2;"LUZIANIA";"Pedestre cruzava a pista fora da faixa";"Atropelamento de Pedestre";"Com Vítimas Fatais";"Pleno dia";"Decrescente";"Nublado";"Dupla";"Reta";"Sim";2;1;0;0;1;0;0;2;-16,131158;-47,957739;"SPRF-DF";"DEL01-DF";"UOP01-DEL01-DF"
658608;2025-02-01;"sábado";"11:05:00";"ES";262;60,4;"MARECHAL FLORIANO";"Avarias e/ou desgaste excessivo no pneu";"Queda de ocupante de veículo";"Com Vítimas Feridas";"Pleno dia";"Crescente";"Céu Claro";"Simples";"Curva;Aclive";"Não";2;0;2;0;0;0;2;1;-20,42208895;-40,78646507;"SPRF-ES";"DEL01-ES";"UOP02-DEL01-ES"
658609;2025-02-01;"sábado";"11:05:00";"SC";101;43,8;"JOINVILLE";"Ausência de reação do condutor";"Colisão traseira";"Com Vítimas Feridas";"Pleno dia";"Decrescente";"Nublado";"Dupla";"Reta";"Sim";3;0;0;1;2;0;1;3;-26,33870785;-48,85914624;"SPRF-SC";"DEL03-SC";"UOP01-DEL03-SC"
658610;2025-02-01;"sábado";"11:15:00";"MG";381;908,5;"CAMBUI";"Velocidade Incompatível";"Queda de ocupante de veículo";"Com Vítimas Feridas";"Pleno dia";"Crescente";"Chuva";"Dupla";"Aclive;Curva";"Não";1;0;1;0;0;0;1;1;-22,68081964;-46,10141587;"SPRF-MG";"DEL16-MG";"UOP03-DEL16-MG"
658613;2025-02-01;"sábado";"12:05:00";"PE";101;72;"RECIFE";"Ausência de reação do condutor";"Tombamento";"Com Vítimas Feridas";"Pleno dia";"Crescente";"Chuva";"Dupla";"Reta";"Sim";2;0;2;0;0;0;2;1;-8,08493106;-34,9450639;"SPRF-PE";"DEL01-PE";"UOP01-DEL01-PE"
658614;2025-02-01;"sábado";"11:55:00";"MG";50;0,3;"ARAGUARI";"Velocidade Incompatível";"Saída de leito carroçável";"Sem Vítimas";"Pleno dia";"Crescente";"Nublado";"Dupla";"Curva";"Não";1;0;0;0;0;1;0;1;-18,42564944;-48,06375861;"SPRF-MG";"DEL15-MG";"UOP02-DEL15-MG"