"id";"data_inversa";"dia_semana";"horario";"uf";"br";"km";"municipio";"causa_acidente";"tipo_acidente";"classificacao_acidente";"fase_dia";"sentido_via";"condicao_metereologica";"tipo_pista";"tracado_via";"uso_solo";"pessoas";"mortos";"feridos_leves";"feridos_graves";"ilesos";"ignorados";"feridos";"veiculos";"latitude";"longitude";"regional";"delegacia";"uop"
658617;2025-02-01;"sábado";"08:00:00";"PI";343;15;"PARNAIBA";"Condutor deixou de manter distância do veículo da frente";"Colisão transversal";"Com Vítimas Feridas";"Pleno dia";"Decrescente";"Céu Claro";"Dupla";"Reta";"Sim";2;0;0;1;1;0;1;2;-2,93659;-41,754936;"SPRF-PI";"DEL05-PI";"UOP01-DEL05-PI"
658619;2025-02-01;"sábado";"12:33:00";"DF";80;5,2;"BRASILIA";"Acessar a via sem observar a presença dos outros veículos";"Colisão transversal";"Com Vítimas Feridas";"Pleno dia";"Crescente";"Nublado";"Simples";"Interseção de Vias";"Não";2;0;1;0;1;0;1;2;-15,72939209;-48,12376499;"SPRF-DF";"DEL03-DF";"UOP02-DEL03-DF"
658621;2025-02-01;"sábado";"12:00:00";"CE";222;3,6;"CAUCAIA";"Condutor deixou de manter distância do veículo da frente";"Engavetamento";"Com Vítimas Feridas";"Pleno dia";"Decrescente";"Céu Claro";"Múltipla";"Aclive;Reta;Viaduto";"Sim";4;0;1;0;3;0;1;3;-3,7403769;-38,59569202;"SPRF-CE";"DEL01-CE";"UOP01-DEL01-CE"
658622;2025-02-01;"sábado";"11:00:00";"MG";381;857,7;"POUSO ALEGRE";"Ausência de reação do condutor";"Colisão com objeto";"Com Vítimas Feridas";"Pleno dia";"Decrescente";"Chuva";"Dupla";"Reta";"Não";1;0;1;0;0;0;1;1;-22,34205201;-45,92609997;"SPRF-MG";"DEL16-MG";"UOP01-DEL16-MG"
658623;2025-02-01;"sábado";"13:00:00";"RS";290;96;"PORTO ALEGRE";"Condutor deixou de manter distância do veículo da frente";"Colisão traseira";"Com Vítimas Feridas";"Pleno dia";"Crescente";"Céu Claro";"Simples";"Aclive";"Sim";2;0;1;0;1;0;1;2;-29,992107;-51,204525;"SPRF-RS";"DEL01-RS";"UOP01-DEL01-RS"
658624;2025-01-31;"sexta-feira";"14:00:00";"CE";116;46;"PACAJUS";"Acumulo de areia ou detritos sobre o pavimento";"Tombamento";"Com Vítimas Feridas";"Pleno dia";"Crescente";"Céu Claro";"Dupla";"Retorno Regulamentado";"Não";1;0;1;0;0;0;1;1;-4,14849127;-38,47814267;"SPRF-CE";"DEL01-CE";"UOP02-DEL01-CE"
658628;2025-02-01;"sábado";"11:30:00";"PA";230;110;"MARABA";"Conversão proibida";"Colisão frontal";"Com Vítimas Feridas";"Pleno dia";"Crescente";"Céu Claro";"Simples";"Reta";"Não";4;0;0;2;2;0;2;2;-5,37342727;-49,03126806;"SPRF-PA";"DEL03-PA";"UOP01-DEL03-PA"
658629;2025-02-01;"sábado";"13:20:00";"MG";40;757,2;"EWBANK DA CAMARA";"Chuva";"Colisão com objeto";"Com Vítimas Feridas";"Pleno dia";"Decrescente";"Chuva";"Simples";"Curva";"Não";1;0;1;0;0;0;1;1;-21,50323045;-43,53179519;"SPRF-MG";"DEL05-MG";"UOP01-DEL05-MG"
658631;2025-02-01;"sábado";"13:39:00";"SC";282;1;"FLORIANOPOLIS";"Ausência de reação do condutor";"Engavetamento";"Com Vítimas Feridas";"Pleno dia";"Decrescente";"Céu Claro";"Múltipla";"Reta";"Sim";4;0;1;0;3;0;1;4;-27,602955;-48,580509;"SPRF-SC";"DEL01-SC";"UOP01-DEL01-SC"
658632;2025-02-01;"sábado";"11:13:00";"RO";364;422,8;"JARU";"Acessar a via sem observar a presença dos outros veículos";"Colisão transversal";"Com Vítimas Feridas";"Pleno dia";"Crescente";"Chuva";"Simples";"Rotatória";"Sim";2;0;0;1;1;0;1;2;-10,4597532;-62,4558043;"SPRF-RO";"DEL03-RO";"UOP02-DEL03-RO"
658633;2025-02-01;"sábado";"13:20:00";"SE";235;3;"ARACAJU";"Transitar na contramão";"Atropelamento de Pedestre";"Com Vítimas Feridas";"Pleno dia";"Decrescente";"Céu Claro";"Dupla";"Aclive;Reta";"Não";2;0;2;0;0;0;2;2;-10,9059;-37,111;"SPRF-SE";"DEL01-SE";"UOP01-DEL01-SE"
658634;2025-02-01;"sábado";"10:00:00";"RJ";40;89;"PETROPOLIS";"Pista Escorregadia";"Tombamento";"Com Vítimas Feridas";"Pleno dia";"Decrescente";"Nublado";"Simples";"Reta;Aclive";"Não";1;0;1;0;0;0;1;1;-22,556263;-43,23718;"SPRF-RJ";"DEL01-RJ";"UOP01-DEL01-RJ"
658636;2025-02-01;"sábado";"09:00:00";"SP";101;50;"UBATUBA";"Reação tardia ou ineficiente do condutor";"Colisão transversal";"Com Vítimas Feridas";"Pleno dia";"Decrescente";"Nublado";"Simples";"Reta";"Sim";2;0;1;0;0;1;1;2;-23,44947411;-45,0783366;"SPRF-SP";"DEL06-SP";"UOP01-DEL06-SP"
658638;2025-02-01;"sábado";"14:50:00";"PR";116;144;"MANDIRITUBA";"Reação tardia ou ineficiente do condutor";"Saída de leito carroçável";"Com Vítimas Feridas";"Pleno dia";"Decrescente";"Chuva";"Simples";"Reta;Aclive";"Sim";1;0;1;0;0;0;1;1;-25,76405694;-49,32116324;"SPRF-PR";"DEL01-PR";"UOP03-DEL01-PR"
658639;2025-02-01;"sábado";"12:26:00";"RO";364;426;"JARU";"Ingestão de substâncias psicoativas pelo condutor";"Colisão traseira";"Sem Vítimas";"Pleno dia";"Decrescente";"Nublado";"Simples";"Declive;Rotatória";"Sim";2;0;0;0;2;0;0;2;-10,43265742;-62,47966882;"SPRF-RO";"DEL03-RO";"UOP02-DEL03-RO"
658640;2025-02-01;"sábado";"13:15:00";"PR";277;604;"SANTA TEREZA DO OESTE";"Ultrapassagem Indevida";"Colisão lateral mesmo sentido";"Com Vítimas Feridas";"Pleno dia";"Decrescente";"Céu Claro";"Simples";"Reta";"Não";6;0;4;0;2;0;4;3;-25,02905699;-53,569607;"SPRF-PR";"DEL05-PR";"UOP02-DEL05-PR"
658644;2025-02-01;"sábado";"14:30:00";"SC";470;64;"INDAIAL";"Acesso irregular";"Colisão frontal";"Com Vítimas Feridas";"Pleno dia";"Decrescente";"Nublado";"Simples";"Reta";"Não";3;0;2;1;0;0;3;2;-26,869867;-49,201859;"SPRF-SC";"DEL04-SC";"UOP01-DEL04-SC"
658645;2025-02-01;"sábado";"15:20:00";"RS";290;144;"ELDORADO DO SUL";"Acesso irregular";"Colisão transversal";"Com Vítimas Feridas";"Pleno dia";"Decrescente";"Céu Claro";"Simples";"Reta";"Sim";5;0;1;0;3;1;1;2;-30,096939;-51,647282;"SPRF-RS";"DEL02-RS";"UOP01-DEL02-RS"
658646;2025-02-01;"sábado";"14:40:00";"PE";101;141;"RIBEIRAO";"Acumulo de água sobre o pavimento";"Saída de leito carroçável";"Com Vítimas Feridas";"Pleno dia";"Crescente";"Nublado";"Dupla";"Reta";"Sim";2;0;1;0;1;0;1;1;-8,44013935;-35,33528377;"SPRF-PE";"DEL01-PE";"UOP03-DEL01-PE"
658649;2025-02-01;"sábado";"14:50:00";"MG";381;502;"BETIM";"Ausência de sinalização";"Colisão com objeto";"Com Vítimas Feridas";"Pleno dia";"Crescente";"Nublado";"Múltipla";"Reta";"Não";1;0;1;0;0;0;1;1;-20,03619694;-44,24586303;"SPRF-MG";"DEL01-MG";"UOP03-DEL01-MG"
658650;2025-02-01;"sábado";"16:30:00";"PB";230;20;"JOAO PESSOA";"Acumulo de areia ou detritos sobre o pavimento";"Eventos atípicos";"Com Vítimas Feridas";"Pleno dia";"Crescente";"Sol";"Dupla";"Declive;Curva;Interseção de Vias;Viaduto";"Sim";2;0;1;0;1;0;1;1;-7,1384244;-34,85325798;"SPRF-PB";"DEL01-PB";"UOP01-DEL01-PB"
658652;2025-02-01;"sábado";"15:20:00";"SC";470;175,5;"POUSO REDONDO";"Acessar a via sem observar a presença dos outros veículos";"Colisão transversal";"Com Vítimas Feridas";"Pleno dia";"Crescente";"Céu Claro";"Dupla";"Aclive;Reta";"Não";3;0;2;1;0;0;3;2;-27,25507785;-49,94523168;"SPRF-SC";"DEL04-SC";"UOP02-DEL04-SC"
658654;2025-02-01;"sábado";"16:10:00";"PR";277;592,9;"CASCAVEL";"Ingestão de álcool pelo condutor";"Colisão traseira";"Com Vítimas Feridas";"Pleno dia";"Crescente";"Céu Claro";"Simples";"Reta";"Sim";6;0;5;0;1;0;5;3;-24,98285697;-53,47319399;"SPRF-PR";"DEL04-PR";"UOP01-DEL04-PR"
658655;2025-02-01;"sábado";"17:00:00";"SC";101;151,2;"ITAPEMA";"Trafegar com motocicleta (ou similar) entre as faixas";"Colisão lateral mesmo sentido";"Com Vítimas Feridas";"Pleno dia";"Crescente";"Nublado";"Múltipla";"Reta";"Sim";2;0;1;0;1;0;1;2;-27,126536;-48,609642;"SPRF-SC";"DEL04-SC";"UOP03-DEL04-SC"
658656;2025-02-01;"sábado";"17:20:00";"SP";116;219;"GUARULHOS";"Trafegar com motocicleta (ou similar) entre as faixas";"Colisão traseira";"Com Vítimas Feridas";"Pleno dia";"Decrescente";"Nublado";"Múltipla";"Reta";"Sim";2;0;1;0;1;0;1;2;-23,46143954;-46,48885316;"SPRF-SP";"DEL01-SP";"UOP01-DEL01-SP"
658657;2025-02-01;"sábado";"17:00:00";"SC";282;92,7;"ALFREDO WAGNER";"Velocidade Incompatível";"Saída de leito carroçável";"Com Vítimas Feridas";"Pleno dia";"Crescente";"Nublado";"Simples";"Curva;Declive";"Não";3;0;3;0;0;0;3;1;-27,704929;-49,239353;"SPRF-SC";"DEL01-SC";"UOP03-DEL01-SC"
658658;2025-02-01;"sábado";"17:00:00";"RS";392;74,7;"PELOTAS";"Acessar a via sem observar a presença dos outros veículos";"Colisão transversal";"Com Vítimas Feridas";"Pleno dia";"Decrescente";"Sol";"Simples";"Reta";"Não";4;0;1;0;3;0;1;2;-31,70447448;-52,40923762;"SPRF-RS";"DEL07-RS";"UOP01-DEL07-RS"
658659;2025-02-01;"sábado";"11:30:00";"MG";381;483;"BETIM";"Ausência de reação do condutor";"Colisão traseira";"Sem Vítimas";"Pleno dia";"Decrescente";"Nublado";"Múltipla";"Reta";"Sim";2;0;0;0;2;0;0;2;-19,95594491;-44,10721699;"SPRF-MG";"DEL01-MG";"UOP03-DEL01-MG"
658662;2025-02-01;"sábado";"10:50:00";"BA";116;754;"POCOES";"Ingestão de álcool pelo condutor";"Capotamento";"Com Vítimas Feridas";"Pleno dia";"Crescente";"Céu Claro";"Simples";"Declive";"Não";1;0;1;0;0;0;1;1;-14,45740412;-40,34471424;"SPRF-BA";"DEL08-BA";"UOP02-DEL08-BA"
658664;2025-02-01;"sábado";"15:50:00";"PR";277;654;"MATELANDIA";"Condutor Dormindo";"Colisão lateral sentido oposto";"Com Vítimas Feridas";"Pleno dia";"Decrescente";"Nublado";"Simples";"Reta;Aclive";"Não";6;0;4;1;1;0;5;2;-25,22232211;-53,9513177;"SPRF-PR";"DEL05-PR";"UOP02-DEL05-PR"
658665;2025-02-01;"sábado";"18:00:00";"MG";40;509;"RIBEIRAO DAS NEVES";"Demais falhas mecânicas ou elétricas";"Incêndio";"Sem Vítimas";"Anoitecer";"Crescente";"Nublado";"Dupla";"Reta";"Sim";1;0;0;0;1;0;0;1;-19,76728744;-44,12855905;"SPRF-MG";"DEL01-MG";"UOP02-DEL01-MG"
658668;2025-02-01;"sábado";"15:45:00";"MT";174;3;"PONTES E LACERDA";"Acessar a via sem observar a presença dos outros veículos";"Colisão transversal";"Com Vítimas Feridas";"Pleno dia";"Crescente";"Céu Claro";"Simples";"Reta;Interseção de Vias";"Sim";2;0;1;0;0;1;1;2;-15,24302588;-59,33329582;"SPRF-MT";"DEL04-MT";"UOP01-DEL04-MT"
658670;2025-02-01;"sábado";"16:30:00";"MG";381;845,5;"POUSO ALEGRE";"Velocidade Incompatível";"Saída de leito carroçável";"Com Vítimas Feridas";"Pleno dia";"Crescente";"Chuva";"Dupla";"Reta";"Não";2;0;1;1;0;0;2;1;-22,23698876;-45,87928703;"SPRF-MG";"DEL16-MG";"UOP01-DEL16-MG"
658671;2025-02-01;"sábado";"17:45:00";"SC";470;35,2;"GASPAR";"Ausência de reação do condutor";"Colisão traseira";"Com Vítimas Feridas";"Pleno dia";"Decrescente";"Céu Claro";"Dupla";"Reta";"Não";2;0;1;0;1;0;1;2;-26,912857;-48,958965;"SPRF-SC";"DEL04-SC";"UOP01-DEL04-SC"
658672;2025-02-01;"sábado";"18:00:00";"PR";277;69,2;"SAO JOSE DOS PINHAIS";"Ausência de reação do condutor";"Saída de leito carroçável";"Com Vítimas Feridas";"Anoitecer";"Crescente";"Garoa/Chuvisco";"Dupla";"Reta";"Não";2;0;2;0;0;0;2;1;-25,51714245;-49,11470175;"SPRF-PR";"DEL01-PR";"UOP01-DEL01-PR"
658674;2025-02-01;"sábado";"18:15:00";"MG";116;415,8;"GOVERNADOR VALADARES";"Ausência de reação do condutor";"Colisão traseira";"Com Vítimas Feridas";"Anoitecer";"Crescente";"Céu Claro";"Simples";"Reta";"Sim";4;0;1;0;0;3;1;3;-18,89548653;-41,94811821;"SPRF-MG";"DEL06-MG";"UOP01-DEL06-MG"
658675;2025-02-01;"sábado";"18:20:00";"PE";428;12,6;"CABROBO";"Ausência de sinalização";"Colisão frontal";"Com Vítimas Feridas";"Plena Noite";"Crescente";"Céu Claro";"Simples";"Reta;Em Obras;Aclive";"Não";2;0;1;1;0;0;2;2;-8,50353407;-39,32484902;"SPRF-PE";"DEL05-PE";"UOP03-DEL05-PE"
658678;2025-02-01;"sábado";"19:25:00";"RN";101;97;"NATAL";"Condutor deixou de manter distância do veículo da frente";"Colisão traseira";"Com Vítimas Feridas";"Plena Noite";"Crescente";"Céu Claro";"Múltipla";"Reta";"Sim";5;0;2;0;0;3;2;3;-5,85758898;-35,21271205;"SPRF-RN";"DEL01-RN";"UOP01-DEL01-RN"
658680;2025-02-01;"sábado";"18:30:00";"MG";262;442,2;"NOVA SERRANA";"Condutor deixou de manter distância do veículo da frente";"Colisão traseira";"Com Vítimas Feridas";"Anoitecer";"Decrescente";"Nublado";"Múltipla";"Reta";"Sim";3;0;0;3;0;0;3;2;-19,87296576;-44,96566772;"SPRF-MG";"DEL08-MG";"UOP03-DEL08-MG"
658681;2025-02-01;"sábado";"16:20:00";"PR";158;524,3;"PATO BRANCO";"Frear bruscamente";"Colisão traseira";"Com Vítimas Feridas";"Pleno dia";"Decrescente";"Céu Claro";"Dupla";"Reta;Viaduto";"Não";5;0;1;0;4;0;1;2;-26,14820259;-52,66166752;"SPRF-PR";"DEL02-PR";"UOP01-DEL02-PR"
658682;2025-02-01;"sábado";"18:30:00";"RJ";101;314;"SAO GONCALO";"Reação tardia ou ineficiente do condutor";"Tombamento";"Com Vítimas Feridas";"Plena Noite";"Crescente";"Céu Claro";"Dupla";"Reta";"Sim";1;0;1;0;0;0;1;1;-22,81648739;-43,07728467;"SPRF-RJ";"DEL02-RJ";"UOP02-DEL02-RJ"
658683;2025-02-01;"sábado";"17:30:00";"PB";104;45;"BARRA DE SANTA ROSA";"Ausência de reação do condutor";"Tombamento";"Com Vítimas Feridas";"Anoitecer";"Decrescente";"Céu Claro";"Dupla";"Reta";"Sim";1;0;1;0;0;0;1;1;-6,72846302;-36,05226302;"SPRF-PB";"DEL02-PB";"UOP04-DEL02-PB"
658684;2025-02-01;"sábado";"15:00:00";"RS";285;570;"SAO LUIZ GONZAGA";"Entrada inopinada do pedestre";"Atropelamento de Pedestre";"Com Vítimas Feridas";"Pleno dia";"Decrescente";"Céu Claro";"Simples";"Reta";"Sim";2;0;0;1;1;0;1;2;-28,414503;-54,995766;"SPRF-RS";"DEL12-RS";"UOP01-DEL12-RS"
658685;2025-02-01;"sábado";"18:24:00";"MS";158;282;"TRES LAGOAS";"Ausência de reação do condutor";"Saída de leito carroçável";"Com Vítimas Feridas";"Anoitecer";"Crescente";"Céu Claro";"Dupla";"Reta";"Não";2;0;1;0;1;0;1;1;-20,84431203;-51,73643193;"SPRF-MS";"DEL07-MS";"UOP01-DEL07-MS"
658686;2025-02-01;"sábado";"07:50:00";"DF";20;15;"BRASILIA";"Ausência de reação do condutor";"Queda de ocupante de veículo";"Sem Vítimas";"Pleno dia";"Crescente";"Céu Claro";"Dupla";"Reta";"Sim";1;0;0;0;1;0;0;1;-15,582048;-47,540585;"SPRF-DF";"DEL02-DF";"UOP01-DEL02-DF"
658687;2025-02-01;"sábado";"19:30:00";"SP";116;312;"SAO LOURENCO DA SERRA";"Objeto estático sobre o leito carroçável";"Colisão com objeto";"Com Vítimas Feridas";"Plena Noite";"Crescente";"Chuva";"Dupla";"Reta";"Não";1;0;1;0;0;0;1;1;-23,88342825;-46,97368879;"SPRF-SP";"DEL04-SP";"UOP01-DEL04-SP"
658688;2025-02-01;"sábado";"18:40:00";"AL";101;186,9;"JUNQUEIRO";"Transitar no Acostamento";"Colisão traseira";"Com Vítimas Fatais";"Plena Noite";"Crescente";"Céu Claro";"Dupla";"Reta";"Não";2;1;0;0;0;1;0;2;-9,89720602;-36,456439;"SPRF-AL";"DEL02-AL";"UOP02-DEL02-AL"
658689;2025-02-01;"sábado";"17:50:00";"RJ";40;74;"PETROPOLIS";"Curva acentuada";"Saída de leito carroçável";"Com Vítimas Feridas";"Pleno dia";"Decrescente";"Chuva";"Simples";"Curva;Declive";"Não";1;0;1;0;0;0;1;1;-22,47224973;-43,22332717;"SPRF-RJ";"DEL01-RJ";"UOP01-DEL01-RJ"
658690;2025-02-01;"sábado";"20:20:00";"RS";392;640,7;"GUARANI DAS MISSOES";"Reação tardia ou ineficiente do condutor";"Colisão traseira";"Com Vítimas Feridas";"Plena Noite";"Decrescente";"Céu Claro";"Simples";"Reta;Declive";"Não";3;0;1;0;1;1;1;2;-28,15054272;-54,53670608;"SPRF-RS";"DEL10-RS";"UOP01-DEL10-RS"
658691;2025-02-01;"sábado";"19:55:00";"SC";101;200;"SAO JOSE";"Ingestão de álcool pelo condutor";"Saída de leito carroçável";"Com Vítimas Feridas";"Plena Noite";"Decrescente";"Céu Claro";"Simples";"Reta";"Sim";3;0;1;0;0;2;1;2;-27,54018513;-48,62287714;"SPRF-SC";"DEL01-SC";"UOP01-DEL01-SC"
658692;2025-02-01;"sábado";"19:50:00";"PR";373;274;"PRUDENTOPOLIS";"Ausência de reação do condutor";"Saída de leito carroçável";"Com Vítimas Feridas";"Plena Noite";"Decrescente";"Nublado";"Simples";"Reta";"Não";1;0;1;0;0;0;1;1;-25,25190132;-51,05917383;"SPRF-PR";"DEL08-PR";"UOP01-DEL08-PR"
658693;2025-02-01;"sábado";"20:23:00";"AP";210;0;"MACAPA";"Reação tardia ou ineficiente do condutor";"Colisão traseira";"Com Vítimas Feridas";"Plena Noite";"Decrescente";"Céu Claro";"Múltipla";"Reta";"Sim";2;0;1;0;1;0;1;2;0,07780012;-51,06097;"SPRF-AP";"DEL01-AP";"UOP01-DEL01-AP"
658694;2025-02-01;"sábado";"20:30:00";"RS";116;151,9;"CAXIAS DO SUL";"Reação tardia ou ineficiente do condutor";"Saída de leito carroçável";"Com Vítimas Feridas";"Plena Noite";"Crescente";"Céu Claro";"Dupla";"Reta";"Sim";4;0;3;0;1;0;3;1;-29,17694502;-51,16173896;"SPRF-RS";"DEL05-RS";"UOP01-DEL05-RS"
658696;2025-02-01;"sábado";"17:00:00";"RJ";40;10;"COMENDADOR LEVY GASPARIAN";"Ausência de reação do condutor";"Colisão com objeto";"Com Vítimas Feridas";"Anoitecer";"Decrescente";"Nublado";"Dupla";"Curva;Aclive";"Não";1;0;1;0;0;0;1;1;-22,044804;-43,20572;"SPRF-RJ";"DEL05-RJ";"UOP02-DEL05-RJ"
658697;2025-02-01;"sábado";"20:20:00";"ES";101;144,1;"LINHARES";"Manobra de mudança de faixa";"Colisão lateral mesmo sentido";"Com Vítimas Feridas";"Plena Noite";"Crescente";"Nublado";"Múltipla";"Reta";"Sim";4;0;1;0;3;0;1;2;-19,35188295;-40,0636685;"SPRF-ES";"DEL04-ES";"UOP01-DEL04-ES"
658698;2025-02-01;"sábado";"19:30:00";"MS";163;495;"CAMPO GRANDE";"Ausência de reação do condutor";"Colisão com objeto";"Com Vítimas Feridas";"Plena Noite";"Decrescente";"Céu Claro";"Dupla";"Retorno Regulamentado";"Não";1;0;1;0;0;0;1;1;-20,36407713;-54,52845097;"SPRF-MS";"DEL01-MS";"UOP02-DEL01-MS"
658700;2025-02-01;"sábado";"21:15:00";"RJ";465;14;"SEROPEDICA";"Pedestre cruzava a pista fora da faixa";"Atropelamento de Pedestre";"Com Vítimas Feridas";"Plena Noite";"Crescente";"Céu Claro";"Simples";"Reta";"Sim";3;0;0;1;2;0;1;2;-22,804979;-43,638828;"SPRF-RJ";"DEL06-RJ";"UOP02-DEL06-RJ"
658701;2025-02-01;"sábado";"21:46:00";"GO";50;105;"CRISTALINA";"Ingestão de álcool pelo condutor";"Saída de leito carroçável";"Sem Vítimas";"Anoitecer";"Crescente";"Chuva";"Dupla";"Reta";"Não";1;0;0;0;1;0;0;1;-16,9309;-47,7117;"SPRF-DF";"DEL01-DF";"UOP02-DEL01-DF"
658702;2025-02-01;"sábado";"21:20:00";"RS";290;91;"PORTO ALEGRE";"Manobra de mudança de faixa";"Colisão lateral mesmo sentido";"Com Vítimas Feridas";"Plena Noite";"Decrescente";"Céu Claro";"Dupla";"Retorno Regulamentado";"Sim";4;0;2;0;2;0;2;2;-29,969055;-51,167439;"SPRF-RS";"DEL01-RS";"UOP01-DEL01-RS"
658703;2025-02-01;"sábado";"22:20:00";"SP";116;188;"SANTA ISABEL";"Demais falhas mecânicas ou elétricas";"Incêndio";"Sem Vítimas";"Plena Noite";"Crescente";"Garoa/Chuvisco";"Dupla";"Reta";"Não";1;0;0;0;1;0;0;1;-23,3594352;-46,21675791;"SPRF-SP";"DEL01-SP";"UOP01-DEL01-SP"
658704;2025-02-01;"sábado";"20:50:00";"RJ";116;182;"NOVA IGUACU";"Condutor Dormindo";"Colisão com objeto";"Com Vítimas Feridas";"Plena Noite";"Crescente";"Céu Claro";"Dupla";"Reta";"Sim";1;0;1;0;0;0;1;1;-22,7567755;-43,43107234;"SPRF-RJ";"DEL06-RJ";"UOP01-DEL06-RJ"
658705;2025-02-01;"sábado";"20:50:00";"BA";116;779;"PLANALTO";"Reação tardia ou ineficiente do condutor";"Tombamento";"Com Vítimas Feridas";"Plena Noite";"Crescente";"Nublado";"Simples";"Reta";"Sim";2;0;0;2;0;0;2;1;-14,62420805;-40,44735388;"SPRF-BA";"DEL08-BA";"UOP02-DEL08-BA"
658707;2025-02-01;"sábado";"20:40:00";"MT";163;839,1;"SINOP";"Ausência de reação do condutor";"Colisão traseira";"Sem Vítimas";"Plena Noite";"Crescente";"Nublado";"Dupla";"Retorno Regulamentado";"Sim";2;0;0;0;2;0;0;2;-11,951051;-55,516876;"SPRF-MT";"DEL06-MT";"UOP02-DEL06-MT"
658708;2025-02-01;"sábado";"22:30:00";"BA";101;503;"ITABUNA";"Acesso irregular";"Colisão transversal";"Sem Vítimas";"Plena Noite";"Crescente";"Céu Claro";"Simples";"Curva";"Não";3;0;0;0;3;0;0;2;-14,7754298;-39,2882452;"SPRF-BA";"DEL05-BA";"UOP01-DEL05-BA"
658709;2025-02-01;"sábado";"22:40:00";"PR";476;198;"LAPA";"Reação tardia ou ineficiente do condutor";"Colisão traseira";"Com Vítimas Feridas";"Plena Noite";"Crescente";"Céu Claro";"Simples";"Reta";"Não";3;0;1;0;1;1;1;2;-25,76652012;-49,73986566;"SPRF-PR";"DEL01-PR";"UOP06-DEL01-PR"
658711;2025-02-01;"sábado";"22:30:00";"PR";376;107;"PARANAVAI";"Ausência de reação do condutor";"Colisão com objeto";"Sem Vítimas";"Plena Noite";"Crescente";"Céu Claro";"Dupla";"Reta";"Sim";1;0;0;0;0;1;0;1;-23,06330691;-52,4325943;"SPRF-PR";"DEL09-PR";"UOP02-DEL09-PR"
658712;2025-02-01;"sábado";"21:30:00";"MT";163;839;"SINOP";"Acessar a via sem observar a presença dos outros veículos";"Colisão transversal";"Sem Vítimas";"Plena Noite";"Crescente";"Chuva";"Simples";"Reta";"Sim";3;0;0;0;2;1;0;2;-11,82673262;-55,48605507;"SPRF-MT";"DEL06-MT";"UOP02-DEL06-MT"
658713;2025-02-01;"sábado";"22:55:00";"RS";158;328;"SANTA MARIA";"Acumulo de areia ou detritos sobre o pavimento";"Tombamento";"Com Vítimas Feridas";"Plena Noite";"Crescente";"Céu Claro";"Dupla";"Reta";"Não";1;0;1;0;0;0;1;1;-29,71032631;-53,8209486;"SPRF-RS";"DEL09-RS";"UOP01-DEL09-RS"
658714;2025-02-01;"sábado";"23:20:00";"RS";116;529,5;"CAPAO DO LEAO";"Acessar a via sem observar a presença dos outros veículos";"Colisão traseira";"Com Vítimas Feridas";"Plena Noite";"Crescente";"Céu Claro";"Simples";"Interseção de Vias";"Sim";2;0;1;0;1;0;1;2;-31,75446042;-52,42803583;"SPRF-RS";"DEL07-RS";"UOP01-DEL07-RS"
658715;2025-02-01;"sábado";"22:45:00";"RN";427;103,9;"CAICO";"Iluminação deficiente";"Tombamento";"Com Vítimas Feridas";"Plena Noite";"Crescente";"Céu Claro";"Dupla";"Interseção de Vias";"Não";2;0;2;0;0;0;2;1;-6,42894379;-37,08355308;"SPRF-RN";"DEL03-RN";"UOP01-DEL03-RN"
658716;2025-02-01;"sábado";"21:33:00";"MT";174;6;"PONTES E LACERDA";"Ultrapassagem Indevida";"Colisão lateral mesmo sentido";"Com Vítimas Feridas";"Plena Noite";"Crescente";"Chuva";"Simples";"Reta;Interseção de Vias";"Sim";3;0;0;2;1;0;2;2;-15,22721451;-59,34926033;"SPRF-MT";"DEL04-MT";"UOP01-DEL04-MT"
658717;2025-02-01;"sábado";"23:50:00";"MG";262;812,9;"UBERABA";"Reação tardia ou ineficiente do condutor";"Tombamento";"Com Vítimas Feridas";"Plena Noite";"Crescente";"Chuva";"Dupla";"Reta";"Sim";1;0;1;0;0;0;1;1;-19,76009757;-48,07322705;"SPRF-MG";"DEL13-MG";"UOP01-DEL13-MG"
658718;2025-02-01;"sábado";"20:30:00";"MG";116;408;"GOVERNADOR VALADARES";"Ausência de reação do condutor";"Tombamento";"Com Vítimas Feridas";"Plena Noite";"Crescente";"Céu Claro";"Simples";"Interseção de Vias;Curva;Aclive";"Sim";1;0;1;0;0;0;1;1;-18,83964855;-41,98699951;"SPRF-MG";"DEL06-MG";"UOP01-DEL06-MG"
658719;2025-02-01;"sábado";"23:56:00";"ES";101;397;"RIO NOVO DO SUL";"Transitar na contramão";"Colisão frontal";"Com Vítimas Fatais";"Plena Noite";"Crescente";"Céu Claro";"Simples";"Reta";"Sim";3;2;0;0;0;1;0;2;-20,87297988;-40,94948206;"SPRF-ES";"DEL03-ES";"UOP02-DEL03-ES"
658720;2025-02-01;"sábado";"23:00:00";"SC";282;19;"PALHOCA";"Chuva";"Incêndio";"Sem Vítimas";"Plena Noite";"Crescente";"Céu Claro";"Múltipla";"Curva";"Não";2;0;0;0;0;2;0;2;-27,67940471;-48,7040019;"SPRF-SC";"DEL01-SC";"UOP02-DEL01-SC"
658722;2025-02-01;"sábado";"21:50:00";"RO";364;337;"JI-PARANA";"Conversão proibida";"Colisão traseira";"Com Vítimas Feridas";"Plena Noite";"Crescente";"Céu Claro";"Simples";"Interseção de Vias;Reta";"Não";2;0;1;0;1;0;1;2;-10,92164039;-61,92993164;"SPRF-RO";"DEL02-RO";"UOP01-DEL02-RO"
658723;2025-02-01;"sábado";"21:10:00";"RJ";101;73,5;"CAMPOS DOS GOYTACAZES";"Animais na Pista";"Atropelamento de Animal";"Com Vítimas Feridas";"Plena Noite";"Decrescente";"Céu Claro";"Simples";"Reta";"Sim";1;0;1;0;0;0;1;1;-21,798874;-41,393955;"SPRF-RJ";"DEL08-RJ";"UOP02-DEL08-RJ"