"id";"data_inversa";"dia_semana";"horario";"uf";"br";"km";"municipio";"causa_acidente";"tipo_acidente";"classificacao_acidente";"fase_dia";"sentido_via";"condicao_metereologica";"tipo_pista";"tracado_via";"uso_solo";"pessoas";"mortos";"feridos_leves";"feridos_graves";"ilesos";"ignorados";"feridos";"veiculos";"latitude";"longitude";"regional";"delegacia";"uop"
658724;2025-02-01;"sábado";"23:45:00";"SC";470;63;"INDAIAL";"Acessar a via sem observar a presença dos outros veículos";"Colisão transversal";"Com Vítimas Feridas";"Plena Noite";"Crescente";"Nublado";"Dupla";"Reta";"Não";2;0;0;1;1;0;1;2;-26,872396;-49,19228;"SPRF-SC";"DEL04-SC";"UOP01-DEL04-SC"
658725;2025-02-01;"sábado";"23:40:00";"MA";316;552;"CAXIAS";"Velocidade Incompatível";"Colisão com objeto";"Com Vítimas Feridas";"Plena Noite";"Decrescente";"Céu Claro";"Dupla";"Reta";"Sim";4;0;1;1;1;1;2;3;-4,882649;-43,345581;"SPRF-MA";"DEL03-MA";"UOP02-DEL03-MA"
658728;2025-02-02;"domingo";"01:25:00";"DF";60;18;"BRASILIA";"Condutor Dormindo";"Saída de leito carroçável";"Com Vítimas Feridas";"Plena Noite";"Crescente";"Céu Claro";"Dupla";"Reta";"Não";1;0;1;0;0;0;1;1;-15,967793;-48,183559;"SPRF-DF";"DEL03-DF";"UOP01-DEL03-DF"
658729;2025-02-02;"domingo";"01:50:00";"SE";101;92;"NOSSA SENHORA DO SOCORRO";"Ausência de reação do condutor";"Colisão com objeto";"Com Vítimas Feridas";"Plena Noite";"Crescente";"Céu Claro";"Dupla";"Curva;Retorno Regulamentado";"Sim";1;0;1;0;0;0;1;1;-10,90169474;-37,13619222;"SPRF-SE";"DEL01-SE";"UOP01-DEL01-SE"
658730;2025-02-02;"domingo";"01:10:00";"BA";415;49;"ITABUNA";"Ingestão de álcool pelo condutor";"Colisão traseira";"Sem Vítimas";"Plena Noite";"Decrescente";"Céu Claro";"Simples";"Reta";"Não";4;0;0;0;4;0;0;2;-14,81574494;-39,29612388;"SPRF-BA";"DEL05-BA";"UOP01-DEL05-BA"
658731;2025-02-02;"domingo";"00:50:00";"GO";153;699;"ITUMBIARA";"Velocidade Incompatível";"Saída de leito carroçável";"Sem Vítimas";"Plena Noite";"Crescente";"Chuva";"Simples";"Reta";"Sim";1;0;0;0;0;1;0;1;-18,3862;-49,2076;"SPRF-GO";"DEL03-GO";"UOP02-DEL03-GO"
658732;2025-02-02;"domingo";"01:50:00";"MG";40;571;"ITABIRITO";"Pedestre andava na pista";"Atropelamento de Pedestre";"Com Vítimas Fatais";"Plena Noite";"Decrescente";"Nublado";"Simples";"Reta;Declive";"Sim";2;1;0;0;1;0;0;2;-20,22179201;-43,97116103;"SPRF-MG";"DEL01-MG";"UOP02-DEL01-MG"
658733;2025-02-02;"domingo";"01:00:00";"MA";135;22;"SAO LUIS";"Reação tardia ou ineficiente do condutor";"Colisão traseira";"Com Vítimas Feridas";"Plena Noite";"Decrescente";"Garoa/Chuvisco";"Dupla";"Reta";"Sim";4;0;1;0;3;0;1;2;-2,53073;-44,3068;"SPRF-MA";"DEL01-MA";"UOP01-DEL01-MA"
658734;2025-02-02;"domingo";"03:05:00";"GO";153;506;"APARECIDA DE GOIANIA";"Suicídio (presumido)";"Queda de ocupante de veículo";"Com Vítimas Feridas";"Plena Noite";"Crescente";"Nublado";"Dupla";"Reta";"Sim";2;0;0;1;1;0;1;1;-16,7633;-49,24;"SPRF-GO";"DEL01-GO";"UOP01-DEL01-GO"
658735;2025-02-02;"domingo";"01:37:00";"MG";381;691,5;"LAVRAS";"Animais na Pista";"Atropelamento de Animal";"Com Vítimas Feridas";"Plena Noite";"Crescente";"Ignorado";"Dupla";"Reta";"Não";2;0;1;0;1;0;1;1;-21,24242696;-45,13576519;"SPRF-MG";"DEL04-MG";"UOP02-DEL04-MG"
658736;2025-02-02;"domingo";"02:24:00";"SP";116;142,9;"SAO JOSE DOS CAMPOS";"Condutor Dormindo";"Saída de leito carroçável";"Sem Vítimas";"Plena Noite";"Decrescente";"Nublado";"Dupla";"Reta";"Sim";1;0;0;0;1;0;0;1;-23,17426078;-45,82940111;"SPRF-SP";"DEL02-SP";"UOP01-DEL02-SP"
658737;2025-02-02;"domingo";"02:00:00";"MS";163;519,8;"JARAGUARI";"Condutor Dormindo";"Capotamento";"Com Vítimas Feridas";"Plena Noite";"Crescente";"Céu Claro";"Dupla";"Reta";"Não";2;0;2;0;0;0;2;1;-20,16993505;-54,4490649;"SPRF-MS";"DEL01-MS";"UOP02-DEL01-MS"
658738;2025-02-02;"domingo";"03:30:00";"MG";116;768;"LEOPOLDINA";"Condutor Dormindo";"Saída de leito carroçável";"Sem Vítimas";"Plena Noite";"Crescente";"Céu Claro";"Simples";"Reta";"Sim";1;0;0;0;1;0;0;1;-21,54357124;-42,65688182;"SPRF-MG";"DEL07-MG";"UOP01-DEL07-MG"
658739;2025-02-02;"domingo";"03:15:00";"SC";282;514,7;"XAXIM";"Reação tardia ou ineficiente do condutor";"Saída de leito carroçável";"Sem Vítimas";"Plena Noite";"Crescente";"Céu Claro";"Simples";"Curva";"Não";1;0;0;0;1;0;0;1;-26,930862;-52,499157;"SPRF-SC";"DEL07-SC";"UOP01-DEL07-SC"
658741;2025-02-02;"domingo";"03:50:00";"MG";40;774,8;"JUIZ DE FORA";"Ausência de reação do condutor";"Saída de leito carroçável";"Com Vítimas Feridas";"Plena Noite";"Crescente";"Nublado";"Dupla";"Curva";"Não";2;0;2;0;0;0;2;1;-21,659983;-43,433757;"SPRF-MG";"DEL05-MG";"UOP01-DEL05-MG"
658744;2025-02-02;"domingo";"04:50:00";"PE";232;249,6;"ARCOVERDE";"Ausência de reação do condutor";"Capotamento";"Com Vítimas Feridas";"Amanhecer";"Crescente";"Vento";"Simples";"Reta";"Não";4;0;2;0;1;1;2;1;-8,42322358;-37,04374191;"SPRF-PE";"DEL04-PE";"UOP02-DEL04-PE"
658745;2025-02-02;"domingo";"04:40:00";"RS";392;684,5;"ROQUE GONZALES";"Manobra de mudança de faixa";"Colisão frontal";"Com Vítimas Fatais";"Plena Noite";"Decrescente";"Céu Claro";"Simples";"Reta";"Não";3;1;0;1;0;1;1;3;-28,12237715;-54,93986501;"SPRF-RS";"DEL10-RS";"UOP01-DEL10-RS"
658746;2025-02-02;"domingo";"02:25:00";"BA";324;618;"SALVADOR";"Ingestão de álcool pelo condutor";"Colisão frontal";"Com Vítimas Fatais";"Plena Noite";"Decrescente";"Céu Claro";"Múltipla";"Reta";"Sim";5;1;1;0;1;2;1;5;-12,899641;-38,451049;"SPRF-BA";"DEL01-BA";"UOP01-DEL01-BA"
658747;2025-02-02;"domingo";"05:00:00";"ES";101;262,4;"SERRA";"Ausência de reação do condutor";"Colisão com objeto";"Com Vítimas Feridas";"Amanhecer";"Crescente";"Sol";"Dupla";"Reta";"Sim";2;0;1;0;1;0;1;1;-20,1572331;-40,27678329;"SPRF-ES";"DEL02-ES";"UOP01-DEL02-ES"
658748;2025-02-01;"sábado";"19:30:00";"RJ";116;295;"BARRA MANSA";"Chuva";"Capotamento";"Com Vítimas Feridas";"Plena Noite";"Decrescente";"Chuva";"Dupla";"Reta";"Não";1;0;0;1;0;0;1;1;-22,45013044;-44,3107408;"SPRF-RJ";"DEL07-RJ";"UOP02-DEL07-RJ"
658749;2025-02-02;"domingo";"04:20:00";"PR";373;241,5;"GUAMIRANGA";"Ausência de reação do condutor";"Saída de leito carroçável";"Com Vítimas Feridas";"Plena Noite";"Decrescente";"Nublado";"Simples";"Reta";"Não";2;0;1;0;1;0;1;1;-25,19760594;-50,767904;"SPRF-PR";"DEL03-PR";"UOP01-DEL03-PR"
658750;2025-02-01;"sábado";"22:25:00";"SC";163;1,2;"DIONISIO CERQUEIRA";"Velocidade Incompatível";"Tombamento";"Sem Vítimas";"Plena Noite";"Decrescente";"Céu Claro";"Simples";"Interseção de Vias;Rotatória";"Sim";1;0;0;0;1;0;0;1;-26,26675538;-53,62625778;"SPRF-SC";"DEL07-SC";"UOP03-DEL07-SC"
658751;2025-02-02;"domingo";"05:20:00";"TO";153;340;"GUARAI";"Ausência de reação do condutor";"Colisão traseira";"Com Vítimas Fatais";"Amanhecer";"Crescente";"Nublado";"Simples";"Reta";"Não";2;1;0;0;1;0;0;2;-8,890417;-48,50889702;"SPRF-TO";"DEL02-TO";"UOP02-DEL02-TO"
658752;2025-02-02;"domingo";"05:40:00";"SE";101;171,7;"SANTA LUZIA DO ITANHY";"Acessar a via sem observar a presença dos outros veículos";"Colisão transversal";"Com Vítimas Feridas";"Pleno dia";"Decrescente";"Nublado";"Simples";"Reta";"Não";4;0;0;2;2;0;2;2;-11,33329259;-37,58386374;"SPRF-SE";"DEL02-SE";"UOP01-DEL02-SE"
658753;2025-02-02;"domingo";"05:45:00";"RS";386;272,8;"FONTOURA XAVIER";"Ausência de reação do condutor";"Saída de leito carroçável";"Sem Vítimas";"Amanhecer";"Decrescente";"Céu Claro";"Simples";"Declive;Reta";"Não";1;0;0;0;0;1;0;1;-28,98914;-52,366314;"SPRF-RS";"DEL04-RS";"UOP03-DEL04-RS"
658754;2025-02-02;"domingo";"05:30:00";"MG";116;741,1;"LEOPOLDINA";"Demais falhas mecânicas ou elétricas";"Colisão com objeto";"Sem Vítimas";"Plena Noite";"Crescente";"Céu Claro";"Simples";"Reta;Declive";"Não";1;0;0;0;0;1;0;1;-21,39943786;-42,49496925;"SPRF-MG";"DEL07-MG";"UOP01-DEL07-MG"
658755;2025-02-02;"domingo";"05:40:00";"MG";40;472,4;"SETE LAGOAS";"Pista esburacada";"Colisão com objeto";"Com Vítimas Feridas";"Amanhecer";"Crescente";"Nublado";"Dupla";"Reta";"Não";1;0;1;0;0;0;1;1;-19,483338;-44,28245;"SPRF-MG";"DEL02-MG";"UOP01-DEL02-MG"
658757;2025-02-02;"domingo";"04:50:00";"CE";222;124,3;"ITAPAJE";"Transitar na contramão";"Colisão frontal";"Com Vítimas Fatais";"Plena Noite";"Crescente";"Céu Claro";"Simples";"Curva";"Sim";2;1;1;0;0;0;1;2;-3,71506803;-39,56689605;"SPRF-CE";"DEL04-CE";"UOP03-DEL04-CE"
658759;2025-02-02;"domingo";"05:40:00";"RS";392;56;"RIO GRANDE";"Ausência de reação do condutor";"Colisão com objeto";"Com Vítimas Feridas";"Amanhecer";"Crescente";"Céu Claro";"Dupla";"Reta;Ponte";"Não";4;0;2;0;2;0;2;1;-31,8205679;-52,3256513;"SPRF-RS";"DEL07-RS";"UOP02-DEL07-RS"
658760;2025-02-02;"domingo";"06:30:00";"PB";101;88;"JOAO PESSOA";"Reação tardia ou ineficiente do condutor";"Tombamento";"Com Vítimas Feridas";"Pleno dia";"Decrescente";"Céu Claro";"Dupla";"Declive";"Sim";1;0;0;1;0;0;1;1;-7,16470016;-34,89993643;"SPRF-PB";"DEL01-PB";"UOP01-DEL01-PB"
658762;2025-02-02;"domingo";"04:00:00";"GO";60;104,8;"GOIANAPOLIS";"Ausência de reação do condutor";"Saída de leito carroçável";"Sem Vítimas";"Plena Noite";"Crescente";"Nublado";"Dupla";"Reta";"Não";1;0;0;0;0;1;0;1;-16,4118;-49,0004;"SPRF-GO";"DEL02-GO";"UOP01-DEL02-GO"
658763;2025-02-02;"domingo";"05:00:00";"RN";427;97,3;"CAICO";"Ausência de reação do condutor";"Colisão com objeto";"Com Vítimas Fatais";"Amanhecer";"Decrescente";"Céu Claro";"Dupla";"Interseção de Vias";"Não";1;1;0;0;0;0;0;1;-6,45622894;-37,05506444;"SPRF-RN";"DEL03-RN";"UOP01-DEL03-RN"
658764;2025-02-02;"domingo";"05:40:00";"MA";316;551;"CAXIAS";"Avarias e/ou desgaste excessivo no pneu";"Saída de leito carroçável";"Com Vítimas Feridas";"Amanhecer";"Crescente";"Céu Claro";"Simples";"Reta";"Não";3;0;2;1;0;0;3;1;-4,886332;-43,353386;"SPRF-MA";"DEL03-MA";"UOP02-DEL03-MA"
658765;2025-02-02;"domingo";"06:15:00";"PE";101;46;"IGARASSU";"Condutor deixou de manter distância do veículo da frente";"Colisão traseira";"Sem Vítimas";"Pleno dia";"Crescente";"Céu Claro";"Múltipla";"Reta";"Sim";2;0;0;0;1;1;0;2;-7,87406004;-34,90588126;"SPRF-PE";"DEL01-PE";"UOP02-DEL01-PE"
658766;2025-02-02;"domingo";"04:00:00";"BA";110;233;"OLINDINA";"Animais na Pista";"Atropelamento de Animal";"Com Vítimas Feridas";"Plena Noite";"Decrescente";"Céu Claro";"Simples";"Reta";"Não";1;0;1;0;0;0;1;1;-11,33728269;-38,35441969;"SPRF-BA";"DEL01-BA";"UOP04-DEL01-BA"
658769;2025-02-02;"domingo";"07:25:00";"SC";101;190,7;"BIGUACU";"Mal súbito do condutor";"Colisão com objeto";"Com Vítimas Feridas";"Pleno dia";"Crescente";"Nublado";"Dupla";"Reta";"Sim";1;0;1;0;0;0;1;1;-27,468056;-48,641712;"SPRF-SC";"DEL01-SC";"UOP01-DEL01-SC"
658770;2025-02-02;"domingo";"04:20:00";"PR";153;306;"IMBITUVA";"Velocidade Incompatível";"Saída de leito carroçável";"Com Vítimas Feridas";"Plena Noite";"Crescente";"Nublado";"Simples";"Reta";"Não";2;0;1;0;0;1;1;1;-25,25766;-50,640564;"SPRF-PR";"DEL08-PR";"UOP02-DEL08-PR"
658773;2025-02-02;"domingo";"05:34:00";"MS";262;214;"RIBAS DO RIO PARDO";"Animais na Pista";"Atropelamento de Animal";"Com Vítimas Feridas";"Amanhecer";"Crescente";"Céu Claro";"Simples";"Reta";"Não";2;0;1;0;1;0;1;1;-20,46490467;-53,51927602;"SPRF-MS";"DEL01-MS";"UOP05-DEL01-MS"
658774;2025-02-02;"domingo";"07:00:00";"PR";373;213,6;"IMBITUVA";"Ingestão de álcool pelo condutor";"Saída de leito carroçável";"Sem Vítimas";"Amanhecer";"Decrescente";"Céu Claro";"Dupla";"Reta";"Não";1;0;0;0;1;0;0;1;-25,15414172;-50,522089;"SPRF-PR";"DEL03-PR";"UOP01-DEL03-PR"
658775;2025-02-02;"domingo";"06:00:00";"MG";381;728,3;"CARMO DA CACHOEIRA";"Velocidade Incompatível";"Colisão com objeto";"Com Vítimas Feridas";"Pleno dia";"Crescente";"Nublado";"Dupla";"Curva";"Não";2;0;2;0;0;0;2;1;-21,52361199;-45,22481701;"SPRF-MG";"DEL04-MG";"UOP02-DEL04-MG"
658777;2025-02-02;"domingo";"03:00:00";"AL";316;243,7;"ATALAIA";"Velocidade Incompatível";"Saída de leito carroçável";"Com Vítimas Fatais";"Plena Noite";"Decrescente";"Céu Claro";"Simples";"Curva";"Não";1;1;0;0;0;0;0;1;-9,50948818;-36,01302293;"SPRF-AL";"DEL01-AL";"UOP01-DEL01-AL"
658778;2025-02-02;"domingo";"07:45:00";"PE";232;4,9;"RECIFE";"Reação tardia ou ineficiente do condutor";"Colisão lateral mesmo sentido";"Com Vítimas Feridas";"Pleno dia";"Decrescente";"Céu Claro";"Dupla";"Viaduto;Reta";"Sim";3;0;1;0;2;0;1;2;-8,06715;-34,94311;"SPRF-PE";"DEL01-PE";"UOP01-DEL01-PE"
658779;2025-01-29;"quarta-feira";"11:30:00";"PR";476;154;"ARAUCARIA";"Reação tardia ou ineficiente do condutor";"Colisão traseira";"Com Vítimas Feridas";"Pleno dia";"Decrescente";"Céu Claro";"Dupla";"Reta;Aclive";"Sim";2;0;1;0;1;0;1;2;-25,58641765;-49,40424621;"SPRF-PR";"DEL01-PR";"UOP06-DEL01-PR"
658780;2025-02-02;"domingo";"07:15:00";"PR";369;482,1;"CORBELIA";"Ingestão de álcool pelo condutor";"Colisão lateral mesmo sentido";"Com Vítimas Feridas";"Pleno dia";"Decrescente";"Céu Claro";"Simples";"Reta;Declive";"Não";4;0;3;1;0;0;4;2;-24,77466266;-53,2926411;"SPRF-PR";"DEL04-PR";"UOP03-DEL04-PR"
658781;2025-02-02;"domingo";"08:00:00";"RJ";101;66;"CAMPOS DOS GOYTACAZES";"Velocidade Incompatível";"Saída de leito carroçável";"Com Vítimas Feridas";"Pleno dia";"Decrescente";"Céu Claro";"Simples";"Rotatória";"Sim";2;0;2;0;0;0;2;1;-21,76653441;-41,34569407;"SPRF-RJ";"DEL08-RJ";"UOP02-DEL08-RJ"
658782;2025-02-02;"domingo";"09:08:00";"GO";70;1;"AGUAS LINDAS DE GOIAS";"Chuva";"Colisão traseira";"Com Vítimas Feridas";"Pleno dia";"Decrescente";"Chuva";"Dupla";"Reta;Declive";"Não";5;0;4;0;0;1;4;2;-15,77579351;-48,23259001;"SPRF-DF";"DEL03-DF";"UOP02-DEL03-DF"
658783;2025-02-02;"domingo";"01:29:00";"BA";324;542;"AMELIA RODRIGUES";"Animais na Pista";"Atropelamento de Animal";"Com Vítimas Feridas";"Plena Noite";"Crescente";"Céu Claro";"Dupla";"Reta";"Sim";1;0;0;1;0;0;1;1;-12,39916193;-38,76306725;"SPRF-BA";"DEL01-BA";"UOP03-DEL01-BA"
658784;2025-02-02;"domingo";"09:00:00";"SP";116;93,5;"PINDAMONHANGABA";"Ausência de reação do condutor";"Colisão com objeto";"Com Vítimas Feridas";"Pleno dia";"Crescente";"Nublado";"Dupla";"Reta";"Não";1;0;1;0;0;0;1;1;-22,95222732;-45,40443885;"SPRF-SP";"DEL08-SP";"UOP01-DEL08-SP"
658786;2025-01-22;"quarta-feira";"02:00:00";"RR";174;421;"IRACEMA";"Animais na Pista";"Atropelamento de Animal";"Sem Vítimas";"Plena Noite";"Crescente";"Ignorado";"Simples";"Reta";"Não";2;0;0;0;2;0;0;1;2,23982;-60,985523;"SPRF-RR";"DEL01-RR";"UOP01-DEL01-RR"
658788;2025-02-02;"domingo";"08:45:00";"PB";230;251;"JUAZEIRINHO";"Conversão proibida";"Colisão frontal";"Com Vítimas Fatais";"Pleno dia";"Decrescente";"Céu Claro";"Simples";"Interseção de Vias";"Não";5;1;1;0;3;0;1;2;-7,06021042;-36,65161371;"SPRF-PB";"DEL03-PB";"UOP01-DEL03-PB"
658789;2025-02-02;"domingo";"09:20:00";"ES";262;69;"DOMINGOS MARTINS";"Ultrapassagem Indevida";"Colisão frontal";"Com Vítimas Fatais";"Pleno dia";"Decrescente";"Céu Claro";"Simples";"Reta;Aclive";"Não";2;1;0;0;1;0;0;2;-20,41226608;-40,85971695;"SPRF-ES";"DEL01-ES";"UOP02-DEL01-ES"
658790;2025-02-02;"domingo";"09:45:00";"PI";343;308,1;"ALTOS";"Acessar a via sem observar a presença dos outros veículos";"Colisão transversal";"Com Vítimas Feridas";"Pleno dia";"Crescente";"Céu Claro";"Simples";"Reta";"Sim";2;0;0;1;1;0;1;2;-5,038669;-42,468166;"SPRF-PI";"DEL01-PI";"UOP01-DEL01-PI"
658791;2025-02-02;"domingo";"09:05:00";"RS";290;50,4;"GLORINHA";"Condutor Dormindo";"Saída de leito carroçável";"Com Vítimas Feridas";"Pleno dia";"Crescente";"Céu Claro";"Múltipla";"Reta";"Não";4;0;1;0;3;0;1;1;-29,906633;-50,757706;"SPRF-RS";"DEL03-RS";"UOP01-DEL03-RS"
658793;2025-02-02;"domingo";"09:35:00";"RS";285;341,3;"CARAZINHO";"Acessar a via sem observar a presença dos outros veículos";"Colisão traseira";"Com Vítimas Feridas";"Pleno dia";"Crescente";"Céu Claro";"Simples";"Reta";"Sim";3;0;1;0;2;0;1;2;-28,31768661;-52,80614555;"SPRF-RS";"DEL08-RS";"UOP03-DEL08-RS"
658795;2025-02-02;"domingo";"09:30:00";"DF";251;33,7;"BRASILIA";"Conversão proibida";"Colisão frontal";"Com Vítimas Feridas";"Pleno dia";"Crescente";"Garoa/Chuvisco";"Simples";"Reta";"Não";3;0;2;0;1;0;2;2;-15,937679;-47,748878;"SPRF-DF";"DEL01-DF";"UOP01-DEL01-DF"
658797;2025-02-02;"domingo";"10:30:00";"PE";101;69,1;"RECIFE";"Reação tardia ou ineficiente do condutor";"Colisão lateral mesmo sentido";"Com Vítimas Feridas";"Pleno dia";"Decrescente";"Céu Claro";"Múltipla";"Reta";"Sim";2;0;0;1;1;0;1;2;-8,05990949;-34,94573951;"SPRF-PE";"DEL01-PE";"UOP01-DEL01-PE"
658798;2025-02-02;"domingo";"10:45:00";"BA";101;490;"ITAJUIPE";"Acessar a via sem observar a presença dos outros veículos";"Colisão transversal";"Com Vítimas Feridas";"Pleno dia";"Crescente";"Chuva";"Simples";"Reta;Interseção de Vias";"Não";6;0;6;0;0;0;6;2;-14,69537257;-39,36535109;"SPRF-BA";"DEL05-BA";"UOP01-DEL05-BA"
658799;2025-02-02;"domingo";"11:30:00";"RJ";393;268,1;"BARRA DO PIRAI";"Acessar a via sem observar a presença dos outros veículos";"Colisão transversal";"Com Vítimas Feridas";"Pleno dia";"Crescente";"Nublado";"Simples";"Reta";"Não";8;0;4;1;3;0;5;2;-22,48780458;-43,90932706;"SPRF-RJ";"DEL05-RJ";"UOP04-DEL05-RJ"
658800;2025-02-02;"domingo";"10:45:00";"TO";153;228;"COLINAS DO TOCANTINS";"Transitar na contramão";"Colisão lateral sentido oposto";"Com Vítimas Feridas";"Pleno dia";"Decrescente";"Nublado";"Simples";"Reta";"Não";3;0;0;2;1;0;2;2;-7,88937503;-48,45674192;"SPRF-TO";"DEL02-TO";"UOP01-DEL02-TO"
658801;2025-02-02;"domingo";"12:10:00";"MG";381;557;"ITAGUARA";"Chuva";"Capotamento";"Com Vítimas Feridas";"Pleno dia";"Crescente";"Chuva";"Dupla";"Curva";"Não";2;0;1;0;1;0;1;1;-20,36904195;-44,46938756;"SPRF-MG";"DEL04-MG";"UOP03-DEL04-MG"
658804;2025-02-02;"domingo";"08:26:00";"RS";116;221;"DOIS IRMAOS";"Velocidade Incompatível";"Colisão com objeto";"Com Vítimas Feridas";"Pleno dia";"Decrescente";"Céu Claro";"Simples";"Curva";"Não";2;0;1;1;0;0;2;1;-29,57244205;-51,09624556;"SPRF-RS";"DEL01-RS";"UOP02-DEL01-RS"
658805;2025-02-02;"domingo";"11:30:00";"MG";116;574;"MANHUACU";"Reação tardia ou ineficiente do condutor";"Colisão traseira";"Com Vítimas Feridas";"Pleno dia";"Decrescente";"Céu Claro";"Simples";"Curva;Declive";"Não";2;0;1;0;1;0;1;2;-20,13900489;-42,17990632;"SPRF-MG";"DEL06-MG";"UOP03-DEL06-MG"
658806;2025-02-02;"domingo";"12:00:00";"SC";101;424,5;"ARARANGUA";"Demais falhas mecânicas ou elétricas";"Incêndio";"Sem Vítimas";"Pleno dia";"Decrescente";"Céu Claro";"Múltipla";"Reta";"Não";1;0;0;0;1;0;0;1;-29,020803;-49,59121227;"SPRF-SC";"DEL02-SC";"UOP02-DEL02-SC"
658808;2025-02-02;"domingo";"13:10:00";"MG";40;662;"CARANDAI";"Pista Escorregadia";"Tombamento";"Com Vítimas Feridas";"Pleno dia";"Decrescente";"Chuva";"Simples";"Aclive;Reta";"Não";1;0;1;0;0;0;1;1;-20,92196871;-43,82240524;"SPRF-MG";"DEL05-MG";"UOP02-DEL05-MG"
658810;2025-02-02;"domingo";"12:55:00";"SC";101;113;"ITAJAI";"Demais falhas mecânicas ou elétricas";"Tombamento";"Com Vítimas Feridas";"Pleno dia";"Decrescente";"Céu Claro";"Múltipla";"Reta";"Sim";2;0;1;1;0;0;2;1;-26,85311393;-48,72689927;"SPRF-SC";"DEL04-SC";"UOP04-DEL04-SC"
658811;2025-02-02;"domingo";"13:50:00";"MG";116;533;"SANTA RITA DE MINAS";"Ausência de sinalização";"Saída de leito carroçável";"Com Vítimas Feridas";"Pleno dia";"Crescente";"Céu Claro";"Simples";"Curva";"Não";3;0;3;0;0;0;3;1;-19,85292504;-42,14058636;"SPRF-MG";"DEL06-MG";"UOP02-DEL06-MG"
658812;2025-02-02;"domingo";"08:40:00";"PB";361;19,7;"SANTA TERESINHA";"Reação tardia ou ineficiente do condutor";"Saída de leito carroçável";"Com Vítimas Feridas";"Pleno dia";"Decrescente";"Céu Claro";"Simples";"Curva;Declive";"Não";3;0;2;0;1;0;2;1;-7,07275181;-37,41688032;"SPRF-PB";"DEL03-PB";"UOP01-DEL03-PB"
658813;2025-02-02;"domingo";"12:40:00";"SC";101;348,5;"JAGUARUNA";"Ausência de reação do condutor";"Saída de leito carroçável";"Com Vítimas Feridas";"Pleno dia";"Decrescente";"Céu Claro";"Dupla";"Curva";"Não";1;0;0;1;0;0;1;1;-28,59356561;-49,04537201;"SPRF-SC";"DEL02-SC";"UOP01-DEL02-SC"
658814;2025-02-02;"domingo";"11:30:00";"ES";101;396,5;"RIO NOVO DO SUL";"Manobra de mudança de faixa";"Colisão com objeto";"Com Vítimas Feridas";"Pleno dia";"Crescente";"Céu Claro";"Simples";"Declive;Curva";"Não";2;0;1;0;1;0;1;1;-20,868874;-40,94103;"SPRF-ES";"DEL03-ES";"UOP02-DEL03-ES"
658815;2025-02-02;"domingo";"13:40:00";"GO";60;52,6;"ABADIANIA";"Animais na Pista";"Capotamento";"Com Vítimas Feridas";"Pleno dia";"Crescente";"Nublado";"Dupla";"Reta";"Não";1;0;1;0;0;0;1;1;-16,17138;-48,645333;"SPRF-GO";"DEL02-GO";"UOP01-DEL02-GO"
658816;2025-02-02;"domingo";"10:35:00";"MG";381;521,7;"BRUMADINHO";"Velocidade Incompatível";"Capotamento";"Com Vítimas Feridas";"Pleno dia";"Decrescente";"Chuva";"Dupla";"Curva";"Não";2;0;1;0;1;0;1;1;-20,13846621;-44,31715274;"SPRF-MG";"DEL04-MG";"UOP03-DEL04-MG"
658817;2025-02-02;"domingo";"08:20:00";"MG";381;410;"NOVA UNIAO";"Demais falhas mecânicas ou elétricas";"Queda de ocupante de veículo";"Com Vítimas Feridas";"Pleno dia";"Crescente";"Céu Claro";"Dupla";"Curva";"Não";1;0;0;1;0;0;1;1;-19,72572734;-43,58721586;"SPRF-MG";"DEL01-MG";"UOP01-DEL01-MG"
658820;2025-02-02;"domingo";"14:30:00";"SP";381;61;"MAIRIPORA";"Manobra de mudança de faixa";"Colisão traseira";"Com Vítimas Feridas";"Pleno dia";"Decrescente";"Céu Claro";"Dupla";"Curva;Aclive";"Não";4;0;2;0;2;0;2;3;-23,29011611;-46,5800681;"SPRF-SP";"DEL03-SP";"UOP01-DEL03-SP"
658821;2025-02-02;"domingo";"13:50:00";"RJ";493;0,9;"ITABORAI";"Conversão proibida";"Colisão lateral mesmo sentido";"Com Vítimas Feridas";"Pleno dia";"Crescente";"Céu Claro";"Múltipla";"Reta";"Sim";4;0;3;0;1;0;3;2;-22,76504615;-42,92539307;"SPRF-RJ";"DEL02-RJ";"UOP02-DEL02-RJ"
658822;2025-02-02;"domingo";"13:54:00";"PE";101;82,6;"JABOATAO DOS GUARARAPES";"Condutor deixou de manter distância do veículo da frente";"Colisão traseira";"Com Vítimas Feridas";"Pleno dia";"Crescente";"Céu Claro";"Dupla";"Reta";"Sim";2;0;0;1;0;1;1;2;-8,172877;-34,940563;"SPRF-PE";"DEL01-PE";"UOP01-DEL01-PE"
658823;2025-02-02;"domingo";"12:20:00";"RO";364;190;"PIMENTA BUENO";"Chuva";"Saída de leito carroçável";"Com Vítimas Feridas";"Pleno dia";"Crescente";"Chuva";"Simples";"Reta";"Não";2;0;1;0;1;0;1;1;-11,72293306;-61,14312304;"SPRF-RO";"DEL02-RO";"UOP02-DEL02-RO"
658824;2025-02-02;"domingo";"11:05:00";"RJ";116;115;"MAGE";"Acesso irregular";"Colisão transversal";"Com Vítimas Fatais";"Pleno dia";"Decrescente";"Céu Claro";"Dupla";"Reta";"Não";4;1;2;0;1;0;2;2;-22,58686665;-43,0179492;"SPRF-RJ";"DEL04-RJ";"UOP02-DEL04-RJ"