"id";"data_inversa";"dia_semana";"horario";"uf";"br";"km";"municipio";"causa_acidente";"tipo_acidente";"classificacao_acidente";"fase_dia";"sentido_via";"condicao_metereologica";"tipo_pista";"tracado_via";"uso_solo";"pessoas";"mortos";"feridos_leves";"feridos_graves";"ilesos";"ignorados";"feridos";"veiculos";"latitude";"longitude";"regional";"delegacia";"uop"
659037;2025-02-03;"segunda-feira";"10:30:00";"MS";163;681,9;"RIO VERDE DE MATO GROSSO";"Entrada inopinada do pedestre";"Atropelamento de Pedestre";"Com Vítimas Feridas";"Pleno dia";"Decrescente";"Chuva";"Simples";"Reta";"Sim";3;0;0;1;1;1;1;2;-18,91578008;-54,83862738;"SPRF-MS";"DEL06-MS";"UOP02-DEL06-MS"
659038;2025-02-03;"segunda-feira";"11:25:00";"RN";226;124;"LAJES PINTADAS";"Reação tardia ou ineficiente do condutor";"Capotamento";"Com Vítimas Feridas";"Pleno dia";"Crescente";"Céu Claro";"Simples";"Declive";"Não";1;0;1;0;0;0;1;1;-6,18183;-36,10914;"SPRF-RN";"DEL03-RN";"UOP02-DEL03-RN"
659039;2025-02-03;"segunda-feira";"10:00:00";"MT";70;302;"PRIMAVERA DO LESTE";"Acessar a via sem observar a presença dos outros veículos";"Colisão transversal";"Com Vítimas Feridas";"Pleno dia";"Decrescente";"Nublado";"Simples";"Reta";"Não";5;0;2;1;2;0;3;2;-15,57743446;-54,48900705;"SPRF-MT";"DEL05-MT";"UOP01-DEL05-MT"
659041;2025-01-26;"domingo";"07:55:00";"BA";116;17;"VITORIA DA CONQUISTA";"Acessar a via sem observar a presença dos outros veículos";"Colisão transversal";"Com Vítimas Feridas";"Pleno dia";"Crescente";"Céu Claro";"Simples";"Interseção de Vias;Reta";"Sim";2;0;1;0;1;0;1;2;-14,9022;-40,8406;"SPRF-BA";"DEL08-BA";"UOP01-DEL08-BA"
659042;2025-02-03;"segunda-feira";"11:20:00";"RJ";465;20;"NOVA IGUACU";"Frear bruscamente";"Queda de ocupante de veículo";"Com Vítimas Feridas";"Pleno dia";"Crescente";"Céu Claro";"Simples";"Reta";"Não";1;0;1;0;0;0;1;1;-22,846828;-43,605339;"SPRF-RJ";"DEL06-RJ";"UOP02-DEL06-RJ"
659043;2025-02-03;"segunda-feira";"12:20:00";"SC";101;113,1;"ITAJAI";"Reação tardia ou ineficiente do condutor";"Colisão traseira";"Com Vítimas Feridas";"Pleno dia";"Decrescente";"Céu Claro";"Múltipla";"Reta";"Sim";2;0;1;0;1;0;1;2;-26,85311393;-48,72689927;"SPRF-SC";"DEL04-SC";"UOP04-DEL04-SC"
659045;2025-02-03;"segunda-feira";"14:00:00";"RJ";116;173;"SAO JOAO DE MERITI";"Condutor deixou de manter distância do veículo da frente";"Colisão traseira";"Com Vítimas Feridas";"Pleno dia";"Decrescente";"Sol";"Múltipla";"Reta";"Não";5;0;1;0;4;0;1;2;-22,79810324;-43,35726614;"SPRF-RJ";"DEL06-RJ";"UOP01-DEL06-RJ"
659046;2025-02-03;"segunda-feira";"11:30:00";"PI";135;351;"BOM JESUS";"Reação tardia ou ineficiente do condutor";"Colisão com objeto";"Sem Vítimas";"Pleno dia";"Decrescente";"Céu Claro";"Dupla";"Reta";"Não";1;0;0;0;1;0;0;1;-9,07627817;-44,34586005;"SPRF-PI";"DEL03-PI";"UOP02-DEL03-PI"
659049;2025-02-03;"segunda-feira";"14:00:00";"SP";116;388;"MIRACATU";"Falta de elemento de contenção que evite a saída do leito carroçável";"Saída de leito carroçável";"Com Vítimas Feridas";"Pleno dia";"Crescente";"Nublado";"Dupla";"Reta";"Não";2;0;1;0;1;0;1;1;-24,26919492;-47,39740603;"SPRF-SP";"DEL04-SP";"UOP02-DEL04-SP"
659052;2025-02-03;"segunda-feira";"13:46:00";"MG";40;671;"CARANDAI";"Ausência de reação do condutor";"Colisão traseira";"Com Vítimas Feridas";"Pleno dia";"Crescente";"Céu Claro";"Simples";"Reta";"Não";2;0;0;1;1;0;1;2;-20,98136592;-43,78118992;"SPRF-MG";"DEL05-MG";"UOP02-DEL05-MG"
659053;2025-02-03;"segunda-feira";"12:25:00";"PE";232;212,5;"PESQUEIRA";"Acesso irregular";"Colisão lateral mesmo sentido";"Com Vítimas Fatais";"Pleno dia";"Crescente";"Céu Claro";"Simples";"Reta";"Sim";2;1;1;0;0;0;1;2;-8,37328104;-36,71376998;"SPRF-PE";"DEL03-PE";"UOP02-DEL03-PE"
659054;2025-02-03;"segunda-feira";"14:20:00";"RJ";101;317;"SAO GONCALO";"Avarias e/ou desgaste excessivo no pneu";"Queda de ocupante de veículo";"Com Vítimas Feridas";"Pleno dia";"Crescente";"Céu Claro";"Dupla";"Reta";"Sim";2;0;2;0;0;0;2;1;-22,83707798;-43,09492006;"SPRF-RJ";"DEL02-RJ";"UOP02-DEL02-RJ"
659055;2025-02-03;"segunda-feira";"14:20:00";"SC";101;334;"TUBARAO";"Acessar a via sem observar a presença dos outros veículos";"Colisão transversal";"Com Vítimas Feridas";"Pleno dia";"Decrescente";"Nublado";"Múltipla";"Reta";"Sim";2;0;1;0;1;0;1;2;-28,46730446;-49,00604302;"SPRF-SC";"DEL02-SC";"UOP01-DEL02-SC"
659056;2025-02-03;"segunda-feira";"11:30:00";"PR";277;174,2;"PALMEIRA";"Ausência de reação do condutor";"Saída de leito carroçável";"Sem Vítimas";"Pleno dia";"Decrescente";"Chuva";"Simples";"Reta";"Não";1;0;0;0;1;0;0;1;-25,4369462;-49,97807264;"SPRF-PR";"DEL08-PR";"UOP02-DEL08-PR"
659057;2025-02-03;"segunda-feira";"14:00:00";"BA";116;459;"SANTO ESTEVAO";"Acessar a via sem observar a presença dos outros veículos";"Colisão transversal";"Com Vítimas Feridas";"Pleno dia";"Decrescente";"Céu Claro";"Dupla";"Reta";"Sim";4;0;1;1;2;0;2;2;-12,42081589;-39,19884407;"SPRF-BA";"DEL02-BA";"UOP01-DEL02-BA"
659058;2025-02-03;"segunda-feira";"14:15:00";"SC";101;216;"PALHOCA";"Transitar na contramão";"Colisão frontal";"Com Vítimas Feridas";"Pleno dia";"Crescente";"Nublado";"Dupla";"Reta";"Sim";2;0;1;0;1;0;1;2;-27,65981409;-48,67747798;"SPRF-SC";"DEL01-SC";"UOP02-DEL01-SC"
659059;2025-01-29;"quarta-feira";"04:50:00";"MS";60;421;"SIDROLANDIA";"Ausência de reação do condutor";"Tombamento";"Com Vítimas Feridas";"Amanhecer";"Decrescente";"Céu Claro";"Simples";"Reta";"Não";1;0;0;1;0;0;1;1;-20,90554;-54,94034;"SPRF-MS";"DEL01-MS";"UOP04-DEL01-MS"
659060;2025-02-03;"segunda-feira";"13:20:00";"PR";376;451;"TIBAGI";"Reação tardia ou ineficiente do condutor";"Saída de leito carroçável";"Com Vítimas Feridas";"Pleno dia";"Decrescente";"Céu Claro";"Dupla";"Curva";"Não";1;0;1;0;0;0;1;1;-24,94239016;-50,40224704;"SPRF-PR";"DEL03-PR";"UOP02-DEL03-PR"
659061;2025-02-03;"segunda-feira";"13:20:00";"MT";364;405;"CUIABA";"Condutor deixou de manter distância do veículo da frente";"Colisão traseira";"Com Vítimas Feridas";"Pleno dia";"Crescente";"Céu Claro";"Dupla";"Reta";"Sim";2;0;1;0;1;0;1;2;-15,641128;-56,016678;"SPRF-MT";"DEL01-MT";"UOP02-DEL01-MT"
659062;2025-02-03;"segunda-feira";"14:50:00";"SP";153;62;"SAO JOSE DO RIO PRETO";"Condutor deixou de manter distância do veículo da frente";"Engavetamento";"Com Vítimas Feridas";"Pleno dia";"Crescente";"Garoa/Chuvisco";"Dupla";"Reta;Aclive";"Sim";3;0;1;0;2;0;1;3;-20,81325404;-49,35675563;"SPRF-SP";"DEL09-SP";"UOP01-DEL09-SP"
659063;2025-02-03;"segunda-feira";"11:55:00";"RJ";465;5;"SEROPEDICA";"Trafegar com motocicleta (ou similar) entre as faixas";"Colisão transversal";"Com Vítimas Feridas";"Pleno dia";"Decrescente";"Céu Claro";"Simples";"Reta";"Sim";2;0;1;0;1;0;1;2;-22,747673;-43,699196;"SPRF-RJ";"DEL06-RJ";"UOP02-DEL06-RJ"
659065;2025-02-03;"segunda-feira";"15:45:00";"MG";50;26;"ARAGUARI";"Avarias e/ou desgaste excessivo no pneu";"Capotamento";"Com Vítimas Feridas";"Pleno dia";"Crescente";"Chuva";"Dupla";"Declive;Reta";"Não";1;0;1;0;0;0;1;1;-18,61146226;-48,07749391;"SPRF-MG";"DEL15-MG";"UOP02-DEL15-MG"
659066;2025-02-03;"segunda-feira";"12:10:00";"SC";101;463;"PASSO DE TORRES";"Velocidade Incompatível";"Saída de leito carroçável";"Com Vítimas Feridas";"Pleno dia";"Decrescente";"Sol";"Dupla";"Rotatória";"Não";2;0;1;0;1;0;1;1;-29,29422149;-49,76343155;"SPRF-RS";"DEL03-RS";"UOP02-DEL03-RS"
659067;2025-02-03;"segunda-feira";"14:30:00";"RS";290;75;"GRAVATAI";"Velocidade Incompatível";"Tombamento";"Com Vítimas Feridas";"Pleno dia";"Decrescente";"Céu Claro";"Dupla";"Curva";"Não";2;0;1;1;0;0;2;1;-29,95492525;-51,00218296;"SPRF-RS";"DEL01-RS";"UOP01-DEL01-RS"
659070;2025-02-03;"segunda-feira";"12:40:00";"MT";364;202;"RONDONOPOLIS";"Avarias e/ou desgaste excessivo no pneu";"Queda de ocupante de veículo";"Com Vítimas Feridas";"Pleno dia";"Decrescente";"Nublado";"Dupla";"Reta";"Sim";2;0;1;0;0;1;1;1;-16,48347324;-54,64970354;"SPRF-MT";"DEL02-MT";"UOP01-DEL02-MT"
659071;2025-01-27;"segunda-feira";"12:35:00";"RS";101;86,2;"OSORIO";"Acessar a via sem observar a presença dos outros veículos";"Colisão traseira";"Com Vítimas Feridas";"Pleno dia";"Decrescente";"Céu Claro";"Múltipla";"Interseção de Vias";"Sim";2;0;1;0;1;0;1;2;-29,881612;-50,263923;"SPRF-RS";"DEL03-RS";"UOP01-DEL03-RS"
659072;2025-02-03;"segunda-feira";"10:30:00";"RO";435;84;"COLORADO DO OESTE";"Manobra de mudança de faixa";"Colisão lateral mesmo sentido";"Com Vítimas Feridas";"Pleno dia";"Decrescente";"Sol";"Dupla";"Reta";"Sim";2;0;1;0;1;0;1;2;-13,1173435;-60,52293293;"SPRF-RO";"DEL04-RO";"UOP02-DEL04-RO"
659074;2025-02-03;"segunda-feira";"11:45:00";"PR";163;278;"MARECHAL CANDIDO RONDON";"Pista Escorregadia";"Queda de ocupante de veículo";"Com Vítimas Feridas";"Pleno dia";"Crescente";"Sol";"Simples";"Reta";"Sim";1;0;1;0;0;0;1;1;-24,60094197;-53,98016768;"SPRF-PR";"DEL06-PR";"UOP02-DEL06-PR"
659076;2025-02-03;"segunda-feira";"15:30:00";"SP";116;131,9;"CACAPAVA";"Avarias e/ou desgaste excessivo no pneu";"Tombamento";"Com Vítimas Feridas";"Pleno dia";"Decrescente";"Nublado";"Dupla";"Reta";"Não";2;0;2;0;0;0;2;1;-23,12742083;-45,73636609;"SPRF-SP";"DEL02-SP";"UOP02-DEL02-SP"
659077;2025-02-03;"segunda-feira";"13:15:00";"MT";70;283;"PRIMAVERA DO LESTE";"Velocidade Incompatível";"Colisão transversal";"Com Vítimas Fatais";"Pleno dia";"Decrescente";"Nublado";"Simples";"Reta";"Sim";2;1;1;0;0;0;1;2;-15,57124297;-54,31324402;"SPRF-MT";"DEL05-MT";"UOP01-DEL05-MT"
659078;2025-02-03;"segunda-feira";"16:20:00";"PR";376;293;"MAUA DA SERRA";"Pista Escorregadia";"Colisão com objeto";"Com Vítimas Feridas";"Pleno dia";"Crescente";"Chuva";"Dupla";"Curva";"Sim";2;0;1;0;1;0;1;1;-23,90467144;-51,20873451;"SPRF-PR";"DEL07-PR";"UOP02-DEL07-PR"
659079;2025-02-03;"segunda-feira";"16:30:00";"MG";40;617,2;"CONGONHAS";"Conversão proibida";"Colisão frontal";"Com Vítimas Feridas";"Pleno dia";"Crescente";"Céu Claro";"Simples";"Reta";"Sim";3;0;2;0;1;0;2;2;-20,55295397;-43,81450989;"SPRF-MG";"DEL05-MG";"UOP02-DEL05-MG"
659080;2025-02-03;"segunda-feira";"16:30:00";"MG";40;526;"CONTAGEM";"Demais falhas na via";"Tombamento";"Com Vítimas Feridas";"Pleno dia";"Decrescente";"Céu Claro";"Dupla";"Reta";"Sim";1;0;1;0;0;0;1;1;-19,89255399;-44,04985478;"SPRF-MG";"DEL01-MG";"UOP02-DEL01-MG"
659081;2025-02-03;"segunda-feira";"16:50:00";"CE";116;5;"FORTALEZA";"Reação tardia ou ineficiente do condutor";"Colisão traseira";"Com Vítimas Feridas";"Pleno dia";"Crescente";"Sol";"Dupla";"Reta";"Sim";2;0;1;0;1;0;1;2;-3,79455513;-38,50785255;"SPRF-CE";"DEL01-CE";"UOP02-DEL01-CE"
659085;2025-02-03;"segunda-feira";"16:20:00";"RJ";101;306;"SAO GONCALO";"Condutor deixou de manter distância do veículo da frente";"Colisão traseira";"Com Vítimas Feridas";"Pleno dia";"Crescente";"Céu Claro";"Dupla";"Reta";"Sim";3;0;1;0;2;0;1;2;-22,78913759;-43,00550909;"SPRF-RJ";"DEL02-RJ";"UOP02-DEL02-RJ"
659087;2025-02-03;"segunda-feira";"14:40:00";"PI";343;304;"ALTOS";"Reação tardia ou ineficiente do condutor";"Colisão lateral mesmo sentido";"Com Vítimas Feridas";"Pleno dia";"Decrescente";"Chuva";"Simples";"Reta";"Sim";2;0;1;0;1;0;1;2;-5,028232;-42,437134;"SPRF-PI";"DEL01-PI";"UOP03-DEL01-PI"
659093;2025-02-03;"segunda-feira";"14:00:00";"MG";381;728,1;"CARMO DA CACHOEIRA";"Ingestão de álcool pelo condutor";"Saída de leito carroçável";"Sem Vítimas";"Pleno dia";"Crescente";"Nublado";"Dupla";"Declive;Curva";"Não";1;0;0;0;1;0;0;1;-21,52361199;-45,22481701;"SPRF-MG";"DEL04-MG";"UOP02-DEL04-MG"
659094;2025-02-03;"segunda-feira";"16:53:00";"PE";428;187;"PETROLINA";"Ausência de reação do condutor";"Colisão lateral mesmo sentido";"Com Vítimas Feridas";"Pleno dia";"Decrescente";"Céu Claro";"Dupla";"Rotatória";"Sim";3;0;0;1;2;0;1;2;-9,35604301;-40,47854198;"SPRF-PE";"DEL06-PE";"UOP01-DEL06-PE"
659095;2025-02-03;"segunda-feira";"17:32:00";"CE";116;19;"ITAITINGA";"Curva acentuada";"Tombamento";"Com Vítimas Feridas";"Anoitecer";"Crescente";"Céu Claro";"Dupla";"Curva";"Sim";2;0;2;0;0;0;2;1;-3,91384397;-38,50667231;"SPRF-CE";"DEL01-CE";"UOP02-DEL01-CE"
659096;2025-02-03;"segunda-feira";"17:30:00";"SP";116;86;"PINDAMONHANGABA";"Avarias e/ou desgaste excessivo no pneu";"Tombamento";"Com Vítimas Feridas";"Pleno dia";"Decrescente";"Nublado";"Dupla";"Reta";"Sim";2;0;0;1;1;0;1;1;-22,92639476;-45,35307511;"SPRF-SP";"DEL08-SP";"UOP01-DEL08-SP"
659097;2025-02-03;"segunda-feira";"17:34:00";"ES";101;63;"SAO MATEUS";"Condutor deixou de manter distância do veículo da frente";"Engavetamento";"Com Vítimas Feridas";"Pleno dia";"Crescente";"Céu Claro";"Simples";"Curva";"Não";5;0;1;0;3;1;1;3;-18,69830807;-39,86481056;"SPRF-ES";"DEL04-ES";"UOP02-DEL04-ES"
659098;2025-02-03;"segunda-feira";"13:44:00";"SC";280;128,4;"RIO NEGRINHO";"Conversão proibida";"Colisão lateral mesmo sentido";"Com Vítimas Feridas";"Pleno dia";"Decrescente";"Céu Claro";"Simples";"Reta;Declive";"Sim";2;0;1;0;1;0;1;2;-26,24458931;-49,51730132;"SPRF-SC";"DEL06-SC";"UOP03-DEL06-SC"
659099;2025-02-03;"segunda-feira";"17:30:00";"RS";386;247,2;"SOLEDADE";"Reação tardia ou ineficiente do condutor";"Colisão transversal";"Sem Vítimas";"Pleno dia";"Decrescente";"Céu Claro";"Simples";"Reta";"Sim";3;0;0;0;3;0;0;2;-28,813179;-52,493595;"SPRF-RS";"DEL04-RS";"UOP03-DEL04-RS"
659100;2025-01-30;"quinta-feira";"08:20:00";"DF";60;0;"BRASILIA";"Condutor deixou de manter distância do veículo da frente";"Colisão traseira";"Sem Vítimas";"Pleno dia";"Decrescente";"Chuva";"Dupla";"Reta";"Sim";5;0;0;0;5;0;0;2;-15,882499;-48,060212;"SPRF-DF";"DEL03-DF";"UOP01-DEL03-DF"
659102;2025-02-03;"segunda-feira";"17:45:00";"RN";226;175,8;"CURRAIS NOVOS";"Reação tardia ou ineficiente do condutor";"Colisão lateral mesmo sentido";"Com Vítimas Feridas";"Anoitecer";"Crescente";"Ignorado";"Dupla";"Interseção de Vias;Rotatória";"Sim";3;0;1;0;2;0;1;2;-6,257745;-36,510166;"SPRF-RN";"DEL03-RN";"UOP02-DEL03-RN"
659103;2025-02-03;"segunda-feira";"15:50:00";"MT";70;1,9;"BARRA DO GARCAS";"Reação tardia ou ineficiente do condutor";"Colisão transversal";"Com Vítimas Feridas";"Pleno dia";"Decrescente";"Sol";"Simples";"Reta";"Sim";2;0;1;0;1;0;1;2;-15,89164596;-52,26202884;"SPRF-MT";"DEL07-MT";"UOP01-DEL07-MT"
659105;2025-02-03;"segunda-feira";"15:40:00";"MG";50;147,2;"UBERABA";"Chuva";"Colisão com objeto";"Com Vítimas Feridas";"Pleno dia";"Crescente";"Chuva";"Dupla";"Reta";"Não";1;0;1;0;0;0;1;1;-19,53934;-48,036998;"SPRF-MG";"DEL13-MG";"UOP01-DEL13-MG"
659106;2025-02-03;"segunda-feira";"14:45:00";"SC";282;598;"CUNHA PORA";"Condutor Dormindo";"Saída de leito carroçável";"Com Vítimas Feridas";"Pleno dia";"Crescente";"Céu Claro";"Simples";"Reta";"Não";2;0;2;0;0;0;2;1;-26,825783;-53,147213;"SPRF-SC";"DEL07-SC";"UOP02-DEL07-SC"
659108;2025-02-03;"segunda-feira";"18:45:00";"PB";230;6,5;"CABEDELO";"Sinalização mal posicionada";"Queda de ocupante de veículo";"Com Vítimas Feridas";"Plena Noite";"Decrescente";"Céu Claro";"Dupla";"Reta";"Sim";2;0;0;1;1;0;1;1;-7,02;-34,8359;"SPRF-PB";"DEL01-PB";"UOP01-DEL01-PB"
659109;2025-02-03;"segunda-feira";"18:40:00";"RS";285;194;"LAGOA VERMELHA";"Acessar a via sem observar a presença dos outros veículos";"Colisão transversal";"Com Vítimas Feridas";"Pleno dia";"Decrescente";"Sol";"Simples";"Reta";"Sim";2;0;1;0;1;0;1;2;-28,242582;-51,498211;"SPRF-RS";"DEL08-RS";"UOP05-DEL08-RS"
659112;2025-02-03;"segunda-feira";"12:50:00";"PE";428;187;"PETROLINA";"Condutor deixou de manter distância do veículo da frente";"Colisão traseira";"Com Vítimas Feridas";"Pleno dia";"Crescente";"Céu Claro";"Dupla";"Rotatória";"Sim";3;0;1;0;2;0;1;2;-9,36400596;-40,48266808;"SPRF-PE";"DEL06-PE";"UOP01-DEL06-PE"
659114;2025-02-03;"segunda-feira";"18:05:00";"PR";373;440;"CHOPINZINHO";"Transitar na contramão";"Colisão frontal";"Com Vítimas Feridas";"Pleno dia";"Decrescente";"Céu Claro";"Simples";"Aclive";"Não";2;0;1;0;1;0;1;2;-25,81075207;-52,28878093;"SPRF-PR";"DEL02-PR";"UOP01-DEL02-PR"
659115;2025-02-03;"segunda-feira";"19:50:00";"PI";343;341,6;"TERESINA";"Reação tardia ou ineficiente do condutor";"Colisão traseira";"Com Vítimas Feridas";"Plena Noite";"Crescente";"Céu Claro";"Dupla";"Reta";"Sim";2;0;1;0;1;0;1;2;-5,077812;-42,744255;"SPRF-PI";"DEL01-PI";"UOP01-DEL01-PI"
659117;2025-02-03;"segunda-feira";"19:30:00";"RJ";465;17;"NOVA IGUACU";"Ultrapassagem Indevida";"Colisão lateral mesmo sentido";"Sem Vítimas";"Anoitecer";"Decrescente";"Céu Claro";"Simples";"Reta";"Não";2;0;0;0;1;1;0;2;-22,823448;-43,619843;"SPRF-RJ";"DEL06-RJ";"UOP02-DEL06-RJ"
659119;2025-02-03;"segunda-feira";"18:20:00";"AL";316;259;"PILAR";"Condutor Dormindo";"Colisão frontal";"Com Vítimas Feridas";"Plena Noite";"Crescente";"Céu Claro";"Simples";"Reta";"Não";6;0;5;0;1;0;5;2;-9,5916564;-35,914033;"SPRF-AL";"DEL02-AL";"UOP01-DEL02-AL"
659120;2025-02-03;"segunda-feira";"19:45:00";"ES";101;260,8;"SERRA";"Transitar na contramão";"Colisão frontal";"Com Vítimas Feridas";"Plena Noite";"Crescente";"Céu Claro";"Simples";"Curva;Declive";"Sim";3;0;3;0;0;0;3;2;-20,14616415;-40,28836206;"SPRF-ES";"DEL02-ES";"UOP01-DEL02-ES"
659121;2025-02-03;"segunda-feira";"18:10:00";"PR";376;383;"IMBAU";"Reação tardia ou ineficiente do condutor";"Saída de leito carroçável";"Com Vítimas Feridas";"Anoitecer";"Decrescente";"Chuva";"Dupla";"Curva";"Não";4;0;2;0;2;0;2;1;-24,47251574;-50,73914548;"SPRF-PR";"DEL03-PR";"UOP02-DEL03-PR"
659122;2025-02-03;"segunda-feira";"17:30:00";"RS";386;94;"SAGRADA FAMILIA";"Transitar na contramão";"Colisão lateral sentido oposto";"Com Vítimas Feridas";"Pleno dia";"Crescente";"Céu Claro";"Simples";"Reta";"Não";1;0;1;0;0;0;1;1;-27,73550341;-53,17176819;"SPRF-RS";"DEL08-RS";"UOP01-DEL08-RS"
659123;2025-02-03;"segunda-feira";"20:00:00";"RJ";40;80;"PETROPOLIS";"Pedestre andava na pista";"Atropelamento de Pedestre";"Com Vítimas Feridas";"Plena Noite";"Crescente";"Céu Claro";"Dupla";"Declive;Curva";"Sim";2;0;1;0;1;0;1;2;-22,49798597;-43,22878703;"SPRF-RJ";"DEL01-RJ";"UOP01-DEL01-RJ"
659124;2025-02-03;"segunda-feira";"17:20:00";"BA";324;517;"FEIRA DE SANTANA";"Acessar a via sem observar a presença dos outros veículos";"Colisão transversal";"Com Vítimas Feridas";"Anoitecer";"Decrescente";"Nublado";"Simples";"Reta";"Sim";3;0;2;0;0;1;2;2;-12,25595573;-38,93215299;"SPRF-BA";"DEL02-BA";"UOP01-DEL02-BA"
659125;2025-01-18;"sábado";"17:15:00";"RR";174;536;"BOA VISTA";"Condutor deixou de manter distância do veículo da frente";"Colisão lateral mesmo sentido";"Com Vítimas Feridas";"Pleno dia";"Decrescente";"Céu Claro";"Simples";"Reta";"Não";33;0;1;0;32;0;1;2;3,05651;-60,79826;"SPRF-RR";"DEL01-RR";"UOP01-DEL01-RR"
659126;2025-02-03;"segunda-feira";"20:15:00";"SC";101;247;"PAULO LOPES";"Manobra de mudança de faixa";"Colisão traseira";"Com Vítimas Feridas";"Plena Noite";"Crescente";"Garoa/Chuvisco";"Dupla";"Retorno Regulamentado;Reta";"Não";2;0;2;0;0;0;2;2;-27,918808;-48,654187;"SPRF-SC";"DEL02-SC";"UOP03-DEL02-SC"
659127;2025-02-03;"segunda-feira";"17:20:00";"SC";282;439,6;"IRANI";"Velocidade Incompatível";"Saída de leito carroçável";"Com Vítimas Feridas";"Pleno dia";"Crescente";"Sol";"Simples";"Reta";"Não";1;0;1;0;0;0;1;1;-26,95015243;-51,85821533;"SPRF-SC";"DEL07-SC";"UOP04-DEL07-SC"
659128;2025-02-03;"segunda-feira";"19:00:00";"RS";116;108;"SAO MARCOS";"Acessar a via sem observar a presença dos outros veículos";"Colisão transversal";"Com Vítimas Feridas";"Anoitecer";"Decrescente";"Céu Claro";"Simples";"Curva";"Não";3;0;1;1;1;0;2;2;-28,92514807;-51,09447449;"SPRF-RS";"DEL05-RS";"UOP01-DEL05-RS"
659129;2025-02-03;"segunda-feira";"21:30:00";"SP";116;293;"ITAPECERICA DA SERRA";"Ausência de reação do condutor";"Saída de leito carroçável";"Com Vítimas Feridas";"Plena Noite";"Decrescente";"Nublado";"Dupla";"Reta";"Sim";1;0;1;0;0;0;1;1;-23,75393807;-46,90168863;"SPRF-SP";"DEL04-SP";"UOP01-DEL04-SP"
659130;2025-02-03;"segunda-feira";"18:50:00";"PE";232;415,3;"SERRA TALHADA";"Reação tardia ou ineficiente do condutor";"Atropelamento de Pedestre";"Com Vítimas Feridas";"Plena Noite";"Decrescente";"Céu Claro";"Simples";"Reta";"Não";6;0;1;0;3;2;1;2;-7,99605739;-38,34533981;"SPRF-PE";"DEL04-PE";"UOP01-DEL04-PE"
659131;2025-02-03;"segunda-feira";"13:45:00";"RS";293;112;"PINHEIRO MACHADO";"Transitar na contramão";"Colisão frontal";"Com Vítimas Fatais";"Pleno dia";"Decrescente";"Céu Claro";"Simples";"Reta";"Não";6;4;0;2;0;0;2;2;-31,55048737;-53,41963811;"SPRF-RS";"DEL11-RS";"UOP03-DEL11-RS"
659132;2025-02-03;"segunda-feira";"21:20:00";"RJ";101;312;"SAO GONCALO";"Reação tardia ou ineficiente do condutor";"Colisão traseira";"Com Vítimas Feridas";"Plena Noite";"Decrescente";"Céu Claro";"Dupla";"Reta";"Não";1;0;1;0;0;0;1;1;-22,80546555;-43,06156967;"SPRF-RJ";"DEL02-RJ";"UOP02-DEL02-RJ"
659133;2025-02-03;"segunda-feira";"19:00:00";"RO";435;87;"COLORADO DO OESTE";"Acessar a via sem observar a presença dos outros veículos";"Colisão transversal";"Com Vítimas Feridas";"Plena Noite";"Decrescente";"Nublado";"Simples";"Reta";"Sim";2;0;1;0;1;0;1;2;-13,12694915;-60,54413734;"SPRF-RO";"DEL04-RO";"UOP02-DEL04-RO"
659134;2025-02-03;"segunda-feira";"19:35:00";"RR";174;220;"RORAINOPOLIS";"Animais na Pista";"Atropelamento de Animal";"Com Vítimas Feridas";"Plena Noite";"Crescente";"Céu Claro";"Simples";"Reta";"Não";3;0;1;1;0;1;2;2;1,012302;-60,403378;"SPRF-RR";"DEL01-RR";"UOP01-DEL01-RR"
659135;2025-02-03;"segunda-feira";"18:00:00";"SC";282;137;"BOM RETIRO";"Ausência de reação do condutor";"Colisão com objeto";"Com Vítimas Feridas";"Anoitecer";"Decrescente";"Chuva";"Simples";"Rotatória";"Sim";3;0;0;1;2;0;1;1;-27,8218;-49,567032;"SPRF-SC";"DEL05-SC";"UOP01-DEL05-SC"
659136;2025-02-03;"segunda-feira";"20:00:00";"RJ";116;269;"VOLTA REDONDA";"Reação tardia ou ineficiente do condutor";"Colisão traseira";"Com Vítimas Feridas";"Plena Noite";"Decrescente";"Garoa/Chuvisco";"Dupla";"Aclive;Curva";"Não";6;0;3;0;3;0;3;4;-22,57510092;-44,11542461;"SPRF-RJ";"DEL07-RJ";"UOP02-DEL07-RJ"
659137;2025-02-03;"segunda-feira";"22:00:00";"PR";277;0;"PARANAGUA";"Pista Escorregadia";"Tombamento";"Com Vítimas Feridas";"Plena Noite";"Decrescente";"Nublado";"Simples";"Reta;Ponte";"Sim";1;0;1;0;0;0;1;1;-25,568198;-48,615292;"SPRF-PR";"DEL01-PR";"UOP05-DEL01-PR"
659138;2025-02-03;"segunda-feira";"21:15:00";"RJ";40;104;"DUQUE DE CAXIAS";"Condutor Dormindo";"Colisão traseira";"Com Vítimas Feridas";"Plena Noite";"Crescente";"Céu Claro";"Dupla";"Reta";"Sim";3;0;3;0;0;0;3;2;-22,62897902;-43,28579508;"SPRF-RJ";"DEL01-RJ";"UOP02-DEL01-RJ"
659140;2025-02-03;"segunda-feira";"22:40:00";"PI";316;5;"TERESINA";"Condutor desrespeitou a iluminação vermelha do semáforo";"Colisão transversal";"Com Vítimas Feridas";"Plena Noite";"Decrescente";"Céu Claro";"Dupla";"Declive;Viaduto;Interseção de Vias;Reta";"Sim";2;0;1;0;1;0;1;2;-5,14169858;-42,78157276;"SPRF-PI";"DEL01-PI";"UOP02-DEL01-PI"