"id";"data_inversa";"dia_semana";"horario";"uf";"br";"km";"municipio";"causa_acidente";"tipo_acidente";"classificacao_acidente";"fase_dia";"sentido_via";"condicao_metereologica";"tipo_pista";"tracado_via";"uso_solo";"pessoas";"mortos";"feridos_leves";"feridos_graves";"ilesos";"ignorados";"feridos";"veiculos";"latitude";"longitude";"regional";"delegacia";"uop"
659256;2025-01-31;"sexta-feira";"17:30:00";"MS";163;7;"MUNDO NOVO";"Demais falhas mecânicas ou elétricas";"Incêndio";"Sem Vítimas";"Pleno dia";"Crescente";"Céu Claro";"Dupla";"Reta";"Não";1;0;0;0;0;1;0;1;-24,00094566;-54,32020706;"SPRF-MS";"DEL09-MS";"UOP02-DEL09-MS"
659258;2025-02-04;"terça-feira";"13:00:00";"RS";285;648;"SANTO ANTONIO DAS MISSOES";"Condutor Dormindo";"Saída de leito carroçável";"Com Vítimas Feridas";"Pleno dia";"Decrescente";"Céu Claro";"Simples";"Curva";"Não";1;0;1;0;0;0;1;1;-28,620085;-55,741142;"SPRF-RS";"DEL12-RS";"UOP01-DEL12-RS"
659260;2025-02-04;"terça-feira";"16:00:00";"DF";251;7;"BRASILIA";"Acessar a via sem observar a presença dos outros veículos";"Colisão transversal";"Com Vítimas Feridas";"Pleno dia";"Crescente";"Céu Claro";"Simples";"Interseção de Vias";"Sim";3;0;1;0;2;0;1;2;-15,998561;-47,565559;"SPRF-DF";"DEL01-DF";"UOP01-DEL01-DF"
659262;2025-02-04;"terça-feira";"16:40:00";"RJ";101;405;"ITAGUAI";"Animais na Pista";"Colisão traseira";"Com Vítimas Feridas";"Pleno dia";"Decrescente";"Céu Claro";"Dupla";"Reta";"Sim";2;0;1;0;1;0;1;2;-22,867606;-43,802743;"SPRF-RJ";"DEL03-RJ";"UOP01-DEL03-RJ"
659263;2025-02-04;"terça-feira";"16:15:00";"PB";230;11;"CABEDELO";"Trafegar com motocicleta (ou similar) entre as faixas";"Tombamento";"Sem Vítimas";"Anoitecer";"Crescente";"Chuva";"Dupla";"Reta;Em Obras";"Sim";2;0;0;0;2;0;0;1;-7,0596;-34,8506;"SPRF-PB";"DEL01-PB";"UOP01-DEL01-PB"
659264;2025-02-04;"terça-feira";"11:50:00";"SE";235;5;"NOSSA SENHORA DO SOCORRO";"Manobra de mudança de faixa";"Colisão lateral mesmo sentido";"Com Vítimas Feridas";"Pleno dia";"Decrescente";"Céu Claro";"Dupla";"Declive";"Não";4;0;2;0;1;1;2;3;-10,9041;-37,1278;"SPRF-SE";"DEL01-SE";"UOP01-DEL01-SE"
659266;2025-02-04;"terça-feira";"16:30:00";"RJ";101;396;"ITAGUAI";"Reação tardia ou ineficiente do condutor";"Tombamento";"Com Vítimas Feridas";"Pleno dia";"Decrescente";"Céu Claro";"Dupla";"Reta";"Não";3;0;1;0;2;0;1;1;-22,87854523;-43,73100666;"SPRF-RJ";"DEL03-RJ";"UOP01-DEL03-RJ"
659267;2025-02-04;"terça-feira";"16:15:00";"SP";153;257,2;"MARILIA";"Acumulo de areia ou detritos sobre o pavimento";"Queda de ocupante de veículo";"Com Vítimas Feridas";"Pleno dia";"Crescente";"Nublado";"Dupla";"Reta";"Sim";1;0;1;0;0;0;1;1;-22,24616297;-49,92071986;"SPRF-SP";"DEL07-SP";"UOP02-DEL07-SP"
659269;2025-02-04;"terça-feira";"16:45:00";"RJ";356;45;"ITAPERUNA";"Chuva";"Capotamento";"Com Vítimas Feridas";"Pleno dia";"Crescente";"Chuva";"Simples";"Curva";"Não";2;0;1;0;1;0;1;1;-21,23252866;-41,80850162;"SPRF-RJ";"DEL08-RJ";"UOP03-DEL08-RJ"
659271;2025-02-04;"terça-feira";"16:48:00";"DF";20;43;"BRASILIA";"Manobra de mudança de faixa";"Saída de leito carroçável";"Com Vítimas Feridas";"Pleno dia";"Decrescente";"Nublado";"Dupla";"Declive;Reta";"Não";3;0;1;0;1;1;1;2;-15,577199;-47,485268;"SPRF-DF";"DEL02-DF";"UOP01-DEL02-DF"
659274;2025-02-04;"terça-feira";"14:35:00";"MA";135;38,8;"BACABEIRA";"Acumulo de água sobre o pavimento";"Capotamento";"Sem Vítimas";"Pleno dia";"Decrescente";"Chuva";"Dupla";"Reta";"Não";1;0;0;0;0;1;0;1;-2,876096;-44,37489;"SPRF-MA";"DEL01-MA";"UOP01-DEL01-MA"
659276;2025-01-12;"domingo";"04:40:00";"RJ";40;64;"PETROPOLIS";"Ausência de reação do condutor";"Colisão com objeto";"Com Vítimas Feridas";"Amanhecer";"Crescente";"Garoa/Chuvisco";"Dupla";"Curva";"Não";2;0;2;0;0;0;2;1;-22,420418;-43,155285;"SPRF-RJ";"DEL05-RJ";"UOP02-DEL05-RJ"
659277;2025-02-04;"terça-feira";"17:38:00";"AL";316;154,5;"PALMEIRA DOS INDIOS";"Demais falhas mecânicas ou elétricas";"Queda de ocupante de veículo";"Com Vítimas Feridas";"Pleno dia";"Decrescente";"Céu Claro";"Simples";"Viaduto";"Não";2;0;2;0;0;0;2;1;-9,43055371;-36,64101415;"SPRF-AL";"DEL03-AL";"UOP01-DEL03-AL"
659278;2025-02-04;"terça-feira";"18:30:00";"RS";392;0;"CAPAO DO LEAO";"Ausência de reação do condutor";"Colisão traseira";"Com Vítimas Feridas";"Pleno dia";"Crescente";"Céu Claro";"Simples";"Interseção de Vias";"Sim";2;0;1;0;1;0;1;2;-31,7602;-52,4381;"SPRF-RS";"DEL07-RS";"UOP01-DEL07-RS"
659279;2025-02-04;"terça-feira";"19:00:00";"RS";116;525;"PELOTAS";"Ausência de reação do condutor";"Colisão com objeto";"Com Vítimas Feridas";"Anoitecer";"Decrescente";"Céu Claro";"Simples";"Reta";"Sim";2;0;2;0;0;0;2;2;-31,7359522;-52,39349776;"SPRF-RS";"DEL07-RS";"UOP01-DEL07-RS"
659280;2025-02-04;"terça-feira";"16:20:00";"MA";135;24;"SAO LUIS";"Pista Escorregadia";"Saída de leito carroçável";"Com Vítimas Feridas";"Pleno dia";"Decrescente";"Chuva";"Dupla";"Reta";"Não";1;0;1;0;0;0;1;1;-2,75938096;-44,35428204;"SPRF-MA";"DEL01-MA";"UOP01-DEL01-MA"
659281;2025-02-04;"terça-feira";"18:49:00";"PB";101;86,6;"JOAO PESSOA";"Animais na Pista";"Atropelamento de Animal";"Com Vítimas Feridas";"Plena Noite";"Decrescente";"Céu Claro";"Dupla";"Curva;Declive";"Sim";2;0;1;0;1;0;1;1;-7,151532;-34,909311;"SPRF-PB";"DEL01-PB";"UOP01-DEL01-PB"
659282;2025-02-04;"terça-feira";"18:05:00";"MG";40;518,1;"RIBEIRAO DAS NEVES";"Acumulo de óleo sobre o pavimento";"Tombamento";"Com Vítimas Feridas";"Anoitecer";"Decrescente";"Céu Claro";"Dupla";"Retorno Regulamentado";"Sim";1;0;1;0;0;0;1;1;-19,8321242;-44,08208533;"SPRF-MG";"DEL01-MG";"UOP02-DEL01-MG"
659283;2025-02-04;"terça-feira";"18:20:00";"RJ";40;112;"DUQUE DE CAXIAS";"Ausência de reação do condutor";"Colisão traseira";"Com Vítimas Feridas";"Anoitecer";"Decrescente";"Nublado";"Múltipla";"Reta";"Sim";2;0;0;1;1;0;1;2;-22,7004454;-43,29014851;"SPRF-RJ";"DEL01-RJ";"UOP02-DEL01-RJ"
659285;2025-02-04;"terça-feira";"18:00:00";"RS";471;174,7;"RIO PARDO";"Acessar a via sem observar a presença dos outros veículos";"Atropelamento de Pedestre";"Com Vítimas Feridas";"Pleno dia";"Crescente";"Céu Claro";"Dupla";"Rotatória";"Sim";2;0;0;1;1;0;1;2;-30,022757;-52,373554;"SPRF-RS";"DEL02-RS";"UOP03-DEL02-RS"
659286;2025-02-04;"terça-feira";"18:55:00";"BA";116;431;"FEIRA DE SANTANA";"Reação tardia ou ineficiente do condutor";"Colisão com objeto";"Com Vítimas Feridas";"Plena Noite";"Crescente";"Céu Claro";"Dupla";"Reta";"Não";2;0;2;0;0;0;2;1;-12,28317201;-38,99865998;"SPRF-BA";"DEL02-BA";"UOP01-DEL02-BA"
659287;2025-02-04;"terça-feira";"16:10:00";"RO";364;237,7;"CACOAL";"Entrada inopinada do pedestre";"Atropelamento de Pedestre";"Com Vítimas Feridas";"Pleno dia";"Decrescente";"Sol";"Simples";"Reta";"Sim";2;0;0;1;1;0;1;2;-11,440389;-61,452354;"SPRF-RO";"DEL02-RO";"UOP02-DEL02-RO"
659292;2025-02-04;"terça-feira";"18:40:00";"GO";60;94;"ANAPOLIS";"Avarias e/ou desgaste excessivo no pneu";"Saída de leito carroçável";"Com Vítimas Feridas";"Anoitecer";"Decrescente";"Céu Claro";"Simples";"Reta";"Sim";1;0;1;0;0;0;1;1;-16,3611;-48,9328;"SPRF-GO";"DEL02-GO";"UOP01-DEL02-GO"
659294;2025-02-04;"terça-feira";"19:40:00";"GO";153;441;"ANAPOLIS";"Ingestão de álcool pelo condutor";"Engavetamento";"Com Vítimas Feridas";"Plena Noite";"Crescente";"Nublado";"Dupla";"Reta";"Não";4;0;1;1;2;0;2;3;-16,315866;-48,921612;"SPRF-GO";"DEL02-GO";"UOP01-DEL02-GO"
659296;2025-02-04;"terça-feira";"09:00:00";"ES";101;99;"JAGUARE";"Acumulo de areia ou detritos sobre o pavimento";"Tombamento";"Com Vítimas Feridas";"Pleno dia";"Decrescente";"Sol";"Simples";"Reta";"Não";1;0;1;0;0;0;1;1;-18,97188909;-39,99152282;"SPRF-ES";"DEL04-ES";"UOP02-DEL04-ES"
659297;2025-02-04;"terça-feira";"19:20:00";"BA";235;346;"JUAZEIRO";"Ausência de reação do condutor";"Atropelamento de Pedestre";"Com Vítimas Feridas";"Plena Noite";"Crescente";"Céu Claro";"Dupla";"Reta";"Sim";3;0;1;0;2;0;1;3;-9,45259129;-40,48292825;"SPRF-PE";"DEL06-PE";"UOP01-DEL06-PE"
659298;2025-02-04;"terça-feira";"18:00:00";"MG";40;474;"SETE LAGOAS";"Objeto estático sobre o leito carroçável";"Colisão com objeto";"Com Vítimas Feridas";"Pleno dia";"Decrescente";"Céu Claro";"Dupla";"Reta";"Sim";1;0;1;0;0;0;1;1;-19,49804878;-44,27929974;"SPRF-MG";"DEL02-MG";"UOP01-DEL02-MG"
659299;2025-02-04;"terça-feira";"19:40:00";"RJ";40;122;"DUQUE DE CAXIAS";"Reação tardia ou ineficiente do condutor";"Colisão traseira";"Com Vítimas Feridas";"Plena Noite";"Decrescente";"Céu Claro";"Dupla";"Reta";"Sim";2;0;1;0;1;0;1;2;-22,79083113;-43,28611569;"SPRF-RJ";"DEL01-RJ";"UOP02-DEL01-RJ"
659300;2025-02-04;"terça-feira";"19:50:00";"GO";153;617,8;"MORRINHOS";"Reação tardia ou ineficiente do condutor";"Queda de ocupante de veículo";"Com Vítimas Feridas";"Plena Noite";"Crescente";"Chuva";"Dupla";"Reta";"Não";1;0;1;0;0;0;1;1;-17,6951;-49,1559;"SPRF-GO";"DEL03-GO";"UOP01-DEL03-GO"
659301;2025-02-04;"terça-feira";"17:00:00";"GO";60;301;"ACREUNA";"Chuva";"Capotamento";"Com Vítimas Feridas";"Pleno dia";"Crescente";"Chuva";"Dupla";"Reta";"Não";1;0;1;0;0;0;1;1;-17,3713;-50,3425;"SPRF-GO";"DEL04-GO";"UOP02-DEL04-GO"
659302;2025-02-04;"terça-feira";"20:00:00";"RN";110;41,4;"MOSSORO";"Animais na Pista";"Atropelamento de Animal";"Com Vítimas Feridas";"Plena Noite";"Crescente";"Ignorado";"Simples";"Aclive";"Não";2;0;2;0;0;0;2;1;-5,16877677;-37,23530801;"SPRF-RN";"DEL04-RN";"UOP01-DEL04-RN"
659304;2025-02-04;"terça-feira";"19:55:00";"MS";163;341,1;"RIO BRILHANTE";"Reação tardia ou ineficiente do condutor";"Colisão lateral mesmo sentido";"Com Vítimas Feridas";"Plena Noite";"Crescente";"Garoa/Chuvisco";"Simples";"Reta";"Não";2;0;2;0;0;0;2;2;-21,65950995;-54,43842301;"SPRF-MS";"DEL02-MS";"UOP02-DEL02-MS"
659305;2025-02-04;"terça-feira";"20:20:00";"RJ";101;495;"ANGRA DOS REIS";"Ausência de reação do condutor";"Queda de ocupante de veículo";"Com Vítimas Feridas";"Plena Noite";"Decrescente";"Céu Claro";"Simples";"Curva";"Não";1;0;0;1;0;0;1;1;-22,93180313;-44,32178488;"SPRF-RJ";"DEL03-RJ";"UOP03-DEL03-RJ"
659307;2025-02-04;"terça-feira";"20:00:00";"AL";104;91,7;"RIO LARGO";"Ingestão de álcool pelo condutor";"Colisão com objeto";"Com Vítimas Fatais";"Plena Noite";"Crescente";"Céu Claro";"Dupla";"Reta;Viaduto";"Sim";1;1;0;0;0;0;0;1;-9,51818474;-35,80329441;"SPRF-AL";"DEL01-AL";"UOP01-DEL01-AL"
659308;2025-02-04;"terça-feira";"17:00:00";"RJ";101;322;"NITEROI";"Afundamento ou ondulação no pavimento";"Queda de ocupante de veículo";"Com Vítimas Feridas";"Pleno dia";"Decrescente";"Céu Claro";"Múltipla";"Reta";"Sim";1;0;1;0;0;0;1;1;-22,878923;-43,110676;"SPRF-RJ";"DEL02-RJ";"UOP01-DEL02-RJ"
659310;2025-02-04;"terça-feira";"21:40:00";"SP";116;283;"EMBU DAS ARTES";"Pista esburacada";"Tombamento";"Com Vítimas Feridas";"Plena Noite";"Decrescente";"Garoa/Chuvisco";"Dupla";"Reta";"Sim";2;0;1;0;1;0;1;1;-23,69297005;-46,86352786;"SPRF-SP";"DEL04-SP";"UOP01-DEL04-SP"
659311;2025-02-04;"terça-feira";"21:26:00";"RN";304;6,6;"MOSSORO";"Reação tardia ou ineficiente do condutor";"Colisão lateral sentido oposto";"Com Vítimas Feridas";"Plena Noite";"Decrescente";"Céu Claro";"Simples";"Reta";"Não";2;0;0;2;0;0;2;2;-4,9257959;-37,41798185;"SPRF-RN";"DEL04-RN";"UOP02-DEL04-RN"
659312;2025-02-04;"terça-feira";"21:30:00";"RS";290;86;"PORTO ALEGRE";"Acumulo de óleo sobre o pavimento";"Tombamento";"Com Vítimas Feridas";"Plena Noite";"Decrescente";"Céu Claro";"Simples";"Curva;Declive";"Não";1;0;1;0;0;0;1;1;-29,968412;-51,117138;"SPRF-RS";"DEL01-RS";"UOP01-DEL01-RS"
659313;2025-02-04;"terça-feira";"06:30:00";"MG";40;457;"CAETANOPOLIS";"Avarias e/ou desgaste excessivo no pneu";"Colisão com objeto";"Com Vítimas Feridas";"Pleno dia";"Decrescente";"Céu Claro";"Dupla";"Declive;Reta";"Sim";1;0;1;0;0;0;1;1;-19,371466;-44,336132;"SPRF-MG";"DEL02-MG";"UOP01-DEL02-MG"
659314;2025-02-04;"terça-feira";"18:50:00";"MG";354;760,6;"ITAMONTE";"Velocidade Incompatível";"Queda de ocupante de veículo";"Com Vítimas Feridas";"Plena Noite";"Decrescente";"Garoa/Chuvisco";"Simples";"Curva";"Não";3;0;3;0;0;0;3;2;-22,33176436;-44,83256463;"SPRF-MG";"DEL17-MG";"UOP01-DEL17-MG"
659316;2025-02-04;"terça-feira";"22:20:00";"DF";20;23;"BRASILIA";"Chuva";"Colisão com objeto";"Sem Vítimas";"Plena Noite";"Decrescente";"Chuva";"Dupla";"Curva;Declive";"Sim";1;0;0;0;1;0;0;1;-15,595297;-47,667912;"SPRF-DF";"DEL02-DF";"UOP01-DEL02-DF"
659317;2025-02-04;"terça-feira";"22:30:00";"SC";101;212,9;"PALHOCA";"Reação tardia ou ineficiente do condutor";"Colisão com objeto";"Com Vítimas Feridas";"Plena Noite";"Crescente";"Nublado";"Múltipla";"Reta";"Sim";1;0;1;0;0;0;1;1;-27,62996929;-48,65903871;"SPRF-SC";"DEL01-SC";"UOP02-DEL01-SC"
659319;2025-02-04;"terça-feira";"18:54:00";"PI";343;342;"TERESINA";"Acessar a via sem observar a presença dos outros veículos";"Colisão transversal";"Com Vítimas Feridas";"Plena Noite";"Decrescente";"Céu Claro";"Simples";"Reta";"Não";2;0;0;1;0;1;1;2;-5,08284;-42,750385;"SPRF-PI";"DEL01-PI";"UOP01-DEL01-PI"
659320;2025-02-04;"terça-feira";"22:10:00";"SC";282;220;"LAGES";"Reação tardia ou ineficiente do condutor";"Colisão com objeto";"Com Vítimas Feridas";"Plena Noite";"Decrescente";"Nublado";"Simples";"Rotatória";"Sim";1;0;1;0;0;0;1;1;-27,794014;-50,33363;"SPRF-SC";"DEL05-SC";"UOP01-DEL05-SC"
659321;2025-02-04;"terça-feira";"18:30:00";"RO";364;307,3;"PRESIDENTE MEDICI";"Acessar a via sem observar a presença dos outros veículos";"Colisão transversal";"Com Vítimas Feridas";"Anoitecer";"Decrescente";"Céu Claro";"Simples";"Reta;Interseção de Vias;Declive";"Sim";2;0;2;0;0;0;2;2;-11,181447;-61,90154;"SPRF-RO";"DEL02-RO";"UOP01-DEL02-RO"
659322;2025-02-04;"terça-feira";"22:50:00";"PE";104;72,2;"CARUARU";"Ausência de reação do condutor";"Colisão frontal";"Com Vítimas Feridas";"Plena Noite";"Crescente";"Garoa/Chuvisco";"Simples";"Reta";"Não";2;0;1;0;1;0;1;2;-8,332917;-35,981609;"SPRF-PE";"DEL02-PE";"UOP01-DEL02-PE"
659323;2025-02-04;"terça-feira";"19:15:00";"SC";101;314,2;"LAGUNA";"Avarias e/ou desgaste excessivo no pneu";"Tombamento";"Com Vítimas Feridas";"Plena Noite";"Decrescente";"Céu Claro";"Dupla";"Reta";"Não";2;0;0;2;0;0;2;1;-28,43626885;-48,84086095;"SPRF-SC";"DEL02-SC";"UOP01-DEL02-SC"
659324;2025-02-04;"terça-feira";"22:50:00";"PE";101;70,9;"RECIFE";"Reação tardia ou ineficiente do condutor";"Tombamento";"Com Vítimas Feridas";"Plena Noite";"Decrescente";"Nublado";"Dupla";"Reta";"Sim";3;0;1;0;0;2;1;2;-8,06776119;-34,94265074;"SPRF-PE";"DEL01-PE";"UOP01-DEL01-PE"
659326;2025-02-04;"terça-feira";"23:15:00";"SC";101;198,8;"BIGUACU";"Ausência de reação do condutor";"Colisão lateral mesmo sentido";"Com Vítimas Feridas";"Plena Noite";"Decrescente";"Nublado";"Múltipla";"Reta";"Sim";1;0;1;0;0;0;1;1;-27,52658712;-48,63506019;"SPRF-SC";"DEL01-SC";"UOP01-DEL01-SC"
659327;2025-02-04;"terça-feira";"21:45:00";"MS";60;427,2;"SIDROLANDIA";"Ausência de reação do condutor";"Colisão traseira";"Com Vítimas Feridas";"Plena Noite";"Crescente";"Céu Claro";"Simples";"Reta";"Sim";2;0;1;0;1;0;1;2;-20,947264;-54,968508;"SPRF-MS";"DEL01-MS";"UOP04-DEL01-MS"
659332;2025-02-05;"quarta-feira";"01:05:00";"SC";280;231,5;"CANOINHAS";"Reação tardia ou ineficiente do condutor";"Colisão com objeto";"Com Vítimas Feridas";"Plena Noite";"Crescente";"Nublado";"Simples";"Reta";"Sim";2;0;2;0;0;0;2;1;-26,1893047;-50,37170989;"SPRF-SC";"DEL06-SC";"UOP04-DEL06-SC"
659335;2025-02-05;"quarta-feira";"04:00:00";"PE";232;59,4;"POMBOS";"Animais na Pista";"Atropelamento de Animal";"Com Vítimas Feridas";"Amanhecer";"Decrescente";"Nublado";"Dupla";"Declive;Reta";"Sim";2;0;1;0;1;0;1;2;-8,1471233;-35,39890998;"SPRF-PE";"DEL02-PE";"UOP02-DEL02PE"
659337;2025-02-05;"quarta-feira";"03:00:00";"BA";101;34;"ESPLANADA";"Manobra de mudança de faixa";"Colisão transversal";"Com Vítimas Feridas";"Plena Noite";"Decrescente";"Céu Claro";"Dupla";"Reta";"Não";4;0;1;0;3;0;1;2;-11,81613317;-37,96879889;"SPRF-SE";"DEL02-SE";"UOP03-DEL02-SE"
659338;2025-02-05;"quarta-feira";"04:30:00";"SC";470;58,5;"BLUMENAU";"Acesso irregular";"Colisão lateral sentido oposto";"Com Vítimas Feridas";"Plena Noite";"Decrescente";"Céu Claro";"Simples";"Declive";"Não";2;0;1;0;1;0;1;2;-26,883879;-49,145622;"SPRF-SC";"DEL04-SC";"UOP01-DEL04-SC"
659342;2025-02-04;"terça-feira";"20:15:00";"SC";470;176,9;"POUSO REDONDO";"Acessar a via sem observar a presença dos outros veículos";"Colisão transversal";"Com Vítimas Feridas";"Plena Noite";"Decrescente";"Garoa/Chuvisco";"Simples";"Rotatória";"Sim";2;0;1;0;1;0;1;2;-27,247908;-49,977165;"SPRF-SC";"DEL04-SC";"UOP02-DEL04-SC"
659343;2025-02-05;"quarta-feira";"06:30:00";"GO";153;435;"ANAPOLIS";"Animais na Pista";"Atropelamento de Animal";"Com Vítimas Feridas";"Pleno dia";"Crescente";"Sol";"Dupla";"Reta";"Sim";1;0;1;0;0;0;1;1;-16,280523;-48,960049;"SPRF-GO";"DEL02-GO";"UOP01-DEL02-GO"
659344;2025-02-05;"quarta-feira";"00:02:00";"MG";116;337;"CAMPANARIO";"Demais falhas mecânicas ou elétricas";"Incêndio";"Sem Vítimas";"Plena Noite";"Crescente";"Céu Claro";"Simples";"Retorno Regulamentado";"Não";1;0;0;0;1;0;0;1;-18,294514;-41,748676;"SPRF-MG";"DEL11-MG";"UOP01-DEL11-MG"
659346;2025-02-05;"quarta-feira";"06:30:00";"RJ";116;198;"QUEIMADOS";"Pedestre cruzava a pista fora da faixa";"Atropelamento de Pedestre";"Com Vítimas Fatais";"Amanhecer";"Crescente";"Céu Claro";"Dupla";"Reta;Declive";"Sim";4;1;1;0;2;0;1;2;-22,72952183;-43,57481597;"SPRF-RJ";"DEL06-RJ";"UOP02-DEL06-RJ"
659347;2025-02-04;"terça-feira";"16:45:00";"BA";101;540;"SAO JOSE DA VITORIA";"Acessar a via sem observar a presença dos outros veículos";"Colisão transversal";"Com Vítimas Feridas";"Pleno dia";"Crescente";"Céu Claro";"Simples";"Reta";"Sim";2;0;1;0;1;0;1;2;-15,078636;-39,338412;"SPRF-BA";"DEL05-BA";"UOP01-DEL05-BA"
659350;2025-02-05;"quarta-feira";"06:55:00";"SC";282;33;"AGUAS MORNAS";"Acessar a via sem observar a presença dos outros veículos";"Colisão transversal";"Com Vítimas Feridas";"Pleno dia";"Decrescente";"Céu Claro";"Simples";"Curva";"Sim";2;0;0;1;1;0;1;2;-27,706587;-48,808144;"SPRF-SC";"DEL01-SC";"UOP03-DEL01-SC"
659351;2025-02-05;"quarta-feira";"07:20:00";"RS";116;141,6;"CAXIAS DO SUL";"Conversão proibida";"Colisão transversal";"Com Vítimas Feridas";"Pleno dia";"Crescente";"Céu Claro";"Múltipla";"Reta";"Sim";2;0;0;1;1;0;1;2;-29,11161425;-51,11040472;"SPRF-RS";"DEL05-RS";"UOP01-DEL05-RS"
659352;2025-02-05;"quarta-feira";"07:30:00";"MG";40;530;"CONTAGEM";"Condutor deixou de manter distância do veículo da frente";"Queda de ocupante de veículo";"Com Vítimas Feridas";"Pleno dia";"Crescente";"Céu Claro";"Dupla";"Aclive;Reta";"Não";2;0;0;1;1;0;1;1;-19,92064782;-44,0335681;"SPRF-MG";"DEL01-MG";"UOP02-DEL01-MG"
659353;2025-02-05;"quarta-feira";"07:25:00";"PR";376;177,5;"MARINGA";"Trafegar com motocicleta (ou similar) entre as faixas";"Colisão lateral mesmo sentido";"Com Vítimas Feridas";"Pleno dia";"Decrescente";"Céu Claro";"Dupla";"Reta";"Sim";2;0;1;0;1;0;1;2;-23,41595855;-51,92226484;"SPRF-PR";"DEL09-PR";"UOP01-DEL09-PR"
659354;2025-02-05;"quarta-feira";"07:15:00";"MG";116;522,9;"CARATINGA";"Acessar a via sem observar a presença dos outros veículos";"Colisão transversal";"Com Vítimas Feridas";"Pleno dia";"Decrescente";"Céu Claro";"Simples";"Reta";"Sim";3;0;2;0;1;0;2;2;-19,74300101;-42,13231969;"SPRF-MG";"DEL06-MG";"UOP02-DEL06-MG"
659355;2025-02-05;"quarta-feira";"07:50:00";"SP";116;222;"GUARULHOS";"Ausência de reação do condutor";"Colisão traseira";"Com Vítimas Feridas";"Pleno dia";"Crescente";"Nublado";"Múltipla";"Reta";"Sim";2;0;1;0;1;0;1;2;-23,47093408;-46,51631097;"SPRF-SP";"DEL01-SP";"UOP01-DEL01-SP"
659357;2025-01-08;"quarta-feira";"20:30:00";"ES";101;315,4;"VILA VELHA";"Pedestre andava na pista";"Atropelamento de Pedestre";"Com Vítimas Fatais";"Plena Noite";"Crescente";"Chuva";"Dupla";"Reta;Declive";"Não";2;1;0;0;0;1;0;2;-20,46976694;-40,46795209;"SPRF-ES";"DEL01-ES";"UOP01-DEL01-ES"
659358;2025-02-05;"quarta-feira";"07:05:00";"RJ";116;146;"DUQUE DE CAXIAS";"Trafegar com motocicleta (ou similar) entre as faixas";"Colisão lateral mesmo sentido";"Com Vítimas Feridas";"Amanhecer";"Decrescente";"Céu Claro";"Simples";"Reta";"Sim";2;0;2;0;0;0;2;2;-22,66687859;-43,26368215;"SPRF-RJ";"DEL01-RJ";"UOP02-DEL01-RJ"
659359;2025-02-05;"quarta-feira";"02:20:00";"PR";476;271;"SAO MATEUS DO SUL";"Reação tardia ou ineficiente do condutor";"Saída de leito carroçável";"Com Vítimas Feridas";"Plena Noite";"Crescente";"Garoa/Chuvisco";"Simples";"Reta";"Não";1;0;1;0;0;0;1;1;-25,89579;-50,348907;"SPRF-PR";"DEL02-PR";"UOP03-DEL02-PR"
659361;2025-02-05;"quarta-feira";"08:25:00";"RS";290;96;"PORTO ALEGRE";"Manobra de mudança de faixa";"Colisão lateral mesmo sentido";"Com Vítimas Feridas";"Pleno dia";"Crescente";"Céu Claro";"Múltipla";"Reta";"Não";2;0;1;0;1;0;1;2;-29,992107;-51,204525;"SPRF-RS";"DEL01-RS";"UOP01-DEL01-RS"
659362;2025-02-05;"quarta-feira";"08:00:00";"MG";40;526;"CONTAGEM";"Ausência de reação do condutor";"Colisão traseira";"Com Vítimas Feridas";"Pleno dia";"Decrescente";"Céu Claro";"Dupla";"Reta";"Sim";3;0;1;0;2;0;1;2;-19,89255399;-44,04985478;"SPRF-MG";"DEL01-MG";"UOP02-DEL01-MG"
659364;2025-01-29;"quarta-feira";"13:30:00";"PR";376;671,5;"GUARATUBA";"Avarias e/ou desgaste excessivo no pneu";"Saída de leito carroçável";"Com Vítimas Feridas";"Pleno dia";"Crescente";"Chuva";"Dupla";"Declive";"Não";1;0;1;0;0;0;1;1;-25,897773;-48,928523;"SPRF-PR";"DEL01-PR";"UOP04-DEL01-PR"
659365;2025-02-05;"quarta-feira";"08:10:00";"PE";232;31;"MORENO";"Acumulo de água sobre o pavimento";"Colisão com objeto";"Sem Vítimas";"Pleno dia";"Decrescente";"Chuva";"Dupla";"Curva";"Não";1;0;0;0;0;1;0;1;-8,10678602;-35,15841205;"SPRF-PE";"DEL01-PE";"UOP01-DEL01-PE"
659367;2025-02-05;"quarta-feira";"07:24:00";"DF";251;15;"BRASILIA";"Acumulo de areia ou detritos sobre o pavimento";"Queda de ocupante de veículo";"Com Vítimas Feridas";"Pleno dia";"Crescente";"Sol";"Dupla";"Curva";"Não";1;0;1;0;0;0;1;1;-15,939043;-47,606361;"SPRF-DF";"DEL01-DF";"UOP01-DEL01-DF"
659373;2025-02-05;"quarta-feira";"05:30:00";"RJ";40;114;"DUQUE DE CAXIAS";"Demais falhas mecânicas ou elétricas";"Incêndio";"Sem Vítimas";"Amanhecer";"Crescente";"Nublado";"Múltipla";"Reta";"Sim";1;0;0;0;0;1;0;1;-22,71853604;-43,28993324;"SPRF-RJ";"DEL01-RJ";"UOP02-DEL01-RJ"
659374;2025-02-05;"quarta-feira";"09:00:00";"SC";101;124;"ITAJAI";"Reação tardia ou ineficiente do condutor";"Colisão lateral mesmo sentido";"Com Vítimas Feridas";"Pleno dia";"Crescente";"Céu Claro";"Múltipla";"Reta;Interseção de Vias";"Não";3;0;1;0;2;0;1;2;-26,94335064;-48,69198648;"SPRF-SC";"DEL04-SC";"UOP04-DEL04-SC"