"id";"data_inversa";"dia_semana";"horario";"uf";"br";"km";"municipio";"causa_acidente";"tipo_acidente";"classificacao_acidente";"fase_dia";"sentido_via";"condicao_metereologica";"tipo_pista";"tracado_via";"uso_solo";"pessoas";"mortos";"feridos_leves";"feridos_graves";"ilesos";"ignorados";"feridos";"veiculos";"latitude";"longitude";"regional";"delegacia";"uop"
659375;2025-02-05;"quarta-feira";"08:10:00";"RJ";101;313;"SAO GONCALO";"Manobra de mudança de faixa";"Colisão traseira";"Com Vítimas Feridas";"Pleno dia";"Crescente";"Céu Claro";"Dupla";"Reta";"Não";2;0;1;0;1;0;1;2;-22,81049093;-43,06983304;"SPRF-RJ";"DEL02-RJ";"UOP02-DEL02-RJ"
659376;2025-02-05;"quarta-feira";"08:39:00";"PR";277;632;"CEU AZUL";"Ultrapassagem Indevida";"Capotamento";"Com Vítimas Feridas";"Pleno dia";"Crescente";"Nublado";"Simples";"Reta";"Não";2;0;2;0;0;0;2;1;-25,12256565;-53,80997113;"SPRF-PR";"DEL05-PR";"UOP02-DEL05-PR"
659377;2025-02-05;"quarta-feira";"09:25:00";"SC";282;2,9;"FLORIANOPOLIS";"Manobra de mudança de faixa";"Colisão lateral mesmo sentido";"Com Vítimas Feridas";"Pleno dia";"Decrescente";"Céu Claro";"Múltipla";"Reta";"Sim";3;0;1;0;2;0;1;2;-27,603289;-48,590416;"SPRF-SC";"DEL01-SC";"UOP01-DEL01-SC"
659378;2025-02-05;"quarta-feira";"08:30:00";"PR";277;1,2;"PARANAGUA";"Trafegar com motocicleta (ou similar) entre as faixas";"Colisão lateral mesmo sentido";"Com Vítimas Feridas";"Pleno dia";"Crescente";"Nublado";"Dupla";"Reta";"Sim";3;0;0;1;2;0;1;2;-25,55258309;-48,55368555;"SPRF-PR";"DEL01-PR";"UOP05-DEL01-PR"
659379;2025-02-05;"quarta-feira";"08:50:00";"DF";20;2,7;"BRASILIA";"Condutor deixou de manter distância do veículo da frente";"Colisão traseira";"Com Vítimas Feridas";"Pleno dia";"Decrescente";"Céu Claro";"Dupla";"Reta;Aclive";"Sim";2;0;0;1;1;0;1;2;-15,682896;-47,840729;"SPRF-DF";"DEL02-DF";"UOP01-DEL02-DF"
659382;2025-02-05;"quarta-feira";"07:50:00";"PR";277;455,8;"LARANJEIRAS DO SUL";"Reação tardia ou ineficiente do condutor";"Saída de leito carroçável";"Com Vítimas Feridas";"Pleno dia";"Decrescente";"Garoa/Chuvisco";"Simples";"Curva;Aclive";"Não";1;0;1;0;0;0;1;1;-25,384188;-52,426842;"SPRF-PR";"DEL04-PR";"UOP02-DEL04-PR"
659384;2025-02-05;"quarta-feira";"08:05:00";"MS";419;223;"AQUIDAUANA";"Acessar a via sem observar a presença dos outros veículos";"Atropelamento de Animal";"Com Vítimas Feridas";"Pleno dia";"Decrescente";"Nublado";"Simples";"Declive;Reta";"Não";2;0;0;1;1;0;1;2;-20,329681;-55,74905;"SPRF-MS";"DEL03-MS";"UOP01-DEL03-MS"
659385;2025-02-05;"quarta-feira";"07:30:00";"AC";364;125;"RIO BRANCO";"Manobra de mudança de faixa";"Colisão lateral mesmo sentido";"Com Vítimas Feridas";"Pleno dia";"Crescente";"Céu Claro";"Dupla";"Reta";"Sim";3;0;1;0;2;0;1;2;-10,01280606;-67,80005697;"SPRF-AC";"DEL01-AC";"UOP01-DEL01-AC"
659388;2025-01-20;"segunda-feira";"15:50:00";"SP";116;72,4;"APARECIDA";"Ausência de reação do condutor";"Colisão traseira";"Com Vítimas Feridas";"Pleno dia";"Decrescente";"Céu Claro";"Dupla";"Reta";"Não";2;0;0;1;1;0;1;2;-22,86354218;-45,23746093;"SPRF-SP";"DEL08-SP";"UOP01-DEL08-SP"
659389;2025-02-05;"quarta-feira";"08:30:00";"BA";116;0,1;"VITORIA DA CONQUISTA";"Avarias e/ou desgaste excessivo no pneu";"Tombamento";"Com Vítimas Feridas";"Pleno dia";"Decrescente";"Céu Claro";"Simples";"Reta";"Não";2;0;2;0;0;0;2;1;-14,82566811;-40,83240509;"SPRF-PE";"DEL05-PE";"UOP03-DEL05-PE"
659390;2025-02-05;"quarta-feira";"09:40:00";"RN";101;96;"NATAL";"Frear bruscamente";"Queda de ocupante de veículo";"Com Vítimas Feridas";"Pleno dia";"Crescente";"Céu Claro";"Dupla";"Reta";"Sim";1;0;0;1;0;0;1;1;-5,84949622;-35,20890752;"SPRF-RN";"DEL01-RN";"UOP01-DEL01-RN"
659392;2025-02-02;"domingo";"06:00:00";"SC";116;216,9;"PONTE ALTA";"Ausência de reação do condutor";"Saída de leito carroçável";"Com Vítimas Feridas";"Amanhecer";"Decrescente";"Nublado";"Simples";"Curva";"Não";2;0;1;0;0;1;1;2;-27,54634396;-50,3770563;"SPRF-SC";"DEL05-SC";"UOP03-DEL05-SC"
659393;2025-02-05;"quarta-feira";"08:00:00";"SC";101;40;"JOINVILLE";"Desrespeitar a preferência no cruzamento";"Colisão transversal";"Com Vítimas Feridas";"Pleno dia";"Crescente";"Nublado";"Dupla";"Interseção de Vias";"Sim";2;0;1;0;1;0;1;2;-26,3104775;-48,87789488;"SPRF-SC";"DEL03-SC";"UOP01-DEL03-SC"
659394;2025-02-05;"quarta-feira";"09:00:00";"MG";262;64,1;"MANHUACU";"Ausência de reação do condutor";"Saída de leito carroçável";"Com Vítimas Feridas";"Pleno dia";"Decrescente";"Céu Claro";"Simples";"Curva";"Não";3;0;3;0;0;0;3;1;-20,29548779;-42,24392398;"SPRF-MG";"DEL06-MG";"UOP03-DEL06-MG"
659395;2025-02-05;"quarta-feira";"10:00:00";"PB";104;139,5;"QUEIMADAS";"Acesso irregular";"Colisão lateral sentido oposto";"Com Vítimas Feridas";"Pleno dia";"Crescente";"Chuva";"Simples";"Reta";"Sim";2;0;0;1;0;1;1;2;-7,36948311;-35,89979635;"SPRF-PB";"DEL02-PB";"UOP03-DEL02-PB"
659396;2025-02-05;"quarta-feira";"09:30:00";"MG";40;544;"NOVA LIMA";"Condutor deixou de manter distância do veículo da frente";"Colisão lateral mesmo sentido";"Com Vítimas Feridas";"Pleno dia";"Decrescente";"Céu Claro";"Dupla";"Reta";"Não";3;0;1;0;2;0;1;3;-19,99848032;-43,96256558;"SPRF-MG";"DEL01-MG";"UOP02-DEL01-MG"
659397;2025-02-05;"quarta-feira";"10:40:00";"BA";116;19;"VITORIA DA CONQUISTA";"Acessar a via sem observar a presença dos outros veículos";"Colisão transversal";"Com Vítimas Feridas";"Pleno dia";"Decrescente";"Céu Claro";"Simples";"Reta";"Sim";5;0;4;0;1;0;4;2;-14,892976;-40,82004;"SPRF-BA";"DEL08-BA";"UOP01-DEL08-BA"
659398;2025-02-05;"quarta-feira";"10:15:00";"BA";407;223;"CAPIM GROSSO";"Acostamento em desnível";"Capotamento";"Com Vítimas Feridas";"Pleno dia";"Decrescente";"Nublado";"Simples";"Reta";"Não";4;0;2;0;2;0;2;1;-11,29671301;-40,02009905;"SPRF-BA";"DEL04-BA";"UOP02-DEL04-BA"
659400;2025-02-05;"quarta-feira";"10:35:00";"AL";101;143,9;"SAO MIGUEL DOS CAMPOS";"Pista Escorregadia";"Colisão com objeto";"Sem Vítimas";"Pleno dia";"Crescente";"Chuva";"Dupla";"Reta;Aclive";"Não";1;0;0;0;1;0;0;1;-9,81757382;-36,1216713;"SPRF-AL";"DEL02-AL";"UOP01-DEL02-AL"
659401;2025-02-05;"quarta-feira";"10:15:00";"PA";230;118,9;"MARABA";"Ausência de reação do condutor";"Colisão transversal";"Com Vítimas Fatais";"Pleno dia";"Crescente";"Sol";"Simples";"Interseção de Vias;Declive";"Sim";2;1;0;0;1;0;0;2;-5,350112;-49,103391;"SPRF-PA";"DEL03-PA";"UOP01-DEL03-PA"
659402;2025-01-28;"terça-feira";"09:15:00";"RJ";493;23,3;"MAGE";"Transitar na contramão";"Colisão frontal";"Com Vítimas Feridas";"Pleno dia";"Crescente";"Nublado";"Simples";"Reta";"Não";3;0;0;1;2;0;1;2;-22,65705297;-43,061742;"SPRF-RJ";"DEL04-RJ";"UOP02-DEL04-RJ"
659403;2025-02-05;"quarta-feira";"09:00:00";"RS";285;568,4;"SAO LUIZ GONZAGA";"Acessar a via sem observar a presença dos outros veículos";"Colisão transversal";"Com Vítimas Feridas";"Pleno dia";"Crescente";"Sol";"Simples";"Rotatória";"Não";2;0;1;0;1;0;1;2;-28,41767354;-54,96356964;"SPRF-RS";"DEL12-RS";"UOP01-DEL12-RS"
659404;2025-02-05;"quarta-feira";"10:00:00";"RJ";356;153;"CAMPOS DOS GOYTACAZES";"Ultrapassagem Indevida";"Colisão frontal";"Com Vítimas Feridas";"Pleno dia";"Crescente";"Céu Claro";"Simples";"Curva";"Não";2;0;2;0;0;0;2;2;-21,75725266;-41,24154911;"SPRF-RJ";"DEL08-RJ";"UOP02-DEL08-RJ"
659405;2025-02-05;"quarta-feira";"11:25:00";"PE";104;47,8;"CARUARU";"Acumulo de água sobre o pavimento";"Capotamento";"Com Vítimas Feridas";"Pleno dia";"Crescente";"Chuva";"Dupla";"Reta";"Não";2;0;1;0;0;1;1;2;-8,1354;-35,9906;"SPRF-PE";"DEL02-PE";"UOP01-DEL02-PE"
659406;2025-02-05;"quarta-feira";"08:01:00";"MS";262;326;"CAMPO GRANDE";"Ausência de reação do condutor";"Colisão traseira";"Com Vítimas Feridas";"Pleno dia";"Crescente";"Nublado";"Dupla";"Reta";"Sim";2;0;1;0;1;0;1;2;-20,4672474;-54,54058957;"SPRF-MS";"DEL01-MS";"UOP01-DEL01-MS"
659407;2025-02-05;"quarta-feira";"08:40:00";"AL";101;53;"FLEXEIRAS";"Chuva";"Saída de leito carroçável";"Com Vítimas Feridas";"Pleno dia";"Crescente";"Chuva";"Dupla";"Curva";"Não";4;0;4;0;0;0;4;1;-9,24853718;-35,76615286;"SPRF-AL";"DEL01-AL";"UOP02-DEL01-AL"
659408;2025-02-05;"quarta-feira";"11:30:00";"GO";60;10,2;"SANTO ANTONIO DO DESCOBERTO";"Ausência de reação do condutor";"Saída de leito carroçável";"Com Vítimas Feridas";"Pleno dia";"Crescente";"Céu Claro";"Dupla";"Reta";"Não";1;0;1;0;0;0;1;1;-16,116892;-48,318712;"SPRF-DF";"DEL03-DF";"UOP01-DEL03-DF"
659411;2025-02-05;"quarta-feira";"12:00:00";"PB";101;123;"PEDRAS DE FOGO";"Reação tardia ou ineficiente do condutor";"Saída de leito carroçável";"Com Vítimas Feridas";"Pleno dia";"Crescente";"Chuva";"Dupla";"Curva;Declive";"Não";2;0;1;1;0;0;2;1;-7,45909075;-34,98049935;"SPRF-PB";"DEL01-PB";"UOP02-DEL01-PB"
659414;2025-02-05;"quarta-feira";"11:46:00";"MS";163;550,1;"BANDEIRANTES";"Ausência de reação do condutor";"Saída de leito carroçável";"Com Vítimas Feridas";"Pleno dia";"Crescente";"Céu Claro";"Simples";"Reta";"Não";2;0;1;1;0;0;2;1;-19,906046;-54,372375;"SPRF-MS";"DEL01-MS";"UOP02-DEL01-MS"
659415;2025-02-05;"quarta-feira";"12:20:00";"RS";448;22;"PORTO ALEGRE";"Condutor deixou de manter distância do veículo da frente";"Colisão traseira";"Com Vítimas Feridas";"Pleno dia";"Crescente";"Céu Claro";"Dupla";"Viaduto;Curva;Declive";"Sim";2;0;0;1;1;0;1;2;-29,972212;-51,199139;"SPRF-RS";"DEL01-RS";"UOP01-DEL01-RS"
659416;2025-02-05;"quarta-feira";"12:50:00";"RS";290;41;"SANTO ANTONIO DA PATRULHA";"Ausência de reação do condutor";"Saída de leito carroçável";"Com Vítimas Feridas";"Pleno dia";"Decrescente";"Céu Claro";"Dupla";"Reta";"Não";1;0;1;0;0;0;1;1;-29,887197;-50,668839;"SPRF-RS";"DEL03-RS";"UOP01-DEL03-RS"
659419;2025-02-05;"quarta-feira";"11:40:00";"MG";267;24;"ARGIRITA";"Demais falhas mecânicas ou elétricas";"Incêndio";"Sem Vítimas";"Pleno dia";"Crescente";"Céu Claro";"Simples";"Aclive;Reta";"Não";1;0;0;0;1;0;0;1;-21,6071359;-42,80271614;"SPRF-MG";"DEL07-MG";"UOP01-DEL07-MG"
659425;2025-02-05;"quarta-feira";"13:40:00";"PR";277;576,9;"CASCAVEL";"Demais falhas mecânicas ou elétricas";"Tombamento";"Com Vítimas Feridas";"Pleno dia";"Decrescente";"Sol";"Dupla";"Reta";"Não";2;0;2;0;0;0;2;1;-24,98692731;-53,33030208;"SPRF-PR";"DEL04-PR";"UOP01-DEL04-PR"
659426;2025-02-05;"quarta-feira";"13:40:00";"RS";116;246;"SAO LEOPOLDO";"Condutor deixou de manter distância do veículo da frente";"Colisão traseira";"Com Vítimas Feridas";"Pleno dia";"Crescente";"Sol";"Dupla";"Reta;Interseção de Vias;Viaduto";"Não";2;0;1;0;1;0;1;2;-29,758751;-51,15186806;"SPRF-RS";"DEL01-RS";"UOP02-DEL01-RS"
659427;2025-02-05;"quarta-feira";"13:45:00";"SP";153;61,7;"SAO JOSE DO RIO PRETO";"Condutor deixou de manter distância do veículo da frente";"Colisão lateral mesmo sentido";"Com Vítimas Feridas";"Pleno dia";"Crescente";"Céu Claro";"Dupla";"Reta";"Não";3;0;1;0;0;2;1;3;-20,80502876;-49,35574909;"SPRF-SP";"DEL09-SP";"UOP01-DEL09-SP"
659429;2025-02-05;"quarta-feira";"13:45:00";"SP";116;227;"GUARULHOS";"Entrada inopinada do pedestre";"Atropelamento de Pedestre";"Com Vítimas Feridas";"Pleno dia";"Crescente";"Nublado";"Múltipla";"Reta";"Sim";2;0;1;0;1;0;1;2;-23,49659264;-46,55648754;"SPRF-SP";"DEL01-SP";"UOP01-DEL01-SP"
659430;2025-02-05;"quarta-feira";"13:50:00";"SC";101;199;"BIGUACU";"Reação tardia ou ineficiente do condutor";"Colisão traseira";"Com Vítimas Feridas";"Pleno dia";"Decrescente";"Céu Claro";"Múltipla";"Reta";"Sim";2;0;0;1;1;0;1;2;-27,53413705;-48,63003205;"SPRF-SC";"DEL01-SC";"UOP01-DEL01-SC"
659431;2025-02-05;"quarta-feira";"14:00:00";"ES";101;64,8;"SAO MATEUS";"Condutor deixou de manter distância do veículo da frente";"Colisão traseira";"Com Vítimas Feridas";"Pleno dia";"Crescente";"Céu Claro";"Simples";"Reta";"Não";2;0;1;0;1;0;1;2;-18,70428583;-39,87065983;"SPRF-ES";"DEL04-ES";"UOP02-DEL04-ES"
659433;2025-02-05;"quarta-feira";"13:25:00";"MG";50;0,7;"ARAGUARI";"Transitar no Acostamento";"Colisão traseira";"Com Vítimas Feridas";"Pleno dia";"Crescente";"Nublado";"Dupla";"Reta;Declive";"Não";1;0;0;1;0;0;1;1;-18,4301077;-48,06381226;"SPRF-MG";"DEL15-MG";"UOP02-DEL15-MG"
659435;2025-02-05;"quarta-feira";"13:10:00";"PR";163;350;"GUAIRA";"Demais falhas mecânicas ou elétricas";"Colisão com objeto";"Sem Vítimas";"Pleno dia";"Crescente";"Céu Claro";"Simples";"Reta";"Não";2;0;0;0;0;2;0;2;-24,07405146;-54,24533844;"SPRF-PR";"DEL06-PR";"UOP01-DEL06-PR"
659436;2025-02-05;"quarta-feira";"14:10:00";"RN";101;108;"PARNAMIRIM";"Demais falhas na via";"Queda de ocupante de veículo";"Com Vítimas Feridas";"Pleno dia";"Decrescente";"Garoa/Chuvisco";"Dupla";"Reta";"Não";2;0;1;0;1;0;1;1;-5,92825102;-35,26465683;"SPRF-RN";"DEL01-RN";"UOP01-DEL01-RN"
659437;2025-02-05;"quarta-feira";"12:45:00";"PR";376;407;"TIBAGI";"Velocidade Incompatível";"Colisão com objeto";"Com Vítimas Feridas";"Pleno dia";"Crescente";"Chuva";"Dupla";"Aclive;Curva";"Não";1;0;1;0;0;0;1;1;-24,59934;-50,667844;"SPRF-PR";"DEL03-PR";"UOP02-DEL03-PR"
659438;2025-02-05;"quarta-feira";"14:10:00";"CE";222;3,9;"FORTALEZA";"Manobra de mudança de faixa";"Colisão lateral mesmo sentido";"Com Vítimas Feridas";"Pleno dia";"Decrescente";"Céu Claro";"Dupla";"Reta";"Sim";2;0;1;0;1;0;1;2;-3,7403769;-38,59569202;"SPRF-CE";"DEL01-CE";"UOP01-DEL01-CE"
659440;2025-02-05;"quarta-feira";"13:40:00";"MG";262;49;"MANHUACU";"Conversão proibida";"Colisão transversal";"Com Vítimas Feridas";"Pleno dia";"Decrescente";"Céu Claro";"Simples";"Curva";"Não";2;0;1;0;0;1;1;2;-20,24782001;-42,12958192;"SPRF-MG";"DEL06-MG";"UOP03-DEL06-MG"
659441;2025-02-05;"quarta-feira";"12:15:00";"MG";40;617,3;"CONGONHAS";"Pista esburacada";"Tombamento";"Com Vítimas Feridas";"Pleno dia";"Crescente";"Sol";"Simples";"Reta";"Não";1;0;0;1;0;0;1;1;-20,561668;-43,812364;"SPRF-MG";"DEL05-MG";"UOP02-DEL05-MG"
659442;2025-02-05;"quarta-feira";"12:50:00";"BA";330;792,3;"JEQUIE";"Reação tardia ou ineficiente do condutor";"Colisão transversal";"Com Vítimas Feridas";"Pleno dia";"Crescente";"Céu Claro";"Simples";"Reta";"Não";3;0;3;0;0;0;3;2;-13,9122441;-40,01406707;"SPRF-BA";"DEL03-BA";"UOP01-DEL03-BA"
659443;2025-02-05;"quarta-feira";"12:05:00";"SC";163;106;"SAO JOSE DO CEDRO";"Ausência de reação do condutor";"Colisão traseira";"Com Vítimas Feridas";"Pleno dia";"Crescente";"Céu Claro";"Dupla";"Reta;Aclive";"Sim";2;0;1;0;1;0;1;2;-26,43752707;-53,51693708;"SPRF-SC";"DEL07-SC";"UOP03-DEL07-SC"
659445;2025-02-05;"quarta-feira";"13:40:00";"PB";101;99,9;"CONDE";"Chuva";"Saída de leito carroçável";"Com Vítimas Feridas";"Pleno dia";"Decrescente";"Chuva";"Dupla";"Retorno Regulamentado;Curva;Interseção de Vias";"Não";1;0;1;0;0;0;1;1;-7,26235092;-34,93618011;"SPRF-PB";"DEL01-PB";"UOP02-DEL01-PB"
659446;2025-02-05;"quarta-feira";"12:00:00";"MG";262;56,6;"MATIPO";"Acesso irregular";"Colisão transversal";"Com Vítimas Feridas";"Pleno dia";"Crescente";"Céu Claro";"Simples";"Curva";"Sim";3;0;2;0;1;0;2;2;-20,26638115;-42,18214384;"SPRF-MG";"DEL06-MG";"UOP03-DEL06-MG"
659448;2025-02-05;"quarta-feira";"15:00:00";"SC";282;522,7;"XAXIM";"Reação tardia ou ineficiente do condutor";"Saída de leito carroçável";"Com Vítimas Feridas";"Pleno dia";"Decrescente";"Céu Claro";"Simples";"Interseção de Vias;Rotatória";"Sim";1;0;1;0;0;0;1;1;-26,963129;-52,548851;"SPRF-SC";"DEL07-SC";"UOP01-DEL07-SC"
659450;2025-02-05;"quarta-feira";"15:30:00";"RJ";101;72;"CAMPOS DOS GOYTACAZES";"Acessar a via sem observar a presença dos outros veículos";"Atropelamento de Pedestre";"Com Vítimas Feridas";"Pleno dia";"Crescente";"Céu Claro";"Simples";"Reta";"Não";2;0;2;0;0;0;2;2;-21,79172802;-41,38837798;"SPRF-RJ";"DEL08-RJ";"UOP02-DEL08-RJ"
659457;2025-02-05;"quarta-feira";"16:15:00";"RS";158;322,6;"SANTA MARIA";"Desrespeitar a preferência no cruzamento";"Colisão traseira";"Com Vítimas Feridas";"Pleno dia";"Decrescente";"Céu Claro";"Dupla";"Em Obras;Interseção de Vias;Rotatória";"Sim";2;0;1;0;1;0;1;2;-29,69569528;-53,77553344;"SPRF-RS";"DEL09-RS";"UOP01-DEL09-RS"
659459;2025-02-05;"quarta-feira";"16:00:00";"RS";290;86;"PORTO ALEGRE";"Condutor deixou de manter distância do veículo da frente";"Colisão traseira";"Com Vítimas Feridas";"Pleno dia";"Crescente";"Céu Claro";"Múltipla";"Reta";"Sim";2;0;1;0;1;0;1;2;-29,968412;-51,117138;"SPRF-RS";"DEL01-RS";"UOP01-DEL01-RS"
659460;2025-02-05;"quarta-feira";"13:30:00";"MT";163;734;"SORRISO";"Acessar a via sem observar a presença dos outros veículos";"Colisão transversal";"Com Vítimas Feridas";"Pleno dia";"Decrescente";"Céu Claro";"Simples";"Reta";"Não";9;0;4;5;0;0;9;2;-12,69024867;-55,80350876;"SPRF-MT";"DEL06-MT";"UOP01-DEL06-MT"
659464;2025-02-05;"quarta-feira";"17:00:00";"CE";116;1;"FORTALEZA";"Condutor deixou de manter distância do veículo da frente";"Colisão traseira";"Com Vítimas Feridas";"Pleno dia";"Crescente";"Céu Claro";"Múltipla";"Reta";"Sim";3;0;2;0;1;0;2;2;-3,76318799;-38,51873159;"SPRF-CE";"DEL01-CE";"UOP02-DEL01-CE"
659466;2025-02-05;"quarta-feira";"17:00:00";"PR";163;34;"SANTO ANTONIO DO SUDOESTE";"Desrespeitar a preferência no cruzamento";"Colisão transversal";"Com Vítimas Feridas";"Pleno dia";"Decrescente";"Céu Claro";"Simples";"Interseção de Vias;Reta";"Sim";2;0;0;1;1;0;1;2;-26,11304807;-53,69821507;"SPRF-PR";"DEL02-PR";"UOP02-DEL02-PR"
659470;2025-02-05;"quarta-feira";"17:50:00";"SC";101;355,5;"SANGAO";"Demais falhas mecânicas ou elétricas";"Saída de leito carroçável";"Com Vítimas Feridas";"Pleno dia";"Crescente";"Céu Claro";"Dupla";"Aclive;Reta";"Não";1;0;1;0;0;0;1;1;-28,62380715;-49,07828489;"SPRF-SC";"DEL02-SC";"UOP01-DEL02-SC"
659471;2025-02-05;"quarta-feira";"18:00:00";"RS";116;529;"CAPAO DO LEAO";"Acessar a via sem observar a presença dos outros veículos";"Colisão transversal";"Com Vítimas Feridas";"Anoitecer";"Crescente";"Céu Claro";"Dupla";"Reta";"Sim";2;0;1;0;1;0;1;2;-31,75446042;-52,42803583;"SPRF-RS";"DEL07-RS";"UOP01-DEL07-RS"
659472;2025-02-05;"quarta-feira";"17:30:00";"SP";116;120,2;"CACAPAVA";"Condutor deixou de manter distância do veículo da frente";"Engavetamento";"Com Vítimas Feridas";"Pleno dia";"Decrescente";"Céu Claro";"Dupla";"Reta";"Não";4;0;1;0;2;1;1;3;-23,0715638;-45,64459209;"SPRF-SP";"DEL02-SP";"UOP02-DEL02-SP"
659473;2025-02-05;"quarta-feira";"16:10:00";"PE";104;64;"CARUARU";"Manobra de mudança de faixa";"Colisão lateral mesmo sentido";"Com Vítimas Feridas";"Pleno dia";"Decrescente";"Céu Claro";"Dupla";"Reta";"Não";2;0;1;0;0;1;1;2;-8,2783;-35,9815;"SPRF-PE";"DEL02-PE";"UOP01-DEL02-PE"
659474;2025-02-05;"quarta-feira";"17:30:00";"PR";277;433,9;"VIRMOND";"Velocidade Incompatível";"Capotamento";"Com Vítimas Feridas";"Pleno dia";"Crescente";"Chuva";"Simples";"Curva";"Não";3;0;2;0;1;0;2;1;-25,3784;-52,202767;"SPRF-PR";"DEL04-PR";"UOP02-DEL04-PR"
659477;2025-02-05;"quarta-feira";"18:45:00";"ES";101;64,2;"SAO MATEUS";"Avarias e/ou desgaste excessivo no pneu";"Queda de ocupante de veículo";"Com Vítimas Feridas";"Plena Noite";"Decrescente";"Céu Claro";"Simples";"Reta";"Não";2;0;2;0;0;0;2;1;-18,70428583;-39,87065983;"SPRF-ES";"DEL04-ES";"UOP02-DEL04-ES"
659478;2025-02-05;"quarta-feira";"18:50:00";"RJ";101;472,8;"ANGRA DOS REIS";"Condutor deixou de manter distância do veículo da frente";"Colisão traseira";"Com Vítimas Feridas";"Anoitecer";"Crescente";"Céu Claro";"Simples";"Reta";"Não";2;0;1;0;0;1;1;2;-22,98960623;-44,24168693;"SPRF-RJ";"DEL03-RJ";"UOP03-DEL03-RJ"
659479;2025-02-05;"quarta-feira";"17:40:00";"MG";381;498,5;"BETIM";"Trafegar com motocicleta (ou similar) entre as faixas";"Colisão lateral mesmo sentido";"Com Vítimas Feridas";"Anoitecer";"Crescente";"Céu Claro";"Dupla";"Reta";"Não";2;0;1;0;1;0;1;2;-20,01172662;-44,21976041;"SPRF-MG";"DEL01-MG";"UOP03-DEL01-MG"
659481;2025-02-05;"quarta-feira";"18:30:00";"RS";116;264;"CANOAS";"Acessar a via sem observar a presença dos outros veículos";"Colisão lateral mesmo sentido";"Com Vítimas Feridas";"Anoitecer";"Decrescente";"Céu Claro";"Dupla";"Reta";"Sim";3;0;2;0;1;0;2;2;-29,914435;-51,17754495;"SPRF-RS";"DEL01-RS";"UOP01-DEL01-RS"
659483;2025-02-05;"quarta-feira";"17:45:00";"SC";280;14,9;"SAO FRANCISCO DO SUL";"Manobra de mudança de faixa";"Colisão frontal";"Com Vítimas Feridas";"Pleno dia";"Decrescente";"Nublado";"Simples";"Reta";"Não";3;0;3;0;0;0;3;2;-26,3301861;-48,65148076;"SPRF-SC";"DEL03-SC";"UOP03-DEL03-SC"
659484;2025-02-05;"quarta-feira";"18:50:00";"SP";116;88;"PINDAMONHANGABA";"Demais falhas mecânicas ou elétricas";"Incêndio";"Sem Vítimas";"Plena Noite";"Decrescente";"Nublado";"Dupla";"Reta";"Sim";1;0;0;0;1;0;0;1;-22,93500994;-45,37019403;"SPRF-SP";"DEL08-SP";"UOP01-DEL08-SP"
659485;2025-02-05;"quarta-feira";"20:00:00";"PR";116;120;"CURITIBA";"Reação tardia ou ineficiente do condutor";"Colisão traseira";"Com Vítimas Feridas";"Plena Noite";"Crescente";"Chuva";"Dupla";"Reta;Aclive";"Sim";2;0;1;0;1;0;1;2;-25,55122256;-49,30503748;"SPRF-PR";"DEL01-PR";"UOP03-DEL01-PR"
659487;2025-02-05;"quarta-feira";"19:30:00";"SP";116;280;"EMBU DAS ARTES";"Ausência de reação do condutor";"Colisão traseira";"Com Vítimas Feridas";"Anoitecer";"Crescente";"Garoa/Chuvisco";"Dupla";"Reta";"Sim";3;0;1;0;2;0;1;3;-23,66996108;-46,85590758;"SPRF-SP";"DEL04-SP";"UOP01-DEL04-SP"
659488;2025-02-05;"quarta-feira";"20:00:00";"RS";472;607;"URUGUAIANA";"Demais falhas na via";"Saída de leito carroçável";"Com Vítimas Feridas";"Plena Noite";"Crescente";"Céu Claro";"Simples";"Reta";"Não";2;0;0;2;0;0;2;1;-29,94101294;-57,17650007;"SPRF-RS";"DEL13-RS";"UOP01-DEL13-RS"
659492;2025-02-05;"quarta-feira";"19:00:00";"MG";50;3,5;"UBERLANDIA";"Animais na Pista";"Atropelamento de Animal";"Com Vítimas Fatais";"Plena Noite";"Decrescente";"Céu Claro";"Dupla";"Declive";"Não";1;1;0;0;0;0;0;1;-18,85374178;-48,24049473;"SPRF-MG";"DEL15-MG";"UOP01-DEL15-MG"
659493;2025-02-05;"quarta-feira";"14:00:00";"MG";153;173;"COMENDADOR GOMES";"Chuva";"Saída de leito carroçável";"Com Vítimas Feridas";"Pleno dia";"Crescente";"Chuva";"Simples";"Reta";"Não";2;0;0;1;1;0;1;1;-19,737109;-48,971989;"SPRF-MG";"DEL13-MG";"UOP02-DEL13-MG"
659494;2025-02-05;"quarta-feira";"20:18:00";"MG";381;482,5;"BETIM";"Acessar a via sem observar a presença dos outros veículos";"Atropelamento de Pedestre";"Com Vítimas Feridas";"Plena Noite";"Crescente";"Céu Claro";"Dupla";"Reta";"Sim";2;0;0;1;1;0;1;2;-19,955532;-44,097209;"SPRF-MG";"DEL01-MG";"UOP03-DEL01-MG"
659495;2025-02-05;"quarta-feira";"18:45:00";"PA";230;3;"ALTAMIRA";"Acessar a via sem observar a presença dos outros veículos";"Colisão transversal";"Com Vítimas Feridas";"Anoitecer";"Decrescente";"Chuva";"Simples";"Reta";"Sim";3;0;1;2;0;0;3;2;-3,18418905;-52,19202304;"SPRF-PA";"DEL03-PA";"UOP01-DEL03-PA"