"id";"data_inversa";"dia_semana";"horario";"uf";"br";"km";"municipio";"causa_acidente";"tipo_acidente";"classificacao_acidente";"fase_dia";"sentido_via";"condicao_metereologica";"tipo_pista";"tracado_via";"uso_solo";"pessoas";"mortos";"feridos_leves";"feridos_graves";"ilesos";"ignorados";"feridos";"veiculos";"latitude";"longitude";"regional";"delegacia";"uop"
659496;2025-02-05;"quarta-feira";"19:27:00";"MS";262;370,2;"TERENOS";"Pedestre andava na pista";"Atropelamento de Pedestre";"Com Vítimas Fatais";"Plena Noite";"Decrescente";"Céu Claro";"Simples";"Reta";"Não";3;1;0;0;1;1;0;2;-20,48258;-54,781183;"SPRF-MS";"DEL01-MS";"UOP03-DEL01-MS"
659497;2025-02-05;"quarta-feira";"19:00:00";"MG";365;26,2;"MONTES CLAROS";"Demais falhas mecânicas ou elétricas";"Incêndio";"Sem Vítimas";"Plena Noite";"Crescente";"Céu Claro";"Simples";"Reta";"Não";1;0;0;0;1;0;0;1;-16,85144573;-44,06967486;"SPRF-MG";"DEL12-MG";"UOP01-DEL12-MG"
659498;2025-02-05;"quarta-feira";"20:50:00";"RS";101;5;"TORRES";"Manobra de mudança de faixa";"Colisão lateral mesmo sentido";"Com Vítimas Feridas";"Plena Noite";"Decrescente";"Céu Claro";"Dupla";"Reta";"Sim";2;0;1;0;1;0;1;2;-29,34105776;-49,78584432;"SPRF-RS";"DEL03-RS";"UOP02-DEL03-RS"
659499;2025-02-05;"quarta-feira";"17:50:00";"BA";324;411;"NOVA FATIMA";"Avarias e/ou desgaste excessivo no pneu";"Capotamento";"Com Vítimas Feridas";"Pleno dia";"Decrescente";"Céu Claro";"Simples";"Reta";"Não";2;0;2;0;0;0;2;1;-11,64981516;-39,58499016;"SPRF-BA";"DEL04-BA";"UOP02-DEL04-BA"
659500;2025-02-05;"quarta-feira";"18:00:00";"PR";153;88,2;"CONSELHEIRO MAIRINCK";"Reação tardia ou ineficiente do condutor";"Queda de ocupante de veículo";"Com Vítimas Feridas";"Plena Noite";"Decrescente";"Céu Claro";"Simples";"Reta";"Não";1;0;0;1;0;0;1;1;-23,67245519;-50,16169279;"SPRF-PR";"DEL07-PR";"UOP04-DEL07-PR"
659501;2025-02-05;"quarta-feira";"19:10:00";"SC";282;446;"PONTE SERRADA";"Ingestão de álcool pelo condutor";"Colisão frontal";"Com Vítimas Feridas";"Anoitecer";"Crescente";"Nublado";"Dupla";"Curva;Declive";"Não";6;0;2;0;4;0;2;2;-26,910217;-51,914951;"SPRF-SC";"DEL07-SC";"UOP04-DEL07-SC"
659502;2025-02-05;"quarta-feira";"17:10:00";"PB";230;257,1;"TENORIO";"Demais falhas mecânicas ou elétricas";"Saída de leito carroçável";"Sem Vítimas";"Pleno dia";"Crescente";"Chuva";"Simples";"Curva";"Não";1;0;0;0;1;0;0;1;-7,0114;-36,6808;"SPRF-PB";"DEL03-PB";"UOP01-DEL03-PB"
659504;2025-02-05;"quarta-feira";"22:10:00";"SC";470;59;"BLUMENAU";"Acesso irregular";"Colisão com objeto";"Com Vítimas Feridas";"Plena Noite";"Decrescente";"Garoa/Chuvisco";"Dupla";"Em Obras;Reta";"Não";1;0;1;0;0;0;1;1;-26,882812;-49,1548;"SPRF-SC";"DEL04-SC";"UOP01-DEL04-SC"
659505;2025-02-05;"quarta-feira";"20:40:00";"AC";364;124;"RIO BRANCO";"Transitar no Acostamento";"Colisão lateral mesmo sentido";"Com Vítimas Feridas";"Plena Noite";"Crescente";"Céu Claro";"Dupla";"Reta";"Não";3;0;1;1;1;0;2;2;-10,01152469;-67,79140099;"SPRF-AC";"DEL01-AC";"UOP01-DEL01-AC"
659507;2025-02-05;"quarta-feira";"20:00:00";"RJ";101;400;"ITAGUAI";"Transitar no Acostamento";"Atropelamento de Pedestre";"Com Vítimas Feridas";"Plena Noite";"Decrescente";"Céu Claro";"Múltipla";"Reta";"Sim";2;0;0;2;0;0;2;2;-22,8483707;-43,76952338;"SPRF-RJ";"DEL03-RJ";"UOP01-DEL03-RJ"
659509;2025-02-05;"quarta-feira";"23:00:00";"RS";153;2,1;"CACHOEIRA DO SUL";"Acessar a via sem observar a presença dos outros veículos";"Atropelamento de Pedestre";"Com Vítimas Feridas";"Plena Noite";"Crescente";"Céu Claro";"Simples";"Reta";"Não";2;0;1;1;0;0;2;2;-30,03964;-52,894356;"SPRF-RS";"DEL02-RS";"UOP03-DEL02-RS"
659511;2025-02-05;"quarta-feira";"23:00:00";"PA";155;340;"MARABA";"Transitar na contramão";"Colisão frontal";"Com Vítimas Feridas";"Plena Noite";"Decrescente";"Chuva";"Simples";"Reta";"Não";4;0;0;2;0;2;2;3;-5,396032;-49,077478;"SPRF-PA";"DEL03-PA";"UOP01-DEL03-PA"
659513;2025-02-06;"quinta-feira";"00:30:00";"PR";469;20;"FOZ DO IGUACU";"Demais falhas mecânicas ou elétricas";"Incêndio";"Sem Vítimas";"Plena Noite";"Decrescente";"Nublado";"Simples";"Em Obras;Reta;Aclive";"Sim";1;0;0;0;0;1;0;1;-25,6062;-54,4945;"SPRF-PR";"DEL05-PR";"UOP04-DEL05-PR"
659514;2025-02-06;"quinta-feira";"01:00:00";"TO";153;714;"CARIRI DO TOCANTINS";"Ingestão de álcool pelo condutor";"Queda de ocupante de veículo";"Sem Vítimas";"Plena Noite";"Decrescente";"Céu Claro";"Simples";"Reta";"Não";1;0;0;0;1;0;0;1;-12,075405;-49,20445399;"SPRF-TO";"DEL01-TO";"UOP02-DEL01-TO"
659519;2025-02-06;"quinta-feira";"04:00:00";"PR";376;605;"CURITIBA";"Pedestre cruzava a pista fora da faixa";"Atropelamento de Pedestre";"Com Vítimas Feridas";"Plena Noite";"Decrescente";"Nublado";"Dupla";"Reta";"Não";2;0;1;0;1;0;1;2;-25,55177228;-49,27905516;"SPRF-PR";"DEL01-PR";"UOP06-DEL01-PR"
659520;2025-02-06;"quinta-feira";"04:00:00";"SC";101;249;"PAULO LOPES";"Ausência de reação do condutor";"Queda de ocupante de veículo";"Com Vítimas Feridas";"Plena Noite";"Crescente";"Céu Claro";"Dupla";"Reta";"Não";1;0;1;0;0;0;1;1;-27,93414102;-48,66237393;"SPRF-SC";"DEL02-SC";"UOP03-DEL02-SC"
659521;2025-02-05;"quarta-feira";"16:15:00";"SC";101;282,6;"IMBITUBA";"Avarias e/ou desgaste excessivo no pneu";"Queda de ocupante de veículo";"Com Vítimas Feridas";"Pleno dia";"Crescente";"Céu Claro";"Dupla";"Reta";"Sim";1;0;1;0;0;0;1;1;-28,19626005;-48,69739859;"SPRF-SC";"DEL02-SC";"UOP03-DEL02-SC"
659526;2025-02-06;"quinta-feira";"06:40:00";"MG";153;2;"ARAPORA";"Velocidade Incompatível";"Colisão com objeto";"Com Vítimas Feridas";"Amanhecer";"Crescente";"Céu Claro";"Dupla";"Reta";"Sim";4;0;0;2;2;0;2;1;-18,4343521;-49,19082831;"SPRF-MG";"DEL15-MG";"UOP03-DEL15-MG"
659529;2025-02-06;"quinta-feira";"06:50:00";"RS";116;247,1;"SAO LEOPOLDO";"Condutor deixou de manter distância do veículo da frente";"Colisão traseira";"Sem Vítimas";"Pleno dia";"Crescente";"Garoa/Chuvisco";"Dupla";"Reta";"Não";7;0;0;0;7;0;0;3;-29,76733091;-51,1535296;"SPRF-RS";"DEL01-RS";"UOP02-DEL01-RS"
659531;2025-02-06;"quinta-feira";"06:50:00";"SP";153;73,7;"BADY BASSITT";"Condutor deixou de manter distância do veículo da frente";"Colisão traseira";"Com Vítimas Feridas";"Pleno dia";"Decrescente";"Céu Claro";"Dupla";"Reta;Aclive";"Sim";2;0;1;0;1;0;1;2;-20,882776;-49,424718;"SPRF-SP";"DEL09-SP";"UOP01-DEL09-SP"
659532;2025-02-06;"quinta-feira";"06:40:00";"RJ";101;533;"PARATY";"Acessar a via sem observar a presença dos outros veículos";"Colisão lateral mesmo sentido";"Com Vítimas Feridas";"Pleno dia";"Decrescente";"Céu Claro";"Simples";"Reta";"Sim";2;0;1;0;1;0;1;2;-23,02405776;-44,53703641;"SPRF-RJ";"DEL03-RJ";"UOP03-DEL03-RJ"
659533;2025-02-06;"quinta-feira";"06:30:00";"MG";381;877,6;"ESTIVA";"Velocidade Incompatível";"Colisão com objeto";"Sem Vítimas";"Pleno dia";"Crescente";"Chuva";"Dupla";"Reta";"Não";1;0;0;0;1;0;0;1;-22,44008829;-45,98576974;"SPRF-MG";"DEL16-MG";"UOP01-DEL16-MG"
659534;2025-02-06;"quinta-feira";"05:40:00";"MG";381;604,5;"OLIVEIRA";"Reação tardia ou ineficiente do condutor";"Colisão com objeto";"Com Vítimas Feridas";"Pleno dia";"Crescente";"Céu Claro";"Dupla";"Reta";"Não";3;0;1;0;2;0;1;1;-20,65861706;-44,73695366;"SPRF-MG";"DEL04-MG";"UOP01-DEL04-MG"
659535;2025-02-06;"quinta-feira";"07:10:00";"SC";470;60,3;"BLUMENAU";"Acessar a via sem observar a presença dos outros veículos";"Colisão transversal";"Com Vítimas Feridas";"Pleno dia";"Decrescente";"Garoa/Chuvisco";"Simples";"Retorno Regulamentado";"Não";2;0;1;0;1;0;1;2;-26,88138;-49,164543;"SPRF-SC";"DEL04-SC";"UOP01-DEL04-SC"
659536;2025-02-05;"quarta-feira";"17:00:00";"SC";280;128;"RIO NEGRINHO";"Transitar na contramão";"Colisão transversal";"Com Vítimas Feridas";"Pleno dia";"Decrescente";"Chuva";"Simples";"Reta";"Sim";2;0;1;0;1;0;1;2;-26,24317941;-49,51320018;"SPRF-SC";"DEL06-SC";"UOP03-DEL06-SC"
659537;2025-02-05;"quarta-feira";"11:00:00";"MG";365;480;"PATROCINIO";"Demais falhas mecânicas ou elétricas";"Incêndio";"Sem Vítimas";"Pleno dia";"Crescente";"Céu Claro";"Simples";"Reta";"Não";1;0;0;0;1;0;0;1;-18,8914384;-47,0845871;"SPRF-MG";"DEL10-MG";"UOP01-DEL10-MG"
659541;2025-02-06;"quinta-feira";"07:40:00";"PE";101;80;"JABOATAO DOS GUARARAPES";"Ultrapassagem Indevida";"Colisão lateral mesmo sentido";"Com Vítimas Feridas";"Pleno dia";"Decrescente";"Céu Claro";"Dupla";"Reta";"Sim";2;0;2;0;0;0;2;2;-8,15112589;-34,9428866;"SPRF-PE";"DEL01-PE";"UOP01-DEL01-PE"
659542;2025-02-06;"quinta-feira";"07:30:00";"PR";376;180,6;"MARINGA";"Pedestre cruzava a pista fora da faixa";"Atropelamento de Pedestre";"Com Vítimas Feridas";"Pleno dia";"Crescente";"Chuva";"Simples";"Reta";"Não";2;0;1;0;1;0;1;2;-23,42725352;-51,89512271;"SPRF-PR";"DEL09-PR";"UOP01-DEL09-PR"
659544;2025-02-06;"quinta-feira";"06:50:00";"RS";386;435,5;"NOVA SANTA RITA";"Avarias e/ou desgaste excessivo no pneu";"Saída de leito carroçável";"Com Vítimas Feridas";"Pleno dia";"Decrescente";"Chuva";"Simples";"Reta";"Sim";1;0;1;0;0;0;1;1;-29,846369;-51,275738;"SPRF-RS";"DEL04-RS";"UOP02-DEL04-RS"
659545;2025-02-06;"quinta-feira";"08:15:00";"BA";324;622;"SALVADOR";"Ausência de reação do condutor";"Colisão traseira";"Com Vítimas Feridas";"Pleno dia";"Crescente";"Nublado";"Dupla";"Reta";"Não";2;0;1;0;0;1;1;2;-12,91888605;-38,46502095;"SPRF-BA";"DEL01-BA";"UOP01-DEL01-BA"
659547;2025-02-06;"quinta-feira";"08:42:00";"RN";406;151,3;"CEARA-MIRIM";"Desrespeitar a preferência no cruzamento";"Colisão transversal";"Com Vítimas Feridas";"Pleno dia";"Decrescente";"Céu Claro";"Simples";"Curva";"Sim";2;0;1;0;1;0;1;2;-5,651553;-35,421148;"SPRF-RN";"DEL02-RN";"UOP01-DEL02-RN"
659548;2025-02-06;"quinta-feira";"08:30:00";"RS";101;45,5;"TERRA DE AREIA";"Ausência de reação do condutor";"Colisão com objeto";"Com Vítimas Feridas";"Pleno dia";"Crescente";"Céu Claro";"Simples";"Reta";"Sim";2;0;1;0;1;0;1;2;-29,569855;-50,056385;"SPRF-RS";"DEL03-RS";"UOP02-DEL03-RS"
659550;2025-02-06;"quinta-feira";"07:50:00";"SC";470;146;"RIO DO SUL";"Trafegar com motocicleta (ou similar) entre as faixas";"Colisão lateral mesmo sentido";"Com Vítimas Feridas";"Pleno dia";"Decrescente";"Nublado";"Simples";"Reta";"Não";2;0;1;0;0;1;1;2;-27,240673;-49,685822;"SPRF-SC";"DEL04-SC";"UOP02-DEL04-SC"
659554;2025-02-03;"segunda-feira";"11:54:00";"SE";101;194,4;"CRISTINAPOLIS";"Chuva";"Queda de ocupante de veículo";"Com Vítimas Feridas";"Pleno dia";"Crescente";"Nublado";"Simples";"Declive";"Não";1;0;0;1;0;0;1;1;-11,45004803;-37,73745006;"SPRF-SE";"DEL02-SE";"UOP03-DEL02-SE"
659556;2025-02-06;"quinta-feira";"08:10:00";"RJ";101;320,4;"NITEROI";"Ausência de reação do condutor";"Colisão lateral mesmo sentido";"Com Vítimas Feridas";"Pleno dia";"Crescente";"Céu Claro";"Múltipla";"Curva";"Sim";3;0;1;0;2;0;1;3;-22,86171098;-43,10714015;"SPRF-RJ";"DEL02-RJ";"UOP01-DEL02-RJ"
659557;2025-02-06;"quinta-feira";"09:00:00";"MG";262;360;"BETIM";"Ausência de reação do condutor";"Colisão com objeto";"Com Vítimas Feridas";"Pleno dia";"Decrescente";"Céu Claro";"Dupla";"Reta";"Sim";1;0;1;0;0;0;1;1;-19,9830204;-44,20924834;"SPRF-MG";"DEL01-MG";"UOP03-DEL01-MG"
659559;2025-01-31;"sexta-feira";"21:45:00";"TO";0;0;"ARAGUAINA";"Velocidade Incompatível";"Colisão lateral sentido oposto";"Sem Vítimas";"Plena Noite";"Não Informado";"Céu Claro";"Dupla";"Reta";"Sim";4;0;0;0;4;0;0;2;-7,20331861;-48,22235411;"SPRF-TO";"DEL02-TO";"UOP01-DEL02-TO"
659562;2025-02-06;"quinta-feira";"10:00:00";"RS";386;343,3;"LAJEADO";"Ausência de reação do condutor";"Colisão traseira";"Com Vítimas Feridas";"Pleno dia";"Decrescente";"Nublado";"Dupla";"Curva";"Sim";2;0;1;0;1;0;1;2;-29,434835;-52,002365;"SPRF-RS";"DEL04-RS";"UOP01-DEL04-RS"
659563;2025-01-30;"quinta-feira";"20:45:00";"MG";146;459,2;"BOTELHOS";"Ingestão de álcool pelo condutor";"Colisão traseira";"Com Vítimas Feridas";"Plena Noite";"Crescente";"Chuva";"Simples";"Interseção de Vias;Reta";"Não";2;0;1;0;1;0;1;2;-21,63615;-46,405436;"SPRF-MG";"DEL09-MG";"UOP01-DEL09-MG"
659565;2025-02-06;"quinta-feira";"07:30:00";"RJ";101;387;"RIO DE JANEIRO";"Pedestre cruzava a pista fora da faixa";"Atropelamento de Pedestre";"Com Vítimas Feridas";"Pleno dia";"Crescente";"Céu Claro";"Dupla";"Reta";"Sim";3;0;1;0;2;0;1;3;-22,88537839;-43,64965688;"SPRF-RJ";"DEL03-RJ";"UOP01-DEL03-RJ"
659567;2025-01-29;"quarta-feira";"17:05:00";"RJ";40;72;"PETROPOLIS";"Acumulo de água sobre o pavimento";"Saída de leito carroçável";"Com Vítimas Feridas";"Pleno dia";"Decrescente";"Chuva";"Simples";"Declive;Curva";"Sim";1;0;1;0;0;0;1;1;-22,4585308;-43,21600514;"SPRF-RJ";"DEL01-RJ";"UOP01-DEL01-RJ"
659568;2025-02-06;"quinta-feira";"10:25:00";"SC";280;170;"MAFRA";"Condutor deixou de manter distância do veículo da frente";"Colisão traseira";"Sem Vítimas";"Pleno dia";"Crescente";"Nublado";"Simples";"Interseção de Vias";"Sim";3;0;0;0;3;0;0;3;-26,14357962;-49,81201773;"SPRF-SC";"DEL06-SC";"UOP01-DEL06-SC"
659569;2025-02-06;"quinta-feira";"08:20:00";"MT";163;837;"SINOP";"Acesso irregular";"Colisão transversal";"Com Vítimas Feridas";"Pleno dia";"Crescente";"Nublado";"Simples";"Reta";"Sim";2;0;1;0;1;0;1;2;-11,968963;-55,51695578;"SPRF-MT";"DEL06-MT";"UOP02-DEL06-MT"
659573;2025-02-06;"quinta-feira";"07:35:00";"RS";392;300;"SAO SEPE";"Ausência de reação do condutor";"Tombamento";"Com Vítimas Feridas";"Amanhecer";"Crescente";"Céu Claro";"Simples";"Reta";"Não";1;0;0;1;0;0;1;1;-30,14233601;-53,60049402;"SPRF-RS";"DEL09-RS";"UOP01-DEL09-RS"
659574;2025-02-06;"quinta-feira";"11:00:00";"SP";116;225;"GUARULHOS";"Ausência de reação do condutor";"Colisão traseira";"Com Vítimas Feridas";"Pleno dia";"Crescente";"Céu Claro";"Múltipla";"Reta";"Sim";3;0;1;0;2;0;1;3;-23,48586772;-46,54075317;"SPRF-SP";"DEL01-SP";"UOP01-DEL01-SP"
659575;2025-02-06;"quinta-feira";"10:30:00";"PB";230;156;"CAMPINA GRANDE";"Condutor deixou de manter distância do veículo da frente";"Colisão traseira";"Sem Vítimas";"Pleno dia";"Crescente";"Nublado";"Simples";"Reta";"Não";5;0;0;0;5;0;0;2;-7,2693;-35,9138;"SPRF-PB";"DEL02-PB";"UOP01-DEL02-PB"
659576;2025-02-06;"quinta-feira";"08:30:00";"MG";116;764;"LEOPOLDINA";"Condutor deixou de manter distância do veículo da frente";"Colisão traseira";"Com Vítimas Feridas";"Pleno dia";"Crescente";"Nublado";"Simples";"Reta";"Não";2;0;0;1;0;1;1;2;-21,52171912;-42,64030314;"SPRF-MG";"DEL07-MG";"UOP01-DEL07-MG"
659577;2025-02-06;"quinta-feira";"10:20:00";"SC";101;127;"ITAJAI";"Trafegar com motocicleta (ou similar) entre as faixas";"Colisão lateral mesmo sentido";"Com Vítimas Feridas";"Pleno dia";"Decrescente";"Garoa/Chuvisco";"Dupla";"Reta";"Não";2;0;1;0;1;0;1;2;-26,9639319;-48,68328024;"SPRF-SC";"DEL04-SC";"UOP04-DEL04-SC"
659579;2025-02-06;"quinta-feira";"11:00:00";"SC";101;158;"PORTO BELO";"Velocidade Incompatível";"Tombamento";"Com Vítimas Feridas";"Pleno dia";"Crescente";"Chuva";"Dupla";"Retorno Regulamentado";"Sim";1;0;1;0;0;0;1;1;-27,19096301;-48,61259017;"SPRF-SC";"DEL04-SC";"UOP03-DEL04-SC"
659580;2025-02-06;"quinta-feira";"11:30:00";"GO";414;439;"ANAPOLIS";"Reação tardia ou ineficiente do condutor";"Colisão traseira";"Com Vítimas Feridas";"Pleno dia";"Crescente";"Céu Claro";"Dupla";"Rotatória";"Sim";3;0;1;0;1;1;1;3;-16,28128823;-48,94258908;"SPRF-GO";"DEL02-GO";"UOP01-DEL02-GO"
659581;2025-02-06;"quinta-feira";"09:33:00";"MT";70;714;"CACERES";"Reação tardia ou ineficiente do condutor";"Saída de leito carroçável";"Com Vítimas Feridas";"Pleno dia";"Crescente";"Garoa/Chuvisco";"Simples";"Curva";"Não";2;0;1;0;1;0;1;1;-16,1959;-57,58974;"SPRF-MT";"DEL03-MT";"UOP01-DEL03-MT"
659583;2025-02-06;"quinta-feira";"11:35:00";"RJ";101;329;"RIO DE JANEIRO";"Reação tardia ou ineficiente do condutor";"Tombamento";"Com Vítimas Feridas";"Pleno dia";"Crescente";"Céu Claro";"Dupla";"Reta";"Sim";2;0;1;0;1;0;1;1;-22,86939305;-43,175642;"SPRF-RJ";"DEL02-RJ";"UOP01-DEL02-RJ"
659584;2025-02-06;"quinta-feira";"11:30:00";"MG";365;626;"UBERLANDIA";"Manobra de mudança de faixa";"Colisão lateral mesmo sentido";"Com Vítimas Feridas";"Pleno dia";"Crescente";"Céu Claro";"Dupla";"Retorno Regulamentado;Reta";"Sim";3;0;2;0;1;0;2;2;-18,90754763;-48,3160669;"SPRF-MG";"DEL15-MG";"UOP01-DEL15-MG"
659586;2025-02-06;"quinta-feira";"12:00:00";"SC";101;149;"ITAPEMA";"Ausência de reação do condutor";"Queda de ocupante de veículo";"Com Vítimas Feridas";"Pleno dia";"Decrescente";"Garoa/Chuvisco";"Múltipla";"Reta";"Sim";1;0;1;0;0;0;1;1;-27,1089649;-48,61277586;"SPRF-SC";"DEL04-SC";"UOP03-DEL04-SC"
659588;2025-02-06;"quinta-feira";"10:20:00";"RJ";393;156,4;"TRES RIOS";"Ultrapassagem Indevida";"Colisão frontal";"Com Vítimas Feridas";"Pleno dia";"Crescente";"Céu Claro";"Simples";"Curva";"Não";3;0;2;0;1;0;2;2;-22,09021176;-43,06349116;"SPRF-RJ";"DEL05-RJ";"UOP01-DEL05-RJ"
659589;2025-02-06;"quinta-feira";"11:20:00";"PE";232;90;"SAIRE";"Acessar a via sem observar a presença dos outros veículos";"Colisão transversal";"Com Vítimas Feridas";"Pleno dia";"Decrescente";"Chuva";"Dupla";"Retorno Regulamentado;Reta";"Sim";3;0;2;0;1;0;2;2;-8,2172915;-35,65572305;"SPRF-PE";"DEL02-PE";"UOP02-DEL02PE"
659592;2025-02-06;"quinta-feira";"11:10:00";"RJ";40;115;"DUQUE DE CAXIAS";"Reação tardia ou ineficiente do condutor";"Colisão lateral mesmo sentido";"Com Vítimas Feridas";"Pleno dia";"Crescente";"Céu Claro";"Múltipla";"Reta";"Sim";2;0;1;0;1;0;1;2;-22,72756999;-43,2891609;"SPRF-RJ";"DEL01-RJ";"UOP02-DEL01-RJ"
659593;2025-02-06;"quinta-feira";"13:15:00";"RS";290;128;"ELDORADO DO SUL";"Ausência de reação do condutor";"Saída de leito carroçável";"Com Vítimas Feridas";"Pleno dia";"Decrescente";"Sol";"Simples";"Reta";"Não";1;0;1;0;0;0;1;1;-30,057104;-51,490009;"SPRF-RS";"DEL02-RS";"UOP01-DEL02-RS"
659594;2025-02-06;"quinta-feira";"13:30:00";"ES";101;247,9;"SERRA";"Demais falhas mecânicas ou elétricas";"Incêndio";"Sem Vítimas";"Pleno dia";"Decrescente";"Sol";"Simples";"Curva";"Não";1;0;0;0;1;0;0;1;-20,06746339;-40,37085006;"SPRF-ES";"DEL02-ES";"UOP01-DEL02-ES"
659596;2025-02-06;"quinta-feira";"13:40:00";"ES";101;296,9;"VIANA";"Condutor deixou de manter distância do veículo da frente";"Colisão traseira";"Com Vítimas Feridas";"Pleno dia";"Crescente";"Céu Claro";"Múltipla";"Curva";"Sim";2;0;1;0;1;0;1;2;-20,35374444;-40,4156433;"SPRF-ES";"DEL01-ES";"UOP01-DEL01-ES"
659597;2025-02-06;"quinta-feira";"10:37:00";"GO";60;329;"ACREUNA";"Acessar a via sem observar a presença dos outros veículos";"Colisão traseira";"Com Vítimas Feridas";"Pleno dia";"Decrescente";"Nublado";"Dupla";"Reta";"Não";4;0;2;0;2;0;2;2;-17,5466;-50,5124;"SPRF-GO";"DEL04-GO";"UOP02-DEL04-GO"
659598;2025-02-06;"quinta-feira";"13:45:00";"GO";60;389;"RIO VERDE";"Reação tardia ou ineficiente do condutor";"Engavetamento";"Com Vítimas Feridas";"Pleno dia";"Decrescente";"Chuva";"Dupla";"Reta";"Sim";3;0;0;1;2;0;1;3;-17,819;-50,943;"SPRF-GO";"DEL04-GO";"UOP02-DEL04-GO"
659599;2025-02-06;"quinta-feira";"13:45:00";"SP";101;47;"UBATUBA";"Acessar a via sem observar a presença dos outros veículos";"Colisão traseira";"Sem Vítimas";"Pleno dia";"Crescente";"Céu Claro";"Dupla";"Rotatória";"Sim";3;0;0;0;3;0;0;3;-23,429897;-45,082436;"SPRF-SP";"DEL06-SP";"UOP01-DEL06-SP"
659608;2025-02-06;"quinta-feira";"13:26:00";"MS";262;377,1;"TERENOS";"Condutor Dormindo";"Saída de leito carroçável";"Com Vítimas Feridas";"Pleno dia";"Decrescente";"Nublado";"Simples";"Curva";"Não";2;0;1;0;0;1;1;2;-20,47912064;-54,83519591;"SPRF-MS";"DEL01-MS";"UOP03-DEL01-MS"
659609;2025-02-06;"quinta-feira";"12:30:00";"MT";70;3;"BARRA DO GARCAS";"Ausência de reação do condutor";"Colisão traseira";"Com Vítimas Feridas";"Pleno dia";"Crescente";"Céu Claro";"Dupla";"Aclive";"Não";2;0;1;0;1;0;1;2;-15,88252843;-52,27574027;"SPRF-MT";"DEL07-MT";"UOP01-DEL07-MT"
659611;2025-02-06;"quinta-feira";"12:00:00";"PR";369;375,8;"MAMBORE";"Ausência de reação do condutor";"Saída de leito carroçável";"Sem Vítimas";"Pleno dia";"Decrescente";"Chuva";"Simples";"Reta";"Não";1;0;0;0;0;1;0;1;-24,28391701;-52,55082607;"SPRF-PR";"DEL04-PR";"UOP03-DEL04-PR"
659612;2025-02-06;"quinta-feira";"14:32:00";"PE";101;37;"ITAPISSUMA";"Acessar a via sem observar a presença dos outros veículos";"Colisão transversal";"Com Vítimas Feridas";"Pleno dia";"Crescente";"Nublado";"Dupla";"Reta";"Não";3;0;2;0;1;0;2;2;-7,79556993;-34,92797256;"SPRF-PE";"DEL01-PE";"UOP02-DEL01-PE"
659614;2025-02-06;"quinta-feira";"13:30:00";"SC";101;65;"ARAQUARI";"Demais falhas mecânicas ou elétricas";"Queda de ocupante de veículo";"Com Vítimas Feridas";"Pleno dia";"Decrescente";"Nublado";"Múltipla";"Reta";"Não";1;0;1;0;0;0;1;1;-26,47135714;-48,74457217;"SPRF-SC";"DEL03-SC";"UOP02-DEL03-SC"
659615;2025-02-06;"quinta-feira";"10:15:00";"SC";282;191,1;"LAGES";"Reação tardia ou ineficiente do condutor";"Colisão traseira";"Com Vítimas Feridas";"Pleno dia";"Crescente";"Sol";"Simples";"Aclive;Reta";"Não";4;0;2;0;2;0;2;2;-27,739349;-50,046421;"SPRF-SC";"DEL05-SC";"UOP01-DEL05-SC"
659616;2025-02-06;"quinta-feira";"13:00:00";"PR";376;372;"ORTIGUEIRA";"Velocidade Incompatível";"Saída de leito carroçável";"Com Vítimas Feridas";"Pleno dia";"Decrescente";"Chuva";"Simples";"Curva";"Não";2;0;2;0;0;0;2;1;-24,39063691;-50,78603585;"SPRF-PR";"DEL07-PR";"UOP02-DEL07-PR"
659620;2025-01-30;"quinta-feira";"15:30:00";"PR";369;191,1;"APUCARANA";"Acumulo de água sobre o pavimento";"Colisão com objeto";"Sem Vítimas";"Pleno dia";"Decrescente";"Chuva";"Dupla";"Declive";"Não";1;0;0;0;1;0;0;1;-23,464828;-51,425217;"SPRF-PR";"DEL07-PR";"UOP03-DEL07-PR"
659621;2025-02-06;"quinta-feira";"15:40:00";"RN";304;293,4;"MACAIBA";"Acumulo de água sobre o pavimento";"Saída de leito carroçável";"Com Vítimas Feridas";"Pleno dia";"Decrescente";"Chuva";"Dupla";"Aclive;Reta";"Não";2;0;2;0;0;0;2;1;-5,86911106;-35,38524628;"SPRF-RN";"DEL01-RN";"UOP02-DEL01-RN"
659622;2025-02-06;"quinta-feira";"14:10:00";"RS";290;24;"SANTO ANTONIO DA PATRULHA";"Ausência de reação do condutor";"Saída de leito carroçável";"Com Vítimas Feridas";"Pleno dia";"Decrescente";"Nublado";"Dupla";"Reta";"Não";1;0;1;0;0;0;1;1;-29,882015;-50,493973;"SPRF-RS";"DEL03-RS";"UOP01-DEL03-RS"
659623;2025-02-06;"quinta-feira";"14:45:00";"SC";101;118;"ITAJAI";"Condutor deixou de manter distância do veículo da frente";"Colisão traseira";"Com Vítimas Feridas";"Pleno dia";"Decrescente";"Céu Claro";"Dupla";"Reta";"Não";2;0;0;1;1;0;1;2;-26,895859;-48,71903;"SPRF-SC";"DEL04-SC";"UOP04-DEL04-SC"