"id";"data_inversa";"dia_semana";"horario";"uf";"br";"km";"municipio";"causa_acidente";"tipo_acidente";"classificacao_acidente";"fase_dia";"sentido_via";"condicao_metereologica";"tipo_pista";"tracado_via";"uso_solo";"pessoas";"mortos";"feridos_leves";"feridos_graves";"ilesos";"ignorados";"feridos";"veiculos";"latitude";"longitude";"regional";"delegacia";"uop"
659624;2025-02-06;"quinta-feira";"15:29:00";"ES";101;297,7;"CARIACICA";"Condutor deixou de manter distância do veículo da frente";"Colisão lateral mesmo sentido";"Com Vítimas Feridas";"Pleno dia";"Crescente";"Céu Claro";"Dupla";"Reta";"Sim";3;0;2;0;1;0;2;2;-20,35100457;-40,41328311;"SPRF-ES";"DEL01-ES";"UOP01-DEL01-ES"
659625;2025-02-06;"quinta-feira";"12:15:00";"MG";116;702,3;"MURIAE";"Desrespeitar a preferência no cruzamento";"Colisão lateral mesmo sentido";"Com Vítimas Feridas";"Pleno dia";"Decrescente";"Céu Claro";"Simples";"Interseção de Vias";"Sim";2;0;1;0;1;0;1;2;-21,1251655;-42,38165639;"SPRF-MG";"DEL07-MG";"UOP02-DEL07-MG"
659626;2025-02-06;"quinta-feira";"13:21:00";"RJ";116;227,8;"PIRAI";"Reação tardia ou ineficiente do condutor";"Colisão traseira";"Com Vítimas Feridas";"Pleno dia";"Crescente";"Céu Claro";"Dupla";"Reta";"Sim";2;0;1;0;1;0;1;1;-22,6650558628;-43,8208548001;"SPRF-RJ";"DEL07-RJ";"UOP01-DEL07-RJ"
659627;2025-02-06;"quinta-feira";"15:05:00";"PE";101;46;"IGARASSU";"Manobra de mudança de faixa";"Colisão traseira";"Com Vítimas Feridas";"Pleno dia";"Decrescente";"Céu Claro";"Simples";"Reta";"Sim";2;0;0;1;1;0;1;2;-7,87406004;-34,90588126;"SPRF-PE";"DEL01-PE";"UOP02-DEL01-PE"
659631;2025-02-06;"quinta-feira";"16:00:00";"MG";40;747,5;"SANTOS DUMONT";"Demais falhas mecânicas ou elétricas";"Incêndio";"Sem Vítimas";"Pleno dia";"Crescente";"Céu Claro";"Simples";"Reta;Declive";"Não";3;0;0;0;3;0;0;1;-21,4328731;-43,55221915;"SPRF-MG";"DEL05-MG";"UOP01-DEL05-MG"
659632;2025-02-06;"quinta-feira";"14:57:00";"PE";407;124;"PETROLINA";"Transitar no Acostamento";"Colisão lateral mesmo sentido";"Com Vítimas Feridas";"Pleno dia";"Decrescente";"Céu Claro";"Dupla";"Reta";"Sim";3;0;1;0;2;0;1;2;-9,375587;-40,537452;"SPRF-PE";"DEL06-PE";"UOP01-DEL06-PE"
659633;2025-02-06;"quinta-feira";"14:04:00";"RO";364;339,6;"JI-PARANA";"Acessar a via sem observar a presença dos outros veículos";"Colisão transversal";"Com Vítimas Feridas";"Pleno dia";"Decrescente";"Céu Claro";"Dupla";"Reta";"Sim";3;0;1;0;2;0;1;2;-10,907816;-61,93017402;"SPRF-RO";"DEL02-RO";"UOP01-DEL02-RO"
659634;2025-02-06;"quinta-feira";"15:30:00";"PE";101;42;"IGARASSU";"Acessar a via sem observar a presença dos outros veículos";"Colisão transversal";"Sem Vítimas";"Pleno dia";"Crescente";"Céu Claro";"Dupla";"Retorno Regulamentado;Interseção de Vias";"Sim";2;0;0;0;2;0;0;2;-7,83887431;-34,91196739;"SPRF-PE";"DEL01-PE";"UOP02-DEL01-PE"
659637;2025-01-11;"sábado";"05:00:00";"SC";116;145;"SANTA CECILIA";"Acessar a via sem observar a presença dos outros veículos";"Colisão transversal";"Com Vítimas Feridas";"Amanhecer";"Decrescente";"Ignorado";"Simples";"Reta";"Não";2;0;1;0;1;0;1;2;-26,9952408;-50,40782997;"SPRF-SC";"DEL06-SC";"UOP02-DEL06-SC"
659639;2025-02-06;"quinta-feira";"16:20:00";"RN";427;111,3;"CAICO";"Reação tardia ou ineficiente do condutor";"Queda de ocupante de veículo";"Com Vítimas Feridas";"Pleno dia";"Decrescente";"Nublado";"Simples";"Reta";"Não";1;0;0;1;0;0;1;1;-6,45135108;-37,19463445;"SPRF-RN";"DEL03-RN";"UOP01-DEL03-RN"
659641;2025-02-02;"domingo";"22:35:00";"RJ";493;1;"ITABORAI";"Reação tardia ou ineficiente do condutor";"Colisão frontal";"Com Vítimas Feridas";"Plena Noite";"Crescente";"Céu Claro";"Dupla";"Reta";"Sim";1;0;1;0;0;0;1;1;-22,76398788;-42,92731895;"SPRF-RJ";"DEL02-RJ";"UOP02-DEL02-RJ"
659642;2025-02-06;"quinta-feira";"10:00:00";"PR";153;398;"MALLET";"Reação tardia ou ineficiente do condutor";"Saída de leito carroçável";"Com Vítimas Feridas";"Pleno dia";"Decrescente";"Chuva";"Simples";"Curva";"Não";1;0;1;0;0;0;1;1;-25,94400167;-50,85176002;"SPRF-PR";"DEL08-PR";"UOP02-DEL08-PR"
659643;2025-02-06;"quinta-feira";"16:45:00";"RS";470;216;"BENTO GONCALVES";"Ingestão de álcool pelo condutor";"Colisão transversal";"Com Vítimas Feridas";"Pleno dia";"Decrescente";"Céu Claro";"Múltipla";"Reta;Declive;Retorno Regulamentado";"Sim";2;0;1;0;1;0;1;2;-29,15887096;-51,53142395;"SPRF-RS";"DEL06-RS";"UOP01-DEL06-RS"
659644;2025-02-06;"quinta-feira";"17:40:00";"SC";101;120;"ITAJAI";"Trafegar com motocicleta (ou similar) entre as faixas";"Colisão lateral mesmo sentido";"Com Vítimas Feridas";"Pleno dia";"Decrescente";"Nublado";"Dupla";"Reta";"Não";2;0;1;0;1;0;1;2;-26,912758;-48,711998;"SPRF-SC";"DEL04-SC";"UOP04-DEL04-SC"
659648;2025-02-06;"quinta-feira";"16:50:00";"BA";367;82;"EUNAPOLIS";"Condutor deixou de manter distância do veículo da frente";"Colisão traseira";"Com Vítimas Feridas";"Anoitecer";"Decrescente";"Sol";"Simples";"Reta";"Não";3;0;1;0;2;0;1;3;-16,37205962;-39,56163401;"SPRF-BA";"DEL09-BA";"UOP03-DEL09-BA"
659653;2025-02-06;"quinta-feira";"17:00:00";"PE";423;95;"GARANHUNS";"Acessar a via sem observar a presença dos outros veículos";"Atropelamento de Pedestre";"Com Vítimas Feridas";"Anoitecer";"Crescente";"Garoa/Chuvisco";"Simples";"Curva";"Sim";2;0;1;0;1;0;1;2;-8,87891989;-36,47796305;"SPRF-PE";"DEL03-PE";"UOP01-DEL03-PE"
659655;2025-02-06;"quinta-feira";"17:25:00";"RJ";40;112;"DUQUE DE CAXIAS";"Reação tardia ou ineficiente do condutor";"Queda de ocupante de veículo";"Com Vítimas Feridas";"Anoitecer";"Decrescente";"Céu Claro";"Dupla";"Reta";"Sim";1;0;1;0;0;0;1;1;-22,7004454;-43,29014851;"SPRF-RJ";"DEL01-RJ";"UOP02-DEL01-RJ"
659656;2025-02-06;"quinta-feira";"17:10:00";"SC";101;328;"CAPIVARI DE BAIXO";"Acumulo de água sobre o pavimento";"Tombamento";"Com Vítimas Feridas";"Pleno dia";"Decrescente";"Chuva";"Múltipla";"Aclive";"Não";1;0;1;0;0;0;1;1;-28,44741173;-48,96863937;"SPRF-SC";"DEL02-SC";"UOP01-DEL02-SC"
659658;2025-02-06;"quinta-feira";"17:00:00";"MA";135;15,3;"SAO LUIS";"Área urbana sem a presença de local apropriado para a travessia de pedestres";"Atropelamento de Pedestre";"Com Vítimas Feridas";"Anoitecer";"Decrescente";"Nublado";"Dupla";"Reta";"Sim";2;0;1;0;1;0;1;2;-2,69540095;-44,30511707;"SPRF-MA";"DEL01-MA";"UOP01-DEL01-MA"
659660;2025-02-06;"quinta-feira";"17:00:00";"DF";80;25;"BRASILIA";"Ausência de reação do condutor";"Saída de leito carroçável";"Com Vítimas Feridas";"Pleno dia";"Crescente";"Céu Claro";"Dupla";"Reta";"Sim";1;0;1;0;0;0;1;1;-15,61765;-48,1989;"SPRF-DF";"DEL03-DF";"UOP02-DEL03-DF"
659662;2025-02-06;"quinta-feira";"18:20:00";"PR";277;590,1;"CASCAVEL";"Desrespeitar a preferência no cruzamento";"Colisão transversal";"Com Vítimas Feridas";"Pleno dia";"Decrescente";"Céu Claro";"Simples";"Reta;Interseção de Vias";"Não";2;0;1;0;1;0;1;2;-24,98120697;-53,45591501;"SPRF-PR";"DEL04-PR";"UOP01-DEL04-PR"
659663;2025-02-06;"quinta-feira";"18:15:00";"GO";40;5;"VALPARAISO DE GOIAS";"Manobra de mudança de faixa";"Colisão lateral mesmo sentido";"Com Vítimas Feridas";"Anoitecer";"Crescente";"Céu Claro";"Dupla";"Declive;Reta";"Não";3;0;1;0;2;0;1;3;-16,093134;-47,982236;"SPRF-DF";"DEL01-DF";"UOP01-DEL01-DF"
659665;2025-02-06;"quinta-feira";"17:40:00";"PB";230;157,6;"CAMPINA GRANDE";"Acessar a via sem observar a presença dos outros veículos";"Colisão transversal";"Com Vítimas Feridas";"Anoitecer";"Crescente";"Garoa/Chuvisco";"Simples";"Reta";"Sim";2;0;1;0;1;0;1;2;-7,264;-35,9199;"SPRF-PB";"DEL02-PB";"UOP01-DEL02-PB"
659666;2025-02-06;"quinta-feira";"16:44:00";"SC";116;17;"MAFRA";"Conversão proibida";"Tombamento";"Com Vítimas Fatais";"Pleno dia";"Decrescente";"Nublado";"Simples";"Interseção de Vias;Reta";"Não";4;1;0;0;3;0;0;2;-26,21817159;-49,88919497;"SPRF-SC";"DEL06-SC";"UOP01-DEL06-SC"
659667;2025-02-06;"quinta-feira";"18:50:00";"SC";101;137;"BALNEARIO CAMBORIU";"Avarias e/ou desgaste excessivo no pneu";"Saída de leito carroçável";"Com Vítimas Feridas";"Anoitecer";"Crescente";"Nublado";"Dupla";"Reta";"Sim";2;0;1;0;1;0;1;1;-27,0157238;-48,61192763;"SPRF-SC";"DEL04-SC";"UOP03-DEL04-SC"
659668;2025-02-06;"quinta-feira";"17:40:00";"RJ";116;232;"PIRAI";"Demais falhas mecânicas ou elétricas";"Incêndio";"Sem Vítimas";"Plena Noite";"Crescente";"Céu Claro";"Múltipla";"Reta";"Não";1;0;0;0;1;0;0;1;-22,65604007;-43,83713888;"SPRF-RJ";"DEL07-RJ";"UOP01-DEL07-RJ"
659669;2025-02-06;"quinta-feira";"16:50:00";"RJ";116;264;"VOLTA REDONDA";"Acumulo de areia ou detritos sobre o pavimento";"Queda de ocupante de veículo";"Com Vítimas Feridas";"Pleno dia";"Crescente";"Sol";"Simples";"Retorno Regulamentado;Aclive;Curva";"Não";1;0;1;0;0;0;1;1;-22,59213864;-44,07723781;"SPRF-RJ";"DEL07-RJ";"UOP02-DEL07-RJ"
659670;2025-02-06;"quinta-feira";"18:30:00";"SP";116;514;"CAJATI";"Chuva";"Saída de leito carroçável";"Com Vítimas Feridas";"Anoitecer";"Crescente";"Chuva";"Dupla";"Curva";"Não";3;0;1;0;2;0;1;1;-24,85874304;-48,21731282;"SPRF-SP";"DEL05-SP";"UOP02-DEL05-SP"
659671;2025-02-06;"quinta-feira";"18:00:00";"MS";163;281;"DOURADOS";"Ausência de reação do condutor";"Tombamento";"Com Vítimas Feridas";"Plena Noite";"Crescente";"Nublado";"Dupla";"Rotatória";"Não";1;0;1;0;0;0;1;1;-22,13222947;-54,61222966;"SPRF-MS";"DEL04-MS";"UOP01-DEL04-MS"
659672;2025-02-06;"quinta-feira";"19:10:00";"MA";222;667;"ACAILANDIA";"Acessar a via sem observar a presença dos outros veículos";"Colisão transversal";"Com Vítimas Feridas";"Plena Noite";"Decrescente";"Céu Claro";"Simples";"Declive;Reta";"Não";2;0;1;0;1;0;1;2;-4,90264174;-47,39968016;"SPRF-MA";"DEL04-MA";"UOP03-DEL04-MA"
659674;2025-02-06;"quinta-feira";"19:00:00";"MG";381;536,1;"ITATIAIUCU";"Animais na Pista";"Capotamento";"Com Vítimas Feridas";"Plena Noite";"Crescente";"Céu Claro";"Dupla";"Reta";"Não";1;0;1;0;0;0;1;1;-20,22443302;-44,39530859;"SPRF-MG";"DEL04-MG";"UOP03-DEL04-MG"
659675;2025-02-06;"quinta-feira";"14:30:00";"MT";70;84;"GENERAL CARNEIRO";"Acumulo de água sobre o pavimento";"Capotamento";"Com Vítimas Feridas";"Pleno dia";"Decrescente";"Nublado";"Simples";"Curva;Declive";"Não";1;0;1;0;0;0;1;1;-15,62211981;-52,83378091;"SPRF-MT";"DEL07-MT";"UOP01-DEL07-MT"
659677;2025-02-06;"quinta-feira";"19:00:00";"MG";50;194,5;"UBERABA";"Demais falhas mecânicas ou elétricas";"Saída de leito carroçável";"Com Vítimas Feridas";"Plena Noite";"Crescente";"Céu Claro";"Dupla";"Reta";"Não";1;0;1;0;0;0;1;1;-19,887439;-47,848374;"SPRF-MG";"DEL13-MG";"UOP01-DEL13-MG"
659678;2025-02-06;"quinta-feira";"09:20:00";"BA";110;13;"PAULO AFONSO";"Chuva";"Queda de ocupante de veículo";"Com Vítimas Feridas";"Pleno dia";"Decrescente";"Chuva";"Simples";"Reta";"Não";1;0;1;0;0;0;1;1;-9,56792795;-38,22294244;"SPRF-BA";"DEL07-BA";"UOP01-DEL07-BA"
659679;2025-02-06;"quinta-feira";"18:52:00";"RO";364;710;"PORTO VELHO";"Acessar a via sem observar a presença dos outros veículos";"Colisão lateral mesmo sentido";"Com Vítimas Feridas";"Pleno dia";"Decrescente";"Céu Claro";"Dupla";"Reta";"Sim";3;0;2;0;1;0;2;2;-8,78621576;-63,85712687;"SPRF-RO";"DEL01-RO";"UOP01-DEL01-RO"
659681;2025-02-06;"quinta-feira";"19:45:00";"CE";222;135,2;"ITAPAJE";"Transitar na contramão";"Colisão frontal";"Com Vítimas Fatais";"Plena Noite";"Crescente";"Nublado";"Simples";"Curva";"Não";3;1;0;1;0;1;1;2;-3,73432301;-39,667822;"SPRF-CE";"DEL04-CE";"UOP03-DEL04-CE"
659682;2025-02-06;"quinta-feira";"19:50:00";"PR";376;176,6;"MARINGA";"Acessar a via sem observar a presença dos outros veículos";"Colisão transversal";"Com Vítimas Feridas";"Plena Noite";"Decrescente";"Céu Claro";"Múltipla";"Reta";"Sim";3;0;1;1;1;0;2;2;-23,41269173;-51,93158327;"SPRF-PR";"DEL09-PR";"UOP01-DEL09-PR"
659683;2025-01-29;"quarta-feira";"15:10:00";"GO";153;506;"APARECIDA DE GOIANIA";"Demais falhas na via";"Tombamento";"Com Vítimas Feridas";"Pleno dia";"Crescente";"Sol";"Dupla";"Reta;Declive";"Sim";1;0;1;0;0;0;1;1;-16,7633;-49,24;"SPRF-GO";"DEL01-GO";"UOP01-DEL01-GO"
659684;2025-02-06;"quinta-feira";"18:20:00";"PR";277;454;"LARANJEIRAS DO SUL";"Desrespeitar a preferência no cruzamento";"Colisão transversal";"Com Vítimas Feridas";"Pleno dia";"Decrescente";"Céu Claro";"Simples";"Interseção de Vias";"Sim";2;0;1;0;1;0;1;2;-25,36980336;-52,37913399;"SPRF-PR";"DEL04-PR";"UOP02-DEL04-PR"
659685;2025-02-06;"quinta-feira";"20:23:00";"BA";324;0;"FEIRA DE SANTANA";"Desrespeitar a preferência no cruzamento";"Colisão com objeto";"Com Vítimas Fatais";"Plena Noite";"Crescente";"Nublado";"Dupla";"Viaduto;Interseção de Vias";"Sim";4;1;0;0;3;0;0;3;-12,270523;-38,935038;"SPRF-BA";"DEL02-BA";"UOP01-DEL02-BA"
659689;2025-02-06;"quinta-feira";"21:15:00";"SP";116;213;"GUARULHOS";"Entrada inopinada do pedestre";"Atropelamento de Pedestre";"Com Vítimas Fatais";"Plena Noite";"Crescente";"Nublado";"Múltipla";"Aclive;Reta";"Sim";4;1;0;0;3;0;0;2;-23,43971486;-46,43667806;"SPRF-SP";"DEL01-SP";"UOP01-DEL01-SP"
659690;2025-02-06;"quinta-feira";"00:30:00";"SC";280;298;"PORTO UNIAO";"Ingestão de álcool pelo condutor";"Saída de leito carroçável";"Com Vítimas Feridas";"Plena Noite";"Crescente";"Nublado";"Simples";"Reta";"Não";2;0;1;0;1;0;1;1;-26,28153973;-51,00136008;"SPRF-SC";"DEL06-SC";"UOP04-DEL06-SC"
659691;2025-02-06;"quinta-feira";"20:45:00";"RS";116;252;"SAPUCAIA DO SUL";"Ingestão de álcool pelo condutor";"Colisão traseira";"Com Vítimas Feridas";"Plena Noite";"Crescente";"Céu Claro";"Múltipla";"Reta";"Não";3;0;1;0;2;0;1;2;-29,80913395;-51,1675292;"SPRF-RS";"DEL01-RS";"UOP02-DEL01-RS"
659692;2025-02-06;"quinta-feira";"19:40:00";"SC";101;87,5;"BARRA VELHA";"Pedestre cruzava a pista fora da faixa";"Atropelamento de Pedestre";"Com Vítimas Feridas";"Plena Noite";"Decrescente";"Céu Claro";"Dupla";"Reta;Aclive";"Sim";2;0;0;1;1;0;1;2;-26,64157075;-48,69035482;"SPRF-SC";"DEL03-SC";"UOP02-DEL03-SC"
659694;2025-02-06;"quinta-feira";"21:00:00";"SP";101;35,5;"UBATUBA";"Conversão proibida";"Colisão transversal";"Com Vítimas Feridas";"Plena Noite";"Decrescente";"Céu Claro";"Simples";"Reta";"Não";2;0;2;0;0;0;2;2;-23,39562327;-45,01485055;"SPRF-SP";"DEL06-SP";"UOP01-DEL06-SP"
659695;2025-02-06;"quinta-feira";"20:40:00";"SC";163;72,6;"SAO MIGUEL DO OESTE";"Velocidade Incompatível";"Saída de leito carroçável";"Com Vítimas Feridas";"Plena Noite";"Crescente";"Garoa/Chuvisco";"Dupla";"Reta";"Sim";5;0;1;1;0;3;2;2;-26,71579042;-53,51612091;"SPRF-SC";"DEL07-SC";"UOP03-DEL07-SC"
659696;2025-02-06;"quinta-feira";"22:00:00";"MG";116;279;"TEOFILO OTONI";"Ausência de reação do condutor";"Tombamento";"Com Vítimas Feridas";"Plena Noite";"Decrescente";"Céu Claro";"Simples";"Reta";"Sim";1;0;1;0;0;0;1;1;-17,87634412;-41,52080762;"SPRF-MG";"DEL11-MG";"UOP01-DEL11-MG"
659698;2025-02-06;"quinta-feira";"19:00:00";"MT";163;691;"LUCAS DO RIO VERDE";"Reação tardia ou ineficiente do condutor";"Queda de ocupante de veículo";"Com Vítimas Feridas";"Plena Noite";"Decrescente";"Céu Claro";"Simples";"Reta";"Não";1;0;1;0;0;0;1;1;-13,05365;-55,911232;"SPRF-MT";"DEL06-MT";"UOP01-DEL06-MT"
659699;2025-02-06;"quinta-feira";"19:40:00";"PE";104;114;"PANELAS";"Chuva";"Colisão lateral mesmo sentido";"Com Vítimas Feridas";"Plena Noite";"Crescente";"Chuva";"Simples";"Reta";"Não";2;0;0;1;0;1;1;2;-8,651909;-36,01405;"SPRF-PE";"DEL02-PE";"UOP03-DEL02-PE"
659702;2025-02-06;"quinta-feira";"11:30:00";"MT";364;1153;"SAPEZAL";"Ultrapassagem Indevida";"Colisão frontal";"Com Vítimas Fatais";"Pleno dia";"Decrescente";"Chuva";"Simples";"Ponte;Reta";"Não";4;2;2;0;0;0;2;2;-13,54754294;-59,02650903;"SPRF-MT";"DEL04-MT";"UOP02-DEL04-MT"
659704;2025-02-06;"quinta-feira";"18:30:00";"RJ";101;497;"ANGRA DOS REIS";"Ausência de reação do condutor";"Colisão lateral mesmo sentido";"Com Vítimas Feridas";"Plena Noite";"Crescente";"Céu Claro";"Simples";"Reta";"Sim";2;0;1;0;1;0;1;2;-22,91687742;-44,32911645;"SPRF-RJ";"DEL03-RJ";"UOP03-DEL03-RJ"
659705;2025-02-06;"quinta-feira";"17:37:00";"AC";364;123;"RIO BRANCO";"Reação tardia ou ineficiente do condutor";"Colisão traseira";"Com Vítimas Feridas";"Anoitecer";"Decrescente";"Céu Claro";"Dupla";"Reta";"Não";2;0;2;0;0;0;2;2;-10,0117071;-67,782373;"SPRF-AC";"DEL01-AC";"UOP01-DEL01-AC"
659706;2025-02-06;"quinta-feira";"20:30:00";"MT";364;494;"JANGADA";"Acessar a via sem observar a presença dos outros veículos";"Colisão transversal";"Com Vítimas Feridas";"Plena Noite";"Decrescente";"Céu Claro";"Simples";"Reta";"Não";2;0;1;0;1;0;1;2;-15,29227197;-56,43455719;"SPRF-MT";"DEL01-MT";"UOP01-DEL01-MT"
659707;2025-02-06;"quinta-feira";"22:40:00";"PR";369;143,4;"LONDRINA";"Ingestão de álcool pelo condutor";"Colisão traseira";"Com Vítimas Feridas";"Plena Noite";"Decrescente";"Nublado";"Dupla";"Aclive;Reta";"Sim";3;0;2;1;0;0;3;2;-23,29297;-51,097351;"SPRF-PR";"DEL07-PR";"UOP01-DEL07-PR"
659708;2025-02-06;"quinta-feira";"11:40:00";"SC";101;339,2;"TUBARAO";"Desrespeitar a preferência no cruzamento";"Colisão transversal";"Com Vítimas Feridas";"Pleno dia";"Crescente";"Céu Claro";"Dupla";"Interseção de Vias;Viaduto";"Sim";3;0;2;0;1;0;2;2;-28,5069828;-49,04996932;"SPRF-SC";"DEL02-SC";"UOP01-DEL02-SC"
659709;2025-02-06;"quinta-feira";"20:50:00";"MT";364;205;"RONDONOPOLIS";"Acessar a via sem observar a presença dos outros veículos";"Colisão lateral mesmo sentido";"Com Vítimas Feridas";"Plena Noite";"Decrescente";"Céu Claro";"Dupla";"Declive;Reta;Retorno Regulamentado";"Sim";3;0;1;0;2;0;1;2;-16,457313;-54,661958;"SPRF-MT";"DEL02-MT";"UOP01-DEL02-MT"
659710;2025-02-06;"quinta-feira";"22:40:00";"PI";343;336;"TERESINA";"Chuva";"Saída de leito carroçável";"Com Vítimas Feridas";"Plena Noite";"Decrescente";"Chuva";"Dupla";"Curva";"Não";5;0;5;0;0;0;5;1;-5,062547;-42,705189;"SPRF-PI";"DEL01-PI";"UOP01-DEL01-PI"
659711;2025-02-06;"quinta-feira";"23:40:00";"RS";116;233;"NOVO HAMBURGO";"Ausência de reação do condutor";"Colisão com objeto";"Sem Vítimas";"Plena Noite";"Decrescente";"Céu Claro";"Simples";"Reta";"Sim";1;0;0;0;0;1;0;1;-29,64206007;-51,14268362;"SPRF-RS";"DEL01-RS";"UOP02-DEL01-RS"
659712;2025-02-06;"quinta-feira";"23:30:00";"ES";101;142,5;"LINHARES";"Reação tardia ou ineficiente do condutor";"Colisão com objeto";"Sem Vítimas";"Plena Noite";"Decrescente";"Céu Claro";"Dupla";"Declive";"Sim";2;0;0;0;2;0;0;1;-19,33458987;-40,06755477;"SPRF-ES";"DEL04-ES";"UOP01-DEL04-ES"
659717;2025-02-06;"quinta-feira";"19:30:00";"MT";364;205,5;"RONDONOPOLIS";"Ingestão de álcool pelo condutor";"Queda de ocupante de veículo";"Com Vítimas Feridas";"Plena Noite";"Crescente";"Céu Claro";"Dupla";"Reta";"Não";2;0;1;0;0;1;1;2;-16,45928621;-54,66092345;"SPRF-MT";"DEL02-MT";"UOP01-DEL02-MT"
659719;2025-02-06;"quinta-feira";"23:30:00";"MS";163;725;"COXIM";"Ingestão de álcool pelo condutor";"Saída de leito carroçável";"Sem Vítimas";"Plena Noite";"Crescente";"Céu Claro";"Simples";"Reta";"Sim";1;0;0;0;1;0;0;1;-18,55245685;-54,75080527;"SPRF-MS";"DEL06-MS";"UOP01-DEL06-MS"
659722;2025-02-07;"sexta-feira";"02:00:00";"MG";381;490;"BETIM";"Ausência de reação do condutor";"Queda de ocupante de veículo";"Com Vítimas Feridas";"Plena Noite";"Crescente";"Céu Claro";"Dupla";"Reta";"Não";2;0;2;0;0;0;2;1;-19,95595175;-44,14498115;"SPRF-MG";"DEL01-MG";"UOP03-DEL01-MG"
659723;2025-02-07;"sexta-feira";"00:00:00";"MS";60;453,7;"SIDROLANDIA";"Animais na Pista";"Atropelamento de Animal";"Com Vítimas Feridas";"Plena Noite";"Crescente";"Céu Claro";"Simples";"Reta";"Não";2;0;2;0;0;0;2;1;-21,00164432;-55,14813806;"SPRF-MS";"DEL01-MS";"UOP04-DEL01-MS"
659727;2025-02-07;"sexta-feira";"02:40:00";"RJ";393;285;"VOLTA REDONDA";"Ingestão de álcool pelo condutor";"Saída de leito carroçável";"Com Vítimas Feridas";"Plena Noite";"Decrescente";"Céu Claro";"Simples";"Reta";"Sim";1;0;0;1;0;0;1;1;-22,50571802;-44,07431602;"SPRF-RJ";"DEL05-RJ";"UOP04-DEL05-RJ"
659728;2025-02-07;"sexta-feira";"03:00:00";"PE";424;10;"PEDRA";"Ultrapassagem Indevida";"Colisão frontal";"Com Vítimas Fatais";"Plena Noite";"Crescente";"Céu Claro";"Simples";"Aclive;Reta";"Não";6;2;0;3;0;1;3;3;-8,49698318;-37,010177;"SPRF-PE";"DEL04-PE";"UOP02-DEL04-PE"
659729;2025-02-07;"sexta-feira";"03:08:00";"MG";354;709;"CAXAMBU";"Condutor Dormindo";"Colisão com objeto";"Com Vítimas Feridas";"Plena Noite";"Decrescente";"Céu Claro";"Simples";"Reta";"Não";1;0;1;0;0;0;1;1;-22,02469499;-44,9270357;"SPRF-MG";"DEL17-MG";"UOP01-DEL17-MG"
659732;2025-02-07;"sexta-feira";"03:00:00";"SC";470;18,7;"ILHOTA";"Transitar na contramão";"Colisão frontal";"Com Vítimas Fatais";"Plena Noite";"Decrescente";"Céu Claro";"Dupla";"Reta";"Não";3;1;2;0;0;0;2;2;-26,8598395;-48,8126131;"SPRF-SC";"DEL04-SC";"UOP04-DEL04-SC"
659734;2025-02-07;"sexta-feira";"04:30:00";"PR";277;634;"CEU AZUL";"Ultrapassagem Indevida";"Colisão lateral sentido oposto";"Com Vítimas Feridas";"Plena Noite";"Crescente";"Céu Claro";"Simples";"Reta";"Sim";3;0;1;0;2;0;1;3;-25,13216493;-53,8249287;"SPRF-PR";"DEL05-PR";"UOP02-DEL05-PR"
659736;2025-02-07;"sexta-feira";"04:20:00";"SC";280;71;"JARAGUA DO SUL";"Acessar a via sem observar a presença dos outros veículos";"Colisão transversal";"Com Vítimas Feridas";"Plena Noite";"Decrescente";"Céu Claro";"Simples";"Curva";"Não";3;0;0;1;2;0;1;2;-26,46151693;-49,13480597;"SPRF-SC";"DEL03-SC";"UOP03-DEL03-SC"
659738;2025-02-07;"sexta-feira";"06:00:00";"DF";20;17;"BRASILIA";"Ingestão de álcool pelo condutor";"Colisão lateral mesmo sentido";"Sem Vítimas";"Amanhecer";"Decrescente";"Céu Claro";"Dupla";"Reta;Aclive";"Sim";3;0;0;0;3;0;0;2;-15,621374;-47,71698;"SPRF-DF";"DEL02-DF";"UOP01-DEL02-DF"
659739;2025-02-07;"sexta-feira";"05:45:00";"SC";101;148;"ITAPEMA";"Ingestão de álcool pelo condutor";"Colisão traseira";"Sem Vítimas";"Amanhecer";"Decrescente";"Nublado";"Múltipla";"Reta";"Sim";2;0;0;0;1;1;0;2;-27,10123686;-48,61807962;"SPRF-SC";"DEL04-SC";"UOP03-DEL04-SC"
659740;2025-02-07;"sexta-feira";"05:15:00";"PR";277;608,1;"SANTA TEREZA DO OESTE";"Transitar na contramão";"Colisão frontal";"Com Vítimas Fatais";"Pleno dia";"Decrescente";"Céu Claro";"Simples";"Reta";"Sim";5;1;2;2;0;0;4;2;-25,04299405;-53,60478197;"SPRF-PR";"DEL05-PR";"UOP02-DEL05-PR"
659742;2025-02-07;"sexta-feira";"05:10:00";"SP";116;137;"CACAPAVA";"Demais falhas mecânicas ou elétricas";"Incêndio";"Sem Vítimas";"Pleno dia";"Decrescente";"Céu Claro";"Dupla";"Reta";"Não";3;0;0;0;3;0;0;1;-23,15300766;-45,78709317;"SPRF-SP";"DEL02-SP";"UOP01-DEL02-SP"
659743;2025-02-07;"sexta-feira";"04:30:00";"PR";153;339;"IRATI";"Acesso irregular";"Colisão lateral sentido oposto";"Com Vítimas Feridas";"Amanhecer";"Crescente";"Céu Claro";"Simples";"Interseção de Vias";"Sim";3;0;1;0;2;0;1;2;-25,52383787;-50,65389862;"SPRF-PR";"DEL08-PR";"UOP02-DEL08-PR"