"id";"data_inversa";"dia_semana";"horario";"uf";"br";"km";"municipio";"causa_acidente";"tipo_acidente";"classificacao_acidente";"fase_dia";"sentido_via";"condicao_metereologica";"tipo_pista";"tracado_via";"uso_solo";"pessoas";"mortos";"feridos_leves";"feridos_graves";"ilesos";"ignorados";"feridos";"veiculos";"latitude";"longitude";"regional";"delegacia";"uop"
659744;2025-02-06;"quinta-feira";"22:00:00";"MG";262;456;"NOVA SERRANA";"Reação tardia ou ineficiente do condutor";"Saída de leito carroçável";"Sem Vítimas";"Plena Noite";"Crescente";"Céu Claro";"Simples";"Reta";"Não";1;0;0;0;1;0;0;1;-19,84401343;-45,04068778;"SPRF-MG";"DEL08-MG";"UOP03-DEL08-MG"
659745;2025-02-07;"sexta-feira";"02:52:00";"RO";429;18,3;"PRESIDENTE MEDICI";"Ausência de reação do condutor";"Capotamento";"Com Vítimas Feridas";"Plena Noite";"Crescente";"Céu Claro";"Simples";"Reta";"Não";1;0;1;0;0;0;1;1;-11,00269714;-61,91721255;"SPRF-RO";"DEL02-RO";"UOP03-DEL02-RO"
659746;2025-02-07;"sexta-feira";"04:45:00";"RS";290;674;"URUGUAIANA";"Animais na Pista";"Atropelamento de Animal";"Sem Vítimas";"Plena Noite";"Decrescente";"Céu Claro";"Simples";"Reta";"Não";3;0;0;0;3;0;0;1;-29,926233;-56,637955;"SPRF-RS";"DEL13-RS";"UOP01-DEL13-RS"
659747;2025-02-07;"sexta-feira";"05:30:00";"BA";116;471,5;"SANTO ESTEVAO";"Animais na Pista";"Atropelamento de Animal";"Com Vítimas Feridas";"Amanhecer";"Crescente";"Nublado";"Dupla";"Reta";"Não";3;0;2;0;1;0;2;1;-12,48924;-39,32894;"SPRF-BA";"DEL02-BA";"UOP01-DEL02-BA"
659750;2025-02-07;"sexta-feira";"04:50:00";"SC";280;199,8;"MAFRA";"Condutor Dormindo";"Colisão com objeto";"Com Vítimas Feridas";"Plena Noite";"Decrescente";"Ignorado";"Simples";"Reta";"Não";3;0;1;0;2;0;1;1;-26,17454276;-50,07167101;"SPRF-SC";"DEL06-SC";"UOP01-DEL06-SC"
659755;2025-02-07;"sexta-feira";"07:30:00";"PR";277;3,5;"PARANAGUA";"Acessar a via sem observar a presença dos outros veículos";"Colisão transversal";"Com Vítimas Feridas";"Pleno dia";"Crescente";"Céu Claro";"Simples";"Rotatória;Reta";"Não";2;0;2;0;0;0;2;2;-25,546317;-48,560175;"SPRF-PR";"DEL01-PR";"UOP05-DEL01-PR"
659757;2025-02-07;"sexta-feira";"06:40:00";"PR";277;306;"PRUDENTOPOLIS";"Demais falhas mecânicas ou elétricas";"Incêndio";"Sem Vítimas";"Pleno dia";"Crescente";"Céu Claro";"Simples";"Curva";"Não";2;0;0;0;2;0;0;1;-25,32414713;-51,19551659;"SPRF-PR";"DEL08-PR";"UOP01-DEL08-PR"
659758;2025-02-07;"sexta-feira";"07:10:00";"SE";235;4,2;"NOSSA SENHORA DO SOCORRO";"Condutor deixou de manter distância do veículo da frente";"Colisão traseira";"Com Vítimas Feridas";"Pleno dia";"Decrescente";"Chuva";"Dupla";"Declive;Reta";"Não";2;0;1;0;0;1;1;2;-10,9064;-37,1197;"SPRF-SE";"DEL01-SE";"UOP01-DEL01-SE"
659759;2025-02-07;"sexta-feira";"07:15:00";"MG";116;277;"TEOFILO OTONI";"Acessar a via sem observar a presença dos outros veículos";"Atropelamento de Pedestre";"Com Vítimas Feridas";"Pleno dia";"Crescente";"Céu Claro";"Dupla";"Reta";"Sim";3;0;0;1;2;0;1;2;-17,859945;-41,515144;"SPRF-MG";"DEL11-MG";"UOP01-DEL11-MG"
659761;2025-02-07;"sexta-feira";"02:25:00";"RO";364;423;"JARU";"Velocidade Incompatível";"Tombamento";"Com Vítimas Feridas";"Plena Noite";"Crescente";"Céu Claro";"Simples";"Reta;Em Obras;Ponte";"Sim";2;0;2;0;0;0;2;1;-10,45220802;-62,46072003;"SPRF-RO";"DEL03-RO";"UOP02-DEL03-RO"
659763;2025-02-07;"sexta-feira";"08:00:00";"SE";101;93;"NOSSA SENHORA DO SOCORRO";"Transitar no Acostamento";"Colisão lateral mesmo sentido";"Com Vítimas Feridas";"Pleno dia";"Crescente";"Nublado";"Dupla";"Reta";"Não";3;0;1;0;1;1;1;3;-10,90212319;-37,14494787;"SPRF-SE";"DEL01-SE";"UOP01-DEL01-SE"
659764;2025-02-07;"sexta-feira";"08:15:00";"RS";116;230;"DOIS IRMAOS";"Ingestão de álcool pelo condutor";"Colisão transversal";"Sem Vítimas";"Pleno dia";"Crescente";"Nublado";"Simples";"Reta;Aclive";"Sim";2;0;0;0;2;0;0;2;-29,62222179;-51,13039371;"SPRF-RS";"DEL01-RS";"UOP02-DEL01-RS"
659765;2025-01-03;"sexta-feira";"19:40:00";"ES";101;289,6;"CARIACICA";"Manobra de mudança de faixa";"Colisão lateral mesmo sentido";"Com Vítimas Feridas";"Plena Noite";"Decrescente";"Nublado";"Dupla";"Aclive";"Sim";2;0;1;0;1;0;1;2;-20,28029304;-40,39302931;"SPRF-ES";"DEL01-ES";"UOP01-DEL01-ES"
659767;2025-02-07;"sexta-feira";"07:25:00";"MS";163;481;"CAMPO GRANDE";"Condutor deixou de manter distância do veículo da frente";"Colisão traseira";"Com Vítimas Feridas";"Pleno dia";"Crescente";"Céu Claro";"Simples";"Reta";"Sim";2;0;1;0;1;0;1;2;-20,469381;-54,55955;"SPRF-MS";"DEL01-MS";"UOP01-DEL01-MS"
659768;2025-02-07;"sexta-feira";"08:30:00";"SC";101;5,3;"ARARANGUA";"Demais falhas mecânicas ou elétricas";"Tombamento";"Com Vítimas Feridas";"Pleno dia";"Decrescente";"Sol";"Simples";"Reta";"Sim";2;0;1;1;0;0;2;1;-28,96090259;-49,51684535;"SPRF-SC";"DEL02-SC";"UOP02-DEL02-SC"
659770;2025-02-07;"sexta-feira";"08:18:00";"PR";277;76;"SAO JOSE DOS PINHAIS";"Manobra de mudança de faixa";"Colisão lateral mesmo sentido";"Com Vítimas Feridas";"Pleno dia";"Crescente";"Céu Claro";"Dupla";"Reta";"Sim";2;0;1;0;1;0;1;2;-25,51327981;-49,12433291;"SPRF-PR";"DEL01-PR";"UOP07-DEL01-PR"
659771;2025-02-06;"quinta-feira";"20:30:00";"SC";101;370,1;"ICARA";"Ingestão de álcool pelo condutor";"Saída de leito carroçável";"Sem Vítimas";"Pleno dia";"Crescente";"Nublado";"Dupla";"Reta";"Não";1;0;0;0;1;0;0;1;-28,69956788;-49,19239904;"SPRF-SC";"DEL02-SC";"UOP01-DEL02-SC"
659772;2025-02-07;"sexta-feira";"08:16:00";"SC";101;373,1;"ICARA";"Condutor Dormindo";"Saída de leito carroçável";"Com Vítimas Feridas";"Pleno dia";"Decrescente";"Céu Claro";"Dupla";"Curva";"Não";5;0;1;0;4;0;1;1;-28,7132671;-49,21763596;"SPRF-SC";"DEL02-SC";"UOP01-DEL02-SC"
659773;2025-02-07;"sexta-feira";"08:15:00";"MG";40;518;"RIBEIRAO DAS NEVES";"Trafegar com motocicleta (ou similar) entre as faixas";"Colisão traseira";"Com Vítimas Feridas";"Pleno dia";"Crescente";"Céu Claro";"Dupla";"Reta";"Sim";2;0;0;1;1;0;1;2;-19,8321242;-44,08208533;"SPRF-MG";"DEL01-MG";"UOP02-DEL01-MG"
659777;2025-02-07;"sexta-feira";"09:35:00";"SP";116;228;"SAO PAULO";"Ausência de reação do condutor";"Colisão lateral mesmo sentido";"Com Vítimas Feridas";"Pleno dia";"Crescente";"Sol";"Múltipla";"Reta";"Sim";2;0;1;0;1;0;1;2;-23,50343484;-46,56638712;"SPRF-SP";"DEL01-SP";"UOP01-DEL01-SP"
659778;2025-02-07;"sexta-feira";"08:58:00";"PR";116;14,8;"COLOMBO";"Avarias e/ou desgaste excessivo no pneu";"Tombamento";"Com Vítimas Feridas";"Pleno dia";"Decrescente";"Céu Claro";"Dupla";"Reta;Declive";"Sim";2;0;1;0;1;0;1;1;-25,3818;-49,1643;"SPRF-PR";"DEL01-PR";"UOP02-DEL01-PR"
659779;2025-02-07;"sexta-feira";"07:00:00";"ES";101;368,5;"ANCHIETA";"Pista Escorregadia";"Tombamento";"Com Vítimas Feridas";"Pleno dia";"Decrescente";"Céu Claro";"Simples";"Curva;Aclive";"Não";1;0;0;1;0;0;1;1;-20,74480799;-40,7602114;"SPRF-ES";"DEL03-ES";"UOP01-DEL03-ES"
659780;2025-02-07;"sexta-feira";"08:30:00";"SE";101;114,8;"ITAPORANGA DAJUDA";"Velocidade Incompatível";"Colisão com objeto";"Sem Vítimas";"Pleno dia";"Decrescente";"Chuva";"Dupla";"Curva;Declive";"Não";1;0;0;0;1;0;0;1;-10,997623;-37,302944;"SPRF-SE";"DEL02-SE";"UOP01-DEL02-SE"
659785;2025-01-22;"quarta-feira";"17:55:00";"RJ";40;113;"DUQUE DE CAXIAS";"Trafegar com motocicleta (ou similar) entre as faixas";"Colisão lateral mesmo sentido";"Com Vítimas Feridas";"Anoitecer";"Decrescente";"Céu Claro";"Dupla";"Reta";"Não";2;0;1;0;0;1;1;2;-22,70948502;-43,29040354;"SPRF-RJ";"DEL01-RJ";"UOP02-DEL01-RJ"
659788;2025-02-06;"quinta-feira";"14:20:00";"BA";110;218;"NOVA SOURE";"Ingestão de álcool pelo condutor";"Colisão transversal";"Com Vítimas Feridas";"Pleno dia";"Decrescente";"Céu Claro";"Simples";"Reta";"Sim";2;0;0;1;1;0;1;2;-11,23767425;-38,48167419;"SPRF-BA";"DEL07-BA";"UOP02-DEL07-BA"
659790;2025-02-07;"sexta-feira";"11:35:00";"RN";101;100,8;"PARNAMIRIM";"Reação tardia ou ineficiente do condutor";"Colisão com objeto";"Sem Vítimas";"Pleno dia";"Crescente";"Sol";"Múltipla";"Reta";"Sim";3;0;0;0;3;0;0;2;-5,88106901;-35,22542396;"SPRF-RN";"DEL01-RN";"UOP01-DEL01-RN"
659791;2025-02-07;"sexta-feira";"09:40:00";"RJ";116;301;"PORTO REAL";"Manobra de mudança de faixa";"Colisão lateral mesmo sentido";"Com Vítimas Feridas";"Pleno dia";"Decrescente";"Céu Claro";"Dupla";"Aclive";"Não";3;0;1;1;1;0;2;2;-22,4529399;-44,36236901;"SPRF-RJ";"DEL07-RJ";"UOP02-DEL07-RJ"
659794;2025-01-28;"terça-feira";"11:17:00";"MT";364;253,3;"JUSCIMEIRA";"Ausência de reação do condutor";"Saída de leito carroçável";"Com Vítimas Feridas";"Pleno dia";"Decrescente";"Céu Claro";"Dupla";"Declive";"Não";1;0;1;0;0;0;1;1;-16,09747205;-54,86610212;"SPRF-MT";"DEL02-MT";"UOP01-DEL02-MT"
659797;2025-02-07;"sexta-feira";"10:15:00";"RJ";116;184;"NOVA IGUACU";"Condutor deixou de manter distância do veículo da frente";"Tombamento";"Com Vítimas Feridas";"Pleno dia";"Decrescente";"Céu Claro";"Dupla";"Reta";"Sim";1;0;1;0;0;0;1;1;-22,74647215;-43,44594311;"SPRF-RJ";"DEL06-RJ";"UOP01-DEL06-RJ"
659799;2025-02-07;"sexta-feira";"07:40:00";"SC";280;98;"CORUPA";"Transitar na contramão";"Colisão frontal";"Com Vítimas Fatais";"Pleno dia";"Crescente";"Céu Claro";"Simples";"Reta";"Não";3;1;1;0;1;0;1;2;-26,3765009;-49,3253421;"SPRF-SC";"DEL06-SC";"UOP03-DEL06-SC"
659800;2025-02-06;"quinta-feira";"13:10:00";"PR";277;6;"PARANAGUA";"Entrada inopinada do pedestre";"Atropelamento de Pedestre";"Com Vítimas Feridas";"Pleno dia";"Crescente";"Nublado";"Dupla";"Reta";"Sim";2;0;0;1;1;0;1;2;-25,52092;-48,52529;"SPRF-PR";"DEL01-PR";"UOP05-DEL01-PR"
659801;2025-02-07;"sexta-feira";"11:00:00";"SC";101;163;"TIJUCAS";"Reação tardia ou ineficiente do condutor";"Colisão traseira";"Com Vítimas Feridas";"Pleno dia";"Decrescente";"Nublado";"Múltipla";"Reta";"Sim";2;0;1;0;1;0;1;2;-27,23461699;-48,63039809;"SPRF-SC";"DEL04-SC";"UOP03-DEL04-SC"
659802;2025-02-07;"sexta-feira";"11:25:00";"RN";101;75,6;"SAO GONCALO DO AMARANTE";"Ausência de reação do condutor";"Colisão traseira";"Com Vítimas Feridas";"Pleno dia";"Crescente";"Sol";"Dupla";"Reta";"Sim";2;0;1;0;1;0;1;2;-5,724;-35,280682;"SPRF-RN";"DEL02-RN";"UOP01-DEL02-RN"
659803;2025-02-07;"sexta-feira";"06:50:00";"SP";381;89;"GUARULHOS";"Ausência de reação do condutor";"Colisão lateral mesmo sentido";"Com Vítimas Feridas";"Pleno dia";"Crescente";"Sol";"Múltipla";"Reta";"Sim";2;0;1;0;1;0;1;2;-23,48469299;-46,55983288;"SPRF-SP";"DEL03-SP";"UOP01-DEL03-SP"
659804;2025-02-07;"sexta-feira";"11:40:00";"ES";259;50;"COLATINA";"Reação tardia ou ineficiente do condutor";"Colisão frontal";"Com Vítimas Feridas";"Pleno dia";"Crescente";"Céu Claro";"Simples";"Reta";"Sim";3;0;2;1;0;0;3;2;-19,510103;-40,60615;"SPRF-ES";"DEL02-ES";"UOP01-DEL02-ES"
659805;2025-02-07;"sexta-feira";"12:20:00";"MG";381;511,9;"IGARAPE";"Desrespeitar a preferência no cruzamento";"Colisão transversal";"Com Vítimas Feridas";"Pleno dia";"Decrescente";"Céu Claro";"Simples";"Interseção de Vias";"Sim";2;0;1;0;1;0;1;2;-20,0678577;-44,2966926;"SPRF-MG";"DEL01-MG";"UOP03-DEL01-MG"
659808;2025-01-18;"sábado";"13:45:00";"SC";282;560,3;"NOVA ITABERABA";"Reação tardia ou ineficiente do condutor";"Colisão com objeto";"Com Vítimas Feridas";"Pleno dia";"Decrescente";"Ignorado";"Simples";"Curva;Aclive";"Não";1;0;1;0;0;0;1;1;-26,927135;-52,856205;"SPRF-SC";"DEL07-SC";"UOP01-DEL07-SC"
659809;2025-02-07;"sexta-feira";"12:15:00";"RJ";101;521;"ANGRA DOS REIS";"Reação tardia ou ineficiente do condutor";"Colisão traseira";"Com Vítimas Feridas";"Pleno dia";"Decrescente";"Céu Claro";"Simples";"Rotatória;Reta";"Não";2;0;1;0;1;0;1;2;-23,00313345;-44,4598209;"SPRF-RJ";"DEL03-RJ";"UOP03-DEL03-RJ"
659822;2025-02-07;"sexta-feira";"11:00:00";"RJ";101;317;"SAO GONCALO";"Condutor deixou de manter distância do veículo da frente";"Colisão traseira";"Com Vítimas Feridas";"Pleno dia";"Crescente";"Céu Claro";"Dupla";"Reta";"Não";3;0;1;0;2;0;1;2;-22,83707798;-43,09492006;"SPRF-RJ";"DEL02-RJ";"UOP02-DEL02-RJ"
659823;2025-02-07;"sexta-feira";"12:54:00";"PR";116;90;"PIRAQUARA";"Manobra de mudança de faixa";"Colisão lateral mesmo sentido";"Com Vítimas Feridas";"Pleno dia";"Crescente";"Nublado";"Simples";"Reta";"Não";3;0;2;0;1;0;2;2;-25,49705906;-49,11752712;"SPRF-PR";"DEL01-PR";"UOP07-DEL01-PR"
659825;2025-02-07;"sexta-feira";"08:50:00";"PE";101;157,4;"GAMELEIRA";"Ausência de reação do condutor";"Saída de leito carroçável";"Com Vítimas Feridas";"Pleno dia";"Crescente";"Chuva";"Dupla";"Curva";"Não";1;0;1;0;0;0;1;1;-8,55352976;-35,3964161;"SPRF-PE";"DEL01-PE";"UOP03-DEL01-PE"
659827;2025-01-13;"segunda-feira";"16:40:00";"MG";381;3;"BETIM";"Entrada inopinada do pedestre";"Atropelamento de Pedestre";"Com Vítimas Feridas";"Pleno dia";"Crescente";"Garoa/Chuvisco";"Simples";"Reta";"Sim";2;0;0;1;1;0;1;2;-19,96825;-44,198708;"SPRF-MG";"DEL01-MG";"UOP03-DEL01-MG"
659828;2025-02-07;"sexta-feira";"09:20:00";"MG";40;449;"CAETANOPOLIS";"Pista esburacada";"Colisão traseira";"Com Vítimas Feridas";"Pleno dia";"Decrescente";"Céu Claro";"Dupla";"Reta";"Não";5;0;3;0;2;0;3;3;-19,30931885;-44,37278577;"SPRF-MG";"DEL02-MG";"UOP01-DEL02-MG"
659829;2025-02-07;"sexta-feira";"09:50:00";"AL";316;262;"SATUBA";"Desrespeitar a preferência no cruzamento";"Colisão transversal";"Com Vítimas Feridas";"Pleno dia";"Crescente";"Céu Claro";"Simples";"Interseção de Vias";"Não";2;0;0;1;1;0;1;2;-9,5877592;-35,87975979;"SPRF-AL";"DEL02-AL";"UOP01-DEL02-AL"
659831;2025-02-07;"sexta-feira";"13:30:00";"BA";242;815;"BARREIRAS";"Reação tardia ou ineficiente do condutor";"Colisão com objeto";"Com Vítimas Feridas";"Pleno dia";"Crescente";"Céu Claro";"Simples";"Reta";"Não";1;0;1;0;0;0;1;1;-12,14882598;-44,999386;"SPRF-BA";"DEL10-BA";"UOP01-DEL10-BA"
659832;2025-02-07;"sexta-feira";"14:15:00";"ES";101;359,3;"ANCHIETA";"Acesso irregular";"Colisão transversal";"Com Vítimas Feridas";"Pleno dia";"Crescente";"Nublado";"Simples";"Reta;Aclive";"Não";4;0;1;0;3;0;1;2;-20,69768274;-40,71161014;"SPRF-ES";"DEL03-ES";"UOP01-DEL03-ES"
659833;2025-02-07;"sexta-feira";"14:30:00";"MG";50;98;"UBERLANDIA";"Demais falhas mecânicas ou elétricas";"Incêndio";"Sem Vítimas";"Pleno dia";"Crescente";"Céu Claro";"Dupla";"Reta";"Não";1;0;0;0;1;0;0;1;-19,11861301;-48,17588405;"SPRF-MG";"DEL15-MG";"UOP01-DEL15-MG"
659834;2025-02-07;"sexta-feira";"14:20:00";"DF";20;10,3;"BRASILIA";"Ausência de reação do condutor";"Colisão lateral mesmo sentido";"Com Vítimas Feridas";"Pleno dia";"Decrescente";"Céu Claro";"Dupla";"Reta";"Não";4;0;2;0;2;0;2;2;-15,650243;-47,773872;"SPRF-DF";"DEL02-DF";"UOP01-DEL02-DF"
659835;2025-01-29;"quarta-feira";"17:00:00";"GO";20;146,9;"ALVORADA DO NORTE";"Acessar a via sem observar a presença dos outros veículos";"Colisão transversal";"Com Vítimas Feridas";"Pleno dia";"Crescente";"Nublado";"Simples";"Reta";"Não";2;0;0;1;1;0;1;2;-14,734658;-46,652908;"SPRF-DF";"DEL02-DF";"UOP03-DEL02-DF"
659836;2025-02-07;"sexta-feira";"14:40:00";"MG";381;491;"BETIM";"Demais falhas mecânicas ou elétricas";"Tombamento";"Com Vítimas Feridas";"Pleno dia";"Crescente";"Céu Claro";"Múltipla";"Reta";"Não";2;0;2;0;0;0;2;1;-19,97018187;-44,18210416;"SPRF-MG";"DEL01-MG";"UOP03-DEL01-MG"
659838;2025-02-07;"sexta-feira";"15:15:00";"PE";101;69;"RECIFE";"Ausência de reação do condutor";"Colisão traseira";"Com Vítimas Feridas";"Pleno dia";"Crescente";"Céu Claro";"Dupla";"Reta";"Sim";3;0;2;0;1;0;2;2;-8,05951606;-34,94581024;"SPRF-PE";"DEL01-PE";"UOP01-DEL01-PE"
659839;2025-02-07;"sexta-feira";"15:00:00";"ES";101;67,5;"SAO MATEUS";"Acessar a via sem observar a presença dos outros veículos";"Colisão lateral mesmo sentido";"Com Vítimas Feridas";"Pleno dia";"Decrescente";"Céu Claro";"Dupla";"Interseção de Vias";"Sim";2;0;1;0;1;0;1;2;-18,72054021;-39,8658931;"SPRF-ES";"DEL04-ES";"UOP02-DEL04-ES"
659841;2025-02-07;"sexta-feira";"14:30:00";"RN";101;109;"PARNAMIRIM";"Acessar a via sem observar a presença dos outros veículos";"Colisão transversal";"Com Vítimas Feridas";"Pleno dia";"Decrescente";"Céu Claro";"Dupla";"Retorno Regulamentado";"Sim";2;0;1;0;1;0;1;2;-5,937378;-35,26483;"SPRF-RN";"DEL01-RN";"UOP01-DEL01-RN"
659843;2025-02-07;"sexta-feira";"10:40:00";"MT";70;734;"CACERES";"Acessar a via sem observar a presença dos outros veículos";"Colisão frontal";"Com Vítimas Feridas";"Pleno dia";"Crescente";"Céu Claro";"Simples";"Reta";"Sim";2;0;0;1;1;0;1;2;-16,08674332;-57,69618273;"SPRF-MT";"DEL03-MT";"UOP01-DEL03-MT"
659845;2025-02-07;"sexta-feira";"15:10:00";"SC";101;288;"IMBITUBA";"Condutor deixou de manter distância do veículo da frente";"Colisão traseira";"Com Vítimas Feridas";"Pleno dia";"Decrescente";"Céu Claro";"Dupla";"Reta";"Sim";4;0;1;0;2;1;1;3;-28,24598003;-48,70010284;"SPRF-SC";"DEL02-SC";"UOP03-DEL02-SC"
659847;2025-02-07;"sexta-feira";"14:45:00";"BA";324;620;"SALVADOR";"Condutor deixou de manter distância do veículo da frente";"Colisão traseira";"Com Vítimas Feridas";"Pleno dia";"Crescente";"Sol";"Dupla";"Reta";"Não";6;0;1;0;5;0;1;2;-12,90482172;-38,45556535;"SPRF-BA";"DEL01-BA";"UOP01-DEL01-BA"
659848;2025-02-07;"sexta-feira";"11:20:00";"RJ";40;96;"DUQUE DE CAXIAS";"Acumulo de óleo sobre o pavimento";"Queda de ocupante de veículo";"Com Vítimas Feridas";"Pleno dia";"Decrescente";"Céu Claro";"Dupla";"Aclive;Curva";"Não";2;0;1;0;1;0;1;1;-22,56876595;-43,27693723;"SPRF-RJ";"DEL01-RJ";"UOP01-DEL01-RJ"
659849;2025-02-07;"sexta-feira";"16:30:00";"ES";101;266;"SERRA";"Reação tardia ou ineficiente do condutor";"Tombamento";"Com Vítimas Feridas";"Pleno dia";"Decrescente";"Céu Claro";"Dupla";"Reta";"Sim";2;0;1;0;0;1;1;2;-20,190199;-40,26828891;"SPRF-ES";"DEL02-ES";"UOP01-DEL02-ES"
659850;2025-02-07;"sexta-feira";"15:40:00";"SC";101;211,8;"PALHOCA";"Reação tardia ou ineficiente do condutor";"Colisão lateral mesmo sentido";"Com Vítimas Feridas";"Pleno dia";"Decrescente";"Céu Claro";"Dupla";"Reta";"Sim";3;0;1;0;2;0;1;3;-27,62329313;-48,65245588;"SPRF-SC";"DEL01-SC";"UOP02-DEL01-SC"
659851;2025-02-07;"sexta-feira";"13:30:00";"MG";354;753,9;"ITAMONTE";"Acessar a via sem observar a presença dos outros veículos";"Colisão transversal";"Com Vítimas Feridas";"Pleno dia";"Decrescente";"Chuva";"Simples";"Reta";"Sim";2;0;0;1;1;0;1;2;-22,30074263;-44,86208652;"SPRF-MG";"DEL17-MG";"UOP01-DEL17-MG"
659852;2025-02-07;"sexta-feira";"16:11:00";"PE";232;4,5;"RECIFE";"Ausência de reação do condutor";"Colisão traseira";"Com Vítimas Feridas";"Pleno dia";"Crescente";"Céu Claro";"Dupla";"Viaduto";"Sim";2;0;0;1;0;1;1;2;-8,067039;-34,943171;"SPRF-PE";"DEL01-PE";"UOP01-DEL01-PE"
659853;2025-02-07;"sexta-feira";"11:00:00";"SC";101;135;"BALNEARIO CAMBORIU";"Transitar na contramão";"Colisão transversal";"Com Vítimas Feridas";"Pleno dia";"Crescente";"Céu Claro";"Dupla";"Curva";"Não";2;0;1;0;1;0;1;2;-27,0050108;-48,62677494;"SPRF-SC";"DEL04-SC";"UOP03-DEL04-SC"
659854;2025-02-07;"sexta-feira";"16:00:00";"CE";116;14;"FORTALEZA";"Condutor deixou de manter distância do veículo da frente";"Colisão traseira";"Com Vítimas Feridas";"Pleno dia";"Decrescente";"Céu Claro";"Múltipla";"Declive;Interseção de Vias";"Sim";2;0;1;0;1;0;1;2;-3,86973356;-38,49827361;"SPRF-CE";"DEL01-CE";"UOP02-DEL01-CE"
659856;2025-02-07;"sexta-feira";"14:40:00";"MG";381;935,5;"EXTREMA";"Pista Escorregadia";"Colisão com objeto";"Com Vítimas Feridas";"Pleno dia";"Crescente";"Chuva";"Simples";"Curva;Declive";"Não";3;0;2;0;1;0;2;1;-22,8056671;-46,27533674;"SPRF-MG";"DEL16-MG";"UOP03-DEL16-MG"
659858;2025-02-07;"sexta-feira";"13:30:00";"RJ";101;326;"RIO DE JANEIRO";"Manobra de mudança de faixa";"Colisão lateral mesmo sentido";"Com Vítimas Feridas";"Pleno dia";"Crescente";"Céu Claro";"Dupla";"Reta;Ponte;Aclive";"Não";2;0;1;0;0;1;1;2;-22,87206203;-43,146105;"SPRF-RJ";"DEL02-RJ";"UOP01-DEL02-RJ"
659859;2025-02-07;"sexta-feira";"13:45:00";"PR";373;235;"GUAMIRANGA";"Reação tardia ou ineficiente do condutor";"Saída de leito carroçável";"Sem Vítimas";"Pleno dia";"Decrescente";"Céu Claro";"Simples";"Reta";"Não";1;0;0;0;1;0;0;1;-25,18041451;-50,71545996;"SPRF-PR";"DEL03-PR";"UOP01-DEL03-PR"
659860;2025-01-31;"sexta-feira";"18:09:00";"RO";0;0;"CACOAL";"Redutor de velocidade em desacordo";"Colisão com objeto";"Com Vítimas Feridas";"Anoitecer";"Não Informado";"Nublado";"Simples";"Reta";"Sim";3;0;1;0;2;0;1;2;-11,501514;-61,366487;"SPRF-RO";"DEL02-RO";"UOP02-DEL02-RO"
659861;2025-02-07;"sexta-feira";"16:04:00";"PR";369;160,2;"CAMBE";"Condutor deixou de manter distância do veículo da frente";"Engavetamento";"Sem Vítimas";"Pleno dia";"Crescente";"Céu Claro";"Dupla";"Reta";"Sim";3;0;0;0;3;0;0;3;-23,28605836;-51,25964646;"SPRF-PR";"DEL07-PR";"UOP01-DEL07-PR"
659863;2025-02-07;"sexta-feira";"14:58:00";"BA";101;354;"WENCESLAU GUIMARAES";"Condutor deixou de manter distância do veículo da frente";"Colisão traseira";"Com Vítimas Feridas";"Pleno dia";"Crescente";"Céu Claro";"Simples";"Reta;Aclive";"Não";3;0;1;0;2;0;1;2;-13,67567814;-39,47731018;"SPRF-BA";"DEL05-BA";"UOP03-DEL05-BA"
659864;2025-02-07;"sexta-feira";"17:00:00";"PE";428;138,5;"LAGOA GRANDE";"Velocidade Incompatível";"Saída de leito carroçável";"Com Vítimas Feridas";"Pleno dia";"Crescente";"Nublado";"Simples";"Reta";"Não";2;0;1;0;1;0;1;1;-8,98338872;-40,25496316;"SPRF-PE";"DEL06-PE";"UOP03-DEL06-PE"
659865;2025-02-07;"sexta-feira";"15:20:00";"RJ";101;205;"CASIMIRO DE ABREU";"Acessar a via sem observar a presença dos outros veículos";"Colisão transversal";"Com Vítimas Feridas";"Pleno dia";"Decrescente";"Céu Claro";"Simples";"Retorno Regulamentado;Interseção de Vias";"Sim";2;0;1;0;1;0;1;2;-22,475714;-42,19184;"SPRF-RJ";"DEL08-RJ";"UOP04-DEL08-RJ"
659867;2025-02-07;"sexta-feira";"17:40:00";"RS";470;175;"VERANOPOLIS";"Acessar a via sem observar a presença dos outros veículos";"Colisão transversal";"Com Vítimas Feridas";"Pleno dia";"Crescente";"Céu Claro";"Simples";"Em Obras;Reta";"Sim";5;0;1;0;4;0;1;2;-28,91926201;-51,53914905;"SPRF-RS";"DEL06-RS";"UOP02-DEL06-RS"
659868;2025-02-07;"sexta-feira";"17:54:00";"SP";116;140;"SAO JOSE DOS CAMPOS";"Ausência de reação do condutor";"Colisão lateral mesmo sentido";"Com Vítimas Feridas";"Pleno dia";"Crescente";"Céu Claro";"Dupla";"Reta";"Sim";2;0;0;1;1;0;1;2;-23,16577714;-45,81246193;"SPRF-SP";"DEL02-SP";"UOP01-DEL02-SP"
659869;2025-02-07;"sexta-feira";"14:30:00";"BA";101;496,3;"ITABUNA";"Falta de elemento de contenção que evite a saída do leito carroçável";"Saída de leito carroçável";"Com Vítimas Feridas";"Pleno dia";"Crescente";"Sol";"Simples";"Aclive";"Não";3;0;3;0;0;0;3;1;-14,736058;-39,335552;"SPRF-BA";"DEL05-BA";"UOP01-DEL05-BA"
659870;2025-02-07;"sexta-feira";"16:30:00";"MA";222;502;"BURITICUPU";"Acessar a via sem observar a presença dos outros veículos";"Colisão transversal";"Com Vítimas Feridas";"Pleno dia";"Decrescente";"Céu Claro";"Simples";"Reta";"Não";3;0;2;0;1;0;2;2;-4,31278214;-46,26275333;"SPRF-MA";"DEL02-MA";"UOP01-DEL02-MA"