"id";"data_inversa";"dia_semana";"horario";"uf";"br";"km";"municipio";"causa_acidente";"tipo_acidente";"classificacao_acidente";"fase_dia";"sentido_via";"condicao_metereologica";"tipo_pista";"tracado_via";"uso_solo";"pessoas";"mortos";"feridos_leves";"feridos_graves";"ilesos";"ignorados";"feridos";"veiculos";"latitude";"longitude";"regional";"delegacia";"uop"
659871;2025-02-07;"sexta-feira";"17:40:00";"SP";153;116,5;"UBARANA";"Condutor deixou de manter distância do veículo da frente";"Colisão traseira";"Sem Vítimas";"Pleno dia";"Crescente";"Nublado";"Simples";"Reta";"Não";3;0;0;0;3;0;0;2;-21,1375408;-49,69894942;"SPRF-SP";"DEL09-SP";"UOP01-DEL09-SP"
659872;2025-02-07;"sexta-feira";"17:40:00";"PR";116;47;"CAMPINA GRANDE DO SUL";"Reação tardia ou ineficiente do condutor";"Atropelamento de Pedestre";"Com Vítimas Feridas";"Anoitecer";"Decrescente";"Chuva";"Dupla";"Curva";"Não";2;0;1;0;1;0;1;2;-25,210964;-48,897024;"SPRF-PR";"DEL01-PR";"UOP02-DEL01-PR"
659873;2025-02-07;"sexta-feira";"18:20:00";"PR";163;175;"LINDOESTE";"Acumulo de água sobre o pavimento";"Saída de leito carroçável";"Com Vítimas Feridas";"Anoitecer";"Crescente";"Chuva";"Dupla";"Curva;Declive";"Não";1;0;1;0;0;0;1;1;-25,21734703;-53,59537645;"SPRF-PR";"DEL05-PR";"UOP05-DEL05-PR"
659874;2025-02-07;"sexta-feira";"15:00:00";"PB";104;117;"LAGOA SECA";"Acessar a via sem observar a presença dos outros veículos";"Colisão transversal";"Com Vítimas Feridas";"Pleno dia";"Crescente";"Céu Claro";"Simples";"Reta";"Não";3;0;1;0;2;0;1;2;-7,19030697;-35,86736609;"SPRF-PB";"DEL02-PB";"UOP04-DEL02-PB"
659876;2025-02-07;"sexta-feira";"18:20:00";"SE";235;8,9;"NOSSA SENHORA DO SOCORRO";"Demais falhas na via";"Queda de ocupante de veículo";"Com Vítimas Feridas";"Plena Noite";"Decrescente";"Nublado";"Simples";"Em Obras;Reta";"Não";1;0;1;0;0;0;1;1;-10,883585;-37,13908;"SPRF-SE";"DEL01-SE";"UOP01-DEL01-SE"
659878;2025-02-07;"sexta-feira";"18:25:00";"SE";235;8,9;"NOSSA SENHORA DO SOCORRO";"Demais falhas na via";"Queda de ocupante de veículo";"Com Vítimas Feridas";"Plena Noite";"Crescente";"Nublado";"Simples";"Reta;Em Obras";"Sim";2;0;2;0;0;0;2;1;-10,886912;-37,132862;"SPRF-SE";"DEL01-SE";"UOP01-DEL01-SE"
659880;2025-02-07;"sexta-feira";"18:27:00";"CE";116;20;"ITAITINGA";"Entrada inopinada do pedestre";"Atropelamento de Pedestre";"Com Vítimas Feridas";"Plena Noite";"Crescente";"Céu Claro";"Dupla";"Reta";"Sim";2;0;2;0;0;0;2;2;-3,92277497;-38,50762327;"SPRF-CE";"DEL01-CE";"UOP02-DEL01-CE"
659881;2025-02-07;"sexta-feira";"18:20:00";"SC";470;54,1;"BLUMENAU";"Trafegar com motocicleta (ou similar) entre as faixas";"Colisão frontal";"Com Vítimas Feridas";"Anoitecer";"Crescente";"Nublado";"Simples";"Em Obras;Reta";"Sim";2;0;1;0;1;0;1;2;-26,87159757;-49,11194444;"SPRF-SC";"DEL04-SC";"UOP01-DEL04-SC"
659882;2025-02-07;"sexta-feira";"13:20:00";"RJ";465;20;"NOVA IGUACU";"Ausência de reação do condutor";"Queda de ocupante de veículo";"Com Vítimas Feridas";"Pleno dia";"Decrescente";"Céu Claro";"Simples";"Reta";"Sim";2;0;0;1;1;0;1;2;-22,846828;-43,605339;"SPRF-RJ";"DEL06-RJ";"UOP02-DEL06-RJ"
659884;2025-02-07;"sexta-feira";"16:10:00";"BA";101;190;"CONCEICAO DA FEIRA";"Demais falhas mecânicas ou elétricas";"Incêndio";"Sem Vítimas";"Pleno dia";"Decrescente";"Céu Claro";"Simples";"Reta";"Não";1;0;0;0;1;0;0;1;-12,59306904;-38,98826795;"SPRF-BA";"DEL01-BA";"UOP03-DEL01-BA"
659887;2025-02-07;"sexta-feira";"18:40:00";"RN";406;160;"CEARA-MIRIM";"Acessar a via sem observar a presença dos outros veículos";"Colisão transversal";"Com Vítimas Feridas";"Plena Noite";"Crescente";"Céu Claro";"Simples";"Reta";"Não";2;0;0;1;1;0;1;2;-5,71375666;-35,37210457;"SPRF-RN";"DEL02-RN";"UOP01-DEL02-RN"
659888;2025-02-07;"sexta-feira";"19:25:00";"SE";235;9,9;"NOSSA SENHORA DO SOCORRO";"Demais falhas na via";"Tombamento";"Com Vítimas Feridas";"Plena Noite";"Decrescente";"Nublado";"Simples";"Em Obras";"Não";1;0;0;1;0;0;1;1;-10,883585;-37,13908;"SPRF-SE";"DEL01-SE";"UOP01-DEL01-SE"
659890;2025-02-07;"sexta-feira";"18:25:00";"BA";101;925;"NOVA VICOSA";"Acessar a via sem observar a presença dos outros veículos";"Colisão transversal";"Com Vítimas Feridas";"Plena Noite";"Decrescente";"Céu Claro";"Simples";"Reta";"Não";2;0;0;1;1;0;1;2;-17,931938;-39,840515;"SPRF-BA";"DEL09-BA";"UOP02-DEL09-BA"
659891;2025-02-07;"sexta-feira";"19:20:00";"SP";116;209,3;"GUARULHOS";"Ausência de reação do condutor";"Capotamento";"Com Vítimas Feridas";"Plena Noite";"Decrescente";"Céu Claro";"Múltipla";"Reta";"Sim";1;0;1;0;0;0;1;1;-23,42511799;-46,40221101;"SPRF-SP";"DEL01-SP";"UOP01-DEL01-SP"
659892;2025-02-07;"sexta-feira";"18:40:00";"PR";163;220,9;"CASCAVEL";"Chuva";"Saída de leito carroçável";"Com Vítimas Feridas";"Plena Noite";"Decrescente";"Chuva";"Dupla";"Curva";"Não";2;0;0;2;0;0;2;1;-24,85406;-53,60029;"SPRF-PR";"DEL04-PR";"UOP01-DEL04-PR"
659893;2025-02-07;"sexta-feira";"14:30:00";"BA";101;44;"ESPLANADA";"Ausência de reação do condutor";"Saída de leito carroçável";"Com Vítimas Feridas";"Pleno dia";"Decrescente";"Céu Claro";"Simples";"Curva;Em Obras";"Não";1;0;1;0;0;0;1;1;-11,88149901;-38,009833;"SPRF-SE";"DEL02-SE";"UOP03-DEL02-SE"
659894;2025-02-07;"sexta-feira";"19:40:00";"CE";116;21,4;"AQUIRAZ";"Objeto estático sobre o leito carroçável";"Colisão com objeto";"Com Vítimas Feridas";"Plena Noite";"Crescente";"Céu Claro";"Dupla";"Reta";"Não";1;0;0;1;0;0;1;1;-3,93175901;-38,50825087;"SPRF-CE";"DEL01-CE";"UOP02-DEL01-CE"
659895;2025-02-07;"sexta-feira";"17:30:00";"BA";235;235;"UAUA";"Ausência de reação do condutor";"Tombamento";"Com Vítimas Fatais";"Anoitecer";"Crescente";"Céu Claro";"Simples";"Reta";"Não";1;1;0;0;0;0;0;1;-9,80920768;-39,53834683;"SPRF-BA";"DEL07-BA";"UOP03-DEL07-BA"
659897;2025-02-07;"sexta-feira";"19:50:00";"SE";235;9,9;"NOSSA SENHORA DO SOCORRO";"Demais falhas na via";"Tombamento";"Com Vítimas Feridas";"Plena Noite";"Crescente";"Nublado";"Simples";"Em Obras";"Não";2;0;2;0;0;0;2;1;-10,883585;-37,13908;"SPRF-SE";"DEL01-SE";"UOP01-DEL01-SE"
659898;2025-02-07;"sexta-feira";"19:40:00";"SP";116;208;"GUARULHOS";"Afundamento ou ondulação no pavimento";"Tombamento";"Com Vítimas Feridas";"Plena Noite";"Decrescente";"Céu Claro";"Múltipla";"Reta";"Sim";2;0;2;0;0;0;2;1;-23,42222263;-46,3932771;"SPRF-SP";"DEL01-SP";"UOP01-DEL01-SP"
659901;2025-02-07;"sexta-feira";"19:30:00";"PR";376;239,5;"APUCARANA";"Acesso irregular";"Colisão traseira";"Com Vítimas Feridas";"Plena Noite";"Crescente";"Céu Claro";"Dupla";"Reta";"Sim";2;0;1;0;1;0;1;2;-23,583444;-51,457033;"SPRF-PR";"DEL07-PR";"UOP03-DEL07-PR"
659902;2025-02-07;"sexta-feira";"19:30:00";"PE";101;51;"ABREU E LIMA";"Manobra de mudança de faixa";"Colisão lateral mesmo sentido";"Com Vítimas Feridas";"Plena Noite";"Crescente";"Céu Claro";"Dupla";"Curva";"Não";3;0;1;1;1;0;2;2;-7,9169968;-34,89689272;"SPRF-PE";"DEL01-PE";"UOP02-DEL01-PE"
659903;2025-02-07;"sexta-feira";"19:52:00";"GO";70;6,6;"AGUAS LINDAS DE GOIAS";"Pedestre cruzava a pista fora da faixa";"Atropelamento de Pedestre";"Com Vítimas Feridas";"Plena Noite";"Crescente";"Céu Claro";"Dupla";"Reta";"Sim";2;0;0;1;1;0;1;2;-15,75049381;-48,2612381;"SPRF-DF";"DEL03-DF";"UOP02-DEL03-DF"
659904;2025-02-07;"sexta-feira";"19:50:00";"RS";392;32,8;"RIO GRANDE";"Condutor deixou de manter distância do veículo da frente";"Colisão traseira";"Com Vítimas Feridas";"Plena Noite";"Decrescente";"Céu Claro";"Dupla";"Reta";"Sim";2;0;1;0;1;0;1;2;-32,03374882;-52,28672871;"SPRF-RS";"DEL07-RS";"UOP02-DEL07-RS"
659905;2025-02-07;"sexta-feira";"20:50:00";"RJ";101;433;"MANGARATIBA";"Animais na Pista";"Atropelamento de Animal";"Com Vítimas Feridas";"Plena Noite";"Crescente";"Céu Claro";"Simples";"Rotatória";"Sim";2;0;2;0;0;0;2;1;-22,93842518;-44,03644001;"SPRF-RJ";"DEL03-RJ";"UOP02-DEL03-RJ"
659906;2025-02-07;"sexta-feira";"20:10:00";"RJ";101;308;"SAO GONCALO";"Condutor deixou de manter distância do veículo da frente";"Colisão traseira";"Com Vítimas Feridas";"Plena Noite";"Decrescente";"Céu Claro";"Dupla";"Reta";"Sim";3;0;1;0;2;0;1;2;-22,79309326;-43,02479595;"SPRF-RJ";"DEL02-RJ";"UOP02-DEL02-RJ"
659907;2025-02-07;"sexta-feira";"17:00:00";"PR";476;95;"BOCAIUVA DO SUL";"Ausência de reação do condutor";"Colisão com objeto";"Sem Vítimas";"Plena Noite";"Crescente";"Chuva";"Simples";"Curva;Declive";"Sim";1;0;0;0;0;1;0;1;-25,225365;-49,115093;"SPRF-PR";"DEL01-PR";"UOP01-DEL01-PR"
659908;2025-02-07;"sexta-feira";"19:20:00";"RJ";40;102;"DUQUE DE CAXIAS";"Manobra de mudança de faixa";"Colisão lateral mesmo sentido";"Sem Vítimas";"Plena Noite";"Decrescente";"Céu Claro";"Dupla";"Reta";"Sim";2;0;0;0;2;0;0;2;-22,61089297;-43,28656077;"SPRF-RJ";"DEL01-RJ";"UOP02-DEL01-RJ"
659909;2025-02-07;"sexta-feira";"18:20:00";"MS";163;308;"DOURADINA";"Ingestão de álcool pelo condutor";"Saída de leito carroçável";"Com Vítimas Fatais";"Pleno dia";"Crescente";"Céu Claro";"Simples";"Ponte;Reta";"Não";3;1;2;0;0;0;2;1;-21,9108809;-54,5340003;"SPRF-MS";"DEL02-MS";"UOP02-DEL02-MS"
659910;2025-02-07;"sexta-feira";"20:00:00";"ES";259;57;"COLATINA";"Reação tardia ou ineficiente do condutor";"Tombamento";"Com Vítimas Feridas";"Plena Noite";"Crescente";"Céu Claro";"Simples";"Reta";"Não";1;0;1;0;0;0;1;1;-19,50865703;-40,65581416;"SPRF-ES";"DEL02-ES";"UOP01-DEL02-ES"
659911;2025-02-07;"sexta-feira";"19:27:00";"RJ";101;306;"SAO GONCALO";"Reação tardia ou ineficiente do condutor";"Engavetamento";"Com Vítimas Feridas";"Plena Noite";"Decrescente";"Céu Claro";"Dupla";"Reta";"Sim";3;0;1;0;2;0;1;3;-22,78913759;-43,00550909;"SPRF-RJ";"DEL02-RJ";"UOP02-DEL02-RJ"
659912;2025-02-07;"sexta-feira";"20:00:00";"BA";101;183;"SAO GONCALO DOS CAMPOS";"Transitar na contramão";"Colisão frontal";"Com Vítimas Feridas";"Plena Noite";"Crescente";"Céu Claro";"Simples";"Reta";"Não";3;0;0;1;2;0;1;2;-12,44871;-38,924342;"SPRF-BA";"DEL01-BA";"UOP03-DEL01-BA"
659913;2025-02-07;"sexta-feira";"21:00:00";"PE";232;170,2;"BELO JARDIM";"Transitar no Acostamento";"Colisão frontal";"Com Vítimas Fatais";"Plena Noite";"Crescente";"Nublado";"Simples";"Reta";"Não";2;1;0;0;0;1;0;2;-8,34074526;-36,34337092;"SPRF-PE";"DEL03-PE";"UOP02-DEL03-PE"
659914;2025-02-07;"sexta-feira";"20:35:00";"MG";116;515,6;"UBAPORANGA";"Transitar no Acostamento";"Atropelamento de Pedestre";"Com Vítimas Feridas";"Plena Noite";"Crescente";"Céu Claro";"Simples";"Reta";"Não";2;0;1;1;0;0;2;2;-19,68778501;-42,11758577;"SPRF-MG";"DEL06-MG";"UOP02-DEL06-MG"
659915;2025-02-07;"sexta-feira";"21:48:00";"SP";116;225;"GUARULHOS";"Acesso irregular";"Colisão com objeto";"Com Vítimas Feridas";"Plena Noite";"Decrescente";"Nublado";"Múltipla";"Declive;Em Obras;Reta";"Sim";1;0;1;0;0;0;1;1;-23,48586772;-46,54075317;"SPRF-SP";"DEL01-SP";"UOP01-DEL01-SP"
659918;2025-02-07;"sexta-feira";"18:25:00";"RJ";40;111;"DUQUE DE CAXIAS";"Manobra de mudança de faixa";"Colisão lateral mesmo sentido";"Com Vítimas Feridas";"Anoitecer";"Decrescente";"Céu Claro";"Dupla";"Reta";"Sim";3;0;1;0;1;1;1;2;-22,691868;-43,287453;"SPRF-RJ";"DEL01-RJ";"UOP02-DEL01-RJ"
659919;2025-02-07;"sexta-feira";"18:30:00";"MA";230;113;"ESTREITO";"Acessar a via sem observar a presença dos outros veículos";"Colisão transversal";"Com Vítimas Feridas";"Anoitecer";"Crescente";"Nublado";"Simples";"Interseção de Vias";"Não";6;0;0;1;5;0;1;2;-6,67867372;-47,45347023;"SPRF-MA";"DEL05-MA";"UOP01-DEL05-MA"
659920;2025-02-07;"sexta-feira";"20:00:00";"RJ";101;300;"SAO GONCALO";"Trafegar com motocicleta (ou similar) entre as faixas";"Colisão frontal";"Com Vítimas Feridas";"Plena Noite";"Decrescente";"Céu Claro";"Dupla";"Reta";"Sim";2;0;1;0;1;0;1;2;-22,77645713;-42,94783697;"SPRF-RJ";"DEL02-RJ";"UOP02-DEL02-RJ"
659921;2025-02-07;"sexta-feira";"20:30:00";"RS";392;323;"SAO SEPE";"Transitar na contramão";"Colisão frontal";"Com Vítimas Fatais";"Plena Noite";"Decrescente";"Céu Claro";"Simples";"Reta";"Não";2;1;0;0;1;0;0;2;-29,95914689;-53,69634281;"SPRF-RS";"DEL09-RS";"UOP01-DEL09-RS"
659924;2025-02-07;"sexta-feira";"21:32:00";"GO";40;23;"LUZIANIA";"Acessar a via sem observar a presença dos outros veículos";"Colisão transversal";"Com Vítimas Feridas";"Plena Noite";"Crescente";"Céu Claro";"Dupla";"Curva;Rotatória";"Sim";3;0;2;0;1;0;2;2;-16,236391;-47,912182;"SPRF-DF";"DEL01-DF";"UOP01-DEL01-DF"
659926;2025-02-07;"sexta-feira";"21:30:00";"PR";158;533,2;"PATO BRANCO";"Acessar a via sem observar a presença dos outros veículos";"Colisão transversal";"Com Vítimas Feridas";"Plena Noite";"Crescente";"Nublado";"Simples";"Interseção de Vias";"Sim";4;0;3;0;0;1;3;3;-26,21972809;-52,68262891;"SPRF-PR";"DEL02-PR";"UOP01-DEL02-PR"
659927;2025-02-07;"sexta-feira";"22:00:00";"RJ";101;504;"ANGRA DOS REIS";"Transitar no Acostamento";"Colisão frontal";"Com Vítimas Feridas";"Plena Noite";"Decrescente";"Céu Claro";"Simples";"Reta";"Sim";2;0;2;0;0;0;2;2;-22,93155828;-44,38812093;"SPRF-RJ";"DEL03-RJ";"UOP03-DEL03-RJ"
659929;2025-02-07;"sexta-feira";"22:40:00";"RS";290;122;"ELDORADO DO SUL";"Condutor Dormindo";"Colisão transversal";"Com Vítimas Feridas";"Pleno dia";"Decrescente";"Céu Claro";"Simples";"Reta";"Não";3;0;0;1;0;2;1;3;-30,052313;-51,428188;"SPRF-RS";"DEL02-RS";"UOP01-DEL02-RS"
659930;2025-02-07;"sexta-feira";"21:50:00";"CE";116;28;"AQUIRAZ";"Condutor deixou de manter distância do veículo da frente";"Colisão traseira";"Com Vítimas Feridas";"Plena Noite";"Decrescente";"Céu Claro";"Dupla";"Reta";"Não";3;0;0;2;1;0;2;2;-3,993072;-38,516277;"SPRF-CE";"DEL01-CE";"UOP02-DEL01-CE"
659931;2025-02-07;"sexta-feira";"21:00:00";"PE";424;60;"CAETES";"Condutor deixou de manter distância do veículo da frente";"Colisão traseira";"Com Vítimas Fatais";"Plena Noite";"Crescente";"Céu Claro";"Simples";"Reta";"Não";2;1;0;0;0;1;0;2;-8,74187;-36,70164;"SPRF-PE";"DEL03-PE";"UOP01-DEL03-PE"
659932;2025-02-07;"sexta-feira";"21:48:00";"PR";116;26,4;"CAMPINA GRANDE DO SUL";"Chuva";"Colisão com objeto";"Sem Vítimas";"Plena Noite";"Decrescente";"Chuva";"Dupla";"Curva";"Não";1;0;0;0;1;0;0;1;-25,10683694;-48,785333;"SPRF-PR";"DEL01-PR";"UOP02-DEL01-PR"
659933;2025-02-07;"sexta-feira";"22:25:00";"GO";40;11;"LUZIANIA";"Entrada inopinada do pedestre";"Atropelamento de Pedestre";"Com Vítimas Fatais";"Plena Noite";"Decrescente";"Céu Claro";"Dupla";"Reta";"Sim";3;1;0;0;2;0;0;2;-16,13819118;-47,95137282;"SPRF-DF";"DEL01-DF";"UOP01-DEL01-DF"
659935;2025-02-07;"sexta-feira";"22:40:00";"SP";116;445;"REGISTRO";"Condutor desrespeitou a iluminação vermelha do semáforo";"Colisão transversal";"Com Vítimas Feridas";"Plena Noite";"Decrescente";"Garoa/Chuvisco";"Simples";"Interseção de Vias";"Sim";2;0;1;0;0;1;1;2;-24,49790715;-47,84208686;"SPRF-SP";"DEL05-SP";"UOP01-DEL05-SP"
659936;2025-02-07;"sexta-feira";"22:30:00";"PI";230;286;"DOM EXPEDITO LOPES";"Ausência de reação do condutor";"Saída de leito carroçável";"Sem Vítimas";"Plena Noite";"Crescente";"Céu Claro";"Simples";"Aclive;Reta";"Não";1;0;0;0;1;0;0;1;-6,973315;-41,642033;"SPRF-PI";"DEL03-PI";"UOP01-DEL03-PI"
659937;2025-02-07;"sexta-feira";"18:30:00";"PE";232;529,9;"TERRA NOVA";"Reação tardia ou ineficiente do condutor";"Colisão lateral mesmo sentido";"Sem Vítimas";"Anoitecer";"Crescente";"Céu Claro";"Simples";"Reta";"Não";3;0;0;0;3;0;0;2;-8,0741993;-39,30457709;"SPRF-PE";"DEL05-PE";"UOP01-DEL05-PE"
659938;2025-02-07;"sexta-feira";"22:55:00";"RO";364;199;"PIMENTA BUENO";"Acostamento em desnível";"Tombamento";"Com Vítimas Feridas";"Plena Noite";"Crescente";"Céu Claro";"Simples";"Reta";"Sim";2;0;1;0;1;0;1;2;-11,655408;-61,192195;"SPRF-RO";"DEL02-RO";"UOP02-DEL02-RO"
659939;2025-02-07;"sexta-feira";"22:45:00";"SP";116;211;"GUARULHOS";"Ingestão de álcool pelo condutor";"Colisão com objeto";"Com Vítimas Feridas";"Plena Noite";"Decrescente";"Nublado";"Múltipla";"Declive;Reta";"Sim";1;0;1;0;0;0;1;1;-23,4324306;-46,4194352;"SPRF-SP";"DEL01-SP";"UOP01-DEL01-SP"
659940;2025-02-07;"sexta-feira";"20:00:00";"SC";280;180,8;"MAFRA";"Ausência de reação do condutor";"Colisão com objeto";"Com Vítimas Feridas";"Plena Noite";"Crescente";"Céu Claro";"Simples";"Ponte;Reta";"Não";1;0;1;0;0;0;1;1;-26,17284811;-49,89312172;"SPRF-SC";"DEL06-SC";"UOP01-DEL06-SC"
659942;2025-02-08;"sábado";"00:10:00";"SE";235;26;"LARANJEIRAS";"Ingestão de álcool pelo condutor";"Colisão traseira";"Sem Vítimas";"Plena Noite";"Decrescente";"Céu Claro";"Simples";"Reta";"Não";3;0;0;0;2;1;0;3;-10,804052;-37,265457;"SPRF-SE";"DEL01-SE";"UOP02-DEL01-SE"
659943;2025-02-07;"sexta-feira";"16:40:00";"MS";262;72;"TRES LAGOAS";"Demais falhas mecânicas ou elétricas";"Eventos atípicos";"Sem Vítimas";"Anoitecer";"Decrescente";"Nublado";"Simples";"Reta";"Não";2;0;0;0;2;0;0;2;-20,67124244;-52,25159577;"SPRF-MS";"DEL07-MS";"UOP02-DEL07-MS"
659945;2025-02-08;"sábado";"00:10:00";"GO";50;180;"CAMPO ALEGRE DE GOIAS";"Ingestão de álcool pelo condutor";"Saída de leito carroçável";"Sem Vítimas";"Plena Noite";"Decrescente";"Céu Claro";"Dupla";"Reta";"Não";3;0;0;0;3;0;0;1;-17,4105;-47,787;"SPRF-GO";"DEL06-GO";"UOP01-DEL06-GO"
659946;2025-02-07;"sexta-feira";"23:40:00";"RR";174;487,4;"BOA VISTA";"Demais falhas mecânicas ou elétricas";"Incêndio";"Sem Vítimas";"Plena Noite";"Decrescente";"Céu Claro";"Simples";"Reta";"Não";1;0;0;0;1;0;0;1;2,725488;-60,798943;"SPRF-RR";"DEL01-RR";"UOP01-DEL01-RR"
659947;2025-02-08;"sábado";"00:50:00";"RS";116;511,1;"PELOTAS";"Animais na Pista";"Atropelamento de Animal";"Com Vítimas Feridas";"Plena Noite";"Decrescente";"Nublado";"Dupla";"Reta";"Não";1;0;1;0;0;0;1;1;-31,62896074;-52,32311021;"SPRF-RS";"DEL07-RS";"UOP01-DEL07-RS"
659950;2025-02-08;"sábado";"02:20:00";"SP";116;290;"ITAPECERICA DA SERRA";"Ausência de reação do condutor";"Saída de leito carroçável";"Sem Vítimas";"Plena Noite";"Crescente";"Céu Claro";"Dupla";"Reta";"Sim";2;0;0;0;2;0;0;1;-23,7303281;-46,89425963;"SPRF-SP";"DEL04-SP";"UOP01-DEL04-SP"
659951;2025-02-08;"sábado";"02:00:00";"RJ";101;388;"RIO DE JANEIRO";"Condutor Dormindo";"Engavetamento";"Com Vítimas Feridas";"Plena Noite";"Decrescente";"Céu Claro";"Dupla";"Reta";"Sim";4;0;0;2;2;0;2;3;-22,88810094;-43,65827302;"SPRF-RJ";"DEL03-RJ";"UOP01-DEL03-RJ"
659953;2025-02-08;"sábado";"01:55:00";"PR";376;248;"APUCARANA";"Manobra de mudança de faixa";"Colisão frontal";"Com Vítimas Feridas";"Plena Noite";"Crescente";"Céu Claro";"Simples";"Aclive;Curva";"Sim";4;0;0;1;3;0;1;2;-23,62178992;-51,38837894;"SPRF-PR";"DEL07-PR";"UOP03-DEL07-PR"
659954;2025-02-08;"sábado";"01:45:00";"PR";277;7;"PARANAGUA";"Chuva";"Saída de leito carroçável";"Sem Vítimas";"Plena Noite";"Decrescente";"Chuva";"Dupla";"Reta";"Não";2;0;0;0;1;1;0;1;-25,568198;-48,615292;"SPRF-PR";"DEL01-PR";"UOP05-DEL01-PR"
659957;2025-02-08;"sábado";"03:25:00";"SC";282;219,3;"LAGES";"Reação tardia ou ineficiente do condutor";"Colisão traseira";"Com Vítimas Feridas";"Plena Noite";"Crescente";"Céu Claro";"Simples";"Reta";"Sim";2;0;1;0;0;1;1;2;-27,795521;-50,323608;"SPRF-SC";"DEL05-SC";"UOP01-DEL05-SC"
659959;2025-01-23;"quinta-feira";"18:15:00";"PI";343;324,9;"TERESINA";"Acessar a via sem observar a presença dos outros veículos";"Colisão transversal";"Com Vítimas Feridas";"Plena Noite";"Crescente";"Nublado";"Simples";"Reta";"Não";3;0;0;2;1;0;2;2;-5,061587;-42,60183;"SPRF-PI";"DEL01-PI";"UOP01-DEL01-PI"
659960;2025-02-08;"sábado";"04:55:00";"RN";405;106;"ITAU";"Ausência de reação do condutor";"Tombamento";"Com Vítimas Feridas";"Amanhecer";"Decrescente";"Céu Claro";"Simples";"Reta";"Não";1;0;0;1;0;0;1;1;-5,82204181;-37,96764704;"SPRF-RN";"DEL04-RN";"UOP02-DEL04-RN"
659961;2025-02-08;"sábado";"04:00:00";"PR";376;591;"CURITIBA";"Pedestre andava na pista";"Atropelamento de Pedestre";"Com Vítimas Fatais";"Plena Noite";"Decrescente";"Garoa/Chuvisco";"Dupla";"Reta;Aclive";"Sim";5;1;0;1;2;1;1;3;-25,4351214;-49,3653042;"SPRF-PR";"DEL03-PR";"UOP03-DEL03-PR"
659962;2025-02-08;"sábado";"04:45:00";"SP";153;63,9;"SAO JOSE DO RIO PRETO";"Ingestão de álcool pelo condutor";"Colisão com objeto";"Com Vítimas Fatais";"Amanhecer";"Decrescente";"Céu Claro";"Dupla";"Reta";"Sim";2;1;1;0;0;0;1;2;-20,826713;-49,358898;"SPRF-SP";"DEL09-SP";"UOP01-DEL09-SP"
659963;2025-02-08;"sábado";"05:20:00";"RS";153;407;"CACHOEIRA DO SUL";"Condutor Dormindo";"Colisão com objeto";"Sem Vítimas";"Amanhecer";"Decrescente";"Céu Claro";"Dupla";"Reta";"Sim";1;0;0;0;1;0;0;1;-30,02783225;-52,91622877;"SPRF-RS";"DEL02-RS";"UOP03-DEL02-RS"
659964;2025-02-08;"sábado";"05:30:00";"PE";232;246,1;"ARCOVERDE";"Transitar no Acostamento";"Atropelamento de Pedestre";"Com Vítimas Fatais";"Amanhecer";"Decrescente";"Céu Claro";"Simples";"Reta";"Não";2;1;0;0;0;1;0;2;-8,42022198;-37,016598;"SPRF-PE";"DEL04-PE";"UOP02-DEL04-PE"
659965;2025-02-08;"sábado";"05:20:00";"RJ";101;329;"RIO DE JANEIRO";"Demais falhas mecânicas ou elétricas";"Queda de ocupante de veículo";"Com Vítimas Feridas";"Amanhecer";"Crescente";"Céu Claro";"Dupla";"Reta;Ponte";"Não";3;0;2;0;1;0;2;2;-22,86939305;-43,175642;"SPRF-RJ";"DEL02-RJ";"UOP01-DEL02-RJ"
659966;2025-01-15;"quarta-feira";"18:00:00";"MA";402;15;"ROSARIO";"Acumulo de areia ou detritos sobre o pavimento";"Colisão frontal";"Com Vítimas Feridas";"Plena Noite";"Decrescente";"Nublado";"Simples";"Curva";"Não";7;0;1;3;3;0;4;2;-2,942322;-44,207882;"SPRF-MA";"DEL01-MA";"UOP01-DEL01-MA"
659967;2025-02-08;"sábado";"05:30:00";"RS";116;234;"ESTANCIA VELHA";"Desrespeitar a preferência no cruzamento";"Colisão lateral sentido oposto";"Sem Vítimas";"Amanhecer";"Crescente";"Céu Claro";"Simples";"Reta;Interseção de Vias";"Sim";3;0;0;0;3;0;0;2;-29,65121313;-51,1444433;"SPRF-RS";"DEL01-RS";"UOP02-DEL01-RS"
659968;2025-02-08;"sábado";"05:00:00";"PR";277;671;"MEDIANEIRA";"Reação tardia ou ineficiente do condutor";"Colisão com objeto";"Sem Vítimas";"Plena Noite";"Decrescente";"Vento";"Dupla";"Reta;Aclive";"Sim";1;0;0;0;0;1;0;1;-25,28490106;-54,08744898;"SPRF-PR";"DEL05-PR";"UOP02-DEL05-PR"
659969;2025-02-08;"sábado";"02:20:00";"AL";101;106,7;"PILAR";"Ausência de reação do condutor";"Saída de leito carroçável";"Sem Vítimas";"Amanhecer";"Crescente";"Nublado";"Dupla";"Curva;Declive";"Não";1;0;0;0;0;1;0;1;-9,5860309;-35,99827999;"SPRF-AL";"DEL02-AL";"UOP01-DEL02-AL"
659970;2025-02-08;"sábado";"05:31:00";"GO";364;311;"MINEIROS";"Condutor Dormindo";"Saída de leito carroçável";"Com Vítimas Feridas";"Amanhecer";"Crescente";"Nublado";"Simples";"Curva";"Não";2;0;0;1;1;0;1;1;-17,482414;-52,561501;"SPRF-GO";"DEL05-GO";"UOP01-DEL05-GO"