"id";"data_inversa";"dia_semana";"horario";"uf";"br";"km";"municipio";"causa_acidente";"tipo_acidente";"classificacao_acidente";"fase_dia";"sentido_via";"condicao_metereologica";"tipo_pista";"tracado_via";"uso_solo";"pessoas";"mortos";"feridos_leves";"feridos_graves";"ilesos";"ignorados";"feridos";"veiculos";"latitude";"longitude";"regional";"delegacia";"uop"
659975;2025-02-08;"sábado";"03:50:00";"MG";381;591;"CARMOPOLIS DE MINAS";"Ingestão de álcool pelo condutor";"Colisão lateral mesmo sentido";"Sem Vítimas";"Plena Noite";"Decrescente";"Céu Claro";"Dupla";"Reta";"Não";2;0;0;0;0;2;0;2;-20,56679681;-44,67309615;"SPRF-MG";"DEL04-MG";"UOP01-DEL04-MG"
659976;2025-02-08;"sábado";"01:40:00";"RN";226;134;"CAMPO REDONDO";"Velocidade Incompatível";"Saída de leito carroçável";"Com Vítimas Feridas";"Plena Noite";"Crescente";"Céu Claro";"Simples";"Curva;Declive";"Não";1;0;1;0;0;0;1;1;-6,21492834;-36,17570518;"SPRF-RN";"DEL03-RN";"UOP02-DEL03-RN"
659978;2025-02-08;"sábado";"05:59:00";"GO";153;511;"APARECIDA DE GOIANIA";"Ausência de reação do condutor";"Queda de ocupante de veículo";"Com Vítimas Feridas";"Amanhecer";"Crescente";"Nublado";"Dupla";"Reta";"Sim";2;0;2;0;0;0;2;1;-16,79920025;-49,23874855;"SPRF-GO";"DEL01-GO";"UOP03-DEL01-GO"
659981;2025-02-08;"sábado";"07:05:00";"PR";116;95;"SAO JOSE DOS PINHAIS";"Chuva";"Colisão com objeto";"Com Vítimas Feridas";"Pleno dia";"Crescente";"Chuva";"Dupla";"Reta";"Não";2;0;1;0;1;0;1;1;-25,52476582;-49,13851264;"SPRF-PR";"DEL01-PR";"UOP07-DEL01-PR"
659983;2025-01-03;"sexta-feira";"05:40:00";"PA";222;97,4;"RONDON DO PARA";"Objeto estático sobre o leito carroçável";"Colisão com objeto";"Com Vítimas Feridas";"Amanhecer";"Crescente";"Chuva";"Simples";"Reta;Declive";"Não";1;0;0;1;0;0;1;1;-4,731023;-48,019905;"SPRF-PA";"DEL02-PA";"UOP02-DEL02-PA"
659984;2025-02-08;"sábado";"07:10:00";"RJ";101;138;"CARAPEBUS";"Acessar a via sem observar a presença dos outros veículos";"Colisão lateral mesmo sentido";"Com Vítimas Feridas";"Pleno dia";"Decrescente";"Céu Claro";"Dupla";"Curva";"Não";3;0;1;0;1;1;1;2;-22,16283807;-41,74187091;"SPRF-RJ";"DEL08-RJ";"UOP04-DEL08-RJ"
659986;2025-02-08;"sábado";"07:40:00";"MG";381;519;"IGARAPE";"Ausência de reação do condutor";"Colisão com objeto";"Com Vítimas Feridas";"Pleno dia";"Crescente";"Céu Claro";"Dupla";"Reta";"Não";3;0;2;0;1;0;2;2;-20,12834104;-44,30330781;"SPRF-MG";"DEL01-MG";"UOP03-DEL01-MG"
659987;2025-02-08;"sábado";"07:00:00";"TO";10;453;"PALMAS";"Ausência de reação do condutor";"Queda de ocupante de veículo";"Com Vítimas Feridas";"Pleno dia";"Crescente";"Céu Claro";"Dupla";"Reta";"Sim";2;0;1;1;0;0;2;2;-10,32706836;-48,29767942;"SPRF-TO";"DEL01-TO";"UOP03-DEL01-TO"
659988;2025-02-08;"sábado";"08:10:00";"ES";101;277,8;"SERRA";"Ultrapassagem Indevida";"Colisão lateral mesmo sentido";"Com Vítimas Feridas";"Pleno dia";"Crescente";"Sol";"Dupla";"Reta";"Não";2;0;1;0;1;0;1;2;-20,21307738;-40,32125972;"SPRF-ES";"DEL02-ES";"UOP01-DEL02-ES"
659989;2025-02-08;"sábado";"08:00:00";"SP";116;141;"SAO JOSE DOS CAMPOS";"Demais falhas mecânicas ou elétricas";"Tombamento";"Com Vítimas Feridas";"Pleno dia";"Crescente";"Sol";"Dupla";"Reta";"Sim";2;0;2;0;0;0;2;1;-23,17004717;-45,82091491;"SPRF-SP";"DEL02-SP";"UOP01-DEL02-SP"
659991;2025-02-08;"sábado";"06:30:00";"PR";277;108;"CURITIBA";"Ausência de reação do condutor";"Colisão traseira";"Com Vítimas Feridas";"Pleno dia";"Crescente";"Céu Claro";"Dupla";"Reta;Declive";"Não";2;0;1;0;0;1;1;2;-25,429858;-49,377879;"SPRF-PR";"DEL03-PR";"UOP03-DEL03-PR"
659992;2025-02-08;"sábado";"06:20:00";"PE";423;147,6;"IATI";"Condutor Dormindo";"Capotamento";"Com Vítimas Fatais";"Pleno dia";"Crescente";"Céu Claro";"Simples";"Reta";"Não";6;2;1;2;1;0;3;1;-9,01991576;-36,88242118;"SPRF-PE";"DEL03-PE";"UOP01-DEL03-PE"
659993;2025-02-08;"sábado";"07:50:00";"MG";40;562,7;"NOVA LIMA";"Velocidade Incompatível";"Saída de leito carroçável";"Com Vítimas Feridas";"Amanhecer";"Decrescente";"Sol";"Dupla";"Curva";"Não";1;0;1;0;0;0;1;1;-20,15241986;-43,96263156;"SPRF-MG";"DEL01-MG";"UOP02-DEL01-MG"
659994;2025-02-08;"sábado";"07:50:00";"SP";116;145;"SAO JOSE DOS CAMPOS";"Ausência de reação do condutor";"Colisão lateral mesmo sentido";"Com Vítimas Feridas";"Pleno dia";"Crescente";"Céu Claro";"Múltipla";"Reta;Declive";"Não";2;0;1;0;1;0;1;2;-23,1869844;-45,8548078;"SPRF-SP";"DEL02-SP";"UOP01-DEL02-SP"
659995;2025-02-08;"sábado";"05:48:00";"MA";135;3,7;"SAO LUIS";"Acessar a via sem observar a presença dos outros veículos";"Colisão transversal";"Sem Vítimas";"Amanhecer";"Decrescente";"Chuva";"Dupla";"Retorno Regulamentado;Reta";"Sim";2;0;0;0;1;1;0;2;-2,606802;-44,247512;"SPRF-MA";"DEL01-MA";"UOP01-DEL01-MA"
659996;2025-02-08;"sábado";"06:20:00";"CE";116;1;"FORTALEZA";"Entrada inopinada do pedestre";"Atropelamento de Pedestre";"Sem Vítimas";"Pleno dia";"Decrescente";"Céu Claro";"Dupla";"Reta";"Sim";2;0;0;0;1;1;0;2;-3,76159894;-38,51900662;"SPRF-CE";"DEL01-CE";"UOP02-DEL01-CE"
659999;2025-02-08;"sábado";"05:50:00";"PR";277;507,7;"GUARANIACU";"Reação tardia ou ineficiente do condutor";"Saída de leito carroçável";"Com Vítimas Feridas";"Amanhecer";"Decrescente";"Céu Claro";"Simples";"Curva";"Não";1;0;1;0;0;0;1;1;-25,13179903;-52,73030199;"SPRF-PR";"DEL04-PR";"UOP04-DEL04-PR"
660000;2025-02-08;"sábado";"04:55:00";"PR";163;252;"TOLEDO";"Ausência de reação do condutor";"Colisão traseira";"Sem Vítimas";"Plena Noite";"Crescente";"Céu Claro";"Dupla";"Reta";"Não";6;0;0;0;6;0;0;2;-24,6725322;-53,8004784;"SPRF-PR";"DEL06-PR";"UOP02-DEL06-PR"
660001;2025-02-08;"sábado";"04:15:00";"PR";163;252;"TOLEDO";"Velocidade Incompatível";"Saída de leito carroçável";"Sem Vítimas";"Plena Noite";"Crescente";"Nublado";"Dupla";"Reta";"Não";1;0;0;0;1;0;0;1;-24,6895249;-53,74927497;"SPRF-PR";"DEL06-PR";"UOP02-DEL06-PR"
660002;2025-02-08;"sábado";"07:45:00";"RS";116;530,1;"CAPAO DO LEAO";"Desrespeitar a preferência no cruzamento";"Colisão transversal";"Com Vítimas Feridas";"Pleno dia";"Decrescente";"Sol";"Simples";"Reta;Interseção de Vias";"Sim";3;0;2;0;1;0;2;2;-31,76007331;-52,43813038;"SPRF-RS";"DEL07-RS";"UOP01-DEL07-RS"
660003;2025-02-08;"sábado";"07:50:00";"DF";251;33;"BRASILIA";"Condutor Dormindo";"Colisão lateral sentido oposto";"Com Vítimas Feridas";"Pleno dia";"Crescente";"Céu Claro";"Simples";"Reta";"Não";3;0;0;1;2;0;1;2;-15,937679;-47,748878;"SPRF-DF";"DEL01-DF";"UOP01-DEL01-DF"
660005;2025-02-08;"sábado";"05:54:00";"RR";174;449,7;"MUCAJAI";"Ingestão de álcool pelo condutor";"Atropelamento de Pedestre";"Com Vítimas Feridas";"Amanhecer";"Crescente";"Céu Claro";"Simples";"Reta";"Sim";6;0;3;0;1;2;3;4;2,449358;-60,918514;"SPRF-RR";"DEL01-RR";"UOP01-DEL01-RR"
660006;2025-02-08;"sábado";"06:47:00";"RO";364;196,4;"PIMENTA BUENO";"Reação tardia ou ineficiente do condutor";"Colisão traseira";"Com Vítimas Feridas";"Pleno dia";"Decrescente";"Nublado";"Simples";"Reta";"Sim";2;0;1;1;0;0;2;2;-11,682725;-61,186087;"SPRF-RO";"DEL02-RO";"UOP02-DEL02-RO"
660008;2025-02-08;"sábado";"09:00:00";"SC";101;205;"SAO JOSE";"Condutor deixou de manter distância do veículo da frente";"Colisão traseira";"Com Vítimas Feridas";"Pleno dia";"Crescente";"Céu Claro";"Dupla";"Curva;Aclive";"Não";2;0;1;0;0;1;1;2;-27,58313237;-48,61532885;"SPRF-SC";"DEL01-SC";"UOP01-DEL01-SC"
660010;2025-02-08;"sábado";"08:30:00";"CE";116;7;"FORTALEZA";"Ausência de reação do condutor";"Colisão traseira";"Com Vítimas Feridas";"Pleno dia";"Decrescente";"Céu Claro";"Múltipla";"Reta";"Sim";2;0;1;1;0;0;2;2;-3,80991712;-38,50047112;"SPRF-CE";"DEL01-CE";"UOP02-DEL01-CE"
660011;2025-02-08;"sábado";"06:57:00";"MT";364;377;"SANTO ANTONIO DO LEVERGER";"Reação tardia ou ineficiente do condutor";"Saída de leito carroçável";"Com Vítimas Feridas";"Pleno dia";"Decrescente";"Céu Claro";"Dupla";"Reta";"Não";1;0;0;1;0;0;1;1;-15,70403329;-55,73709401;"SPRF-MT";"DEL01-MT";"UOP02-DEL01-MT"
660012;2025-02-08;"sábado";"08:50:00";"PR";153;388;"MALLET";"Acessar a via sem observar a presença dos outros veículos";"Colisão transversal";"Com Vítimas Feridas";"Pleno dia";"Decrescente";"Nublado";"Simples";"Reta;Interseção de Vias";"Sim";2;0;1;0;1;0;1;2;-25,88039407;-50,83640099;"SPRF-PR";"DEL08-PR";"UOP02-DEL08-PR"
660013;2025-02-08;"sábado";"07:50:00";"SP";116;149;"SAO JOSE DOS CAMPOS";"Demais falhas mecânicas ou elétricas";"Colisão traseira";"Com Vítimas Feridas";"Pleno dia";"Decrescente";"Céu Claro";"Dupla";"Reta";"Não";2;0;1;0;1;0;1;2;-23,20700047;-45,88626861;"SPRF-SP";"DEL02-SP";"UOP01-DEL02-SP"
660014;2025-02-08;"sábado";"08:20:00";"RJ";40;73,8;"PETROPOLIS";"Acessar a via sem observar a presença dos outros veículos";"Colisão transversal";"Com Vítimas Feridas";"Pleno dia";"Crescente";"Céu Claro";"Simples";"Aclive;Curva;Interseção de Vias";"Sim";2;0;1;0;1;0;1;2;-22,46352401;-43,22321103;"SPRF-RJ";"DEL01-RJ";"UOP01-DEL01-RJ"
660015;2025-02-08;"sábado";"09:30:00";"ES";101;142,5;"LINHARES";"Acessar a via sem observar a presença dos outros veículos";"Colisão lateral mesmo sentido";"Com Vítimas Feridas";"Pleno dia";"Crescente";"Sol";"Múltipla";"Retorno Regulamentado;Reta";"Sim";3;0;2;0;1;0;2;2;-19,33458987;-40,06755477;"SPRF-ES";"DEL04-ES";"UOP01-DEL04-ES"
660017;2025-02-05;"quarta-feira";"07:00:00";"RJ";116;233;"PIRAI";"Ausência de reação do condutor";"Queda de ocupante de veículo";"Com Vítimas Feridas";"Amanhecer";"Decrescente";"Céu Claro";"Dupla";"Curva";"Sim";1;0;1;0;0;0;1;1;-22,66556123;-43,84039521;"SPRF-RJ";"DEL07-RJ";"UOP01-DEL07-RJ"
660019;2025-02-08;"sábado";"10:00:00";"PR";277;11;"PARANAGUA";"Manobra de mudança de faixa";"Colisão lateral mesmo sentido";"Com Vítimas Feridas";"Pleno dia";"Decrescente";"Nublado";"Dupla";"Retorno Regulamentado;Reta";"Não";4;0;2;0;2;0;2;2;-25,568198;-48,615292;"SPRF-PR";"DEL01-PR";"UOP05-DEL01-PR"
660020;2025-02-08;"sábado";"09:00:00";"MG";116;513;"CARATINGA";"Condutor deixou de manter distância do veículo da frente";"Colisão traseira";"Com Vítimas Feridas";"Pleno dia";"Crescente";"Céu Claro";"Simples";"Reta";"Não";2;0;1;0;1;0;1;2;-19,66981698;-42,11727987;"SPRF-MG";"DEL06-MG";"UOP02-DEL06-MG"
660021;2025-02-08;"sábado";"10:09:00";"SP";116;506;"CAJATI";"Reação tardia ou ineficiente do condutor";"Saída de leito carroçável";"Com Vítimas Feridas";"Pleno dia";"Crescente";"Garoa/Chuvisco";"Simples";"Curva;Declive";"Não";2;0;2;0;0;0;2;1;-24,79704815;-48,2145174;"SPRF-SP";"DEL05-SP";"UOP02-DEL05-SP"
660023;2025-02-08;"sábado";"09:00:00";"PB";412;144;"MONTEIRO";"Acessar a via sem observar a presença dos outros veículos";"Colisão transversal";"Com Vítimas Feridas";"Pleno dia";"Crescente";"Céu Claro";"Simples";"Reta";"Sim";3;0;0;2;1;0;2;2;-7,891878;-37,111336;"SPRF-PB";"DEL02-PB";"UOP02-DEL02-PB"
660025;2025-02-08;"sábado";"10:00:00";"ES";101;150,5;"LINHARES";"Condutor deixou de manter distância do veículo da frente";"Tombamento";"Com Vítimas Feridas";"Pleno dia";"Decrescente";"Céu Claro";"Simples";"Curva";"Sim";2;0;1;0;1;0;1;1;-19,40436634;-40,06078896;"SPRF-ES";"DEL04-ES";"UOP01-DEL04-ES"
660029;2025-02-08;"sábado";"08:40:00";"GO";158;226;"JATAI";"Objeto estático sobre o leito carroçável";"Colisão com objeto";"Com Vítimas Feridas";"Pleno dia";"Crescente";"Céu Claro";"Simples";"Curva";"Não";2;0;1;0;1;0;1;1;-17,53167501;-51,87811397;"SPRF-GO";"DEL05-GO";"UOP01-DEL05-GO"
660030;2025-02-08;"sábado";"09:50:00";"SP";116;154;"SAO JOSE DOS CAMPOS";"Condutor deixou de manter distância do veículo da frente";"Colisão traseira";"Com Vítimas Feridas";"Pleno dia";"Decrescente";"Céu Claro";"Dupla";"Reta";"Não";2;0;1;0;1;0;1;2;-23,23903999;-45,92061901;"SPRF-SP";"DEL02-SP";"UOP01-DEL02-SP"
660031;2025-02-08;"sábado";"11:00:00";"SP";116;229,9;"SAO PAULO";"Ausência de reação do condutor";"Colisão traseira";"Com Vítimas Feridas";"Pleno dia";"Crescente";"Céu Claro";"Múltipla";"Reta";"Não";3;0;1;1;1;0;2;2;-23,51291902;-46,57604698;"SPRF-SP";"DEL01-SP";"UOP01-DEL01-SP"
660033;2025-02-08;"sábado";"08:55:00";"MG";251;316;"SALINAS";"Ingestão de álcool pelo condutor";"Queda de ocupante de veículo";"Com Vítimas Feridas";"Pleno dia";"Decrescente";"Céu Claro";"Simples";"Aclive";"Não";1;0;1;0;0;0;1;1;-16,18825966;-42,34045841;"SPRF-MG";"DEL12-MG";"UOP02-DEL12-MG"
660034;2025-02-08;"sábado";"11:00:00";"MG";381;455,3;"BELO HORIZONTE";"Conversão proibida";"Colisão traseira";"Com Vítimas Feridas";"Pleno dia";"Decrescente";"Céu Claro";"Simples";"Reta;Declive";"Sim";3;0;0;2;1;0;2;2;-19,8397059;-43,8781929;"SPRF-MG";"DEL01-MG";"UOP01-DEL01-MG"
660035;2025-02-08;"sábado";"09:00:00";"RJ";101;418;"MANGARATIBA";"Trafegar com motocicleta (ou similar) entre as faixas";"Tombamento";"Com Vítimas Feridas";"Pleno dia";"Crescente";"Sol";"Simples";"Aclive";"Não";2;0;1;0;1;0;1;1;-22,9178274;-43,90471593;"SPRF-RJ";"DEL03-RJ";"UOP02-DEL03-RJ"
660037;2025-02-08;"sábado";"11:20:00";"PR";369;172;"ROLANDIA";"Reação tardia ou ineficiente do condutor";"Colisão lateral mesmo sentido";"Com Vítimas Feridas";"Pleno dia";"Crescente";"Céu Claro";"Simples";"Reta";"Sim";2;0;1;0;1;0;1;2;-23,3073925;-51,36648708;"SPRF-PR";"DEL07-PR";"UOP01-DEL07-PR"
660039;2025-02-08;"sábado";"08:00:00";"SC";282;519;"XAXIM";"Manobra de mudança de faixa";"Colisão lateral mesmo sentido";"Com Vítimas Feridas";"Pleno dia";"Decrescente";"Céu Claro";"Simples";"Curva;Aclive";"Não";3;0;2;0;1;0;2;2;-26,947527;-52,517536;"SPRF-SC";"DEL07-SC";"UOP01-DEL07-SC"
660041;2025-02-08;"sábado";"09:42:00";"AC";364;124;"RIO BRANCO";"Ausência de reação do condutor";"Colisão transversal";"Com Vítimas Feridas";"Pleno dia";"Crescente";"Sol";"Dupla";"Rotatória";"Sim";3;0;2;0;1;0;2;2;-10,01145337;-67,79781103;"SPRF-AC";"DEL01-AC";"UOP01-DEL01-AC"
660042;2025-02-08;"sábado";"12:00:00";"MG";50;120,9;"UBERABA";"Condutor Dormindo";"Saída de leito carroçável";"Com Vítimas Feridas";"Pleno dia";"Decrescente";"Céu Claro";"Dupla";"Reta";"Não";2;0;2;0;0;0;2;1;-19,30808397;-48,11010894;"SPRF-MG";"DEL13-MG";"UOP01-DEL13-MG"
660043;2025-02-08;"sábado";"10:20:00";"RS";386;26,8;"FREDERICO WESTPHALEN";"Velocidade Incompatível";"Saída de leito carroçável";"Com Vítimas Feridas";"Pleno dia";"Decrescente";"Céu Claro";"Simples";"Curva";"Não";2;0;2;0;0;0;2;1;-27,300388;-53,363838;"SPRF-RS";"DEL08-RS";"UOP02-DEL08-RS"
660045;2025-02-08;"sábado";"12:25:00";"PE";428;187;"PETROLINA";"Acessar a via sem observar a presença dos outros veículos";"Colisão transversal";"Com Vítimas Feridas";"Pleno dia";"Decrescente";"Céu Claro";"Dupla";"Rotatória";"Não";3;0;1;0;2;0;1;2;-9,35604301;-40,47854198;"SPRF-PE";"DEL06-PE";"UOP01-DEL06-PE"
660048;2025-02-08;"sábado";"11:10:00";"RJ";465;20;"NOVA IGUACU";"Trafegar com motocicleta (ou similar) entre as faixas";"Colisão frontal";"Com Vítimas Feridas";"Pleno dia";"Decrescente";"Céu Claro";"Simples";"Reta";"Sim";2;0;1;0;1;0;1;2;-22,846828;-43,605339;"SPRF-RJ";"DEL06-RJ";"UOP02-DEL06-RJ"
660049;2025-02-08;"sábado";"01:00:00";"ES";259;40;"COLATINA";"Ausência de reação do condutor";"Saída de leito carroçável";"Com Vítimas Feridas";"Plena Noite";"Crescente";"Céu Claro";"Simples";"Reta";"Não";1;0;0;1;0;0;1;1;-19,55614791;-40,53865402;"SPRF-ES";"DEL02-ES";"UOP01-DEL02-ES"
660050;2025-02-08;"sábado";"12:20:00";"PE";101;66;"RECIFE";"Manobra de mudança de faixa";"Engavetamento";"Sem Vítimas";"Pleno dia";"Crescente";"Sol";"Dupla";"Reta";"Sim";3;0;0;0;3;0;0;3;-8,03368534;-34,94184125;"SPRF-PE";"DEL01-PE";"UOP01-DEL01-PE"
660051;2025-02-08;"sábado";"12:15:00";"MG";40;506;"RIBEIRAO DAS NEVES";"Pedestre andava na pista";"Atropelamento de Pedestre";"Com Vítimas Feridas";"Pleno dia";"Crescente";"Céu Claro";"Dupla";"Reta";"Sim";2;0;1;0;1;0;1;2;-19,74716686;-44,14731173;"SPRF-MG";"DEL02-MG";"UOP01-DEL02-MG"
660052;2025-02-08;"sábado";"12:00:00";"SP";116;161;"JACAREI";"Ausência de reação do condutor";"Colisão traseira";"Com Vítimas Feridas";"Pleno dia";"Crescente";"Sol";"Dupla";"Reta";"Não";2;0;1;0;1;0;1;2;-23,27617003;-45,97592098;"SPRF-SP";"DEL02-SP";"UOP01-DEL02-SP"
660054;2025-02-08;"sábado";"11:05:00";"RS";471;152,3;"SANTA CRUZ DO SUL";"Ingestão de álcool pelo condutor";"Colisão frontal";"Com Vítimas Feridas";"Pleno dia";"Crescente";"Céu Claro";"Simples";"Reta;Aclive";"Não";5;0;1;2;2;0;3;3;-29,834852;-52,397942;"SPRF-RS";"DEL02-RS";"UOP03-DEL02-RS"
660055;2025-02-08;"sábado";"12:53:00";"PB";230;88,6;"JOAO PESSOA";"Ausência de reação do condutor";"Colisão traseira";"Com Vítimas Feridas";"Pleno dia";"Decrescente";"Céu Claro";"Dupla";"Reta;Interseção de Vias";"Sim";3;0;1;1;1;0;2;2;-7,16800026;-34,89664793;"SPRF-PB";"DEL01-PB";"UOP03-DEL01-PB"
660056;2025-02-08;"sábado";"11:30:00";"MS";262;356;"CAMPO GRANDE";"Acessar a via sem observar a presença dos outros veículos";"Colisão transversal";"Com Vítimas Feridas";"Pleno dia";"Crescente";"Sol";"Simples";"Rotatória";"Sim";5;0;0;1;4;0;1;2;-20,54633673;-54,68354166;"SPRF-MS";"DEL01-MS";"UOP03-DEL01-MS"
660057;2025-02-08;"sábado";"13:15:00";"RJ";116;186;"NOVA IGUACU";"Trafegar com motocicleta (ou similar) entre as faixas";"Colisão traseira";"Com Vítimas Feridas";"Pleno dia";"Crescente";"Céu Claro";"Dupla";"Reta";"Sim";4;0;2;0;2;0;2;3;-22,73962339;-43,46276495;"SPRF-RJ";"DEL06-RJ";"UOP01-DEL06-RJ"
660060;2025-02-08;"sábado";"13:45:00";"RJ";116;89;"TERESOPOLIS";"Velocidade Incompatível";"Colisão frontal";"Com Vítimas Feridas";"Pleno dia";"Crescente";"Céu Claro";"Simples";"Curva";"Não";2;0;0;1;1;0;1;2;-22,45706098;-42,96221791;"SPRF-RJ";"DEL04-RJ";"UOP01-DEL04-RJ"
660064;2025-02-08;"sábado";"14:05:00";"SC";101;194;"BIGUACU";"Reação tardia ou ineficiente do condutor";"Engavetamento";"Com Vítimas Feridas";"Pleno dia";"Decrescente";"Céu Claro";"Dupla";"Reta";"Sim";7;0;5;0;2;0;5;4;-27,49815117;-48,65661236;"SPRF-SC";"DEL01-SC";"UOP01-DEL01-SC"
660066;2025-02-08;"sábado";"11:35:00";"MG";116;525,9;"CARATINGA";"Acessar a via sem observar a presença dos outros veículos";"Colisão transversal";"Com Vítimas Feridas";"Pleno dia";"Crescente";"Céu Claro";"Simples";"Reta";"Sim";4;0;2;0;1;1;2;3;-19,76833785;-42,13105238;"SPRF-MG";"DEL06-MG";"UOP02-DEL06-MG"
660067;2025-02-08;"sábado";"12:40:00";"RJ";493;92;"SEROPEDICA";"Avarias e/ou desgaste excessivo no pneu";"Queda de ocupante de veículo";"Com Vítimas Feridas";"Pleno dia";"Decrescente";"Céu Claro";"Dupla";"Reta";"Não";2;0;2;0;0;0;2;1;-22,68625119;-43,67546082;"SPRF-RJ";"DEL01-RJ";"UOP03-DEL01-RJ"
660068;2025-01-19;"domingo";"06:30:00";"CE";116;241,3;"ALTO SANTO";"Condutor Dormindo";"Saída de leito carroçável";"Com Vítimas Feridas";"Pleno dia";"Decrescente";"Céu Claro";"Simples";"Reta";"Não";1;0;1;0;0;0;1;1;-5,44591703;-38,33605498;"SPRF-CE";"DEL03-CE";"UOP01-DEL03-CE"
660069;2025-02-08;"sábado";"14:00:00";"DF";80;14;"BRASILIA";"Avarias e/ou desgaste excessivo no pneu";"Saída de leito carroçável";"Sem Vítimas";"Pleno dia";"Crescente";"Céu Claro";"Simples";"Reta";"Não";2;0;0;0;2;0;0;1;-15,719034;-48,196686;"SPRF-DF";"DEL03-DF";"UOP02-DEL03-DF"
660071;2025-02-08;"sábado";"14:00:00";"PR";163;352;"GUAIRA";"Condutor deixou de manter distância do veículo da frente";"Colisão traseira";"Sem Vítimas";"Pleno dia";"Decrescente";"Nublado";"Simples";"Ponte;Reta";"Não";5;0;0;0;5;0;0;2;-24,21375699;-54,19958751;"SPRF-PR";"DEL06-PR";"UOP01-DEL06-PR"
660072;2025-02-08;"sábado";"14:10:00";"PR";376;202,6;"MANDAGUARI";"Condutor usando celular";"Colisão com objeto";"Com Vítimas Feridas";"Pleno dia";"Decrescente";"Céu Claro";"Dupla";"Reta";"Não";1;0;1;0;0;0;1;1;-23,512075;-51,71729;"SPRF-PR";"DEL09-PR";"UOP01-DEL09-PR"
660073;2025-02-08;"sábado";"14:30:00";"SC";282;1,8;"FLORIANOPOLIS";"Reação tardia ou ineficiente do condutor";"Colisão traseira";"Com Vítimas Feridas";"Pleno dia";"Decrescente";"Sol";"Dupla";"Reta";"Sim";3;0;2;0;1;0;2;2;-27,602955;-48,580509;"SPRF-SC";"DEL01-SC";"UOP01-DEL01-SC"
660074;2025-02-08;"sábado";"15:00:00";"GO";20;221,8;"POSSE";"Acessar a via sem observar a presença dos outros veículos";"Colisão transversal";"Com Vítimas Feridas";"Pleno dia";"Decrescente";"Sol";"Simples";"Reta";"Não";3;0;3;0;0;0;3;2;-14,197667;-46,332184;"SPRF-DF";"DEL02-DF";"UOP03-DEL02-DF"
660075;2025-02-08;"sábado";"14:45:00";"BA";101;745;"ITABELA";"Desrespeitar a preferência no cruzamento";"Colisão lateral sentido oposto";"Com Vítimas Feridas";"Pleno dia";"Crescente";"Céu Claro";"Simples";"Reta;Interseção de Vias";"Sim";4;0;1;0;3;0;1;2;-16,57176017;-39,5591757;"SPRF-BA";"DEL09-BA";"UOP01-DEL09-BA"
660076;2025-02-08;"sábado";"09:15:00";"RS";290;382,9;"SANTA MARGARIDA DO SUL";"Ausência de reação do condutor";"Saída de leito carroçável";"Com Vítimas Feridas";"Pleno dia";"Decrescente";"Céu Claro";"Simples";"Curva";"Não";2;0;1;0;1;0;1;1;-30,345226;-53,972523;"SPRF-RS";"DEL09-RS";"UOP02-DEL09-RS"
660079;2025-02-08;"sábado";"15:20:00";"MG";459;14,8;"CALDAS";"Reação tardia ou ineficiente do condutor";"Colisão lateral mesmo sentido";"Com Vítimas Feridas";"Pleno dia";"Crescente";"Céu Claro";"Simples";"Reta;Declive";"Sim";3;0;0;1;1;1;1;3;-21,827617;-46,450375;"SPRF-MG";"DEL09-MG";"UOP01-DEL09-MG"
660080;2025-02-08;"sábado";"15:40:00";"MG";50;55;"ARAGUARI";"Chuva";"Saída de leito carroçável";"Com Vítimas Feridas";"Pleno dia";"Crescente";"Chuva";"Dupla";"Curva";"Não";1;0;1;0;0;0;1;1;-18,77290538;-48,24124319;"SPRF-MG";"DEL15-MG";"UOP02-DEL15-MG"
660081;2025-02-08;"sábado";"14:00:00";"AL";316;86;"SANTANA DO IPANEMA";"Acessar a via sem observar a presença dos outros veículos";"Colisão transversal";"Com Vítimas Feridas";"Pleno dia";"Crescente";"Sol";"Simples";"Reta;Interseção de Vias";"Sim";2;0;0;1;1;0;1;2;-9,37323821;-37,23532807;"SPRF-AL";"DEL03-AL";"UOP02-DEL03-AL"
660082;2025-02-08;"sábado";"11:00:00";"RJ";101;284;"ITABORAI";"Ultrapassagem Indevida";"Colisão lateral mesmo sentido";"Com Vítimas Feridas";"Pleno dia";"Decrescente";"Céu Claro";"Dupla";"Reta";"Sim";2;0;0;1;1;0;1;2;-22,74822315;-42,81399965;"SPRF-RJ";"DEL02-RJ";"UOP02-DEL02-RJ"
660083;2025-02-08;"sábado";"15:50:00";"ES";262;0,9;"CARIACICA";"Reação tardia ou ineficiente do condutor";"Colisão traseira";"Com Vítimas Feridas";"Pleno dia";"Crescente";"Sol";"Dupla";"Ponte;Reta";"Sim";2;0;1;1;0;0;2;2;-20,320793;-40,353315;"SPRF-ES";"DEL01-ES";"UOP01-DEL01-ES"
660084;2025-02-08;"sábado";"15:31:00";"PB";101;117,8;"PEDRAS DE FOGO";"Ingestão de álcool pelo condutor";"Saída de leito carroçável";"Sem Vítimas";"Pleno dia";"Crescente";"Céu Claro";"Dupla";"Reta";"Não";1;0;0;0;1;0;0;1;-7,41357983;-34,95743528;"SPRF-PB";"DEL01-PB";"UOP02-DEL01-PB"
660086;2025-02-08;"sábado";"16:00:00";"SC";101;423,5;"ARARANGUA";"Ausência de reação do condutor";"Tombamento";"Com Vítimas Feridas";"Pleno dia";"Crescente";"Céu Claro";"Múltipla";"Aclive;Reta;Viaduto";"Não";1;0;1;0;0;0;1;1;-29,01601155;-49,58269226;"SPRF-SC";"DEL02-SC";"UOP02-DEL02-SC"