"id";"data_inversa";"dia_semana";"horario";"uf";"br";"km";"municipio";"causa_acidente";"tipo_acidente";"classificacao_acidente";"fase_dia";"sentido_via";"condicao_metereologica";"tipo_pista";"tracado_via";"uso_solo";"pessoas";"mortos";"feridos_leves";"feridos_graves";"ilesos";"ignorados";"feridos";"veiculos";"latitude";"longitude";"regional";"delegacia";"uop"
660390;2025-02-09;"domingo";"22:00:00";"RS";392;110,5;"CANGUCU";"Manobra de mudança de faixa";"Colisão frontal";"Com Vítimas Fatais";"Plena Noite";"Decrescente";"Céu Claro";"Simples";"Aclive;Reta";"Não";5;1;2;0;2;0;2;2;-31,46286685;-52,63497175;"SPRF-RS";"DEL07-RS";"UOP01-DEL07-RS"
660391;2025-02-09;"domingo";"20:05:00";"RJ";101;410;"ITAGUAI";"Suicídio (presumido)";"Atropelamento de Pedestre";"Com Vítimas Feridas";"Plena Noite";"Decrescente";"Céu Claro";"Dupla";"Reta";"Sim";2;0;1;0;0;1;1;2;-22,88990471;-43,84007225;"SPRF-RJ";"DEL03-RJ";"UOP01-DEL03-RJ"
660392;2025-02-09;"domingo";"21:00:00";"ES";101;426,2;"ATILIO VIVACQUA";"Pedestre andava na pista";"Atropelamento de Pedestre";"Com Vítimas Fatais";"Plena Noite";"Crescente";"Céu Claro";"Simples";"Reta";"Não";3;1;0;0;2;0;0;2;-21,00770847;-41,13888973;"SPRF-ES";"DEL03-ES";"UOP02-DEL03-ES"
660393;2025-02-09;"domingo";"22:25:00";"TO";230;89,7;"SAO BENTO DO TOCANTINS";"Ausência de reação do condutor";"Colisão traseira";"Com Vítimas Feridas";"Plena Noite";"Decrescente";"Nublado";"Simples";"Reta";"Não";3;0;2;0;0;1;2;2;-6,05247899;-47,93466297;"SPRF-TO";"DEL02-TO";"UOP03-DEL02-TO"
660394;2025-02-09;"domingo";"16:40:00";"GO";364;17;"SAO SIMAO";"Ausência de reação do condutor";"Saída de leito carroçável";"Com Vítimas Feridas";"Pleno dia";"Crescente";"Nublado";"Simples";"Reta";"Não";1;0;0;1;0;0;1;1;-18,949745;-50,628994;"SPRF-GO";"DEL05-GO";"UOP02-DEL05-GO"
660396;2025-02-09;"domingo";"21:15:00";"MG";116;806,5;"ALEM PARAIBA";"Ingestão de álcool pelo condutor";"Colisão traseira";"Com Vítimas Fatais";"Plena Noite";"Crescente";"Céu Claro";"Simples";"Reta";"Não";2;1;0;0;0;1;0;2;-21,80656688;-42,70294586;"SPRF-MG";"DEL07-MG";"UOP01-DEL07-MG"
660397;2025-02-09;"domingo";"19:20:00";"PE";101;48,1;"ABREU E LIMA";"Ausência de reação do condutor";"Colisão traseira";"Com Vítimas Feridas";"Plena Noite";"Decrescente";"Céu Claro";"Múltipla";"Declive;Reta;Retorno Regulamentado";"Sim";2;0;1;0;1;0;1;2;-7,89174705;-34,9033493;"SPRF-PE";"DEL01-PE";"UOP02-DEL01-PE"
660398;2025-02-09;"domingo";"21:50:00";"GO";60;79;"ANAPOLIS";"Reação tardia ou ineficiente do condutor";"Saída de leito carroçável";"Sem Vítimas";"Plena Noite";"Decrescente";"Céu Claro";"Dupla";"Retorno Regulamentado";"Não";2;0;0;0;0;2;0;1;-16,3007;-48,8128;"SPRF-GO";"DEL02-GO";"UOP01-DEL02-GO"
660399;2025-02-09;"domingo";"21:50:00";"RS";101;52;"TERRA DE AREIA";"Ausência de reação do condutor";"Saída de leito carroçável";"Com Vítimas Feridas";"Plena Noite";"Decrescente";"Céu Claro";"Dupla";"Reta";"Não";1;0;1;0;0;0;1;1;-29,62267366;-50,09718947;"SPRF-RS";"DEL03-RS";"UOP02-DEL03-RS"
660400;2025-02-09;"domingo";"19:50:00";"MG";262;572,8;"CORREGO DANTA";"Ingestão de álcool pelo condutor";"Colisão frontal";"Com Vítimas Feridas";"Plena Noite";"Crescente";"Céu Claro";"Simples";"Declive;Reta";"Não";3;0;2;1;0;0;3;2;-19,69358695;-46,03580475;"SPRF-MG";"DEL08-MG";"UOP02-DEL08-MG"
660401;2025-02-09;"domingo";"20:00:00";"PI";343;274;"CAMPO MAIOR";"Animais na Pista";"Atropelamento de Animal";"Com Vítimas Feridas";"Plena Noite";"Crescente";"Céu Claro";"Simples";"Reta";"Não";2;0;1;1;0;0;2;1;-4,879998;-42,226444;"SPRF-PI";"DEL01-PI";"UOP03-DEL01-PI"
660402;2025-02-09;"domingo";"20:00:00";"RO";364;378;"OURO PRETO DO OESTE";"Pista esburacada";"Queda de ocupante de veículo";"Com Vítimas Feridas";"Plena Noite";"Crescente";"Céu Claro";"Múltipla";"Reta";"Não";1;0;1;0;0;0;1;1;-10,7422942;-62,20886998;"SPRF-RO";"DEL02-RO";"UOP01-DEL02-RO"
660403;2025-02-09;"domingo";"18:45:00";"PE";232;213;"PESQUEIRA";"Manobra de mudança de faixa";"Colisão frontal";"Com Vítimas Fatais";"Plena Noite";"Crescente";"Céu Claro";"Simples";"Reta";"Não";5;2;1;1;0;1;2;2;-8,37683577;-36,7222201;"SPRF-PE";"DEL03-PE";"UOP02-DEL03-PE"
660406;2025-02-09;"domingo";"22:50:00";"PR";376;644;"TIJUCAS DO SUL";"Transitar na contramão";"Colisão frontal";"Com Vítimas Feridas";"Plena Noite";"Crescente";"Céu Claro";"Simples";"Curva";"Sim";5;0;1;0;4;0;1;2;-25,81419584;-49,13167969;"SPRF-PR";"DEL01-PR";"UOP04-DEL01-PR"
660407;2025-02-09;"domingo";"23:00:00";"RJ";493;26;"MAGE";"Ausência de reação do condutor";"Queda de ocupante de veículo";"Com Vítimas Feridas";"Plena Noite";"Crescente";"Céu Claro";"Simples";"Declive;Reta";"Não";1;0;1;0;0;0;1;1;-22,65667;-43,088413;"SPRF-RJ";"DEL04-RJ";"UOP02-DEL04-RJ"
660408;2025-02-09;"domingo";"19:00:00";"RJ";116;131;"MAGE";"Transitar na contramão";"Colisão frontal";"Com Vítimas Feridas";"Anoitecer";"Crescente";"Céu Claro";"Simples";"Curva";"Sim";3;0;1;1;1;0;2;2;-22,65608024;-43,12511494;"SPRF-RJ";"DEL04-RJ";"UOP02-DEL04-RJ"
660412;2025-02-09;"domingo";"21:15:00";"MA";316;196;"ZE DOCA";"Ingestão de álcool pelo condutor";"Colisão frontal";"Com Vítimas Fatais";"Plena Noite";"Decrescente";"Chuva";"Simples";"Reta";"Sim";2;1;1;0;0;0;1;2;-3,259696;-45,654808;"SPRF-MA";"DEL02-MA";"UOP01-DEL02-MA"
660413;2025-02-09;"domingo";"22:40:00";"MT";364;221;"RONDONOPOLIS";"Ingestão de álcool pelo condutor";"Saída de leito carroçável";"Sem Vítimas";"Plena Noite";"Decrescente";"Chuva";"Dupla";"Curva";"Não";1;0;0;0;1;0;0;1;-16,34067812;-54,74489333;"SPRF-MT";"DEL02-MT";"UOP01-DEL02-MT"
660414;2025-02-10;"segunda-feira";"00:10:00";"SP";116;221;"GUARULHOS";"Trafegar com motocicleta (ou similar) entre as faixas";"Colisão lateral mesmo sentido";"Com Vítimas Feridas";"Plena Noite";"Decrescente";"Céu Claro";"Múltipla";"Reta";"Não";2;0;1;0;0;1;1;2;-23,46802395;-46,50704901;"SPRF-SP";"DEL01-SP";"UOP01-DEL01-SP"
660415;2025-02-10;"segunda-feira";"00:25:00";"SP";116;220;"GUARULHOS";"Demais falhas mecânicas ou elétricas";"Colisão traseira";"Com Vítimas Feridas";"Plena Noite";"Decrescente";"Ignorado";"Múltipla";"Reta";"Sim";2;0;1;0;1;0;1;2;-23,46472809;-46,49793962;"SPRF-SP";"DEL01-SP";"UOP01-DEL01-SP"
660416;2025-02-09;"domingo";"23:00:00";"SC";116;58,3;"PAPANDUVA";"Velocidade Incompatível";"Saída de leito carroçável";"Com Vítimas Feridas";"Plena Noite";"Decrescente";"Céu Claro";"Simples";"Reta";"Não";1;0;1;0;0;0;1;1;-26,37772259;-50,19785907;"SPRF-SC";"DEL06-SC";"UOP02-DEL06-SC"
660417;2025-02-09;"domingo";"22:50:00";"MS";262;239;"RIBAS DO RIO PARDO";"Ausência de reação do condutor";"Colisão traseira";"Com Vítimas Feridas";"Plena Noite";"Crescente";"Céu Claro";"Simples";"Interseção de Vias;Rotatória";"Sim";3;0;3;0;0;0;3;2;-20,45684563;-53,75597803;"SPRF-MS";"DEL01-MS";"UOP05-DEL01-MS"
660418;2025-02-10;"segunda-feira";"00:40:00";"SP";116;211;"GUARULHOS";"Reação tardia ou ineficiente do condutor";"Colisão traseira";"Sem Vítimas";"Plena Noite";"Crescente";"Céu Claro";"Múltipla";"Reta";"Sim";3;0;0;0;1;2;0;3;-23,4324306;-46,4194352;"SPRF-SP";"DEL01-SP";"UOP01-DEL01-SP"
660419;2025-02-10;"segunda-feira";"00:30:00";"BA";367;38;"PORTO SEGURO";"Velocidade Incompatível";"Saída de leito carroçável";"Com Vítimas Feridas";"Plena Noite";"Crescente";"Ignorado";"Simples";"Reta";"Não";2;0;1;0;0;1;1;1;-16,3959773;-39,1933471;"SPRF-BA";"DEL09-BA";"UOP03-DEL09-BA"
660421;2025-02-09;"domingo";"14:50:00";"RJ";101;306;"SAO GONCALO";"Pedestre cruzava a pista fora da faixa";"Atropelamento de Pedestre";"Com Vítimas Feridas";"Pleno dia";"Decrescente";"Chuva";"Dupla";"Reta";"Não";2;0;0;1;1;0;1;2;-22,78913759;-43,00550909;"SPRF-RJ";"DEL02-RJ";"UOP02-DEL02-RJ"
660423;2025-02-09;"domingo";"19:50:00";"PR";277;207;"PALMEIRA";"Ausência de reação do condutor";"Colisão com objeto";"Sem Vítimas";"Anoitecer";"Crescente";"Céu Claro";"Simples";"Reta";"Não";1;0;0;0;0;1;0;1;-25,4649109;-50,26981701;"SPRF-PR";"DEL08-PR";"UOP02-DEL08-PR"
660425;2025-02-10;"segunda-feira";"01:10:00";"SP";116;204;"ARUJA";"Reação tardia ou ineficiente do condutor";"Colisão com objeto";"Sem Vítimas";"Plena Noite";"Crescente";"Vento";"Múltipla";"Reta";"Não";1;0;0;0;1;0;0;1;-23,41236123;-46,35692496;"SPRF-SP";"DEL01-SP";"UOP01-DEL01-SP"
660426;2025-02-09;"domingo";"22:00:00";"PR";153;353,4;"REBOUCAS";"Velocidade Incompatível";"Saída de leito carroçável";"Sem Vítimas";"Plena Noite";"Decrescente";"Céu Claro";"Simples";"Reta";"Não";1;0;0;0;1;0;0;1;-25,639368;-50,72877;"SPRF-PR";"DEL08-PR";"UOP02-DEL08-PR"
660428;2025-02-09;"domingo";"23:45:00";"RS";116;263;"CANOAS";"Manobra de mudança de faixa";"Colisão com objeto";"Sem Vítimas";"Plena Noite";"Decrescente";"Céu Claro";"Simples";"Reta";"Sim";1;0;0;0;1;0;0;1;-29,90545398;-51,17674031;"SPRF-RS";"DEL01-RS";"UOP01-DEL01-RS"
660429;2025-02-09;"domingo";"20:45:00";"SC";282;437;"VARGEM BONITA";"Condutor Dormindo";"Saída de leito carroçável";"Sem Vítimas";"Plena Noite";"Decrescente";"Céu Claro";"Simples";"Reta";"Não";1;0;0;0;0;1;0;1;-26,963764;-51,854839;"SPRF-SC";"DEL07-SC";"UOP04-DEL07-SC"
660430;2025-02-10;"segunda-feira";"01:00:00";"PR";153;463,1;"PORTO VITORIA";"Condutor Dormindo";"Saída de leito carroçável";"Com Vítimas Feridas";"Plena Noite";"Crescente";"Nublado";"Simples";"Reta;Declive";"Não";1;0;1;0;0;0;1;1;-26,25916701;-51,16865158;"SPRF-PR";"DEL02-PR";"UOP03-DEL02-PR"
660433;2025-02-10;"segunda-feira";"01:00:00";"PR";272;434,4;"GOIOERE";"Ausência de reação do condutor";"Colisão com objeto";"Com Vítimas Feridas";"Plena Noite";"Crescente";"Céu Claro";"Simples";"Declive;Rotatória";"Sim";1;0;1;0;0;0;1;1;-24,18629936;-53,00057888;"SPRF-PR";"DEL09-PR";"UOP03-DEL09-PR"
660434;2025-02-09;"domingo";"23:00:00";"MT";70;0;"BARRA DO GARCAS";"Ultrapassagem Indevida";"Saída de leito carroçável";"Sem Vítimas";"Plena Noite";"Decrescente";"Chuva";"Simples";"Interseção de Vias;Ponte;Curva";"Sim";2;0;0;0;1;1;0;2;-15,895538;-52,25599;"SPRF-MT";"DEL07-MT";"UOP01-DEL07-MT"
660438;2025-02-10;"segunda-feira";"02:20:00";"SC";101;367;"ICARA";"Reação tardia ou ineficiente do condutor";"Saída de leito carroçável";"Sem Vítimas";"Plena Noite";"Crescente";"Céu Claro";"Dupla";"Aclive;Reta";"Sim";1;0;0;0;0;1;0;1;-28,69145778;-49,16484911;"SPRF-SC";"DEL02-SC";"UOP01-DEL02-SC"
660439;2025-02-10;"segunda-feira";"05:00:00";"PR";163;160,9;"LINDOESTE";"Condutor Dormindo";"Capotamento";"Com Vítimas Feridas";"Plena Noite";"Crescente";"Céu Claro";"Dupla";"Declive";"Não";1;0;1;0;0;0;1;1;-25,31426283;-53,58898379;"SPRF-PR";"DEL05-PR";"UOP05-DEL05-PR"
660440;2025-02-10;"segunda-feira";"05:25:00";"PB";101;72,6;"SANTA RITA";"Ausência de reação do condutor";"Colisão com objeto";"Com Vítimas Fatais";"Amanhecer";"Crescente";"Céu Claro";"Dupla";"Reta";"Não";1;1;0;0;0;0;0;1;-7,07320663;-34,99569975;"SPRF-PB";"DEL01-PB";"UOP04-DEL01-PB"
660442;2025-02-10;"segunda-feira";"06:20:00";"SP";116;218,7;"GUARULHOS";"Reação tardia ou ineficiente do condutor";"Colisão lateral mesmo sentido";"Com Vítimas Feridas";"Pleno dia";"Crescente";"Céu Claro";"Dupla";"Reta";"Não";2;0;1;0;1;0;1;2;-23,457972;-46,479927;"SPRF-SP";"DEL01-SP";"UOP01-DEL01-SP"
660445;2025-02-10;"segunda-feira";"06:20:00";"RJ";101;323;"NITEROI";"Condutor deixou de manter distância do veículo da frente";"Colisão traseira";"Com Vítimas Feridas";"Pleno dia";"Decrescente";"Céu Claro";"Simples";"Reta;Ponte";"Sim";2;0;0;1;1;0;1;2;-22,87684786;-43,11728689;"SPRF-RJ";"DEL02-RJ";"UOP01-DEL02-RJ"
660449;2025-02-10;"segunda-feira";"06:00:00";"DF";40;3;"BRASILIA";"Manobra de mudança de faixa";"Colisão traseira";"Com Vítimas Feridas";"Pleno dia";"Crescente";"Céu Claro";"Dupla";"Declive;Reta;Viaduto";"Sim";2;0;1;0;1;0;1;2;-16,003145;-47,983944;"SPRF-DF";"DEL01-DF";"UOP01-DEL01-DF"
660451;2025-02-09;"domingo";"22:50:00";"MT";364;551;"ROSARIO OESTE";"Reação tardia ou ineficiente do condutor";"Saída de leito carroçável";"Sem Vítimas";"Plena Noite";"Crescente";"Nublado";"Dupla";"Reta";"Não";1;0;0;0;1;0;0;1;-14,78318;-56,380657;"SPRF-MT";"DEL01-MT";"UOP01-DEL01-MT"
660455;2025-02-10;"segunda-feira";"06:50:00";"PE";101;14;"GOIANA";"Acesso irregular";"Colisão lateral sentido oposto";"Com Vítimas Feridas";"Pleno dia";"Decrescente";"Céu Claro";"Simples";"Reta";"Não";1;0;0;1;0;0;1;1;-7,61202978;-34,97391343;"SPRF-PE";"DEL01-PE";"UOP02-DEL01-PE"
660457;2025-02-10;"segunda-feira";"07:20:00";"MG";40;735;"SANTOS DUMONT";"Velocidade Incompatível";"Saída de leito carroçável";"Sem Vítimas";"Pleno dia";"Crescente";"Céu Claro";"Simples";"Curva";"Não";1;0;0;0;1;0;0;1;-21,37012696;-43,57558994;"SPRF-MG";"DEL05-MG";"UOP01-DEL05-MG"
660458;2025-02-10;"segunda-feira";"06:25:00";"MT";364;585;"DIAMANTINO";"Chuva";"Saída de leito carroçável";"Com Vítimas Feridas";"Pleno dia";"Decrescente";"Chuva";"Dupla";"Reta;Declive;Retorno Regulamentado";"Não";1;0;1;0;0;0;1;1;-14,62259102;-56,26467497;"SPRF-MT";"DEL01-MT";"UOP01-DEL01-MT"
660460;2025-02-10;"segunda-feira";"07:10:00";"PR";277;323;"GUARAPUAVA";"Frear bruscamente";"Engavetamento";"Com Vítimas Feridas";"Pleno dia";"Decrescente";"Céu Claro";"Simples";"Aclive;Reta";"Não";5;0;2;0;3;0;2;3;-25,36322295;-51,24475004;"SPRF-PR";"DEL08-PR";"UOP01-DEL08-PR"
660461;2025-02-10;"segunda-feira";"07:35:00";"PB";101;67;"SANTA RITA";"Condutor Dormindo";"Colisão com objeto";"Sem Vítimas";"Pleno dia";"Crescente";"Céu Claro";"Dupla";"Declive";"Não";1;0;0;0;1;0;0;1;-7,05298058;-35,03595029;"SPRF-PB";"DEL01-PB";"UOP04-DEL01-PB"
660462;2025-02-10;"segunda-feira";"02:00:00";"RO";364;343;"JI-PARANA";"Ausência de reação do condutor";"Colisão traseira";"Com Vítimas Feridas";"Plena Noite";"Crescente";"Céu Claro";"Múltipla";"Reta";"Sim";2;0;1;0;1;0;1;2;-10,87878519;-61,94499012;"SPRF-RO";"DEL02-RO";"UOP01-DEL02-RO"
660463;2025-02-10;"segunda-feira";"07:10:00";"MG";116;816,4;"ALEM PARAIBA";"Acessar a via sem observar a presença dos outros veículos";"Colisão transversal";"Com Vítimas Feridas";"Pleno dia";"Crescente";"Céu Claro";"Simples";"Reta;Interseção de Vias";"Não";3;0;2;0;1;0;2;2;-21,86902523;-42,67084185;"SPRF-MG";"DEL07-MG";"UOP01-DEL07-MG"
660465;2025-02-10;"segunda-feira";"07:30:00";"AL";104;71;"MURICI";"Demais falhas mecânicas ou elétricas";"Incêndio";"Sem Vítimas";"Pleno dia";"Crescente";"Céu Claro";"Simples";"Curva";"Não";1;0;0;0;1;0;0;1;-9,3554618;-35,85400192;"SPRF-AL";"DEL01-AL";"UOP02-DEL01-AL"
660466;2025-02-10;"segunda-feira";"08:10:00";"BA";324;619;"SALVADOR";"Manobra de mudança de faixa";"Colisão traseira";"Com Vítimas Feridas";"Pleno dia";"Crescente";"Céu Claro";"Múltipla";"Reta";"Sim";2;0;1;0;1;0;1;2;-12,89820999;-38,45012202;"SPRF-BA";"DEL01-BA";"UOP01-DEL01-BA"
660467;2025-02-10;"segunda-feira";"07:25:00";"RS";290;88;"PORTO ALEGRE";"Condutor deixou de manter distância do veículo da frente";"Colisão traseira";"Sem Vítimas";"Pleno dia";"Crescente";"Céu Claro";"Dupla";"Reta";"Não";4;0;0;0;4;0;0;3;-29,967531;-51,137264;"SPRF-RS";"DEL01-RS";"UOP01-DEL01-RS"
660468;2025-02-10;"segunda-feira";"06:50:00";"MS";60;628;"JARDIM";"Animais na Pista";"Tombamento";"Com Vítimas Feridas";"Pleno dia";"Decrescente";"Céu Claro";"Simples";"Reta";"Não";2;0;2;0;0;0;2;1;-21,74686087;-56,25930863;"SPRF-MS";"DEL05-MS";"UOP01-DEL05-MS"
660470;2025-02-10;"segunda-feira";"07:30:00";"MG";116;700,4;"MURIAE";"Conversão proibida";"Colisão transversal";"Com Vítimas Feridas";"Pleno dia";"Decrescente";"Nublado";"Simples";"Reta";"Sim";2;0;1;0;1;0;1;2;-21,10951434;-42,38031864;"SPRF-MG";"DEL07-MG";"UOP02-DEL07-MG"
660472;2025-02-10;"segunda-feira";"07:40:00";"RJ";101;325;"RIO DE JANEIRO";"Ausência de reação do condutor";"Colisão traseira";"Com Vítimas Feridas";"Pleno dia";"Decrescente";"Céu Claro";"Dupla";"Reta;Ponte";"Sim";2;0;1;0;1;0;1;2;-22,87292569;-43,13625699;"SPRF-RJ";"DEL02-RJ";"UOP01-DEL02-RJ"
660474;2025-02-10;"segunda-feira";"07:00:00";"PI";230;308;"FLORIANO";"Conversão proibida";"Colisão transversal";"Com Vítimas Feridas";"Pleno dia";"Crescente";"Céu Claro";"Simples";"Reta";"Sim";2;0;1;0;1;0;1;2;-6,78159309;-43,00121707;"SPRF-PI";"DEL03-PI";"UOP01-DEL03-PI"
660475;2025-02-09;"domingo";"23:15:00";"SC";101;271;"IMBITUBA";"Velocidade Incompatível";"Colisão frontal";"Com Vítimas Feridas";"Plena Noite";"Crescente";"Céu Claro";"Dupla";"Reta";"Não";4;0;2;2;0;0;4;2;-28,11011972;-48,70211279;"SPRF-SC";"DEL02-SC";"UOP03-DEL02-SC"
660479;2025-02-10;"segunda-feira";"09:15:00";"RS";386;410;"TRIUNFO";"Mal súbito do condutor";"Saída de leito carroçável";"Com Vítimas Feridas";"Pleno dia";"Decrescente";"Céu Claro";"Simples";"Curva";"Sim";1;0;1;0;0;0;1;1;-29,800684;-51,518406;"SPRF-RS";"DEL04-RS";"UOP02-DEL04-RS"
660480;2025-02-10;"segunda-feira";"07:10:00";"RJ";40;116;"DUQUE DE CAXIAS";"Reação tardia ou ineficiente do condutor";"Queda de ocupante de veículo";"Com Vítimas Feridas";"Pleno dia";"Decrescente";"Céu Claro";"Múltipla";"Reta";"Sim";1;0;1;0;0;0;1;1;-22,73662299;-43,28858785;"SPRF-RJ";"DEL01-RJ";"UOP02-DEL01-RJ"
660482;2025-01-28;"terça-feira";"15:10:00";"MA";316;235,6;"BOM JARDIM";"Conversão proibida";"Colisão transversal";"Com Vítimas Feridas";"Pleno dia";"Crescente";"Céu Claro";"Simples";"Reta";"Sim";2;0;1;0;1;0;1;2;-3,567083;-45,579624;"SPRF-MA";"DEL02-MA";"UOP01-DEL02-MA"
660483;2025-02-10;"segunda-feira";"09:20:00";"SC";101;356,9;"JAGUARUNA";"Acumulo de areia ou detritos sobre o pavimento";"Saída de leito carroçável";"Com Vítimas Feridas";"Pleno dia";"Crescente";"Céu Claro";"Simples";"Curva;Interseção de Vias";"Sim";1;0;1;0;0;0;1;1;-28,635168;-49,09467;"SPRF-SC";"DEL02-SC";"UOP01-DEL02-SC"
660484;2025-02-10;"segunda-feira";"09:20:00";"SP";116;58;"LORENA";"Condutor deixou de manter distância do veículo da frente";"Colisão traseira";"Com Vítimas Feridas";"Pleno dia";"Crescente";"Céu Claro";"Dupla";"Reta;Em Obras";"Sim";4;0;1;0;3;0;1;2;-22,78005511;-45,14572791;"SPRF-SP";"DEL08-SP";"UOP01-DEL08-SP"
660485;2025-02-10;"segunda-feira";"06:50:00";"RJ";40;67;"PETROPOLIS";"Reação tardia ou ineficiente do condutor";"Colisão traseira";"Com Vítimas Feridas";"Pleno dia";"Decrescente";"Céu Claro";"Dupla";"Reta";"Não";2;0;1;0;1;0;1;2;-22,43674775;-43,1756712;"SPRF-RJ";"DEL05-RJ";"UOP02-DEL05-RJ"
660486;2025-02-10;"segunda-feira";"09:35:00";"SC";101;416,8;"ARARANGUA";"Condutor deixou de manter distância do veículo da frente";"Colisão traseira";"Com Vítimas Feridas";"Pleno dia";"Crescente";"Sol";"Dupla";"Reta";"Não";2;0;1;0;0;1;1;2;-28,97991271;-49,53666687;"SPRF-SC";"DEL02-SC";"UOP02-DEL02-SC"
660488;2025-02-10;"segunda-feira";"10:00:00";"SC";101;151;"ITAPEMA";"Reação tardia ou ineficiente do condutor";"Engavetamento";"Com Vítimas Feridas";"Pleno dia";"Crescente";"Sol";"Múltipla";"Reta";"Sim";5;0;2;0;2;1;2;3;-27,126536;-48,609642;"SPRF-SC";"DEL04-SC";"UOP03-DEL04-SC"
660492;2025-02-10;"segunda-feira";"10:32:00";"RN";101;94;"NATAL";"Condutor deixou de manter distância do veículo da frente";"Colisão traseira";"Com Vítimas Feridas";"Pleno dia";"Crescente";"Céu Claro";"Simples";"Reta";"Sim";2;0;0;1;1;0;1;2;-5,83455213;-35,21241546;"SPRF-RN";"DEL01-RN";"UOP01-DEL01-RN"
660495;2025-02-10;"segunda-feira";"10:50:00";"CE";116;22;"AQUIRAZ";"Acessar a via sem observar a presença dos outros veículos";"Colisão transversal";"Com Vítimas Feridas";"Pleno dia";"Decrescente";"Céu Claro";"Dupla";"Reta";"Não";2;0;2;0;0;0;2;2;-3,94070798;-38,50918633;"SPRF-CE";"DEL01-CE";"UOP02-DEL01-CE"
660497;2025-02-10;"segunda-feira";"07:10:00";"SC";470;2;"NAVEGANTES";"Acessar a via sem observar a presença dos outros veículos";"Colisão transversal";"Com Vítimas Feridas";"Pleno dia";"Decrescente";"Céu Claro";"Simples";"Interseção de Vias;Rotatória;Viaduto;Retorno Regulamentado";"Sim";2;0;2;0;0;0;2;2;-26,868551;-48,674831;"SPRF-SC";"DEL04-SC";"UOP04-DEL04-SC"
660498;2025-01-18;"sábado";"01:55:00";"RS";290;79;"CACHOEIRINHA";"Ingestão de álcool pelo condutor";"Colisão traseira";"Sem Vítimas";"Plena Noite";"Decrescente";"Céu Claro";"Múltipla";"Reta";"Não";6;0;0;0;6;0;0;2;-29,952908;-51,048054;"SPRF-RS";"DEL01-RS";"UOP01-DEL01-RS"
660499;2025-02-10;"segunda-feira";"12:00:00";"RS";386;389;"TRIUNFO";"Manobra de mudança de faixa";"Colisão traseira";"Com Vítimas Feridas";"Pleno dia";"Decrescente";"Céu Claro";"Simples";"Reta";"Sim";2;0;1;0;1;0;1;2;-29,699799;-51,686905;"SPRF-RS";"DEL04-RS";"UOP02-DEL04-RS"
660500;2025-02-05;"quarta-feira";"12:00:00";"MG";50;81;"UBERLANDIA";"Ultrapassagem Indevida";"Colisão lateral mesmo sentido";"Com Vítimas Feridas";"Pleno dia";"Decrescente";"Céu Claro";"Dupla";"Viaduto";"Sim";2;0;1;0;1;0;1;2;-18,986906;-48,211853;"SPRF-MG";"DEL15-MG";"UOP01-DEL15-MG"
660501;2025-02-10;"segunda-feira";"12:09:00";"RN";101;94;"NATAL";"Acumulo de areia ou detritos sobre o pavimento";"Tombamento";"Com Vítimas Feridas";"Pleno dia";"Crescente";"Céu Claro";"Dupla";"Viaduto";"Sim";1;0;1;0;0;0;1;1;-5,83176615;-35,21191342;"SPRF-RN";"DEL01-RN";"UOP01-DEL01-RN"
660503;2025-02-10;"segunda-feira";"11:25:00";"AL";101;203,1;"SAO SEBASTIAO";"Velocidade Incompatível";"Queda de ocupante de veículo";"Com Vítimas Fatais";"Pleno dia";"Crescente";"Sol";"Dupla";"Reta;Declive";"Não";1;1;0;0;0;0;0;1;-9,97355978;-36,55619114;"SPRF-AL";"DEL02-AL";"UOP02-DEL02-AL"
660504;2025-02-10;"segunda-feira";"12:30:00";"ES";101;319,7;"VILA VELHA";"Demais falhas mecânicas ou elétricas";"Tombamento";"Com Vítimas Feridas";"Pleno dia";"Decrescente";"Céu Claro";"Dupla";"Aclive";"Não";1;0;1;0;0;0;1;1;-20,50358302;-40,47483522;"SPRF-ES";"DEL03-ES";"UOP01-DEL03-ES"
660505;2025-02-10;"segunda-feira";"12:50:00";"RS";386;397;"TRIUNFO";"Demais falhas mecânicas ou elétricas";"Tombamento";"Com Vítimas Feridas";"Pleno dia";"Decrescente";"Sol";"Dupla";"Curva";"Não";1;0;1;0;0;0;1;1;-29,738066;-51,624626;"SPRF-RS";"DEL04-RS";"UOP02-DEL04-RS"
660506;2025-02-10;"segunda-feira";"11:00:00";"RJ";40;120;"DUQUE DE CAXIAS";"Acessar a via sem observar a presença dos outros veículos";"Colisão lateral mesmo sentido";"Com Vítimas Feridas";"Pleno dia";"Decrescente";"Céu Claro";"Dupla";"Reta";"Sim";2;0;1;0;1;0;1;2;-22,77280597;-43,28626763;"SPRF-RJ";"DEL01-RJ";"UOP02-DEL01-RJ"
660507;2025-02-10;"segunda-feira";"13:00:00";"MG";381;362;"JOAO MONLEVADE";"Retorno proibido";"Colisão transversal";"Sem Vítimas";"Pleno dia";"Decrescente";"Céu Claro";"Simples";"Reta;Aclive";"Não";3;0;0;0;3;0;0;2;-19,84955579;-43,25424839;"SPRF-MG";"DEL03-MG";"UOP01-DEL03-MG"