"id";"data_inversa";"dia_semana";"horario";"uf";"br";"km";"municipio";"causa_acidente";"tipo_acidente";"classificacao_acidente";"fase_dia";"sentido_via";"condicao_metereologica";"tipo_pista";"tracado_via";"uso_solo";"pessoas";"mortos";"feridos_leves";"feridos_graves";"ilesos";"ignorados";"feridos";"veiculos";"latitude";"longitude";"regional";"delegacia";"uop"
660510;2025-02-10;"segunda-feira";"13:00:00";"BA";116;652;"JEQUIE";"Acesso irregular";"Colisão transversal";"Sem Vítimas";"Pleno dia";"Crescente";"Nublado";"Simples";"Reta";"Não";2;0;0;0;1;1;0;2;-13,62855903;-40,09262869;"SPRF-BA";"DEL03-BA";"UOP01-DEL03-BA"
660511;2025-02-10;"segunda-feira";"12:49:00";"PE";101;57;"PAULISTA";"Condutor deixou de manter distância do veículo da frente";"Colisão traseira";"Com Vítimas Feridas";"Pleno dia";"Decrescente";"Céu Claro";"Dupla";"Reta";"Sim";3;0;1;0;2;0;1;3;-7,96346213;-34,91513486;"SPRF-PE";"DEL01-PE";"UOP02-DEL01-PE"
660514;2025-02-10;"segunda-feira";"11:00:00";"RJ";101;450;"MANGARATIBA";"Reação tardia ou ineficiente do condutor";"Tombamento";"Com Vítimas Feridas";"Pleno dia";"Decrescente";"Sol";"Simples";"Reta";"Não";1;0;0;1;0;0;1;1;-23,02288754;-44,11624415;"SPRF-RJ";"DEL03-RJ";"UOP02-DEL03-RJ"
660515;2025-02-10;"segunda-feira";"11:50:00";"PR";376;301;"MAUA DA SERRA";"Ausência de reação do condutor";"Colisão traseira";"Sem Vítimas";"Pleno dia";"Crescente";"Céu Claro";"Dupla";"Curva;Declive";"Não";5;0;0;0;5;0;0;2;-23,93418;-51,156854;"SPRF-PR";"DEL07-PR";"UOP02-DEL07-PR"
660519;2025-01-17;"sexta-feira";"19:25:00";"PR";158;532,8;"PATO BRANCO";"Desrespeitar a preferência no cruzamento";"Colisão transversal";"Com Vítimas Feridas";"Plena Noite";"Crescente";"Céu Claro";"Dupla";"Interseção de Vias";"Sim";3;0;1;0;2;0;1;3;-26,21099702;-52,6807167;"SPRF-PR";"DEL02-PR";"UOP01-DEL02-PR"
660520;2025-02-10;"segunda-feira";"14:15:00";"PE";101;68,7;"RECIFE";"Reação tardia ou ineficiente do condutor";"Queda de ocupante de veículo";"Com Vítimas Feridas";"Pleno dia";"Crescente";"Sol";"Múltipla";"Reta";"Sim";1;0;1;0;0;0;1;1;-8,05074296;-34,94580619;"SPRF-PE";"DEL01-PE";"UOP01-DEL01-PE"
660521;2025-02-09;"domingo";"17:00:00";"MA";316;619;"TIMON";"Ausência de reação do condutor";"Colisão traseira";"Com Vítimas Feridas";"Pleno dia";"Crescente";"Nublado";"Simples";"Reta";"Sim";2;0;1;0;0;1;1;2;-5,119788;-42,824196;"SPRF-MA";"DEL03-MA";"UOP02-DEL03-MA"
660524;2025-02-10;"segunda-feira";"11:00:00";"TO";153;341;"GUARAI";"Ausência de reação do condutor";"Saída de leito carroçável";"Sem Vítimas";"Pleno dia";"Crescente";"Céu Claro";"Simples";"Reta";"Não";3;0;0;0;3;0;0;1;-8,89955402;-48,50907659;"SPRF-TO";"DEL02-TO";"UOP02-DEL02-TO"
660528;2025-02-10;"segunda-feira";"12:10:00";"RJ";116;240,8;"PIRAI";"Reação tardia ou ineficiente do condutor";"Atropelamento de Pedestre";"Com Vítimas Feridas";"Pleno dia";"Crescente";"Sol";"Dupla";"Reta";"Não";2;0;1;0;1;0;1;2;-22,65028398;-43,89345097;"SPRF-RJ";"DEL07-RJ";"UOP01-DEL07-RJ"
660529;2025-02-10;"segunda-feira";"15:00:00";"RS";116;236;"NOVO HAMBURGO";"Demais falhas mecânicas ou elétricas";"Queda de ocupante de veículo";"Com Vítimas Feridas";"Pleno dia";"Decrescente";"Céu Claro";"Dupla";"Viaduto;Declive";"Sim";2;0;0;2;0;0;2;1;-29,66938502;-51,14304731;"SPRF-RS";"DEL01-RS";"UOP02-DEL01-RS"
660530;2025-02-10;"segunda-feira";"11:40:00";"RJ";356;148;"CAMPOS DOS GOYTACAZES";"Velocidade Incompatível";"Colisão com objeto";"Com Vítimas Feridas";"Pleno dia";"Crescente";"Céu Claro";"Dupla";"Reta";"Sim";1;0;1;0;0;0;1;1;-21,77876606;-41,29048496;"SPRF-RJ";"DEL08-RJ";"UOP02-DEL08-RJ"
660531;2025-02-10;"segunda-feira";"14:50:00";"PR";476;152,2;"ARAUCARIA";"Acostamento em desnível";"Tombamento";"Com Vítimas Feridas";"Pleno dia";"Decrescente";"Sol";"Dupla";"Curva";"Não";2;0;1;0;1;0;1;1;-25,570036;-49,384193;"SPRF-PR";"DEL01-PR";"UOP06-DEL01-PR"
660532;2025-02-10;"segunda-feira";"14:20:00";"MG";50;145;"UBERABA";"Ausência de reação do condutor";"Colisão com objeto";"Com Vítimas Feridas";"Pleno dia";"Crescente";"Nublado";"Dupla";"Curva";"Não";1;0;1;0;0;0;1;1;-19,51997196;-48,03997088;"SPRF-MG";"DEL13-MG";"UOP01-DEL13-MG"
660533;2025-02-10;"segunda-feira";"15:15:00";"RS";386;413;"MONTENEGRO";"Retorno proibido";"Colisão transversal";"Com Vítimas Feridas";"Pleno dia";"Crescente";"Céu Claro";"Simples";"Reta";"Não";2;0;2;0;0;0;2;2;-29,814081;-51,493126;"SPRF-RS";"DEL04-RS";"UOP02-DEL04-RS"
660535;2025-02-10;"segunda-feira";"06:25:00";"MA";135;46;"BACABEIRA";"Demais falhas mecânicas ou elétricas";"Incêndio";"Sem Vítimas";"Pleno dia";"Decrescente";"Céu Claro";"Dupla";"Reta";"Não";1;0;0;0;1;0;0;1;-2,93050867;-44,33424959;"SPRF-MA";"DEL01-MA";"UOP01-DEL01-MA"
660536;2025-02-10;"segunda-feira";"14:00:00";"AM";230;612;"HUMAITA";"Acessar a via sem observar a presença dos outros veículos";"Colisão transversal";"Com Vítimas Feridas";"Pleno dia";"Crescente";"Céu Claro";"Dupla";"Interseção de Vias";"Sim";2;0;1;0;1;0;1;2;-7,51345302;-63,02941918;"SPRF-AM";"DEL01-AM";"UOP05-DEL01-AM"
660537;2025-02-10;"segunda-feira";"10:45:00";"RJ";101;305;"SAO GONCALO";"Condutor deixou de manter distância do veículo da frente";"Engavetamento";"Sem Vítimas";"Pleno dia";"Crescente";"Céu Claro";"Múltipla";"Reta";"Sim";5;0;0;0;5;0;0;3;-22,78702832;-42,99589293;"SPRF-RJ";"DEL02-RJ";"UOP02-DEL02-RJ"
660539;2025-02-10;"segunda-feira";"15:20:00";"MG";262;115;"RIO CASCA";"Condutor Dormindo";"Saída de leito carroçável";"Com Vítimas Feridas";"Pleno dia";"Decrescente";"Nublado";"Simples";"Desvio Temporário;Reta;Declive";"Não";4;0;3;1;0;0;4;1;-20,24041396;-42,61531397;"SPRF-MG";"DEL03-MG";"UOP03-DEL03-MG"
660540;2025-02-10;"segunda-feira";"13:30:00";"MG";262;797,2;"UBERABA";"Ultrapassagem Indevida";"Colisão frontal";"Com Vítimas Feridas";"Pleno dia";"Decrescente";"Sol";"Simples";"Declive;Reta";"Não";6;0;6;0;0;0;6;2;-19,77457655;-47,91782766;"SPRF-MG";"DEL13-MG";"UOP01-DEL13-MG"
660542;2025-02-10;"segunda-feira";"02:35:00";"RS";290;94;"PORTO ALEGRE";"Manobra de mudança de faixa";"Colisão lateral mesmo sentido";"Com Vítimas Feridas";"Plena Noite";"Crescente";"Céu Claro";"Múltipla";"Reta";"Sim";2;0;2;0;0;0;2;1;-29,973856;-51,197853;"SPRF-RS";"DEL01-RS";"UOP01-DEL01-RS"
660544;2025-02-10;"segunda-feira";"16:20:00";"PB";230;313,3;"SAO MAMEDE";"Condutor deixou de manter distância do veículo da frente";"Colisão traseira";"Com Vítimas Feridas";"Pleno dia";"Crescente";"Céu Claro";"Simples";"Reta";"Não";2;0;1;0;1;0;1;2;-6,9371;-37,0949;"SPRF-PB";"DEL03-PB";"UOP01-DEL03-PB"
660545;2025-02-10;"segunda-feira";"16:30:00";"SC";101;214,5;"PALHOCA";"Trafegar com motocicleta (ou similar) entre as faixas";"Queda de ocupante de veículo";"Com Vítimas Feridas";"Pleno dia";"Crescente";"Céu Claro";"Dupla";"Reta";"Sim";3;0;2;0;1;0;2;2;-27,64443;-48,67057;"SPRF-SC";"DEL01-SC";"UOP02-DEL01-SC"
660546;2025-02-10;"segunda-feira";"15:30:00";"MG";381;886,7;"CAMBUI";"Condutor Dormindo";"Saída de leito carroçável";"Com Vítimas Feridas";"Pleno dia";"Crescente";"Céu Claro";"Dupla";"Reta";"Não";1;0;1;0;0;0;1;1;-22,55262102;-46,03939916;"SPRF-MG";"DEL16-MG";"UOP01-DEL16-MG"
660547;2025-02-10;"segunda-feira";"15:15:00";"MG";40;506;"RIBEIRAO DAS NEVES";"Transitar no Acostamento";"Colisão traseira";"Sem Vítimas";"Pleno dia";"Decrescente";"Céu Claro";"Dupla";"Reta";"Sim";2;0;0;0;1;1;0;2;-19,74716686;-44,14731173;"SPRF-MG";"DEL02-MG";"UOP01-DEL02-MG"
660551;2025-02-10;"segunda-feira";"13:20:00";"SP";101;25;"UBATUBA";"Transitar na contramão";"Colisão frontal";"Com Vítimas Fatais";"Pleno dia";"Crescente";"Céu Claro";"Múltipla";"Curva";"Não";4;2;1;1;0;0;2;2;-23,35526999;-44,94599221;"SPRF-SP";"DEL06-SP";"UOP01-DEL06-SP"
660552;2025-02-10;"segunda-feira";"15:40:00";"PR";153;18,7;"JACAREZINHO";"Acesso irregular";"Colisão transversal";"Com Vítimas Feridas";"Pleno dia";"Decrescente";"Céu Claro";"Simples";"Reta";"Sim";2;0;0;1;1;0;1;2;-23,135487;-49,9450358;"SPRF-PR";"DEL07-PR";"UOP04-DEL07-PR"
660561;2025-02-10;"segunda-feira";"17:00:00";"RJ";101;66;"CAMPOS DOS GOYTACAZES";"Acessar a via sem observar a presença dos outros veículos";"Colisão transversal";"Com Vítimas Feridas";"Pleno dia";"Crescente";"Céu Claro";"Dupla";"Curva;Rotatória";"Não";2;0;1;0;1;0;1;2;-21,76090387;-41,34788959;"SPRF-RJ";"DEL08-RJ";"UOP02-DEL08-RJ"
660562;2025-02-10;"segunda-feira";"17:00:00";"PR";277;730;"FOZ DO IGUACU";"Ingestão de álcool pelo condutor";"Engavetamento";"Sem Vítimas";"Pleno dia";"Decrescente";"Céu Claro";"Simples";"Curva;Aclive";"Não";3;0;0;0;3;0;0;3;-25,50826305;-54,59238593;"SPRF-PR";"DEL05-PR";"UOP03-DEL05-PR"
660563;2025-02-10;"segunda-feira";"18:00:00";"SC";470;140;"RIO DO SUL";"Trafegar com motocicleta (ou similar) entre as faixas";"Colisão lateral mesmo sentido";"Com Vítimas Feridas";"Pleno dia";"Decrescente";"Sol";"Simples";"Retorno Regulamentado";"Sim";2;0;1;0;1;0;1;2;-27,20478912;-49,6384697;"SPRF-SC";"DEL04-SC";"UOP02-DEL04-SC"
660564;2025-02-10;"segunda-feira";"17:50:00";"BA";101;505;"ITABUNA";"Acessar a via sem observar a presença dos outros veículos";"Colisão transversal";"Com Vítimas Feridas";"Anoitecer";"Crescente";"Céu Claro";"Simples";"Viaduto";"Sim";2;0;1;0;1;0;1;2;-14,949265;-39,3042109;"SPRF-BA";"DEL05-BA";"UOP01-DEL05-BA"
660565;2025-02-10;"segunda-feira";"16:45:00";"RS";287;339,2;"SAO VICENTE DO SUL";"Condutor Dormindo";"Colisão frontal";"Com Vítimas Feridas";"Pleno dia";"Decrescente";"Sol";"Simples";"Curva";"Não";3;0;2;0;1;0;2;2;-29,60475801;-54,68849634;"SPRF-RS";"DEL12-RS";"UOP02-DEL12-RS"
660566;2025-02-10;"segunda-feira";"17:20:00";"RJ";101;310;"SAO GONCALO";"Reação tardia ou ineficiente do condutor";"Colisão traseira";"Com Vítimas Feridas";"Anoitecer";"Crescente";"Céu Claro";"Dupla";"Reta";"Sim";2;0;0;1;1;0;1;2;-22,79717023;-43,04404993;"SPRF-RJ";"DEL02-RJ";"UOP02-DEL02-RJ"
660567;2025-02-10;"segunda-feira";"18:08:00";"TO";10;457;"PALMAS";"Ausência de reação do condutor";"Colisão traseira";"Com Vítimas Feridas";"Pleno dia";"Decrescente";"Céu Claro";"Múltipla";"Reta";"Sim";2;0;2;0;0;0;2;2;-10,20499186;-48,16363986;"SPRF-TO";"DEL01-TO";"UOP03-DEL01-TO"
660568;2025-02-10;"segunda-feira";"17:45:00";"SC";280;67,3;"JARAGUA DO SUL";"Desrespeitar a preferência no cruzamento";"Colisão transversal";"Com Vítimas Feridas";"Pleno dia";"Crescente";"Céu Claro";"Simples";"Reta";"Sim";3;0;1;0;2;0;1;2;-26,4775146;-49,10363575;"SPRF-SC";"DEL03-SC";"UOP03-DEL03-SC"
660570;2025-02-10;"segunda-feira";"17:50:00";"SC";101;207,5;"SAO JOSE";"Trafegar com motocicleta (ou similar) entre as faixas";"Colisão traseira";"Com Vítimas Feridas";"Anoitecer";"Decrescente";"Céu Claro";"Múltipla";"Reta";"Sim";2;0;1;0;1;0;1;2;-27,60001226;-48,6226467;"SPRF-SC";"DEL01-SC";"UOP01-DEL01-SC"
660571;2025-02-10;"segunda-feira";"14:10:00";"RO";364;14;"VILHENA";"Ausência de reação do condutor";"Colisão traseira";"Com Vítimas Feridas";"Pleno dia";"Decrescente";"Nublado";"Simples";"Reta";"Sim";2;0;1;0;1;0;1;2;-12,73898138;-60,13911417;"SPRF-RO";"DEL04-RO";"UOP01-DEL04-RO"
660573;2025-02-10;"segunda-feira";"18:00:00";"SC";101;132;"CAMBORIU";"Conversão proibida";"Colisão transversal";"Com Vítimas Feridas";"Anoitecer";"Crescente";"Céu Claro";"Múltipla";"Interseção de Vias";"Sim";2;0;1;0;1;0;1;2;-26,99654133;-48,65564711;"SPRF-SC";"DEL04-SC";"UOP03-DEL04-SC"
660575;2025-02-10;"segunda-feira";"17:30:00";"SP";153;183;"LINS";"Acessar a via sem observar a presença dos outros veículos";"Colisão transversal";"Com Vítimas Feridas";"Pleno dia";"Decrescente";"Sol";"Simples";"Interseção de Vias";"Não";5;0;1;0;4;0;1;2;-21,70725279;-49,80257014;"SPRF-SP";"DEL07-SP";"UOP01-DEL07-SP"
660576;2025-02-10;"segunda-feira";"18:40:00";"GO";60;116;"TEREZOPOLIS DE GOIAS";"Avarias e/ou desgaste excessivo no pneu";"Saída de leito carroçável";"Sem Vítimas";"Anoitecer";"Decrescente";"Chuva";"Dupla";"Curva;Declive";"Não";2;0;0;0;1;1;0;2;-16,4732;-49,0789;"SPRF-GO";"DEL01-GO";"UOP01-DEL01-GO"
660577;2025-02-10;"segunda-feira";"18:50:00";"RJ";101;322,8;"NITEROI";"Manobra de mudança de faixa";"Colisão lateral mesmo sentido";"Com Vítimas Feridas";"Plena Noite";"Crescente";"Céu Claro";"Múltipla";"Reta";"Sim";2;0;1;0;1;0;1;2;-22,87734162;-43,11587691;"SPRF-RJ";"DEL02-RJ";"UOP01-DEL02-RJ"
660578;2025-02-10;"segunda-feira";"17:00:00";"PE";101;71;"RECIFE";"Ausência de reação do condutor";"Colisão traseira";"Com Vítimas Feridas";"Anoitecer";"Crescente";"Céu Claro";"Simples";"Curva";"Sim";3;0;2;0;1;0;2;2;-8,076557;-34,940963;"SPRF-PE";"DEL01-PE";"UOP01-DEL01-PE"
660579;2025-02-10;"segunda-feira";"18:30:00";"PE";232;7,9;"RECIFE";"Iluminação deficiente";"Saída de leito carroçável";"Com Vítimas Feridas";"Plena Noite";"Decrescente";"Céu Claro";"Dupla";"Reta";"Sim";2;0;1;1;0;0;2;1;-8,07333497;-34,96184301;"SPRF-PE";"DEL01-PE";"UOP01-DEL01-PE"
660580;2025-02-10;"segunda-feira";"18:20:00";"SC";101;117;"ITAJAI";"Ausência de reação do condutor";"Colisão lateral mesmo sentido";"Com Vítimas Feridas";"Anoitecer";"Crescente";"Nublado";"Dupla";"Reta";"Não";2;0;0;1;1;0;1;2;-26,88747187;-48,72252969;"SPRF-SC";"DEL04-SC";"UOP04-DEL04-SC"
660581;2025-02-10;"segunda-feira";"17:10:00";"RJ";101;451;"MANGARATIBA";"Ultrapassagem Indevida";"Colisão lateral mesmo sentido";"Com Vítimas Feridas";"Pleno dia";"Decrescente";"Céu Claro";"Simples";"Curva;Declive";"Sim";3;0;1;1;1;0;2;2;-23,02615025;-44,12477186;"SPRF-RJ";"DEL03-RJ";"UOP02-DEL03-RJ"
660582;2025-02-10;"segunda-feira";"18:30:00";"RN";101;84,3;"SAO GONCALO DO AMARANTE";"Pedestre cruzava a pista fora da faixa";"Atropelamento de Pedestre";"Com Vítimas Fatais";"Anoitecer";"Crescente";"Céu Claro";"Dupla";"Reta";"Sim";2;1;0;0;1;0;0;2;-5,775133;-35,255468;"SPRF-RN";"DEL02-RN";"UOP01-DEL02-RN"
660584;2025-02-10;"segunda-feira";"18:50:00";"SC";101;210,1;"SAO JOSE";"Condutor deixou de manter distância do veículo da frente";"Colisão traseira";"Com Vítimas Feridas";"Anoitecer";"Crescente";"Céu Claro";"Simples";"Reta";"Sim";2;0;1;0;1;0;1;2;-27,6167305;-48,6457265;"SPRF-SC";"DEL01-SC";"UOP01-DEL01-SC"
660585;2025-02-10;"segunda-feira";"17:45:00";"SC";282;0,9;"FLORIANOPOLIS";"Condutor deixou de manter distância do veículo da frente";"Colisão traseira";"Com Vítimas Feridas";"Pleno dia";"Crescente";"Céu Claro";"Múltipla";"Reta";"Sim";2;0;0;1;1;0;1;2;-27,59845;-48,571995;"SPRF-SC";"DEL01-SC";"UOP01-DEL01-SC"
660586;2025-02-10;"segunda-feira";"18:10:00";"PI";343;326,9;"TERESINA";"Objeto estático sobre o leito carroçável";"Colisão com objeto";"Com Vítimas Feridas";"Anoitecer";"Decrescente";"Céu Claro";"Simples";"Reta";"Não";2;0;0;2;0;0;2;1;-5,069462;-42,617474;"SPRF-PI";"DEL01-PI";"UOP01-DEL01-PI"
660590;2025-01-21;"terça-feira";"23:20:00";"MG";262;442;"NOVA SERRANA";"Desrespeitar a preferência no cruzamento";"Colisão transversal";"Com Vítimas Feridas";"Plena Noite";"Decrescente";"Ignorado";"Dupla";"Curva";"Sim";2;0;0;2;0;0;2;2;-19,87284468;-44,96528149;"SPRF-MG";"DEL08-MG";"UOP03-DEL08-MG"
660591;2025-02-10;"segunda-feira";"19:10:00";"PR";116;15;"COLOMBO";"Reação tardia ou ineficiente do condutor";"Colisão traseira";"Com Vítimas Feridas";"Plena Noite";"Crescente";"Céu Claro";"Dupla";"Reta";"Sim";3;0;2;0;1;0;2;2;-25,3848;-49,1711;"SPRF-PR";"DEL01-PR";"UOP02-DEL01-PR"
660592;2025-02-10;"segunda-feira";"18:10:00";"PR";376;16;"MARINGA";"Avarias e/ou desgaste excessivo no pneu";"Queda de ocupante de veículo";"Com Vítimas Feridas";"Anoitecer";"Crescente";"Céu Claro";"Dupla";"Curva";"Sim";1;0;1;0;0;0;1;1;-23,4273;-51,9375;"SPRF-PR";"DEL09-PR";"UOP01-DEL09-PR"
660593;2025-02-10;"segunda-feira";"19:00:00";"PR";116;15,9;"COLOMBO";"Animais na Pista";"Atropelamento de Animal";"Com Vítimas Feridas";"Plena Noite";"Crescente";"Céu Claro";"Dupla";"Reta";"Sim";2;0;2;0;0;0;2;1;-25,3874;-49,1774;"SPRF-PR";"DEL01-PR";"UOP02-DEL01-PR"
660594;2025-02-10;"segunda-feira";"19:15:00";"RN";110;47,7;"MOSSORO";"Transitar no Acostamento";"Colisão frontal";"Com Vítimas Feridas";"Plena Noite";"Crescente";"Céu Claro";"Simples";"Reta";"Sim";2;0;1;1;0;0;2;2;-5,20338376;-37,32563418;"SPRF-RN";"DEL04-RN";"UOP01-DEL04-RN"
660595;2025-02-10;"segunda-feira";"18:45:00";"SP";116;320;"JUQUITIBA";"Ausência de reação do condutor";"Atropelamento de Pedestre";"Com Vítimas Feridas";"Plena Noite";"Decrescente";"Nublado";"Dupla";"Reta";"Sim";1;0;0;1;0;0;1;1;-23,93226;-47,00835;"SPRF-SP";"DEL04-SP";"UOP03-DEL04-SP"
660596;2025-02-10;"segunda-feira";"18:30:00";"GO";40;42,8;"LUZIANIA";"Reação tardia ou ineficiente do condutor";"Capotamento";"Com Vítimas Feridas";"Plena Noite";"Crescente";"Céu Claro";"Dupla";"Curva";"Não";1;0;1;0;0;0;1;1;-16,37676;-47,830535;"SPRF-DF";"DEL01-DF";"UOP02-DEL01-DF"
660597;2025-02-10;"segunda-feira";"19:15:00";"SC";101;416;"ARARANGUA";"Reação tardia ou ineficiente do condutor";"Atropelamento de Pedestre";"Com Vítimas Feridas";"Plena Noite";"Decrescente";"Céu Claro";"Múltipla";"Reta";"Sim";2;0;1;0;1;0;1;2;-28,97205501;-49,52810526;"SPRF-SC";"DEL02-SC";"UOP02-DEL02-SC"
660598;2025-02-10;"segunda-feira";"19:00:00";"PE";407;121;"PETROLINA";"Ausência de sinalização";"Colisão com objeto";"Com Vítimas Feridas";"Plena Noite";"Crescente";"Chuva";"Dupla";"Em Obras";"Não";1;0;0;1;0;0;1;1;-9,34588493;-40,55509788;"SPRF-PE";"DEL06-PE";"UOP01-DEL06-PE"
660599;2025-02-10;"segunda-feira";"17:39:00";"GO";80;165;"VILA PROPICIO";"Velocidade Incompatível";"Capotamento";"Com Vítimas Feridas";"Pleno dia";"Crescente";"Céu Claro";"Simples";"Curva";"Não";5;0;1;0;4;0;1;1;-15,208875;-48,697312;"SPRF-GO";"DEL07-GO";"UOP02-DEL07-GO"
660600;2025-02-10;"segunda-feira";"18:50:00";"MT";158;457;"RIBEIRAO CASCALHEIRA";"Ausência de reação do condutor";"Saída de leito carroçável";"Com Vítimas Feridas";"Plena Noite";"Crescente";"Chuva";"Simples";"Reta";"Não";1;0;0;1;0;0;1;1;-13,16709696;-51,92065961;"SPRF-MT";"DEL07-MT";"UOP02-DEL07-MT"
660601;2025-01-05;"domingo";"09:00:00";"BA";101;19,4;"RIO REAL";"Ausência de reação do condutor";"Saída de leito carroçável";"Com Vítimas Feridas";"Pleno dia";"Decrescente";"Céu Claro";"Dupla";"Em Obras;Reta";"Não";1;0;0;1;0;0;1;1;-11,64584139;-37,89170623;"SPRF-SE";"DEL02-SE";"UOP03-DEL02-SE"
660602;2025-02-10;"segunda-feira";"09:35:00";"MG";40;638,1;"CONSELHEIRO LAFAIETE";"Velocidade Incompatível";"Saída de leito carroçável";"Com Vítimas Feridas";"Pleno dia";"Crescente";"Céu Claro";"Simples";"Curva;Aclive";"Não";1;0;1;0;0;0;1;1;-20,7281023;-43,80093277;"SPRF-MG";"DEL05-MG";"UOP02-DEL05-MG"
660604;2025-02-10;"segunda-feira";"18:30:00";"MG";459;20;"CALDAS";"Entrada inopinada do pedestre";"Atropelamento de Pedestre";"Com Vítimas Feridas";"Anoitecer";"Decrescente";"Céu Claro";"Simples";"Aclive;Curva";"Não";4;0;0;1;2;1;1;3;-21,86408761;-46,42169952;"SPRF-MG";"DEL09-MG";"UOP01-DEL09-MG"
660605;2025-02-10;"segunda-feira";"19:00:00";"RS";116;153,5;"CAXIAS DO SUL";"Manobra de mudança de faixa";"Colisão lateral mesmo sentido";"Com Vítimas Feridas";"Plena Noite";"Decrescente";"Céu Claro";"Dupla";"Rotatória";"Sim";2;0;1;0;1;0;1;2;-29,1879196;-51,18230939;"SPRF-RS";"DEL05-RS";"UOP01-DEL05-RS"
660606;2025-02-10;"segunda-feira";"18:30:00";"MT";70;380;"CAMPO VERDE";"Reação tardia ou ineficiente do condutor";"Colisão transversal";"Com Vítimas Feridas";"Plena Noite";"Crescente";"Ignorado";"Simples";"Reta";"Sim";2;0;1;0;1;0;1;2;-15,51448159;-55,11820542;"SPRF-MT";"DEL05-MT";"UOP02-DEL05-MT"
660607;2025-02-10;"segunda-feira";"18:15:00";"SP";116;144;"SAO JOSE DOS CAMPOS";"Ausência de reação do condutor";"Colisão transversal";"Com Vítimas Feridas";"Anoitecer";"Crescente";"Céu Claro";"Dupla";"Reta";"Sim";2;0;2;0;0;0;2;2;-23,18274416;-45,84633592;"SPRF-SP";"DEL02-SP";"UOP01-DEL02-SP"
660609;2025-02-10;"segunda-feira";"18:15:00";"MT";163;1030;"PEIXOTO DE AZEVEDO";"Reação tardia ou ineficiente do condutor";"Atropelamento de Pedestre";"Com Vítimas Feridas";"Anoitecer";"Decrescente";"Vento";"Simples";"Reta";"Sim";2;0;0;1;1;0;1;2;-10,24370424;-54,98806357;"SPRF-MT";"DEL06-MT";"UOP03-DEL06-MT"
660610;2025-02-10;"segunda-feira";"07:00:00";"SE";101;151;"ESTANCIA";"Conversão proibida";"Colisão transversal";"Com Vítimas Feridas";"Pleno dia";"Decrescente";"Céu Claro";"Simples";"Reta";"Sim";2;0;0;1;1;0;1;2;-11,26151;-37,441227;"SPRF-SE";"DEL02-SE";"UOP01-DEL02-SE"
660611;2025-02-10;"segunda-feira";"11:25:00";"PE";428;188;"PETROLINA";"Acessar a via sem observar a presença dos outros veículos";"Colisão transversal";"Com Vítimas Feridas";"Pleno dia";"Crescente";"Céu Claro";"Múltipla";"Reta";"Sim";3;0;3;0;0;0;3;2;-9,36400596;-40,48266808;"SPRF-PE";"DEL06-PE";"UOP01-DEL06-PE"
660612;2025-02-10;"segunda-feira";"07:00:00";"RJ";40;117;"DUQUE DE CAXIAS";"Reação tardia ou ineficiente do condutor";"Colisão traseira";"Com Vítimas Feridas";"Pleno dia";"Decrescente";"Céu Claro";"Múltipla";"Reta";"Não";3;0;1;0;2;0;1;3;-22,745676;-43,2881;"SPRF-RJ";"DEL01-RJ";"UOP02-DEL01-RJ"
660613;2025-02-10;"segunda-feira";"21:20:00";"BA";324;518;"FEIRA DE SANTANA";"Ingestão de álcool pelo condutor";"Colisão transversal";"Com Vítimas Feridas";"Plena Noite";"Decrescente";"Céu Claro";"Simples";"Curva";"Sim";2;0;1;0;1;0;1;2;-12,258195;-38,932182;"SPRF-BA";"DEL02-BA";"UOP01-DEL02-BA"
660614;2025-02-10;"segunda-feira";"17:20:00";"SC";282;28,8;"SANTO AMARO DA IMPERATRIZ";"Reação tardia ou ineficiente do condutor";"Colisão traseira";"Com Vítimas Feridas";"Pleno dia";"Decrescente";"Céu Claro";"Simples";"Reta";"Sim";5;0;4;0;1;0;4;3;-27,67478;-48,778904;"SPRF-SC";"DEL01-SC";"UOP03-DEL01-SC"
660615;2025-02-10;"segunda-feira";"17:40:00";"RJ";101;504;"ANGRA DOS REIS";"Condutor deixou de manter distância do veículo da frente";"Colisão traseira";"Sem Vítimas";"Pleno dia";"Decrescente";"Nublado";"Simples";"Reta";"Sim";3;0;0;0;3;0;0;3;-22,93155828;-44,38812093;"SPRF-RJ";"DEL03-RJ";"UOP03-DEL03-RJ"
660617;2025-02-10;"segunda-feira";"17:35:00";"PR";369;139;"IBIPORA";"Condutor deixou de manter distância do veículo da frente";"Colisão traseira";"Com Vítimas Feridas";"Anoitecer";"Decrescente";"Céu Claro";"Simples";"Reta";"Sim";2;0;1;0;1;0;1;2;-23,27714628;-51,0632515;"SPRF-PR";"DEL07-PR";"UOP01-DEL07-PR"
660619;2025-01-13;"segunda-feira";"22:55:00";"SC";101;199,4;"SAO JOSE";"Acessar a via sem observar a presença dos outros veículos";"Colisão lateral mesmo sentido";"Com Vítimas Feridas";"Plena Noite";"Crescente";"Céu Claro";"Dupla";"Reta";"Sim";2;0;2;0;0;0;2;2;-27,53413705;-48,63003205;"SPRF-SC";"DEL01-SC";"UOP01-DEL01-SC"
660620;2025-02-10;"segunda-feira";"20:50:00";"PR";272;419;"JANIOPOLIS";"Demais falhas mecânicas ou elétricas";"Incêndio";"Sem Vítimas";"Plena Noite";"Crescente";"Céu Claro";"Simples";"Reta";"Não";1;0;0;0;1;0;0;1;-24,13877768;-52,86432003;"SPRF-PR";"DEL09-PR";"UOP03-DEL09-PR"