"id";"data_inversa";"dia_semana";"horario";"uf";"br";"km";"municipio";"causa_acidente";"tipo_acidente";"classificacao_acidente";"fase_dia";"sentido_via";"condicao_metereologica";"tipo_pista";"tracado_via";"uso_solo";"pessoas";"mortos";"feridos_leves";"feridos_graves";"ilesos";"ignorados";"feridos";"veiculos";"latitude";"longitude";"regional";"delegacia";"uop"
660624;2025-02-10;"segunda-feira";"20:45:00";"RJ";116;271,3;"VOLTA REDONDA";"Reação tardia ou ineficiente do condutor";"Colisão lateral mesmo sentido";"Com Vítimas Feridas";"Plena Noite";"Decrescente";"Céu Claro";"Dupla";"Reta";"Não";1;0;1;0;0;0;1;1;-22,560883;-44,12224;"SPRF-RJ";"DEL07-RJ";"UOP02-DEL07-RJ"
660625;2025-02-10;"segunda-feira";"21:30:00";"RS";471;153;"SANTA CRUZ DO SUL";"Animais na Pista";"Atropelamento de Animal";"Com Vítimas Feridas";"Plena Noite";"Crescente";"Céu Claro";"Simples";"Reta";"Não";2;0;2;0;0;0;2;1;-29,843468;-52,394962;"SPRF-RS";"DEL02-RS";"UOP03-DEL02-RS"
660626;2025-02-10;"segunda-feira";"23:06:00";"SP";116;223;"GUARULHOS";"Falta de elemento de contenção que evite a saída do leito carroçável";"Tombamento";"Com Vítimas Feridas";"Plena Noite";"Decrescente";"Céu Claro";"Múltipla";"Reta;Em Obras";"Sim";1;0;1;0;0;0;1;1;-23,47874615;-46,52937412;"SPRF-SP";"DEL01-SP";"UOP01-DEL01-SP"
660627;2025-02-10;"segunda-feira";"22:20:00";"BA";116;10;"VITORIA DA CONQUISTA";"Ausência de reação do condutor";"Tombamento";"Com Vítimas Feridas";"Pleno dia";"Crescente";"Nublado";"Simples";"Reta;Declive";"Não";2;0;2;0;0;0;2;1;-14,86340421;-40,87344473;"SPRF-BA";"DEL08-BA";"UOP01-DEL08-BA"
660628;2025-02-10;"segunda-feira";"21:10:00";"SP";381;4;"VARGEM";"Ausência de reação do condutor";"Colisão lateral mesmo sentido";"Sem Vítimas";"Plena Noite";"Decrescente";"Céu Claro";"Dupla";"Curva";"Não";1;0;0;0;1;0;0;1;-22,8826217;-46,40779515;"SPRF-SP";"DEL03-SP";"UOP02-DEL03-SP"
660630;2025-02-10;"segunda-feira";"20:45:00";"MG";40;698;"BARBACENA";"Ausência de reação do condutor";"Tombamento";"Com Vítimas Feridas";"Plena Noite";"Decrescente";"Céu Claro";"Simples";"Aclive;Curva";"Não";1;0;1;0;0;0;1;1;-21,18692802;-43,75192637;"SPRF-MG";"DEL05-MG";"UOP02-DEL05-MG"
660631;2025-02-10;"segunda-feira";"20:30:00";"MT";163;687;"LUCAS DO RIO VERDE";"Acessar a via sem observar a presença dos outros veículos";"Colisão transversal";"Com Vítimas Feridas";"Plena Noite";"Crescente";"Céu Claro";"Dupla";"Reta";"Não";2;0;1;0;1;0;1;2;-13,079715;-55,937402;"SPRF-MT";"DEL06-MT";"UOP01-DEL06-MT"
660632;2025-02-11;"terça-feira";"00:15:00";"PR";376;651;"TIJUCAS DO SUL";"Reação tardia ou ineficiente do condutor";"Tombamento";"Com Vítimas Feridas";"Plena Noite";"Decrescente";"Céu Claro";"Dupla";"Em Obras;Reta";"Não";1;0;1;0;0;0;1;1;-25,845243;-49,078578;"SPRF-PR";"DEL01-PR";"UOP04-DEL01-PR"
660633;2025-02-10;"segunda-feira";"23:40:00";"MG";40;532;"BELO HORIZONTE";"Ausência de reação do condutor";"Colisão com objeto";"Sem Vítimas";"Plena Noite";"Decrescente";"Céu Claro";"Dupla";"Reta";"Sim";1;0;0;0;0;1;0;1;-19,92372561;-44,01700789;"SPRF-MG";"DEL01-MG";"UOP02-DEL01-MG"
660634;2025-02-11;"terça-feira";"00:15:00";"RN";304;27;"MOSSORO";"Condutor Dormindo";"Colisão frontal";"Com Vítimas Feridas";"Plena Noite";"Crescente";"Céu Claro";"Simples";"Reta";"Não";5;0;1;0;4;0;1;2;-5,09052292;-37,33524441;"SPRF-RN";"DEL04-RN";"UOP02-DEL04-RN"
660635;2025-02-10;"segunda-feira";"23:11:00";"MA";135;12;"SAO LUIS";"Condutor Dormindo";"Saída de leito carroçável";"Com Vítimas Feridas";"Plena Noite";"Crescente";"Chuva";"Dupla";"Reta";"Sim";3;0;3;0;0;0;3;1;-2,67223553;-44,29173767;"SPRF-MA";"DEL01-MA";"UOP01-DEL01-MA"
660637;2025-01-05;"domingo";"14:30:00";"MT";174;3;"PONTES E LACERDA";"Condutor desrespeitou a iluminação vermelha do semáforo";"Colisão transversal";"Com Vítimas Feridas";"Pleno dia";"Crescente";"Céu Claro";"Simples";"Reta";"Sim";2;0;1;0;0;1;1;2;-15,226537;-59,335728;"SPRF-MT";"DEL04-MT";"UOP01-DEL04-MT"
660639;2025-02-10;"segunda-feira";"11:40:00";"SC";101;370;"ICARA";"Reação tardia ou ineficiente do condutor";"Colisão traseira";"Com Vítimas Feridas";"Pleno dia";"Decrescente";"Céu Claro";"Dupla";"Reta";"Não";5;0;1;0;3;1;1;3;-28,69956788;-49,19239904;"SPRF-SC";"DEL02-SC";"UOP01-DEL02-SC"
660641;2025-02-11;"terça-feira";"01:36:00";"MT";364;439,8;"VARZEA GRANDE";"Pedestre andava na pista";"Atropelamento de Pedestre";"Com Vítimas Fatais";"Plena Noite";"Decrescente";"Chuva";"Simples";"Curva";"Não";4;1;0;0;2;1;0;3;-15,605645;-56,203114;"SPRF-MT";"DEL01-MT";"UOP02-DEL01-MT"
660642;2025-02-10;"segunda-feira";"18:00:00";"RO";364;14;"VILHENA";"Acessar a via sem observar a presença dos outros veículos";"Colisão transversal";"Sem Vítimas";"Anoitecer";"Decrescente";"Ignorado";"Dupla";"Rotatória;Interseção de Vias";"Sim";2;0;0;0;2;0;0;2;-12,73898138;-60,13911417;"SPRF-RO";"DEL04-RO";"UOP01-DEL04-RO"
660644;2025-02-10;"segunda-feira";"15:30:00";"SP";116;38;"CACHOEIRA PAULISTA";"Desvio temporário";"Colisão traseira";"Com Vítimas Feridas";"Pleno dia";"Decrescente";"Céu Claro";"Múltipla";"Reta";"Sim";3;0;2;0;1;0;2;3;-22,67026579;-44,99183604;"SPRF-SP";"DEL08-SP";"UOP02-DEL08-SP"
660645;2025-02-11;"terça-feira";"05:30:00";"PE";232;5,4;"RECIFE";"Condutor deixou de manter distância do veículo da frente";"Colisão traseira";"Com Vítimas Feridas";"Pleno dia";"Decrescente";"Sol";"Dupla";"Reta";"Não";2;0;0;2;0;0;2;1;-8,06795766;-34,94535414;"SPRF-PE";"DEL01-PE";"UOP01-DEL01-PE"
660646;2025-02-10;"segunda-feira";"22:40:00";"GO";80;94;"VILA PROPICIO";"Acessar a via sem observar a presença dos outros veículos";"Colisão lateral mesmo sentido";"Com Vítimas Feridas";"Plena Noite";"Decrescente";"Ignorado";"Simples";"Reta";"Não";2;0;1;0;1;0;1;2;-15,208875;-48,697312;"SPRF-DF";"DEL03-DF";"UOP02-DEL03-DF"
660648;2025-02-11;"terça-feira";"03:30:00";"BA";101;557;"ARATACA";"Ultrapassagem Indevida";"Capotamento";"Com Vítimas Feridas";"Plena Noite";"Crescente";"Garoa/Chuvisco";"Simples";"Curva";"Não";2;0;1;0;1;0;1;1;-15,32682898;-39,50061866;"SPRF-BA";"DEL05-BA";"UOP02-DEL05-BA"
660649;2025-01-29;"quarta-feira";"22:00:00";"PB";230;23,7;"JOAO PESSOA";"Condutor deixou de manter distância do veículo da frente";"Colisão traseira";"Com Vítimas Feridas";"Plena Noite";"Crescente";"Céu Claro";"Simples";"Reta";"Sim";2;0;1;0;1;0;1;2;-7,1562;-34,8574;"SPRF-PB";"DEL01-PB";"UOP01-DEL01-PB"
660650;2025-02-11;"terça-feira";"07:26:00";"TO";153;144;"ARAGUAINA";"Desrespeitar a preferência no cruzamento";"Colisão transversal";"Com Vítimas Feridas";"Pleno dia";"Decrescente";"Céu Claro";"Simples";"Rotatória";"Sim";2;0;0;1;1;0;1;2;-7,19662811;-48,23636977;"SPRF-TO";"DEL02-TO";"UOP01-DEL02-TO"
660651;2025-02-11;"terça-feira";"07:30:00";"RJ";116;169;"RIO DE JANEIRO";"Ausência de reação do condutor";"Colisão traseira";"Com Vítimas Feridas";"Pleno dia";"Decrescente";"Céu Claro";"Múltipla";"Reta";"Sim";2;0;0;1;1;0;1;2;-22,816206;-43,324463;"SPRF-RJ";"DEL06-RJ";"UOP01-DEL06-RJ"
660653;2025-02-11;"terça-feira";"06:50:00";"PB";230;10;"CABEDELO";"Ausência de reação do condutor";"Tombamento";"Com Vítimas Feridas";"Amanhecer";"Crescente";"Ignorado";"Dupla";"Reta;Em Obras";"Sim";2;0;1;1;0;0;2;1;-7,05366667;-34,85047507;"SPRF-PB";"DEL01-PB";"UOP01-DEL01-PB"
660654;2025-02-11;"terça-feira";"07:00:00";"SP";116;153;"SAO JOSE DOS CAMPOS";"Reação tardia ou ineficiente do condutor";"Colisão lateral mesmo sentido";"Com Vítimas Feridas";"Pleno dia";"Decrescente";"Céu Claro";"Dupla";"Reta";"Sim";2;0;1;0;1;0;1;2;-23,23262274;-45,91372624;"SPRF-SP";"DEL02-SP";"UOP01-DEL02-SP"
660655;2025-02-11;"terça-feira";"07:10:00";"SP";116;158;"SAO JOSE DOS CAMPOS";"Trafegar com motocicleta (ou similar) entre as faixas";"Colisão lateral mesmo sentido";"Com Vítimas Feridas";"Pleno dia";"Decrescente";"Sol";"Dupla";"Em Obras;Reta";"Sim";2;0;1;0;1;0;1;2;-23,26072137;-45,95179176;"SPRF-SP";"DEL02-SP";"UOP01-DEL02-SP"
660657;2025-02-11;"terça-feira";"07:15:00";"MG";381;484;"BETIM";"Reação tardia ou ineficiente do condutor";"Engavetamento";"Com Vítimas Feridas";"Pleno dia";"Decrescente";"Céu Claro";"Múltipla";"Reta";"Sim";5;0;0;1;4;0;1;5;-19,95979596;-44,08985138;"SPRF-MG";"DEL01-MG";"UOP03-DEL01-MG"
660658;2025-02-11;"terça-feira";"07:40:00";"CE";116;7;"FORTALEZA";"Condutor deixou de manter distância do veículo da frente";"Colisão lateral mesmo sentido";"Com Vítimas Feridas";"Pleno dia";"Decrescente";"Sol";"Dupla";"Reta";"Sim";3;0;1;0;2;0;1;3;-3,81449891;-38,50124359;"SPRF-CE";"DEL01-CE";"UOP02-DEL01-CE"
660659;2025-02-11;"terça-feira";"07:10:00";"MG";40;520,8;"CONTAGEM";"Acessar a via sem observar a presença dos outros veículos";"Colisão transversal";"Com Vítimas Fatais";"Pleno dia";"Decrescente";"Céu Claro";"Dupla";"Reta";"Não";2;1;0;0;1;0;0;2;-19,84761911;-44,07276144;"SPRF-MG";"DEL01-MG";"UOP02-DEL01-MG"
660660;2025-02-11;"terça-feira";"08:30:00";"SC";101;118;"ITAJAI";"Manobra de mudança de faixa";"Colisão lateral mesmo sentido";"Com Vítimas Feridas";"Pleno dia";"Crescente";"Céu Claro";"Dupla";"Curva";"Sim";2;0;1;0;1;0;1;2;-26,895859;-48,71903;"SPRF-SC";"DEL04-SC";"UOP04-DEL04-SC"
660663;2025-02-11;"terça-feira";"08:25:00";"ES";101;285,2;"CARIACICA";"Ausência de reação do condutor";"Colisão traseira";"Com Vítimas Feridas";"Pleno dia";"Decrescente";"Céu Claro";"Dupla";"Reta";"Sim";2;0;1;0;1;0;1;2;-20,25148171;-40,37270066;"SPRF-ES";"DEL01-ES";"UOP01-DEL01-ES"
660664;2025-02-11;"terça-feira";"08:40:00";"SC";101;212,9;"PALHOCA";"Reação tardia ou ineficiente do condutor";"Colisão lateral mesmo sentido";"Com Vítimas Feridas";"Pleno dia";"Crescente";"Céu Claro";"Dupla";"Reta";"Sim";3;0;2;0;1;0;2;2;-27,62996929;-48,65903871;"SPRF-SC";"DEL01-SC";"UOP02-DEL01-SC"
660666;2025-02-10;"segunda-feira";"19:00:00";"BA";324;381;"GAVIAO";"Velocidade Incompatível";"Colisão lateral sentido oposto";"Com Vítimas Feridas";"Plena Noite";"Decrescente";"Céu Claro";"Simples";"Reta";"Não";3;0;1;0;2;0;1;2;-11,47105856;-39,78852466;"SPRF-BA";"DEL04-BA";"UOP02-DEL04-BA"
660667;2025-02-11;"terça-feira";"08:30:00";"PE";232;11;"JABOATAO DOS GUARARAPES";"Condutor deixou de manter distância do veículo da frente";"Engavetamento";"Com Vítimas Feridas";"Pleno dia";"Decrescente";"Céu Claro";"Dupla";"Reta";"Não";3;0;0;1;2;0;1;3;-8,08577691;-35,00345603;"SPRF-PE";"DEL01-PE";"UOP01-DEL01-PE"
660668;2025-02-11;"terça-feira";"09:15:00";"RN";101;104;"PARNAMIRIM";"Ausência de sinalização";"Colisão traseira";"Com Vítimas Feridas";"Pleno dia";"Crescente";"Céu Claro";"Dupla";"Curva;Aclive";"Sim";2;0;1;0;1;0;1;2;-5,892745;-35,257225;"SPRF-RN";"DEL01-RN";"UOP01-DEL01-RN"
660671;2025-02-11;"terça-feira";"08:35:00";"PR";277;705;"SAO MIGUEL DO IGUACU";"Condutor deixou de manter distância do veículo da frente";"Colisão traseira";"Com Vítimas Feridas";"Pleno dia";"Decrescente";"Céu Claro";"Dupla";"Reta";"Não";2;0;2;0;0;0;2;2;-25,43019901;-54,369603;"SPRF-PR";"DEL05-PR";"UOP01-DEL05-PR"
660673;2025-02-11;"terça-feira";"08:40:00";"DF";20;17;"BRASILIA";"Reação tardia ou ineficiente do condutor";"Tombamento";"Com Vítimas Feridas";"Pleno dia";"Crescente";"Céu Claro";"Dupla";"Declive;Reta";"Não";1;0;0;1;0;0;1;1;-15,621374;-47,71698;"SPRF-DF";"DEL02-DF";"UOP01-DEL02-DF"
660674;2025-02-11;"terça-feira";"07:10:00";"GO";153;172;"CAMPINORTE";"Acumulo de água sobre o pavimento";"Saída de leito carroçável";"Sem Vítimas";"Pleno dia";"Decrescente";"Chuva";"Simples";"Reta";"Não";6;0;0;0;6;0;0;2;-14,29066784;-49,15042877;"SPRF-GO";"DEL07-GO";"UOP02-DEL07-GO"
660675;2025-02-11;"terça-feira";"08:45:00";"RO";364;372;"OURO PRETO DO OESTE";"Ultrapassagem Indevida";"Colisão frontal";"Com Vítimas Feridas";"Pleno dia";"Crescente";"Nublado";"Simples";"Reta";"Não";4;0;1;2;1;0;3;2;-10,75388889;-62,16275296;"SPRF-RO";"DEL02-RO";"UOP01-DEL02-RO"
660676;2025-02-11;"terça-feira";"09:45:00";"RJ";116;187;"NOVA IGUACU";"Trafegar com motocicleta (ou similar) entre as faixas";"Colisão lateral mesmo sentido";"Com Vítimas Feridas";"Pleno dia";"Decrescente";"Céu Claro";"Dupla";"Reta";"Sim";2;0;1;0;1;0;1;2;-22,73883756;-43,47245197;"SPRF-RJ";"DEL06-RJ";"UOP01-DEL06-RJ"
660677;2025-02-11;"terça-feira";"07:00:00";"MS";267;118;"NOVA ANDRADINA";"Acessar a via sem observar a presença dos outros veículos";"Eventos atípicos";"Com Vítimas Feridas";"Pleno dia";"Decrescente";"Céu Claro";"Simples";"Reta";"Não";3;0;1;0;0;2;1;3;-21,774891;-53,199715;"SPRF-MS";"DEL02-MS";"UOP03-DEL02-MS"
660679;2025-02-11;"terça-feira";"08:10:00";"RJ";101;282;"TANGUA";"Avarias e/ou desgaste excessivo no pneu";"Queda de ocupante de veículo";"Com Vítimas Feridas";"Pleno dia";"Crescente";"Sol";"Dupla";"Reta";"Não";2;0;2;0;0;0;2;1;-22,7371391;-42,79664601;"SPRF-RJ";"DEL02-RJ";"UOP02-DEL02-RJ"
660680;2025-02-11;"terça-feira";"09:08:00";"PB";230;51;"CRUZ DO ESPIRITO SANTO";"Condutor deixou de manter distância do veículo da frente";"Colisão traseira";"Com Vítimas Fatais";"Pleno dia";"Decrescente";"Céu Claro";"Dupla";"Reta";"Não";3;1;0;1;0;1;1;3;-7,18571649;-35,05496979;"SPRF-PB";"DEL01-PB";"UOP03-DEL01-PB"
660681;2025-02-07;"sexta-feira";"23:00:00";"SP";381;53;"MAIRIPORA";"Demais falhas mecânicas ou elétricas";"Incêndio";"Sem Vítimas";"Plena Noite";"Crescente";"Céu Claro";"Simples";"Reta";"Sim";1;0;0;0;1;0;0;1;-23,23727986;-46,59981085;"SPRF-SP";"DEL03-SP";"UOP01-DEL03-SP"
660682;2025-02-11;"terça-feira";"08:06:00";"AC";364;123;"RIO BRANCO";"Acessar a via sem observar a presença dos outros veículos";"Colisão transversal";"Com Vítimas Feridas";"Pleno dia";"Crescente";"Chuva";"Dupla";"Retorno Regulamentado;Reta";"Sim";2;0;1;0;1;0;1;2;-10,01140054;-67,79168487;"SPRF-AC";"DEL01-AC";"UOP01-DEL01-AC"
660683;2025-02-11;"terça-feira";"10:28:00";"PI";343;0,9;"TERESINA";"Reação tardia ou ineficiente do condutor";"Colisão traseira";"Com Vítimas Feridas";"Pleno dia";"Decrescente";"Céu Claro";"Dupla";"Reta";"Sim";2;0;1;0;1;0;1;2;-5,089569;-42,802288;"SPRF-PI";"DEL01-PI";"UOP01-DEL01-PI"
660684;2025-02-11;"terça-feira";"08:22:00";"PR";277;494;"GUARANIACU";"Desrespeitar a preferência no cruzamento";"Colisão transversal";"Com Vítimas Feridas";"Pleno dia";"Crescente";"Céu Claro";"Simples";"Curva";"Não";2;0;2;0;0;0;2;2;-25,20939187;-52,65144369;"SPRF-PR";"DEL04-PR";"UOP04-DEL04-PR"
660685;2025-01-01;"quarta-feira";"11:00:00";"DF";70;3,5;"BRASILIA";"Transitar no Acostamento";"Colisão traseira";"Com Vítimas Feridas";"Pleno dia";"Decrescente";"Céu Claro";"Dupla";"Reta";"Sim";2;0;0;1;0;1;1;2;-15,802453;-48,080387;"SPRF-DF";"DEL03-DF";"UOP02-DEL03-DF"
660688;2025-02-11;"terça-feira";"11:00:00";"SP";116;502;"CAJATI";"Reação tardia ou ineficiente do condutor";"Saída de leito carroçável";"Com Vítimas Feridas";"Pleno dia";"Crescente";"Céu Claro";"Múltipla";"Curva";"Não";1;0;1;0;0;0;1;1;-24,7750833;-48,20117012;"SPRF-SP";"DEL05-SP";"UOP02-DEL05-SP"
660689;2025-01-10;"sexta-feira";"19:35:00";"SC";470;54;"BLUMENAU";"Ausência de reação do condutor";"Capotamento";"Com Vítimas Feridas";"Plena Noite";"Crescente";"Céu Claro";"Simples";"Reta;Interseção de Vias;Rotatória";"Não";4;0;2;0;2;0;2;2;-26,87403798;-49,11523819;"SPRF-SC";"DEL04-SC";"UOP01-DEL04-SC"
660691;2025-02-11;"terça-feira";"08:15:00";"MG";381;934;"EXTREMA";"Demais falhas mecânicas ou elétricas";"Tombamento";"Com Vítimas Feridas";"Pleno dia";"Crescente";"Céu Claro";"Múltipla";"Curva;Aclive";"Não";2;0;0;2;0;0;2;1;-22,82007572;-46,29934031;"SPRF-MG";"DEL16-MG";"UOP03-DEL16-MG"
660692;2025-02-11;"terça-feira";"11:30:00";"SP";116;219;"GUARULHOS";"Estacionar ou parar em local proibido";"Colisão traseira";"Sem Vítimas";"Pleno dia";"Crescente";"Céu Claro";"Múltipla";"Reta;Em Obras";"Sim";3;0;0;0;3;0;0;2;-23,46143954;-46,48885316;"SPRF-SP";"DEL01-SP";"UOP01-DEL01-SP"
660695;2025-02-11;"terça-feira";"11:10:00";"PR";163;41;"PRANCHITA";"Acessar a via sem observar a presença dos outros veículos";"Colisão lateral sentido oposto";"Sem Vítimas";"Pleno dia";"Crescente";"Céu Claro";"Simples";"Reta";"Não";2;0;0;0;2;0;0;2;-26,06679301;-53,72123694;"SPRF-PR";"DEL02-PR";"UOP02-DEL02-PR"
660696;2025-02-11;"terça-feira";"07:00:00";"PA";230;669;"ALTAMIRA";"Reação tardia ou ineficiente do condutor";"Saída de leito carroçável";"Sem Vítimas";"Pleno dia";"Decrescente";"Sol";"Simples";"Declive;Reta";"Não";1;0;0;0;0;1;0;1;-3,24993756;-52,33855404;"SPRF-PA";"DEL04-PA";"UOP01-DEL04-PA"
660697;2025-02-11;"terça-feira";"09:40:00";"MG";40;740,3;"SANTOS DUMONT";"Acesso irregular";"Colisão lateral mesmo sentido";"Com Vítimas Feridas";"Pleno dia";"Decrescente";"Céu Claro";"Simples";"Curva";"Não";3;0;0;1;2;0;1;2;-21,39953901;-43,56507286;"SPRF-MG";"DEL05-MG";"UOP01-DEL05-MG"
660699;2025-02-11;"terça-feira";"10:57:00";"SC";163;66;"SAO MIGUEL DO OESTE";"Acessar a via sem observar a presença dos outros veículos";"Colisão transversal";"Com Vítimas Feridas";"Pleno dia";"Crescente";"Céu Claro";"Dupla";"Reta;Aclive";"Sim";2;0;1;0;1;0;1;2;-26,76829633;-53,50019222;"SPRF-SC";"DEL07-SC";"UOP03-DEL07-SC"
660700;2025-02-11;"terça-feira";"08:30:00";"SC";101;395,5;"MARACAJA";"Demais falhas mecânicas ou elétricas";"Incêndio";"Sem Vítimas";"Pleno dia";"Crescente";"Céu Claro";"Dupla";"Reta;Aclive";"Sim";1;0;0;0;1;0;0;1;-28,83264391;-49,41588163;"SPRF-SC";"DEL02-SC";"UOP02-DEL02-SC"
660701;2025-02-11;"terça-feira";"12:25:00";"ES";101;148,5;"LINHARES";"Acessar a via sem observar a presença dos outros veículos";"Colisão transversal";"Com Vítimas Feridas";"Pleno dia";"Decrescente";"Chuva";"Dupla";"Interseção de Vias";"Não";2;0;1;0;1;0;1;2;-19,38787399;-40,06752766;"SPRF-ES";"DEL04-ES";"UOP01-DEL04-ES"
660702;2025-02-11;"terça-feira";"09:40:00";"MS";60;183;"CAMAPUA";"Reação tardia ou ineficiente do condutor";"Saída de leito carroçável";"Com Vítimas Feridas";"Pleno dia";"Decrescente";"Nublado";"Simples";"Curva";"Não";1;0;1;0;0;0;1;1;-19,5273655;-53,93374297;"SPRF-MS";"DEL06-MS";"UOP02-DEL06-MS"
660703;2025-02-11;"terça-feira";"12:30:00";"SC";280;71;"JARAGUA DO SUL";"Acessar a via sem observar a presença dos outros veículos";"Colisão transversal";"Com Vítimas Feridas";"Pleno dia";"Crescente";"Céu Claro";"Simples";"Reta";"Sim";3;0;1;0;2;0;1;2;-26,46151693;-49,13480597;"SPRF-SC";"DEL03-SC";"UOP03-DEL03-SC"
660705;2025-02-11;"terça-feira";"09:40:00";"RJ";101;142;"MACAE";"Objeto estático sobre o leito carroçável";"Colisão com objeto";"Com Vítimas Feridas";"Pleno dia";"Crescente";"Céu Claro";"Dupla";"Reta";"Não";1;0;1;0;0;0;1;1;-22,19679792;-41,74866733;"SPRF-RJ";"DEL08-RJ";"UOP04-DEL08-RJ"
660706;2025-02-11;"terça-feira";"12:00:00";"PB";230;5,5;"CABEDELO";"Velocidade Incompatível";"Colisão traseira";"Sem Vítimas";"Pleno dia";"Crescente";"Céu Claro";"Múltipla";"Reta";"Sim";5;0;0;0;4;1;0;3;-7,01581577;-34,83388603;"SPRF-PB";"DEL01-PB";"UOP01-DEL01-PB"
660708;2025-02-11;"terça-feira";"12:00:00";"RJ";101;317;"SAO GONCALO";"Frear bruscamente";"Colisão traseira";"Com Vítimas Feridas";"Pleno dia";"Decrescente";"Céu Claro";"Dupla";"Reta";"Sim";1;0;1;0;0;0;1;1;-22,83707798;-43,09492006;"SPRF-RJ";"DEL02-RJ";"UOP02-DEL02-RJ"
660710;2025-02-11;"terça-feira";"13:25:00";"RS";285;293;"PASSO FUNDO";"Acessar a via sem observar a presença dos outros veículos";"Colisão lateral mesmo sentido";"Com Vítimas Feridas";"Pleno dia";"Crescente";"Céu Claro";"Dupla";"Interseção de Vias";"Sim";3;0;2;0;1;0;2;2;-28,236645;-52,375156;"SPRF-RS";"DEL08-RS";"UOP03-DEL08-RS"
660711;2025-02-11;"terça-feira";"13:00:00";"PR";369;186,7;"ARAPONGAS";"Condutor deixou de manter distância do veículo da frente";"Colisão traseira";"Com Vítimas Feridas";"Pleno dia";"Crescente";"Céu Claro";"Simples";"Reta;Interseção de Vias";"Sim";4;0;2;0;1;1;2;3;-23,42155711;-51,42461479;"SPRF-PR";"DEL07-PR";"UOP03-DEL07-PR"
660712;2025-02-11;"terça-feira";"13:10:00";"TO";153;638,2;"ALIANCA DO TOCANTINS";"Pista Escorregadia";"Colisão com objeto";"Com Vítimas Feridas";"Pleno dia";"Crescente";"Chuva";"Simples";"Reta";"Não";1;0;1;0;0;0;1;1;-11,43029003;-48,98545691;"SPRF-TO";"DEL01-TO";"UOP02-DEL01-TO"
660714;2025-02-11;"terça-feira";"11:00:00";"ES";262;135,2;"BREJETUBA";"Condutor Dormindo";"Saída de leito carroçável";"Com Vítimas Feridas";"Pleno dia";"Crescente";"Céu Claro";"Simples";"Curva";"Não";1;0;0;1;0;0;1;1;-20,24466108;-41,3313501;"SPRF-ES";"DEL01-ES";"UOP02-DEL01-ES"
660715;2025-02-11;"terça-feira";"09:02:00";"RJ";101;239;"SILVA JARDIM";"Demais falhas mecânicas ou elétricas";"Queda de ocupante de veículo";"Com Vítimas Feridas";"Pleno dia";"Decrescente";"Céu Claro";"Dupla";"Reta";"Não";1;0;1;0;0;0;1;1;-22,62542413;-42,42802593;"SPRF-RJ";"DEL02-RJ";"UOP03-DEL02-RJ"
660718;2025-02-11;"terça-feira";"13:22:00";"PB";230;20,8;"JOAO PESSOA";"Ausência de reação do condutor";"Colisão traseira";"Com Vítimas Feridas";"Pleno dia";"Decrescente";"Céu Claro";"Dupla";"Reta";"Sim";6;0;1;0;5;0;1;2;-7,1337;-34,8544;"SPRF-PB";"DEL01-PB";"UOP01-DEL01-PB"
660719;2025-02-11;"terça-feira";"13:40:00";"RS";116;472;"SAO LOURENCO DO SUL";"Demais falhas mecânicas ou elétricas";"Incêndio";"Sem Vítimas";"Pleno dia";"Decrescente";"Nublado";"Dupla";"Reta";"Não";1;0;0;0;1;0;0;1;-31,36343118;-52,08262687;"SPRF-RS";"DEL07-RS";"UOP01-DEL07-RS"
660720;2025-02-11;"terça-feira";"14:20:00";"ES";101;296;"CARIACICA";"Acumulo de areia ou detritos sobre o pavimento";"Queda de ocupante de veículo";"Com Vítimas Feridas";"Pleno dia";"Crescente";"Céu Claro";"Simples";"Reta";"Não";1;0;1;0;0;0;1;1;-20,34029997;-40,40405712;"SPRF-ES";"DEL01-ES";"UOP01-DEL01-ES"
660722;2025-02-11;"terça-feira";"14:10:00";"PR";369;186,7;"ARAPONGAS";"Condutor Dormindo";"Colisão com objeto";"Sem Vítimas";"Pleno dia";"Decrescente";"Céu Claro";"Simples";"Reta";"Sim";1;0;0;0;1;0;0;1;-23,421914;-51,424373;"SPRF-PR";"DEL07-PR";"UOP03-DEL07-PR"
660725;2025-02-11;"terça-feira";"13:30:00";"RJ";40;107;"DUQUE DE CAXIAS";"Demais falhas mecânicas ou elétricas";"Tombamento";"Com Vítimas Feridas";"Pleno dia";"Decrescente";"Céu Claro";"Dupla";"Reta";"Não";1;0;1;0;0;0;1;1;-22,65581497;-43,28378546;"SPRF-RJ";"DEL01-RJ";"UOP02-DEL01-RJ"
660726;2025-02-11;"terça-feira";"12:45:00";"CE";222;120,2;"ITAPAJE";"Demais falhas na via";"Queda de ocupante de veículo";"Com Vítimas Feridas";"Pleno dia";"Crescente";"Céu Claro";"Simples";"Reta";"Sim";2;0;2;0;0;0;2;1;-3,72231305;-39,5617951;"SPRF-CE";"DEL04-CE";"UOP03-DEL04-CE"
660728;2025-02-11;"terça-feira";"12:40:00";"GO";40;16;"CIDADE OCIDENTAL";"Ausência de reação do condutor";"Saída de leito carroçável";"Com Vítimas Feridas";"Pleno dia";"Crescente";"Garoa/Chuvisco";"Dupla";"Reta";"Sim";2;0;1;0;0;1;1;2;-16,10498894;-47,97472;"SPRF-DF";"DEL01-DF";"UOP01-DEL01-DF"