"id";"data_inversa";"dia_semana";"horario";"uf";"br";"km";"municipio";"causa_acidente";"tipo_acidente";"classificacao_acidente";"fase_dia";"sentido_via";"condicao_metereologica";"tipo_pista";"tracado_via";"uso_solo";"pessoas";"mortos";"feridos_leves";"feridos_graves";"ilesos";"ignorados";"feridos";"veiculos";"latitude";"longitude";"regional";"delegacia";"uop"
660730;2025-02-11;"terça-feira";"14:45:00";"RJ";116;173;"SAO JOAO DE MERITI";"Demais falhas mecânicas ou elétricas";"Tombamento";"Com Vítimas Feridas";"Pleno dia";"Decrescente";"Sol";"Múltipla";"Reta";"Sim";1;0;1;0;0;0;1;1;-22,79810324;-43,35726614;"SPRF-RJ";"DEL06-RJ";"UOP01-DEL06-RJ"
660734;2025-02-11;"terça-feira";"14:10:00";"SC";101;208,2;"SAO JOSE";"Manobra de mudança de faixa";"Colisão lateral mesmo sentido";"Com Vítimas Feridas";"Pleno dia";"Crescente";"Sol";"Múltipla";"Reta;Interseção de Vias";"Sim";5;0;1;0;4;0;1;2;-27,60327979;-48,63201818;"SPRF-SC";"DEL01-SC";"UOP01-DEL01-SC"
660735;2025-02-11;"terça-feira";"13:30:00";"MG";40;532;"BELO HORIZONTE";"Manobra de mudança de faixa";"Colisão lateral mesmo sentido";"Com Vítimas Feridas";"Pleno dia";"Crescente";"Céu Claro";"Dupla";"Reta;Declive";"Sim";3;0;2;0;1;0;2;2;-19,92372561;-44,01700789;"SPRF-MG";"DEL01-MG";"UOP02-DEL01-MG"
660736;2025-02-11;"terça-feira";"14:00:00";"MG";116;51;"MEDINA";"Avarias e/ou desgaste excessivo no pneu";"Queda de ocupante de veículo";"Com Vítimas Feridas";"Pleno dia";"Decrescente";"Céu Claro";"Simples";"Reta";"Não";2;0;1;1;0;0;2;1;-16,06503493;-41,4505498;"SPRF-MG";"DEL11-MG";"UOP02-DEL11-MG"
660737;2025-02-11;"terça-feira";"13:40:00";"SC";163;68,8;"SAO MIGUEL DO OESTE";"Condutor deixou de manter distância do veículo da frente";"Colisão traseira";"Sem Vítimas";"Pleno dia";"Crescente";"Céu Claro";"Dupla";"Reta";"Sim";2;0;0;0;2;0;0;2;-26,74285102;-53,50088596;"SPRF-SC";"DEL07-SC";"UOP03-DEL07-SC"
660740;2025-02-11;"terça-feira";"15:35:00";"RJ";101;321;"NITEROI";"Velocidade Incompatível";"Queda de ocupante de veículo";"Com Vítimas Feridas";"Pleno dia";"Crescente";"Céu Claro";"Dupla";"Curva";"Sim";2;0;1;0;1;0;1;1;-22,86981096;-43,11046465;"SPRF-RJ";"DEL02-RJ";"UOP01-DEL02-RJ"
660743;2025-02-11;"terça-feira";"14:43:00";"PR";116;92;"SAO JOSE DOS PINHAIS";"Ausência de reação do condutor";"Tombamento";"Com Vítimas Feridas";"Pleno dia";"Decrescente";"Céu Claro";"Dupla";"Reta";"Sim";1;0;1;0;0;0;1;1;-25,47691403;-49,09767498;"SPRF-PR";"DEL01-PR";"UOP07-DEL01-PR"
660745;2025-02-11;"terça-feira";"16:11:00";"SP";116;227;"SAO PAULO";"Ausência de reação do condutor";"Colisão traseira";"Com Vítimas Feridas";"Pleno dia";"Crescente";"Céu Claro";"Múltipla";"Reta";"Sim";2;0;1;0;1;0;1;2;-23,49659264;-46,55648754;"SPRF-SP";"DEL01-SP";"UOP01-DEL01-SP"
660747;2025-02-11;"terça-feira";"12:55:00";"PR";153;335,2;"IRATI";"Acessar a via sem observar a presença dos outros veículos";"Colisão transversal";"Com Vítimas Feridas";"Pleno dia";"Decrescente";"Céu Claro";"Simples";"Reta;Interseção de Vias";"Sim";2;0;1;0;1;0;1;2;-25,48894141;-50,64508883;"SPRF-PR";"DEL08-PR";"UOP02-DEL08-PR"
660751;2025-02-11;"terça-feira";"16:25:00";"PR";277;72;"SAO JOSE DOS PINHAIS";"Condutor deixou de manter distância do veículo da frente";"Colisão traseira";"Sem Vítimas";"Pleno dia";"Crescente";"Nublado";"Dupla";"Reta";"Não";5;0;0;0;5;0;0;2;-25,52522628;-49,09755612;"SPRF-PR";"DEL01-PR";"UOP07-DEL01-PR"
660753;2025-02-11;"terça-feira";"15:10:00";"ES";101;370,2;"ANCHIETA";"Desrespeitar a preferência no cruzamento";"Colisão transversal";"Com Vítimas Feridas";"Pleno dia";"Crescente";"Nublado";"Simples";"Reta";"Não";3;0;1;0;2;0;1;2;-20,76871121;-40,75999937;"SPRF-ES";"DEL03-ES";"UOP01-DEL03-ES"
660757;2025-02-11;"terça-feira";"14:30:00";"MS";163;490;"CAMPO GRANDE";"Demais falhas mecânicas ou elétricas";"Incêndio";"Sem Vítimas";"Pleno dia";"Crescente";"Céu Claro";"Simples";"Reta";"Não";2;0;0;0;0;2;0;2;-20,39834568;-54,55622792;"SPRF-MS";"DEL01-MS";"UOP02-DEL01-MS"
660758;2025-02-11;"terça-feira";"17:00:00";"PE";232;88;"GRAVATA";"Ausência de reação do condutor";"Colisão com objeto";"Com Vítimas Feridas";"Pleno dia";"Crescente";"Céu Claro";"Dupla";"Em Obras;Reta";"Não";1;0;0;1;0;0;1;1;-8,215632;-35,639791;"SPRF-PE";"DEL02-PE";"UOP02-DEL02PE"
660759;2025-01-10;"sexta-feira";"14:15:00";"SC";101;226,4;"PALHOCA";"Acessar a via sem observar a presença dos outros veículos";"Colisão com objeto";"Com Vítimas Feridas";"Pleno dia";"Crescente";"Céu Claro";"Dupla";"Reta";"Sim";6;0;3;2;0;1;5;3;-27,74200001;-48,63806504;"SPRF-SC";"DEL01-SC";"UOP02-DEL01-SC"
660760;2025-02-07;"sexta-feira";"15:35:00";"PB";230;15;"JOAO PESSOA";"Ausência de reação do condutor";"Colisão traseira";"Com Vítimas Feridas";"Pleno dia";"Decrescente";"Céu Claro";"Dupla";"Declive";"Sim";3;0;1;0;2;0;1;2;-7,093;-34,8482;"SPRF-PB";"DEL01-PB";"UOP01-DEL01-PB"
660761;2025-02-11;"terça-feira";"16:00:00";"MG";40;617,4;"CONGONHAS";"Condutor deixou de manter distância do veículo da frente";"Colisão traseira";"Com Vítimas Feridas";"Pleno dia";"Crescente";"Céu Claro";"Simples";"Reta";"Sim";5;0;1;0;4;0;1;2;-20,55295397;-43,81450989;"SPRF-MG";"DEL05-MG";"UOP02-DEL05-MG"
660764;2025-02-11;"terça-feira";"12:30:00";"PB";104;2;"NOVA FLORESTA";"Ausência de reação do condutor";"Colisão traseira";"Com Vítimas Feridas";"Pleno dia";"Crescente";"Sol";"Simples";"Reta";"Sim";5;0;1;3;1;0;4;2;-6,45169185;-36,20342671;"SPRF-PB";"DEL02-PB";"UOP04-DEL02-PB"
660765;2025-02-11;"terça-feira";"16:20:00";"SP";116;33,9;"CACHOEIRA PAULISTA";"Ultrapassagem Indevida";"Colisão lateral mesmo sentido";"Com Vítimas Feridas";"Pleno dia";"Crescente";"Nublado";"Simples";"Curva;Aclive";"Sim";2;0;1;0;1;0;1;2;-22,65226152;-44,9587297;"SPRF-SP";"DEL08-SP";"UOP02-DEL08-SP"
660766;2025-02-11;"terça-feira";"17:00:00";"RJ";116;185;"NOVA IGUACU";"Ausência de reação do condutor";"Colisão traseira";"Com Vítimas Feridas";"Pleno dia";"Crescente";"Céu Claro";"Dupla";"Reta";"Sim";3;0;1;0;2;0;1;2;-22,74151051;-43,45351823;"SPRF-RJ";"DEL06-RJ";"UOP01-DEL06-RJ"
660767;2025-01-10;"sexta-feira";"20:00:00";"SP";116;447;"REGISTRO";"Condutor deixou de manter distância do veículo da frente";"Colisão traseira";"Com Vítimas Feridas";"Plena Noite";"Crescente";"Céu Claro";"Dupla";"Reta";"Não";3;0;0;1;2;0;1;2;-24,51285376;-47,85054871;"SPRF-SP";"DEL05-SP";"UOP01-DEL05-SP"
660768;2025-02-11;"terça-feira";"16:40:00";"DF";20;57;"BRASILIA";"Reação tardia ou ineficiente do condutor";"Saída de leito carroçável";"Com Vítimas Feridas";"Pleno dia";"Crescente";"Chuva";"Dupla";"Curva";"Não";3;0;3;0;0;0;3;1;-15,583027;-47,367081;"SPRF-DF";"DEL02-DF";"UOP01-DEL02-DF"
660770;2025-02-11;"terça-feira";"17:10:00";"BA";324;512;"FEIRA DE SANTANA";"Acumulo de óleo sobre o pavimento";"Queda de ocupante de veículo";"Com Vítimas Feridas";"Pleno dia";"Crescente";"Céu Claro";"Simples";"Rotatória";"Sim";1;0;1;0;0;0;1;1;-12,22584428;-38,96500584;"SPRF-BA";"DEL02-BA";"UOP01-DEL02-BA"
660771;2025-02-11;"terça-feira";"17:22:00";"CE";116;34;"HORIZONTE";"Acessar a via sem observar a presença dos outros veículos";"Colisão lateral mesmo sentido";"Com Vítimas Feridas";"Pleno dia";"Crescente";"Céu Claro";"Dupla";"Reta";"Não";2;0;1;0;1;0;1;2;-4,05172943;-38,50644171;"SPRF-CE";"DEL01-CE";"UOP02-DEL01-CE"
660772;2025-02-11;"terça-feira";"17:30:00";"SC";116;199,1;"PONTE ALTA";"Reação tardia ou ineficiente do condutor";"Saída de leito carroçável";"Com Vítimas Feridas";"Pleno dia";"Crescente";"Sol";"Simples";"Curva;Aclive";"Não";2;0;1;0;0;1;1;2;-27,42102791;-50,41128862;"SPRF-SC";"DEL05-SC";"UOP03-DEL05-SC"
660773;2025-02-11;"terça-feira";"17:00:00";"RS";392;0;"RIO GRANDE";"Trafegar com motocicleta (ou similar) entre as faixas";"Colisão transversal";"Com Vítimas Feridas";"Pleno dia";"Decrescente";"Céu Claro";"Simples";"Reta";"Sim";2;0;0;1;1;0;1;2;-32,11543941;-52,11021423;"SPRF-RS";"DEL07-RS";"UOP02-DEL07-RS"
660775;2025-02-11;"terça-feira";"17:10:00";"SE";101;102,9;"SAO CRISTOVAO";"Manobra de mudança de faixa";"Colisão com objeto";"Com Vítimas Feridas";"Pleno dia";"Decrescente";"Nublado";"Dupla";"Reta";"Não";2;0;2;0;0;0;2;1;-10,94880037;-37,21099182;"SPRF-SE";"DEL02-SE";"UOP01-DEL02-SE"
660776;2025-02-11;"terça-feira";"16:30:00";"MT";70;497;"CUIABA";"Demais falhas mecânicas ou elétricas";"Queda de ocupante de veículo";"Com Vítimas Feridas";"Pleno dia";"Crescente";"Céu Claro";"Simples";"Reta";"Sim";2;0;2;0;0;0;2;1;-15,69464314;-55,89988508;"SPRF-MT";"DEL01-MT";"UOP02-DEL01-MT"
660777;2025-02-11;"terça-feira";"17:30:00";"SP";381;89,4;"GUARULHOS";"Reação tardia ou ineficiente do condutor";"Colisão lateral mesmo sentido";"Com Vítimas Feridas";"Pleno dia";"Decrescente";"Céu Claro";"Múltipla";"Reta";"Sim";4;0;2;0;2;0;2;2;-23,491029;-46,558953;"SPRF-SP";"DEL03-SP";"UOP01-DEL03-SP"
660778;2025-02-11;"terça-feira";"15:30:00";"MA";10;176;"CAMPESTRE DO MARANHAO";"Acessar a via sem observar a presença dos outros veículos";"Colisão transversal";"Com Vítimas Feridas";"Pleno dia";"Crescente";"Garoa/Chuvisco";"Simples";"Reta;Declive";"Sim";3;0;1;0;2;0;1;2;-6,176334;-47,363804;"SPRF-MA";"DEL04-MA";"UOP02-DEL04-MA"
660779;2025-02-11;"terça-feira";"17:15:00";"SP";116;64,3;"GUARATINGUETA";"Ausência de reação do condutor";"Colisão traseira";"Com Vítimas Feridas";"Pleno dia";"Crescente";"Sol";"Múltipla";"Curva";"Sim";2;0;1;0;0;1;1;2;-22,81942006;-45,18421298;"SPRF-SP";"DEL08-SP";"UOP01-DEL08-SP"
660780;2025-02-11;"terça-feira";"17:45:00";"MG";40;546;"NOVA LIMA";"Manobra de mudança de faixa";"Colisão lateral mesmo sentido";"Com Vítimas Feridas";"Anoitecer";"Decrescente";"Céu Claro";"Dupla";"Reta";"Sim";2;0;1;0;1;0;1;2;-20,01444685;-43,96893823;"SPRF-MG";"DEL01-MG";"UOP02-DEL01-MG"
660783;2025-02-11;"terça-feira";"17:40:00";"MG";40;656,8;"CARANDAI";"Pedestre cruzava a pista fora da faixa";"Atropelamento de Pedestre";"Com Vítimas Fatais";"Pleno dia";"Crescente";"Céu Claro";"Simples";"Aclive;Reta";"Não";2;1;0;0;1;0;0;2;-20,88150821;-43,80369186;"SPRF-MG";"DEL05-MG";"UOP02-DEL05-MG"
660784;2025-02-11;"terça-feira";"17:50:00";"SC";280;133,9;"RIO NEGRINHO";"Reação tardia ou ineficiente do condutor";"Colisão com objeto";"Sem Vítimas";"Pleno dia";"Crescente";"Céu Claro";"Simples";"Curva";"Sim";2;0;0;0;2;0;0;1;-26,268433;-49,555073;"SPRF-SC";"DEL06-SC";"UOP03-DEL06-SC"
660787;2025-02-11;"terça-feira";"18:20:00";"PR";369;473,7;"CORBELIA";"Desrespeitar a preferência no cruzamento";"Colisão transversal";"Com Vítimas Feridas";"Pleno dia";"Decrescente";"Céu Claro";"Simples";"Rotatória;Reta;Interseção de Vias";"Sim";2;0;1;0;1;0;1;2;-24,58777659;-53,20122372;"SPRF-PR";"DEL04-PR";"UOP03-DEL04-PR"
660788;2025-02-11;"terça-feira";"18:00:00";"MS";163;275;"DOURADOS";"Pista esburacada";"Queda de ocupante de veículo";"Com Vítimas Feridas";"Pleno dia";"Decrescente";"Céu Claro";"Dupla";"Reta";"Não";1;0;1;0;0;0;1;1;-22,1666872;-54,65611485;"SPRF-MS";"DEL04-MS";"UOP01-DEL04-MS"
660789;2025-02-11;"terça-feira";"17:40:00";"ES";101;64,5;"SAO MATEUS";"Ausência de reação do condutor";"Colisão com objeto";"Com Vítimas Feridas";"Pleno dia";"Decrescente";"Céu Claro";"Simples";"Ponte";"Sim";1;0;1;0;0;0;1;1;-18,70428583;-39,87065983;"SPRF-ES";"DEL04-ES";"UOP02-DEL04-ES"
660790;2025-02-11;"terça-feira";"18:30:00";"SC";101;208,8;"SAO JOSE";"Reação tardia ou ineficiente do condutor";"Queda de ocupante de veículo";"Com Vítimas Feridas";"Anoitecer";"Crescente";"Céu Claro";"Múltipla";"Reta";"Sim";3;0;2;0;0;1;2;2;-27,60327979;-48,63201818;"SPRF-SC";"DEL01-SC";"UOP01-DEL01-SC"
660791;2025-02-11;"terça-feira";"18:12:00";"RS";116;36,9;"VACARIA";"Desrespeitar a preferência no cruzamento";"Colisão transversal";"Com Vítimas Feridas";"Pleno dia";"Crescente";"Céu Claro";"Simples";"Interseção de Vias;Rotatória";"Sim";3;0;1;1;1;0;2;2;-28,49228783;-50,91057315;"SPRF-RS";"DEL05-RS";"UOP03-DEL05-RS"
660793;2025-02-11;"terça-feira";"18:00:00";"BA";116;772;"PLANALTO";"Demais falhas mecânicas ou elétricas";"Incêndio";"Sem Vítimas";"Plena Noite";"Decrescente";"Nublado";"Simples";"Reta";"Não";1;0;0;0;1;0;0;1;-14,56801506;-40,42021294;"SPRF-BA";"DEL08-BA";"UOP02-DEL08-BA"
660795;2025-02-11;"terça-feira";"16:30:00";"RS";101;3,2;"TORRES";"Reação tardia ou ineficiente do condutor";"Saída de leito carroçável";"Sem Vítimas";"Pleno dia";"Crescente";"Nublado";"Dupla";"Reta";"Não";1;0;0;0;0;1;0;1;-29,3270867;-49,78114486;"SPRF-RS";"DEL03-RS";"UOP02-DEL03-RS"
660796;2025-01-29;"quarta-feira";"19:00:00";"RJ";101;463;"ANGRA DOS REIS";"Demais falhas mecânicas ou elétricas";"Incêndio";"Sem Vítimas";"Plena Noite";"Decrescente";"Nublado";"Simples";"Reta";"Não";1;0;0;0;1;0;0;1;-23,02635686;-44,21296905;"SPRF-RJ";"DEL03-RJ";"UOP03-DEL03-RJ"
660800;2025-02-11;"terça-feira";"18:40:00";"PR";158;533;"PATO BRANCO";"Acessar a via sem observar a presença dos outros veículos";"Colisão transversal";"Sem Vítimas";"Plena Noite";"Crescente";"Céu Claro";"Múltipla";"Declive;Interseção de Vias";"Sim";3;0;0;0;3;0;0;2;-26,21972809;-52,68262891;"SPRF-PR";"DEL02-PR";"UOP01-DEL02-PR"
660802;2025-02-11;"terça-feira";"17:20:00";"RJ";101;481;"ANGRA DOS REIS";"Conversão proibida";"Colisão transversal";"Com Vítimas Feridas";"Pleno dia";"Decrescente";"Céu Claro";"Simples";"Reta";"Sim";2;0;0;1;1;0;1;2;-23,00976021;-44,29153237;"SPRF-RJ";"DEL03-RJ";"UOP03-DEL03-RJ"
660804;2025-02-11;"terça-feira";"17:50:00";"RS";290;461;"ROSARIO DO SUL";"Ausência de reação do condutor";"Saída de leito carroçável";"Com Vítimas Feridas";"Pleno dia";"Crescente";"Céu Claro";"Simples";"Reta;Declive";"Não";2;0;2;0;0;0;2;1;-30,23039063;-54,73238468;"SPRF-RS";"DEL11-RS";"UOP02-DEL11-RS"
660805;2025-02-11;"terça-feira";"15:00:00";"BA";407;230;"CAPIM GROSSO";"Ausência de reação do condutor";"Saída de leito carroçável";"Com Vítimas Feridas";"Pleno dia";"Decrescente";"Céu Claro";"Simples";"Rotatória";"Sim";1;0;0;1;0;0;1;1;-11,35597598;-40,01403164;"SPRF-BA";"DEL04-BA";"UOP02-DEL04-BA"
660807;2025-02-11;"terça-feira";"19:40:00";"MS";60;660;"BELA VISTA";"Reação tardia ou ineficiente do condutor";"Atropelamento de Animal";"Com Vítimas Feridas";"Plena Noite";"Crescente";"Céu Claro";"Simples";"Reta";"Não";1;0;0;1;0;0;1;1;-21,9556527;-56,4306912;"SPRF-MS";"DEL05-MS";"UOP01-DEL05-MS"
660808;2025-02-11;"terça-feira";"19:30:00";"RJ";465;14;"SEROPEDICA";"Transitar na contramão";"Colisão transversal";"Com Vítimas Feridas";"Plena Noite";"Crescente";"Céu Claro";"Simples";"Reta";"Sim";2;0;1;0;1;0;1;2;-22,804979;-43,638828;"SPRF-RJ";"DEL06-RJ";"UOP02-DEL06-RJ"
660809;2025-02-11;"terça-feira";"20:10:00";"MS";163;257;"DOURADOS";"Ausência de reação do condutor";"Tombamento";"Com Vítimas Feridas";"Plena Noite";"Crescente";"Céu Claro";"Dupla";"Reta;Declive";"Sim";1;0;0;1;0;0;1;1;-22,25884901;-54,79493011;"SPRF-MS";"DEL04-MS";"UOP01-DEL04-MS"
660810;2025-02-11;"terça-feira";"20:50:00";"RS";386;414;"MONTENEGRO";"Ingestão de álcool pelo condutor";"Saída de leito carroçável";"Com Vítimas Feridas";"Plena Noite";"Crescente";"Nublado";"Simples";"Rotatória";"Não";1;0;1;0;0;0;1;1;-29,81646037;-51,48072308;"SPRF-RS";"DEL04-RS";"UOP02-DEL04-RS"
660812;2025-02-11;"terça-feira";"18:20:00";"MA";135;1;"SAO LUIS";"Reação tardia ou ineficiente do condutor";"Colisão traseira";"Com Vítimas Feridas";"Plena Noite";"Decrescente";"Garoa/Chuvisco";"Dupla";"Reta";"Não";2;0;1;0;1;0;1;2;-2,58917895;-44,24423719;"SPRF-MA";"DEL01-MA";"UOP01-DEL01-MA"
660813;2025-02-11;"terça-feira";"18:40:00";"SC";163;122;"DIONISIO CERQUEIRA";"Ausência de reação do condutor";"Saída de leito carroçável";"Com Vítimas Feridas";"Anoitecer";"Crescente";"Céu Claro";"Simples";"Reta";"Não";1;0;1;0;0;0;1;1;-26,29183751;-53,55534554;"SPRF-SC";"DEL07-SC";"UOP03-DEL07-SC"
660814;2025-02-11;"terça-feira";"21:10:00";"MG";40;526;"CONTAGEM";"Pedestre - Ingestão de álcool/ substâncias psicoativas";"Atropelamento de Pedestre";"Com Vítimas Feridas";"Plena Noite";"Decrescente";"Céu Claro";"Dupla";"Reta";"Sim";2;0;0;1;1;0;1;2;-19,89255399;-44,04985478;"SPRF-MG";"DEL01-MG";"UOP02-DEL01-MG"
660815;2025-02-11;"terça-feira";"18:00:00";"PR";163;84,3;"CAPANEMA";"Problema com o freio";"Queda de ocupante de veículo";"Com Vítimas Feridas";"Pleno dia";"Decrescente";"Céu Claro";"Simples";"Reta";"Não";1;0;1;0;0;0;1;1;-25,72964476;-53,78691199;"SPRF-PR";"DEL02-PR";"UOP02-DEL02-PR"
660816;2025-02-11;"terça-feira";"21:33:00";"PE";101;70;"RECIFE";"Transitar na contramão";"Colisão frontal";"Com Vítimas Feridas";"Plena Noite";"Decrescente";"Céu Claro";"Múltipla";"Curva;Viaduto";"Sim";2;0;1;1;0;0;2;2;-8,074603;-34,936925;"SPRF-PE";"DEL01-PE";"UOP01-DEL01-PE"
660817;2025-02-11;"terça-feira";"17:40:00";"RJ";101;332,5;"RIO DE JANEIRO";"Ausência de reação do condutor";"Colisão traseira";"Com Vítimas Feridas";"Pleno dia";"Decrescente";"Céu Claro";"Dupla";"Reta;Ponte";"Não";2;0;1;0;1;0;1;2;-22,874816;-43,20665359;"SPRF-RJ";"DEL02-RJ";"UOP01-DEL02-RJ"
660818;2025-02-11;"terça-feira";"22:30:00";"SP";116;217;"GUARULHOS";"Ausência de reação do condutor";"Queda de ocupante de veículo";"Com Vítimas Feridas";"Plena Noite";"Crescente";"Céu Claro";"Múltipla";"Reta";"Sim";1;0;1;0;0;0;1;1;-23,45423824;-46,47119028;"SPRF-SP";"DEL01-SP";"UOP01-DEL01-SP"
660820;2025-02-11;"terça-feira";"20:00:00";"GO";60;98;"ANAPOLIS";"Ingestão de álcool pelo condutor";"Colisão com objeto";"Sem Vítimas";"Pleno dia";"Decrescente";"Chuva";"Dupla";"Reta";"Sim";1;0;0;0;1;0;0;1;-16,3846;-48,9541;"SPRF-GO";"DEL02-GO";"UOP01-DEL02-GO"
660821;2025-02-11;"terça-feira";"19:10:00";"CE";116;3;"FORTALEZA";"Manobra de mudança de faixa";"Colisão lateral mesmo sentido";"Com Vítimas Feridas";"Plena Noite";"Crescente";"Céu Claro";"Múltipla";"Reta";"Não";2;0;1;0;1;0;1;2;-3,77866493;-38,51490171;"SPRF-CE";"DEL01-CE";"UOP02-DEL01-CE"
660824;2025-02-11;"terça-feira";"22:00:00";"RS";386;372,2;"FAZENDA VILANOVA";"Ausência de reação do condutor";"Saída de leito carroçável";"Sem Vítimas";"Plena Noite";"Crescente";"Nublado";"Dupla";"Curva;Declive";"Sim";1;0;0;0;0;1;0;1;-29,6042;-51,811676;"SPRF-RS";"DEL04-RS";"UOP01-DEL04-RS"
660826;2025-02-11;"terça-feira";"19:00:00";"RN";226;168,6;"CURRAIS NOVOS";"Ausência de sinalização";"Colisão transversal";"Com Vítimas Feridas";"Plena Noite";"Decrescente";"Céu Claro";"Simples";"Reta";"Não";2;0;0;1;1;0;1;2;-6,23417195;-36,45478404;"SPRF-RN";"DEL03-RN";"UOP02-DEL03-RN"
660828;2025-02-11;"terça-feira";"19:54:00";"MA";135;127;"MIRANDA DO NORTE";"Acessar a via sem observar a presença dos outros veículos";"Colisão transversal";"Com Vítimas Fatais";"Plena Noite";"Crescente";"Chuva";"Simples";"Reta";"Não";2;1;0;0;1;0;0;2;-3,57501528;-44,57979441;"SPRF-MA";"DEL01-MA";"UOP02-DEL01-MA"
660829;2025-02-12;"quarta-feira";"00:15:00";"PR";376;491;"PONTA GROSSA";"Ingestão de álcool pelo condutor";"Saída de leito carroçável";"Sem Vítimas";"Plena Noite";"Decrescente";"Céu Claro";"Dupla";"Aclive;Reta";"Sim";1;0;0;0;1;0;0;1;-25,10258276;-50,19412994;"SPRF-PR";"DEL03-PR";"UOP04-DEL03-PR"
660830;2025-02-12;"quarta-feira";"00:30:00";"GO";153;509;"APARECIDA DE GOIANIA";"Ausência de reação do condutor";"Tombamento";"Com Vítimas Feridas";"Plena Noite";"Decrescente";"Nublado";"Dupla";"Reta";"Sim";1;0;1;0;0;0;1;1;-16,7888;-49,2379;"SPRF-GO";"DEL01-GO";"UOP03-DEL01-GO"
660831;2025-02-11;"terça-feira";"23:10:00";"RR";174;8,8;"BOA VISTA";"Animais na Pista";"Atropelamento de Animal";"Sem Vítimas";"Plena Noite";"Decrescente";"Céu Claro";"Simples";"Reta";"Não";2;0;0;0;2;0;0;1;2,89939022;-60,70444107;"SPRF-RR";"DEL01-RR";"UOP01-DEL01-RR"
660837;2025-02-12;"quarta-feira";"03:50:00";"SP";153;111,8;"JOSE BONIFACIO";"Ingestão de álcool pelo condutor";"Saída de leito carroçável";"Com Vítimas Feridas";"Plena Noite";"Decrescente";"Céu Claro";"Simples";"Reta";"Não";1;0;1;0;0;0;1;1;-21,1008364;-49,68008995;"SPRF-SP";"DEL09-SP";"UOP01-DEL09-SP"
660839;2025-02-12;"quarta-feira";"04:30:00";"ES";101;262,2;"SERRA";"Reação tardia ou ineficiente do condutor";"Tombamento";"Com Vítimas Feridas";"Amanhecer";"Decrescente";"Céu Claro";"Dupla";"Reta;Declive";"Sim";1;0;1;0;0;0;1;1;-20,1615273;-40,2752806;"SPRF-ES";"DEL02-ES";"UOP01-DEL02-ES"
660840;2025-02-12;"quarta-feira";"05:25:00";"PR";116;77,7;"PIRAQUARA";"Afundamento ou ondulação no pavimento";"Saída de leito carroçável";"Com Vítimas Fatais";"Amanhecer";"Decrescente";"Céu Claro";"Dupla";"Curva";"Não";5;1;3;1;0;0;4;1;-25,38360492;-49,05301123;"SPRF-PR";"DEL01-PR";"UOP02-DEL01-PR"
660841;2025-02-12;"quarta-feira";"05:54:00";"RN";101;68;"EXTREMOZ";"Acumulo de água sobre o pavimento";"Queda de ocupante de veículo";"Com Vítimas Feridas";"Pleno dia";"Crescente";"Nublado";"Simples";"Reta";"Não";1;0;1;0;0;0;1;1;-5,66628678;-35,25303617;"SPRF-RN";"DEL02-RN";"UOP01-DEL02-RN"
660842;2025-02-12;"quarta-feira";"05:40:00";"SE";101;91,8;"NOSSA SENHORA DO SOCORRO";"Acesso irregular";"Colisão com objeto";"Com Vítimas Feridas";"Pleno dia";"Decrescente";"Nublado";"Dupla";"Aclive;Reta";"Sim";1;0;1;0;0;0;1;1;-10,89849802;-37,13176324;"SPRF-SE";"DEL01-SE";"UOP01-DEL01-SE"
660844;2025-02-12;"quarta-feira";"06:30:00";"SC";101;228,9;"PALHOCA";"Ausência de reação do condutor";"Colisão frontal";"Com Vítimas Feridas";"Pleno dia";"Crescente";"Céu Claro";"Múltipla";"Reta;Interseção de Vias;Aclive";"Não";1;0;1;0;0;0;1;1;-27,7597249;-48,63078869;"SPRF-SC";"DEL01-SC";"UOP02-DEL01-SC"
660845;2025-02-12;"quarta-feira";"06:50:00";"RJ";116;170;"RIO DE JANEIRO";"Ausência de reação do condutor";"Tombamento";"Com Vítimas Feridas";"Pleno dia";"Crescente";"Sol";"Múltipla";"Reta";"Não";1;0;1;0;0;0;1;1;-22,81113183;-43,3336729;"SPRF-RJ";"DEL06-RJ";"UOP01-DEL06-RJ"
660846;2025-02-12;"quarta-feira";"07:10:00";"SC";101;214,6;"PALHOCA";"Reação tardia ou ineficiente do condutor";"Colisão traseira";"Com Vítimas Feridas";"Pleno dia";"Decrescente";"Céu Claro";"Simples";"Reta";"Sim";2;0;1;0;1;0;1;2;-27,64443;-48,67057;"SPRF-SC";"DEL01-SC";"UOP02-DEL01-SC"
660847;2025-02-12;"quarta-feira";"05:20:00";"RJ";101;69;"CAMPOS DOS GOYTACAZES";"Pedestre andava na pista";"Atropelamento de Pedestre";"Com Vítimas Feridas";"Amanhecer";"Decrescente";"Céu Claro";"Simples";"Reta;Interseção de Vias";"Não";2;0;1;0;0;1;1;2;-21,77866993;-41,36930823;"SPRF-RJ";"DEL08-RJ";"UOP02-DEL08-RJ"
660849;2025-02-12;"quarta-feira";"06:40:00";"MG";381;484,5;"BETIM";"Trafegar com motocicleta (ou similar) entre as faixas";"Colisão traseira";"Com Vítimas Feridas";"Pleno dia";"Decrescente";"Céu Claro";"Múltipla";"Reta";"Sim";3;0;0;2;1;0;2;2;-19,95804127;-44,09234047;"SPRF-MG";"DEL01-MG";"UOP03-DEL01-MG"