"id";"data_inversa";"dia_semana";"horario";"uf";"br";"km";"municipio";"causa_acidente";"tipo_acidente";"classificacao_acidente";"fase_dia";"sentido_via";"condicao_metereologica";"tipo_pista";"tracado_via";"uso_solo";"pessoas";"mortos";"feridos_leves";"feridos_graves";"ilesos";"ignorados";"feridos";"veiculos";"latitude";"longitude";"regional";"delegacia";"uop"
660967;2025-02-12;"quarta-feira";"18:30:00";"ES";101;262;"SERRA";"Condutor deixou de manter distância do veículo da frente";"Colisão traseira";"Com Vítimas Feridas";"Plena Noite";"Crescente";"Nublado";"Dupla";"Reta";"Não";2;0;0;1;1;0;1;2;-20,1572331;-40,27678329;"SPRF-ES";"DEL02-ES";"UOP01-DEL02-ES"
660969;2025-02-12;"quarta-feira";"17:15:00";"PR";376;474;"PONTA GROSSA";"Ausência de reação do condutor";"Capotamento";"Com Vítimas Feridas";"Pleno dia";"Crescente";"Céu Claro";"Dupla";"Curva;Viaduto;Aclive";"Não";2;0;2;0;0;0;2;1;-25,03601353;-50,29813528;"SPRF-PR";"DEL03-PR";"UOP01-DEL03-PR"
660973;2025-02-12;"quarta-feira";"16:53:00";"AC";364;135;"RIO BRANCO";"Ausência de reação do condutor";"Colisão traseira";"Com Vítimas Feridas";"Pleno dia";"Decrescente";"Céu Claro";"Dupla";"Rotatória";"Não";3;0;1;0;2;0;1;2;-9,98588117;-67,84523538;"SPRF-AC";"DEL01-AC";"UOP01-DEL01-AC"
660975;2025-02-12;"quarta-feira";"18:39:00";"PE";101;44;"IGARASSU";"Manobra de mudança de faixa";"Colisão lateral mesmo sentido";"Com Vítimas Feridas";"Plena Noite";"Decrescente";"Céu Claro";"Múltipla";"Reta";"Não";2;0;1;0;1;0;1;2;-7,85804338;-34,90817249;"SPRF-PE";"DEL01-PE";"UOP02-DEL01-PE"
660977;2025-02-12;"quarta-feira";"18:00:00";"PR";373;264;"PRUDENTOPOLIS";"Acessar a via sem observar a presença dos outros veículos";"Colisão transversal";"Com Vítimas Feridas";"Anoitecer";"Crescente";"Nublado";"Simples";"Reta;Interseção de Vias";"Sim";3;0;1;1;1;0;2;2;-25,2023813;-50,98233891;"SPRF-PR";"DEL08-PR";"UOP01-DEL08-PR"
660978;2025-02-12;"quarta-feira";"19:20:00";"DF";20;24,6;"BRASILIA";"Manobra de mudança de faixa";"Saída de leito carroçável";"Com Vítimas Feridas";"Plena Noite";"Crescente";"Céu Claro";"Dupla";"Curva";"Sim";1;0;1;0;0;0;1;1;-15,594831;-47,658615;"SPRF-DF";"DEL02-DF";"UOP01-DEL02-DF"
660979;2025-02-12;"quarta-feira";"18:00:00";"RJ";116;310;"RESENDE";"Ingestão de álcool pelo condutor";"Colisão lateral mesmo sentido";"Sem Vítimas";"Anoitecer";"Crescente";"Céu Claro";"Simples";"Curva";"Não";2;0;0;0;2;0;0;2;-22,45923593;-44,434776;"SPRF-RJ";"DEL07-RJ";"UOP02-DEL07-RJ"
660980;2025-02-12;"quarta-feira";"17:20:00";"MG";116;498;"INHAPIM";"Demais falhas mecânicas ou elétricas";"Queda de ocupante de veículo";"Com Vítimas Feridas";"Anoitecer";"Crescente";"Céu Claro";"Simples";"Reta";"Não";2;0;2;0;0;0;2;1;-19,54476495;-42,12568405;"SPRF-MG";"DEL06-MG";"UOP02-DEL06-MG"
660981;2025-02-12;"quarta-feira";"19:15:00";"PR";277;2;"PARANAGUA";"Acessar a via sem observar a presença dos outros veículos";"Colisão lateral mesmo sentido";"Com Vítimas Feridas";"Plena Noite";"Crescente";"Céu Claro";"Simples";"Reta;Interseção de Vias";"Não";2;0;1;0;1;0;1;2;-25,5080881;-48,52835476;"SPRF-PR";"DEL01-PR";"UOP05-DEL01-PR"
660982;2025-02-12;"quarta-feira";"18:40:00";"MT";70;524;"VARZEA GRANDE";"Demais falhas mecânicas ou elétricas";"Incêndio";"Sem Vítimas";"Anoitecer";"Decrescente";"Céu Claro";"Simples";"Rotatória;Reta";"Não";1;0;0;0;1;0;0;1;-15,649207;-56,19486;"SPRF-MT";"DEL01-MT";"UOP02-DEL01-MT"
660983;2025-02-12;"quarta-feira";"18:10:00";"SC";470;137;"RIO DO SUL";"Ultrapassagem Indevida";"Colisão transversal";"Com Vítimas Feridas";"Plena Noite";"Crescente";"Chuva";"Simples";"Curva;Interseção de Vias";"Sim";2;0;1;0;1;0;1;2;-27,203201;-49,635063;"SPRF-SC";"DEL04-SC";"UOP02-DEL04-SC"
660986;2025-02-12;"quarta-feira";"18:35:00";"MT";163;845;"SINOP";"Reação tardia ou ineficiente do condutor";"Colisão traseira";"Com Vítimas Feridas";"Plena Noite";"Decrescente";"Ignorado";"Simples";"Reta";"Não";2;0;1;0;1;0;1;2;-11,89877541;-55,50500735;"SPRF-MT";"DEL06-MT";"UOP02-DEL06-MT"
660987;2025-02-12;"quarta-feira";"19:45:00";"GO";60;89;"ANAPOLIS";"Reação tardia ou ineficiente do condutor";"Colisão transversal";"Com Vítimas Feridas";"Plena Noite";"Decrescente";"Ignorado";"Dupla";"Retorno Regulamentado";"Sim";2;0;1;1;0;0;2;2;-16,3367;-48,8957;"SPRF-GO";"DEL02-GO";"UOP01-DEL02-GO"
660988;2025-02-12;"quarta-feira";"14:35:00";"RJ";393;285,2;"VOLTA REDONDA";"Manobra de mudança de faixa";"Colisão lateral mesmo sentido";"Com Vítimas Feridas";"Pleno dia";"Decrescente";"Céu Claro";"Simples";"Reta";"Sim";2;0;1;0;1;0;1;2;-22,481726;-44,06308602;"SPRF-RJ";"DEL05-RJ";"UOP04-DEL05-RJ"
660989;2025-02-12;"quarta-feira";"17:00:00";"SC";280;99;"SAO BENTO DO SUL";"Ausência de reação do condutor";"Tombamento";"Com Vítimas Feridas";"Pleno dia";"Crescente";"Céu Claro";"Simples";"Curva";"Não";1;0;1;0;0;0;1;1;-26,37531616;-49,32563746;"SPRF-SC";"DEL06-SC";"UOP03-DEL06-SC"
660991;2025-02-12;"quarta-feira";"20:16:00";"PE";232;9;"RECIFE";"Reação tardia ou ineficiente do condutor";"Colisão traseira";"Com Vítimas Feridas";"Plena Noite";"Decrescente";"Céu Claro";"Múltipla";"Reta;Interseção de Vias";"Sim";2;0;1;0;1;0;1;2;-8,07764447;-34,97863609;"SPRF-PE";"DEL01-PE";"UOP01-DEL01-PE"
660992;2025-02-12;"quarta-feira";"17:40:00";"PI";316;2,7;"TERESINA";"Reação tardia ou ineficiente do condutor";"Tombamento";"Com Vítimas Feridas";"Anoitecer";"Crescente";"Céu Claro";"Dupla";"Reta";"Sim";1;0;1;0;0;0;1;1;-5,131246;-42,791649;"SPRF-PI";"DEL01-PI";"UOP02-DEL01-PI"
660994;2025-02-12;"quarta-feira";"06:50:00";"MT";364;204,9;"RONDONOPOLIS";"Ausência de reação do condutor";"Colisão lateral mesmo sentido";"Com Vítimas Feridas";"Pleno dia";"Crescente";"Céu Claro";"Dupla";"Retorno Regulamentado";"Sim";2;0;0;1;1;0;1;2;-16,467325;-54,657196;"SPRF-MT";"DEL02-MT";"UOP01-DEL02-MT"
660996;2025-02-12;"quarta-feira";"20:20:00";"PR";376;182,6;"SARANDI";"Reação tardia ou ineficiente do condutor";"Tombamento";"Com Vítimas Feridas";"Plena Noite";"Crescente";"Céu Claro";"Dupla";"Em Obras;Reta";"Sim";1;0;0;1;0;0;1;1;-23,43684112;-51,87880764;"SPRF-PR";"DEL09-PR";"UOP01-DEL09-PR"
660997;2025-02-12;"quarta-feira";"19:30:00";"RJ";493;14;"MAGE";"Animais na Pista";"Atropelamento de Animal";"Com Vítimas Feridas";"Plena Noite";"Crescente";"Céu Claro";"Simples";"Reta";"Não";2;0;1;0;1;0;1;1;-22,67034011;-42,98256206;"SPRF-RJ";"DEL04-RJ";"UOP02-DEL04-RJ"
660999;2025-02-12;"quarta-feira";"18:00:00";"RJ";116;121;"MAGE";"Demais falhas mecânicas ou elétricas";"Incêndio";"Sem Vítimas";"Anoitecer";"Decrescente";"Céu Claro";"Dupla";"Reta";"Não";1;0;0;0;1;0;0;1;-22,62881711;-43,04922889;"SPRF-RJ";"DEL04-RJ";"UOP02-DEL04-RJ"
661000;2025-02-12;"quarta-feira";"21:40:00";"ES";101;269;"SERRA";"Reação tardia ou ineficiente do condutor";"Queda de ocupante de veículo";"Com Vítimas Feridas";"Plena Noite";"Crescente";"Céu Claro";"Dupla";"Reta";"Sim";1;0;1;0;0;0;1;1;-20,21740496;-40,26990578;"SPRF-ES";"DEL02-ES";"UOP01-DEL02-ES"
661001;2025-02-12;"quarta-feira";"21:35:00";"ES";101;270;"SERRA";"Condutor desrespeitou a iluminação vermelha do semáforo";"Colisão transversal";"Com Vítimas Feridas";"Plena Noite";"Decrescente";"Céu Claro";"Dupla";"Interseção de Vias";"Sim";3;0;0;2;0;1;2;2;-20,22662056;-40,27075088;"SPRF-ES";"DEL02-ES";"UOP01-DEL02-ES"
661002;2025-02-12;"quarta-feira";"21:30:00";"RJ";101;489;"ANGRA DOS REIS";"Demais falhas mecânicas ou elétricas";"Queda de ocupante de veículo";"Com Vítimas Feridas";"Plena Noite";"Decrescente";"Céu Claro";"Simples";"Curva";"Sim";1;0;1;0;0;0;1;1;-22,95605138;-44,30404997;"SPRF-RJ";"DEL03-RJ";"UOP03-DEL03-RJ"
661006;2025-02-12;"quarta-feira";"17:00:00";"PI";316;118;"PASSAGEM FRANCA DO PIAUI";"Condutor deixou de manter distância do veículo da frente";"Colisão lateral mesmo sentido";"Com Vítimas Feridas";"Anoitecer";"Crescente";"Céu Claro";"Simples";"Reta";"Não";7;0;1;3;3;0;4;2;-5,93933084;-42,37339786;"SPRF-PI";"DEL04-PI";"UOP02-DEL04-PI"
661007;2025-02-12;"quarta-feira";"20:25:00";"MS";60;593,8;"JARDIM";"Ausência de reação do condutor";"Colisão traseira";"Com Vítimas Feridas";"Plena Noite";"Crescente";"Céu Claro";"Simples";"Reta";"Sim";2;0;1;0;1;0;1;2;-21,48821341;-56,15730286;"SPRF-MS";"DEL05-MS";"UOP01-DEL05-MS"
661008;2025-02-12;"quarta-feira";"20:15:00";"DF";80;3,2;"BRASILIA";"Transitar no Acostamento";"Atropelamento de Pedestre";"Com Vítimas Fatais";"Plena Noite";"Crescente";"Nublado";"Simples";"Reta";"Não";2;1;0;0;1;0;0;2;-15,731544;-48,102749;"SPRF-DF";"DEL03-DF";"UOP02-DEL03-DF"
661009;2025-02-12;"quarta-feira";"22:20:00";"RR";174;12;"BOA VISTA";"Acostamento em desnível";"Saída de leito carroçável";"Com Vítimas Feridas";"Plena Noite";"Crescente";"Céu Claro";"Simples";"Reta";"Não";1;0;1;0;0;0;1;1;2,87099998;-60,6970346;"SPRF-RR";"DEL01-RR";"UOP01-DEL01-RR"
661010;2025-02-12;"quarta-feira";"23:20:00";"RJ";356;149;"CAMPOS DOS GOYTACAZES";"Reação tardia ou ineficiente do condutor";"Colisão transversal";"Com Vítimas Feridas";"Plena Noite";"Crescente";"Céu Claro";"Simples";"Reta";"Não";2;0;1;0;1;0;1;2;-21,77241727;-41,28125956;"SPRF-RJ";"DEL08-RJ";"UOP02-DEL08-RJ"
661012;2025-02-12;"quarta-feira";"23:05:00";"RJ";101;393;"ITAGUAI";"Ausência de reação do condutor";"Saída de leito carroçável";"Com Vítimas Feridas";"Plena Noite";"Crescente";"Céu Claro";"Dupla";"Reta";"Não";1;0;1;0;0;0;1;1;-22,88924912;-43,70370205;"SPRF-RJ";"DEL03-RJ";"UOP01-DEL03-RJ"
661013;2025-02-12;"quarta-feira";"22:30:00";"PB";230;241;"JUAZEIRINHO";"Animais na Pista";"Atropelamento de Animal";"Com Vítimas Feridas";"Plena Noite";"Decrescente";"Céu Claro";"Simples";"Reta";"Não";2;0;0;2;0;0;2;1;-7,0688;-36,5739;"SPRF-PB";"DEL02-PB";"UOP02-DEL02-PB"
661015;2025-02-12;"quarta-feira";"17:30:00";"MT";163;929;"ITAUBA";"Reação tardia ou ineficiente do condutor";"Saída de leito carroçável";"Com Vítimas Feridas";"Anoitecer";"Decrescente";"Céu Claro";"Simples";"Reta";"Não";2;0;2;0;0;0;2;1;-11,18101607;-55,31012039;"SPRF-MT";"DEL06-MT";"UOP02-DEL06-MT"
661018;2025-02-12;"quarta-feira";"23:00:00";"RO";421;3;"ARIQUEMES";"Reação tardia ou ineficiente do condutor";"Saída de leito carroçável";"Com Vítimas Feridas";"Plena Noite";"Decrescente";"Nublado";"Simples";"Reta;Declive";"Não";1;0;1;0;0;0;1;1;-9,925448;-63,071266;"SPRF-RO";"DEL03-RO";"UOP01-DEL03-RO"
661019;2025-02-12;"quarta-feira";"22:15:00";"SC";282;490,9;"FAXINAL DOS GUEDES";"Transitar na contramão";"Colisão frontal";"Com Vítimas Fatais";"Plena Noite";"Decrescente";"Chuva";"Simples";"Reta";"Não";4;1;1;2;0;0;3;2;-26,87361406;-52,28061497;"SPRF-SC";"DEL07-SC";"UOP01-DEL07-SC"
661021;2025-02-13;"quinta-feira";"02:00:00";"RS";386;33,3;"FREDERICO WESTPHALEN";"Ausência de reação do condutor";"Saída de leito carroçável";"Com Vítimas Feridas";"Plena Noite";"Decrescente";"Nublado";"Simples";"Reta;Interseção de Vias";"Sim";4;0;3;0;0;1;3;1;-27,349504;-53,386337;"SPRF-RS";"DEL08-RS";"UOP02-DEL08-RS"
661022;2025-02-13;"quinta-feira";"01:50:00";"DF";20;10;"BRASILIA";"Ingestão de álcool pelo condutor";"Tombamento";"Sem Vítimas";"Plena Noite";"Decrescente";"Ignorado";"Dupla";"Em Obras;Reta";"Sim";1;0;0;0;1;0;0;1;-15,650243;-47,773872;"SPRF-DF";"DEL02-DF";"UOP01-DEL02-DF"
661024;2025-02-13;"quinta-feira";"01:45:00";"DF";20;10;"BRASILIA";"Reação tardia ou ineficiente do condutor";"Queda de ocupante de veículo";"Com Vítimas Feridas";"Plena Noite";"Decrescente";"Céu Claro";"Dupla";"Reta;Declive";"Sim";1;0;1;0;0;0;1;1;-15,650243;-47,773872;"SPRF-DF";"DEL02-DF";"UOP01-DEL02-DF"
661028;2025-02-13;"quinta-feira";"03:35:00";"RJ";116;137;"MAGE";"Transitar na contramão";"Colisão frontal";"Com Vítimas Feridas";"Plena Noite";"Decrescente";"Céu Claro";"Simples";"Viaduto";"Sim";3;0;1;0;2;0;1;2;-22,64791994;-43,18200799;"SPRF-RJ";"DEL04-RJ";"UOP02-DEL04-RJ"
661029;2025-02-13;"quinta-feira";"04:30:00";"GO";50;263,5;"CATALAO";"Condutor Dormindo";"Saída de leito carroçável";"Com Vítimas Feridas";"Amanhecer";"Crescente";"Céu Claro";"Dupla";"Declive;Reta";"Não";1;0;1;0;0;0;1;1;-18,0611;-47,8637;"SPRF-GO";"DEL06-GO";"UOP01-DEL06-GO"
661031;2025-02-13;"quinta-feira";"05:00:00";"MG";381;510;"SAO JOAQUIM DE BICAS";"Condutor Dormindo";"Saída de leito carroçável";"Sem Vítimas";"Amanhecer";"Decrescente";"Céu Claro";"Dupla";"Reta";"Não";1;0;0;0;1;0;0;1;-20,05365357;-44,28284168;"SPRF-MG";"DEL01-MG";"UOP03-DEL01-MG"
661033;2025-02-13;"quinta-feira";"00:05:00";"MG";116;277;"TEOFILO OTONI";"Pista Escorregadia";"Tombamento";"Sem Vítimas";"Plena Noite";"Decrescente";"Chuva";"Simples";"Reta";"Sim";1;0;0;0;0;1;0;1;-17,859945;-41,515144;"SPRF-MG";"DEL11-MG";"UOP01-DEL11-MG"
661034;2025-02-12;"quarta-feira";"11:45:00";"PR";376;295;"MAUA DA SERRA";"Ausência de reação do condutor";"Saída de leito carroçável";"Com Vítimas Feridas";"Pleno dia";"Decrescente";"Céu Claro";"Simples";"Curva;Declive";"Não";2;0;2;0;0;0;2;1;-23,9064762;-51,19412184;"SPRF-PR";"DEL07-PR";"UOP02-DEL07-PR"
661035;2025-02-13;"quinta-feira";"05:30:00";"MG";381;903,2;"CAMBUI";"Ausência de reação do condutor";"Saída de leito carroçável";"Com Vítimas Feridas";"Amanhecer";"Crescente";"Céu Claro";"Dupla";"Declive;Reta";"Não";2;0;2;0;0;0;2;1;-22,68185904;-46,10140424;"SPRF-MG";"DEL16-MG";"UOP03-DEL16-MG"
661039;2025-02-13;"quinta-feira";"04:00:00";"RJ";40;123;"DUQUE DE CAXIAS";"Reação tardia ou ineficiente do condutor";"Queda de ocupante de veículo";"Com Vítimas Feridas";"Plena Noite";"Crescente";"Céu Claro";"Dupla";"Reta";"Sim";2;0;2;0;0;0;2;1;-22,79907687;-43,29015739;"SPRF-RJ";"DEL01-RJ";"UOP02-DEL01-RJ"
661045;2025-02-13;"quinta-feira";"06:45:00";"SP";116;221;"GUARULHOS";"Ausência de reação do condutor";"Colisão traseira";"Com Vítimas Feridas";"Pleno dia";"Crescente";"Céu Claro";"Múltipla";"Reta";"Sim";2;0;1;0;1;0;1;2;-23,46802395;-46,50704901;"SPRF-SP";"DEL01-SP";"UOP01-DEL01-SP"
661046;2025-02-13;"quinta-feira";"07:00:00";"SC";280;27,4;"ARAQUARI";"Condutor deixou de manter distância do veículo da frente";"Colisão traseira";"Com Vítimas Feridas";"Pleno dia";"Crescente";"Céu Claro";"Simples";"Em Obras;Reta";"Sim";2;0;1;0;1;0;1;2;-26,39685622;-48,74021969;"SPRF-SC";"DEL03-SC";"UOP03-DEL03-SC"
661047;2025-02-13;"quinta-feira";"07:10:00";"PR";369;150;"LONDRINA";"Condutor desrespeitou a iluminação vermelha do semáforo";"Colisão transversal";"Com Vítimas Feridas";"Pleno dia";"Decrescente";"Céu Claro";"Dupla";"Reta;Interseção de Vias";"Sim";2;0;1;0;1;0;1;2;-23,29291423;-51,16154909;"SPRF-PR";"DEL07-PR";"UOP01-DEL07-PR"
661048;2025-02-12;"quarta-feira";"23:30:00";"RJ";465;7;"SEROPEDICA";"Reação tardia ou ineficiente do condutor";"Tombamento";"Com Vítimas Feridas";"Plena Noite";"Crescente";"Ignorado";"Dupla";"Reta";"Não";1;0;1;0;0;0;1;1;-22,761377;-43,686352;"SPRF-RJ";"DEL06-RJ";"UOP02-DEL06-RJ"
661049;2025-02-13;"quinta-feira";"06:30:00";"PB";230;25;"JOAO PESSOA";"Velocidade Incompatível";"Colisão com objeto";"Com Vítimas Fatais";"Pleno dia";"Decrescente";"Sol";"Múltipla";"Aclive;Viaduto";"Sim";2;1;0;1;0;0;1;1;-7,169389;-34,874985;"SPRF-PB";"DEL01-PB";"UOP01-DEL01-PB"
661050;2025-02-12;"quarta-feira";"23:19:00";"MT";364;446;"VARZEA GRANDE";"Demais falhas na via";"Atropelamento de Pedestre";"Com Vítimas Feridas";"Plena Noite";"Crescente";"Nublado";"Simples";"Em Obras;Reta";"Não";2;0;1;0;0;1;1;2;-15,61443692;-56,20471037;"SPRF-MT";"DEL01-MT";"UOP02-DEL01-MT"
661052;2025-02-13;"quinta-feira";"07:40:00";"PR";277;121;"CAMPO LARGO";"Reação tardia ou ineficiente do condutor";"Colisão lateral mesmo sentido";"Com Vítimas Feridas";"Pleno dia";"Decrescente";"Céu Claro";"Dupla";"Reta";"Sim";3;0;1;1;1;0;2;2;-25,44696;-49,48306;"SPRF-PR";"DEL03-PR";"UOP03-DEL03-PR"
661053;2025-02-10;"segunda-feira";"21:10:00";"SC";101;276;"IMBITUBA";"Acumulo de areia ou detritos sobre o pavimento";"Queda de ocupante de veículo";"Com Vítimas Feridas";"Plena Noite";"Crescente";"Céu Claro";"Múltipla";"Reta;Interseção de Vias";"Sim";1;0;1;0;0;0;1;1;-28,14644701;-48,69204746;"SPRF-SC";"DEL02-SC";"UOP03-DEL02-SC"
661054;2025-02-13;"quinta-feira";"07:20:00";"GO";40;18,5;"LUZIANIA";"Manobra de mudança de faixa";"Colisão traseira";"Com Vítimas Feridas";"Pleno dia";"Crescente";"Céu Claro";"Dupla";"Reta";"Não";3;0;2;0;1;0;2;2;-16,20198203;-47,92116165;"SPRF-DF";"DEL01-DF";"UOP01-DEL01-DF"
661055;2025-02-12;"quarta-feira";"21:30:00";"BA";116;852;"VITORIA DA CONQUISTA";"Ingestão de álcool pelo condutor";"Colisão transversal";"Sem Vítimas";"Plena Noite";"Crescente";"Céu Claro";"Simples";"Reta";"Não";1;0;0;0;1;0;0;1;-15,01274203;-40,94342996;"SPRF-BA";"DEL08-BA";"UOP01-DEL08-BA"
661056;2025-02-13;"quinta-feira";"07:40:00";"RN";101;83;"NATAL";"Condutor deixou de manter distância do veículo da frente";"Colisão traseira";"Com Vítimas Feridas";"Pleno dia";"Decrescente";"Céu Claro";"Simples";"Rotatória";"Sim";2;0;1;0;1;0;1;2;-5,7710445;-35,26616981;"SPRF-RN";"DEL02-RN";"UOP01-DEL02-RN"
661057;2025-02-13;"quinta-feira";"07:30:00";"RJ";101;70;"CAMPOS DOS GOYTACAZES";"Demais falhas mecânicas ou elétricas";"Colisão lateral mesmo sentido";"Com Vítimas Feridas";"Pleno dia";"Crescente";"Céu Claro";"Simples";"Reta";"Não";4;0;1;0;3;0;1;3;-21,78428898;-41,37876034;"SPRF-RJ";"DEL08-RJ";"UOP02-DEL08-RJ"
661058;2025-02-13;"quinta-feira";"06:50:00";"MS";60;425,7;"SIDROLANDIA";"Manobra de mudança de faixa";"Colisão lateral mesmo sentido";"Com Vítimas Feridas";"Pleno dia";"Decrescente";"Céu Claro";"Dupla";"Reta";"Sim";3;0;1;0;1;1;1;3;-20,934981;-54,960717;"SPRF-MS";"DEL01-MS";"UOP04-DEL01-MS"
661059;2025-02-13;"quinta-feira";"07:48:00";"SP";153;72,3;"SAO JOSE DO RIO PRETO";"Reação tardia ou ineficiente do condutor";"Colisão traseira";"Com Vítimas Feridas";"Pleno dia";"Decrescente";"Nublado";"Dupla";"Aclive;Reta";"Sim";2;0;1;0;1;0;1;2;-20,86715501;-49,41334398;"SPRF-SP";"DEL09-SP";"UOP01-DEL09-SP"
661061;2025-02-13;"quinta-feira";"07:50:00";"MG";381;754;"TRES CORACOES";"Carga excessiva e/ou mal acondicionada";"Eventos atípicos";"Com Vítimas Feridas";"Pleno dia";"Decrescente";"Céu Claro";"Dupla";"Reta";"Sim";1;0;0;1;0;0;1;1;-21,68626885;-45,34601116;"SPRF-MG";"DEL16-MG";"UOP02-DEL16-MG"
661062;2025-02-13;"quinta-feira";"08:00:00";"RJ";116;193;"QUEIMADOS";"Avarias e/ou desgaste excessivo no pneu";"Colisão traseira";"Com Vítimas Feridas";"Amanhecer";"Crescente";"Céu Claro";"Dupla";"Reta";"Não";5;0;1;3;1;0;4;3;-22,73960178;-43,52859094;"SPRF-RJ";"DEL06-RJ";"UOP01-DEL06-RJ"
661063;2025-02-13;"quinta-feira";"08:00:00";"PR";369;147,1;"LONDRINA";"Reação tardia ou ineficiente do condutor";"Colisão traseira";"Com Vítimas Feridas";"Pleno dia";"Decrescente";"Céu Claro";"Dupla";"Reta;Interseção de Vias";"Sim";3;0;1;0;2;0;1;2;-23,29310593;-51,13417447;"SPRF-PR";"DEL07-PR";"UOP01-DEL07-PR"
661064;2025-02-13;"quinta-feira";"07:11:00";"RN";304;209;"LAJES";"Reação tardia ou ineficiente do condutor";"Colisão traseira";"Sem Vítimas";"Pleno dia";"Decrescente";"Céu Claro";"Simples";"Aclive";"Não";3;0;0;0;3;0;0;3;-5,74198;-36,086029;"SPRF-RN";"DEL01-RN";"UOP03-DEL01-RN"
661067;2025-02-13;"quinta-feira";"08:00:00";"PR";469;17;"FOZ DO IGUACU";"Ultrapassagem Indevida";"Colisão transversal";"Com Vítimas Feridas";"Pleno dia";"Crescente";"Nublado";"Simples";"Interseção de Vias";"Sim";3;0;2;0;1;0;2;2;-25,5906;-54,5172;"SPRF-PR";"DEL05-PR";"UOP04-DEL05-PR"
661068;2025-02-13;"quinta-feira";"08:40:00";"PB";230;12;"CABEDELO";"Acessar a via sem observar a presença dos outros veículos";"Colisão lateral mesmo sentido";"Sem Vítimas";"Pleno dia";"Crescente";"Céu Claro";"Dupla";"Reta;Em Obras";"Sim";5;0;0;0;5;0;0;2;-7,068;-34,85;"SPRF-PB";"DEL01-PB";"UOP01-DEL01-PB"
661069;2025-02-13;"quinta-feira";"08:00:00";"BA";324;621;"SALVADOR";"Condutor deixou de manter distância do veículo da frente";"Colisão traseira";"Com Vítimas Feridas";"Pleno dia";"Crescente";"Sol";"Dupla";"Curva";"Não";3;0;2;0;1;0;2;2;-12,91233708;-38,45956983;"SPRF-BA";"DEL01-BA";"UOP01-DEL01-BA"
661070;2025-02-13;"quinta-feira";"07:35:00";"RS";386;265;"CANOAS";"Acessar a via sem observar a presença dos outros veículos";"Colisão transversal";"Com Vítimas Feridas";"Pleno dia";"Decrescente";"Nublado";"Dupla";"Reta";"Não";3;0;1;0;2;0;1;2;-29,91931092;-51,17784309;"SPRF-RS";"DEL04-RS";"UOP03-DEL04-RS"
661071;2025-02-13;"quinta-feira";"07:15:00";"BA";324;550;"AMELIA RODRIGUES";"Condutor Dormindo";"Colisão traseira";"Com Vítimas Feridas";"Pleno dia";"Decrescente";"Céu Claro";"Múltipla";"Reta";"Sim";3;0;1;0;2;0;1;2;-12,43832718;-38,72506515;"SPRF-BA";"DEL01-BA";"UOP03-DEL01-BA"
661073;2025-01-20;"segunda-feira";"08:00:00";"AL";316;243;"ATALAIA";"Velocidade Incompatível";"Colisão transversal";"Com Vítimas Feridas";"Pleno dia";"Decrescente";"Céu Claro";"Simples";"Curva;Declive";"Não";2;0;1;0;1;0;1;2;-9,50948818;-36,01302293;"SPRF-AL";"DEL01-AL";"UOP01-DEL01-AL"
661075;2025-02-13;"quinta-feira";"09:15:00";"MG";40;446,1;"PARAOPEBA";"Velocidade Incompatível";"Tombamento";"Com Vítimas Feridas";"Pleno dia";"Decrescente";"Nublado";"Dupla";"Aclive;Reta";"Sim";2;0;1;0;1;0;1;1;-19,28907;-44,39014;"SPRF-MG";"DEL02-MG";"UOP01-DEL02-MG"
661076;2025-02-13;"quinta-feira";"08:40:00";"SC";101;92,8;"BARRA VELHA";"Demais falhas mecânicas ou elétricas";"Tombamento";"Com Vítimas Feridas";"Pleno dia";"Decrescente";"Nublado";"Múltipla";"Reta";"Não";2;0;0;2;0;0;2;1;-26,6806041;-48,6931497;"SPRF-SC";"DEL03-SC";"UOP02-DEL03-SC"
661078;2025-02-01;"sábado";"10:45:00";"RS";290;58;"GLORINHA";"Manobra de mudança de faixa";"Colisão lateral mesmo sentido";"Com Vítimas Feridas";"Pleno dia";"Decrescente";"Céu Claro";"Dupla";"Reta";"Não";6;0;1;0;5;0;1;2;-29,920788;-50,838261;"SPRF-RS";"DEL03-RS";"UOP01-DEL03-RS"
661079;2025-02-13;"quinta-feira";"06:20:00";"SE";101;13,8;"CEDRO DE SAO JOAO";"Ausência de reação do condutor";"Colisão traseira";"Com Vítimas Feridas";"Amanhecer";"Decrescente";"Céu Claro";"Dupla";"Reta";"Não";4;0;1;0;3;0;1;2;-10,30352286;-36,88758029;"SPRF-SE";"DEL02-SE";"UOP02-DEL02-SE"
661083;2025-02-13;"quinta-feira";"09:29:00";"RN";226;2,7;"NATAL";"Ultrapassagem Indevida";"Colisão frontal";"Com Vítimas Feridas";"Pleno dia";"Decrescente";"Céu Claro";"Simples";"Reta";"Sim";3;0;1;0;1;1;1;2;-5,81364934;-35,2466547;"SPRF-RN";"DEL01-RN";"UOP02-DEL01-RN"
661085;2025-02-13;"quinta-feira";"07:00:00";"GO";153;542;"HIDROLANDIA";"Demais falhas na via";"Capotamento";"Com Vítimas Feridas";"Pleno dia";"Decrescente";"Céu Claro";"Dupla";"Aclive";"Não";1;0;1;0;0;0;1;1;-17,0727;-49,2238;"SPRF-GO";"DEL01-GO";"UOP03-DEL01-GO"