"id";"data_inversa";"dia_semana";"horario";"uf";"br";"km";"municipio";"causa_acidente";"tipo_acidente";"classificacao_acidente";"fase_dia";"sentido_via";"condicao_metereologica";"tipo_pista";"tracado_via";"uso_solo";"pessoas";"mortos";"feridos_leves";"feridos_graves";"ilesos";"ignorados";"feridos";"veiculos";"latitude";"longitude";"regional";"delegacia";"uop"
661436;2025-02-14;"sexta-feira";"23:20:00";"SC";282;480;"FAXINAL DOS GUEDES";"Reação tardia ou ineficiente do condutor";"Saída de leito carroçável";"Com Vítimas Feridas";"Plena Noite";"Crescente";"Nublado";"Simples";"Reta;Rotatória";"Não";3;0;3;0;0;0;3;1;-26,87817221;-52,18823433;"SPRF-SC";"DEL07-SC";"UOP01-DEL07-SC"
661437;2025-02-15;"sábado";"00:30:00";"PR";277;47;"MORRETES";"Demais falhas mecânicas ou elétricas";"Incêndio";"Sem Vítimas";"Plena Noite";"Crescente";"Céu Claro";"Múltipla";"Reta";"Não";1;0;0;0;1;0;0;1;-25,58937591;-48,87336932;"SPRF-PR";"DEL01-PR";"UOP05-DEL01-PR"
661439;2025-02-14;"sexta-feira";"21:00:00";"PI";135;213,5;"ELISEU MARTINS";"Ausência de reação do condutor";"Saída de leito carroçável";"Com Vítimas Feridas";"Anoitecer";"Decrescente";"Céu Claro";"Simples";"Reta";"Não";1;0;0;1;0;0;1;1;-8,12011904;-43,68332493;"SPRF-PI";"DEL03-PI";"UOP02-DEL03-PI"
661441;2025-02-15;"sábado";"01:10:00";"MG";50;113;"UBERABA";"Condutor Dormindo";"Saída de leito carroçável";"Com Vítimas Fatais";"Plena Noite";"Crescente";"Nublado";"Dupla";"Curva;Declive";"Não";1;1;0;0;0;0;0;1;-19,24933392;-48,13570581;"SPRF-MG";"DEL13-MG";"UOP01-DEL13-MG"
661445;2025-02-15;"sábado";"02:00:00";"SP";116;207;"GUARULHOS";"Reação tardia ou ineficiente do condutor";"Queda de ocupante de veículo";"Com Vítimas Feridas";"Plena Noite";"Decrescente";"Céu Claro";"Múltipla";"Reta";"Sim";1;0;1;0;0;0;1;1;-23,41972188;-46,38419203;"SPRF-SP";"DEL01-SP";"UOP01-DEL01-SP"
661446;2025-02-14;"sexta-feira";"23:45:00";"GO";452;35;"SANTA HELENA DE GOIAS";"Objeto estático sobre o leito carroçável";"Colisão transversal";"Com Vítimas Feridas";"Plena Noite";"Crescente";"Nublado";"Simples";"Declive;Reta";"Não";6;0;1;0;5;0;1;2;-17,915328;-50,599578;"SPRF-GO";"DEL04-GO";"UOP01-DEL04-GO"
661447;2025-02-15;"sábado";"02:15:00";"PR";373;279;"PRUDENTOPOLIS";"Reação tardia ou ineficiente do condutor";"Saída de leito carroçável";"Com Vítimas Feridas";"Plena Noite";"Decrescente";"Céu Claro";"Simples";"Reta";"Não";1;0;1;0;0;0;1;1;-25,27142442;-51,1010937;"SPRF-PR";"DEL08-PR";"UOP01-DEL08-PR"
661448;2025-02-15;"sábado";"02:20:00";"ES";101;327,3;"GUARAPARI";"Ausência de reação do condutor";"Colisão com objeto";"Com Vítimas Feridas";"Plena Noite";"Decrescente";"Céu Claro";"Dupla";"Reta";"Não";1;0;0;1;0;0;1;1;-20,57231099;-40,48455601;"SPRF-ES";"DEL03-ES";"UOP01-DEL03-ES"
661449;2025-02-15;"sábado";"00:20:00";"PA";10;161,9;"PARAGOMINAS";"Ausência de reação do condutor";"Colisão traseira";"Com Vítimas Fatais";"Plena Noite";"Decrescente";"Céu Claro";"Simples";"Reta";"Sim";3;1;0;1;0;1;1;2;-3,0272761;-47,46507953;"SPRF-PA";"DEL02-PA";"UOP01-DEL02-PA"
661450;2025-02-15;"sábado";"02:26:00";"CE";116;11,7;"FORTALEZA";"Ingestão de álcool pelo condutor";"Colisão frontal";"Com Vítimas Fatais";"Plena Noite";"Crescente";"Céu Claro";"Simples";"Viaduto;Aclive;Curva";"Não";2;1;0;0;1;0;0;2;-3,84394724;-38,49891546;"SPRF-CE";"DEL01-CE";"UOP02-DEL01-CE"
661451;2025-02-15;"sábado";"03:09:00";"PR";116;72;"QUATRO BARRAS";"Ausência de reação do condutor";"Saída de leito carroçável";"Sem Vítimas";"Plena Noite";"Crescente";"Céu Claro";"Dupla";"Curva";"Não";1;0;0;0;1;0;0;1;-25,33849717;-49,03792883;"SPRF-PR";"DEL01-PR";"UOP02-DEL01-PR"
661452;2025-02-15;"sábado";"01:00:00";"MT";163;13;"ITIQUIRA";"Reação tardia ou ineficiente do condutor";"Colisão com objeto";"Com Vítimas Feridas";"Plena Noite";"Crescente";"Nublado";"Simples";"Reta;Rotatória";"Não";1;0;1;0;0;0;1;1;-17,397367;-54,756665;"SPRF-MT";"DEL02-MT";"UOP03-DEL02-MT"
661453;2025-02-15;"sábado";"01:10:00";"SC";101;230;"PALHOCA";"Ausência de reação do condutor";"Saída de leito carroçável";"Sem Vítimas";"Plena Noite";"Decrescente";"Chuva";"Dupla";"Aclive;Reta";"Não";1;0;0;0;1;0;0;1;-27,77781898;-48,63489608;"SPRF-SC";"DEL01-SC";"UOP02-DEL01-SC"
661454;2025-02-15;"sábado";"03:00:00";"ES";101;392,5;"RIO NOVO DO SUL";"Manobra de mudança de faixa";"Colisão lateral mesmo sentido";"Com Vítimas Feridas";"Plena Noite";"Crescente";"Céu Claro";"Simples";"Interseção de Vias";"Não";2;0;0;1;1;0;1;2;-20,865694;-40,91366;"SPRF-ES";"DEL03-ES";"UOP02-DEL03-ES"
661456;2025-02-15;"sábado";"03:15:00";"RS";116;236;"NOVO HAMBURGO";"Ingestão de álcool pelo condutor";"Colisão com objeto";"Com Vítimas Feridas";"Plena Noite";"Crescente";"Céu Claro";"Dupla";"Reta";"Sim";1;0;1;0;0;0;1;1;-29,66938502;-51,14304731;"SPRF-RS";"DEL01-RS";"UOP02-DEL01-RS"
661457;2025-02-15;"sábado";"02:00:00";"MT";163;1021;"PEIXOTO DE AZEVEDO";"Ingestão de álcool pelo condutor";"Saída de leito carroçável";"Sem Vítimas";"Plena Noite";"Decrescente";"Chuva";"Simples";"Reta";"Não";1;0;0;0;1;0;0;1;-10,30379118;-55,03189899;"SPRF-MT";"DEL06-MT";"UOP03-DEL06-MT"
661459;2025-02-15;"sábado";"04:00:00";"PR";277;683;"SAO MIGUEL DO IGUACU";"Velocidade Incompatível";"Saída de leito carroçável";"Com Vítimas Feridas";"Plena Noite";"Crescente";"Céu Claro";"Dupla";"Curva";"Não";1;0;0;1;0;0;1;1;-25,33269888;-54,19204103;"SPRF-PR";"DEL05-PR";"UOP01-DEL05-PR"
661460;2025-02-15;"sábado";"02:10:00";"MG";262;9,4;"MARTINS SOARES";"Suicídio (presumido)";"Atropelamento de Pedestre";"Com Vítimas Feridas";"Plena Noite";"Crescente";"Céu Claro";"Simples";"Curva";"Não";3;0;0;1;1;1;1;2;-20,25054582;-41,83493898;"SPRF-MG";"DEL06-MG";"UOP03-DEL06-MG"
661461;2025-02-15;"sábado";"04:40:00";"RS";472;184,1;"SANTO CRISTO";"Ultrapassagem Indevida";"Colisão frontal";"Com Vítimas Feridas";"Plena Noite";"Crescente";"Chuva";"Simples";"Reta;Declive";"Não";3;0;1;2;0;0;3;2;-27,84533132;-54,55667318;"SPRF-RS";"DEL10-RS";"UOP01-DEL10-RS"
661463;2025-02-15;"sábado";"05:00:00";"SC";101;35;"JOINVILLE";"Demais falhas mecânicas ou elétricas";"Queda de ocupante de veículo";"Com Vítimas Feridas";"Amanhecer";"Decrescente";"Céu Claro";"Dupla";"Reta";"Sim";1;0;1;0;0;0;1;1;-26,2411301;-48,91227415;"SPRF-SC";"DEL03-SC";"UOP01-DEL03-SC"
661464;2025-02-15;"sábado";"04:00:00";"RR";174;210;"RORAINOPOLIS";"Ingestão de álcool pelo condutor";"Colisão transversal";"Com Vítimas Fatais";"Plena Noite";"Crescente";"Ignorado";"Simples";"Reta";"Sim";2;1;1;0;0;0;1;2;0,936114;-60,426502;"SPRF-RR";"DEL01-RR";"UOP01-DEL01-RR"
661466;2025-02-15;"sábado";"04:53:00";"GO";153;359,5;"JARAGUA";"Ingestão de álcool pelo condutor";"Saída de leito carroçável";"Sem Vítimas";"Plena Noite";"Crescente";"Chuva";"Simples";"Interseção de Vias;Retorno Regulamentado";"Sim";1;0;0;0;1;0;0;1;-15,75859678;-49,31369305;"SPRF-GO";"DEL02-GO";"UOP02-DEL02-GO"
661467;2025-02-15;"sábado";"04:40:00";"PE";101;3;"GOIANA";"Ausência de reação do condutor";"Saída de leito carroçável";"Com Vítimas Feridas";"Amanhecer";"Crescente";"Céu Claro";"Dupla";"Curva;Declive";"Não";1;0;1;0;0;0;1;1;-7,52387351;-34,99333161;"SPRF-PE";"DEL01-PE";"UOP02-DEL01-PE"
661468;2025-02-15;"sábado";"05:00:00";"SC";282;2,8;"FLORIANOPOLIS";"Ausência de reação do condutor";"Colisão com objeto";"Sem Vítimas";"Amanhecer";"Decrescente";"Chuva";"Múltipla";"Reta";"Sim";2;0;0;0;1;1;0;1;-27,603289;-48,590416;"SPRF-SC";"DEL01-SC";"UOP01-DEL01-SC"
661471;2025-02-15;"sábado";"04:30:00";"SC";470;165,9;"TROMBUDO CENTRAL";"Velocidade Incompatível";"Saída de leito carroçável";"Com Vítimas Feridas";"Plena Noite";"Decrescente";"Céu Claro";"Simples";"Curva";"Não";1;0;1;0;0;0;1;1;-27,27663;-49,845661;"SPRF-SC";"DEL04-SC";"UOP02-DEL04-SC"
661472;2025-02-15;"sábado";"02:00:00";"SC";101;149;"ITAPEMA";"Chuva";"Tombamento";"Com Vítimas Feridas";"Plena Noite";"Crescente";"Chuva";"Múltipla";"Reta";"Sim";1;0;1;0;0;0;1;1;-27,1089649;-48,61277586;"SPRF-SC";"DEL04-SC";"UOP03-DEL04-SC"
661473;2025-02-15;"sábado";"04:30:00";"SP";116;149;"SAO JOSE DOS CAMPOS";"Reação tardia ou ineficiente do condutor";"Colisão com objeto";"Sem Vítimas";"Plena Noite";"Crescente";"Céu Claro";"Dupla";"Reta";"Não";1;0;0;0;0;1;0;1;-23,20700047;-45,88626861;"SPRF-SP";"DEL02-SP";"UOP01-DEL02-SP"
661474;2025-02-15;"sábado";"06:00:00";"PR";376;288,1;"MAUA DA SERRA";"Reação tardia ou ineficiente do condutor";"Saída de leito carroçável";"Com Vítimas Feridas";"Pleno dia";"Decrescente";"Nublado";"Dupla";"Curva";"Não";1;0;1;0;0;0;1;1;-23,88268;-51,246462;"SPRF-PR";"DEL07-PR";"UOP02-DEL07-PR"
661475;2025-02-15;"sábado";"06:40:00";"SC";101;202,7;"SAO JOSE";"Ausência de reação do condutor";"Colisão com objeto";"Com Vítimas Feridas";"Pleno dia";"Decrescente";"Céu Claro";"Simples";"Reta";"Sim";3;0;1;0;2;0;1;3;-27,55711595;-48,61897889;"SPRF-SC";"DEL01-SC";"UOP01-DEL01-SC"
661476;2025-02-15;"sábado";"06:05:00";"PR";277;673;"MEDIANEIRA";"Transitar na contramão";"Colisão frontal";"Com Vítimas Fatais";"Amanhecer";"Crescente";"Nublado";"Dupla";"Aclive;Reta";"Sim";5;2;2;1;0;0;3;2;-25,29033581;-54,10597086;"SPRF-PR";"DEL05-PR";"UOP01-DEL05-PR"
661477;2025-02-15;"sábado";"05:40:00";"MG";262;447;"NOVA SERRANA";"Ausência de reação do condutor";"Colisão traseira";"Com Vítimas Feridas";"Amanhecer";"Decrescente";"Céu Claro";"Simples";"Reta";"Não";5;0;4;0;0;1;4;2;-19,87341662;-44,96007194;"SPRF-MG";"DEL08-MG";"UOP03-DEL08-MG"
661479;2025-02-15;"sábado";"06:00:00";"PB";230;23,9;"JOAO PESSOA";"Ingestão de álcool pelo condutor";"Colisão com objeto";"Sem Vítimas";"Pleno dia";"Crescente";"Céu Claro";"Dupla";"Em Obras;Viaduto;Desvio Temporário";"Sim";1;0;0;0;1;0;0;1;-7,16611942;-34,86348152;"SPRF-PB";"DEL01-PB";"UOP01-DEL01-PB"
661480;2025-02-15;"sábado";"07:35:00";"PR";277;722,2;"FOZ DO IGUACU";"Conversão proibida";"Colisão transversal";"Com Vítimas Feridas";"Pleno dia";"Crescente";"Sol";"Dupla";"Reta";"Sim";3;0;2;0;1;0;2;2;-25,49546363;-54,52220678;"SPRF-PR";"DEL05-PR";"UOP03-DEL05-PR"
661481;2025-02-14;"sexta-feira";"19:30:00";"MT";174;160;"GLORIA DOESTE";"Animais na Pista";"Atropelamento de Animal";"Sem Vítimas";"Plena Noite";"Crescente";"Céu Claro";"Simples";"Reta";"Não";1;0;0;0;1;0;0;1;-15,807035;-58,379435;"SPRF-MT";"DEL03-MT";"UOP01-DEL03-MT"
661483;2025-02-15;"sábado";"07:37:00";"RS";290;44,8;"GLORINHA";"Acumulo de areia ou detritos sobre o pavimento";"Engavetamento";"Com Vítimas Feridas";"Pleno dia";"Decrescente";"Sol";"Dupla";"Reta";"Não";7;0;1;1;5;0;2;6;-29,894128;-50,727931;"SPRF-RS";"DEL03-RS";"UOP01-DEL03-RS"
661484;2025-02-15;"sábado";"07:00:00";"BA";324;582;"CANDEIAS";"Reação tardia ou ineficiente do condutor";"Saída de leito carroçável";"Sem Vítimas";"Pleno dia";"Crescente";"Céu Claro";"Dupla";"Reta";"Não";1;0;0;0;1;0;0;1;-12,60856603;-38,49390902;"SPRF-BA";"DEL01-BA";"UOP01-DEL01-BA"
661486;2025-02-14;"sexta-feira";"21:50:00";"PA";163;561;"TRAIRAO";"Ingestão de álcool pelo condutor";"Tombamento";"Com Vítimas Fatais";"Plena Noite";"Crescente";"Chuva";"Simples";"Declive;Reta";"Não";2;1;0;1;0;0;1;1;-5,10264995;-56,13090197;"SPRF-PA";"DEL05-PA";"UOP03-DEL05-PA"
661487;2025-02-15;"sábado";"07:40:00";"ES";101;270,5;"SERRA";"Faixas de trânsito com largura insuficiente";"Colisão lateral mesmo sentido";"Sem Vítimas";"Pleno dia";"Crescente";"Céu Claro";"Simples";"Reta";"Sim";2;0;0;0;2;0;0;2;-20,22662056;-40,27075088;"SPRF-ES";"DEL02-ES";"UOP01-DEL02-ES"
661490;2025-02-14;"sexta-feira";"15:43:00";"AC";364;438;"FEIJO";"Pista esburacada";"Saída de leito carroçável";"Com Vítimas Feridas";"Pleno dia";"Decrescente";"Céu Claro";"Simples";"Reta";"Não";1;0;1;0;0;0;1;1;-8,51652779;-70,03496792;"SPRF-AC";"DEL01-AC";"UOP01-DEL01-AC"
661491;2025-02-15;"sábado";"08:00:00";"ES";101;372,5;"ICONHA";"Suicídio (presumido)";"Atropelamento de Pedestre";"Com Vítimas Feridas";"Pleno dia";"Crescente";"Sol";"Simples";"Reta";"Não";3;0;0;1;1;1;1;2;-20,77215419;-40,77695658;"SPRF-ES";"DEL03-ES";"UOP01-DEL03-ES"
661493;2025-02-15;"sábado";"06:45:00";"PR";376;591,5;"CURITIBA";"Reação tardia ou ineficiente do condutor";"Tombamento";"Com Vítimas Feridas";"Pleno dia";"Decrescente";"Céu Claro";"Dupla";"Reta";"Não";1;0;1;0;0;0;1;1;-25,45999605;-49,35895013;"SPRF-PR";"DEL03-PR";"UOP03-DEL03-PR"
661495;2025-02-15;"sábado";"06:45:00";"MG";381;171;"GOVERNADOR VALADARES";"Acessar a via sem observar a presença dos outros veículos";"Colisão lateral mesmo sentido";"Com Vítimas Feridas";"Pleno dia";"Decrescente";"Céu Claro";"Simples";"Interseção de Vias";"Não";2;0;1;0;1;0;1;2;-18,98031967;-42,10224929;"SPRF-MG";"DEL06-MG";"UOP01-DEL06-MG"
661496;2025-02-15;"sábado";"06:00:00";"SC";282;592;"SAUDADES";"Ingestão de álcool pelo condutor";"Tombamento";"Sem Vítimas";"Amanhecer";"Crescente";"Nublado";"Simples";"Interseção de Vias";"Não";1;0;0;0;1;0;0;1;-26,825869;-53,091843;"SPRF-SC";"DEL07-SC";"UOP02-DEL07-SC"
661497;2025-02-15;"sábado";"09:00:00";"RN";226;66;"SERRA CAIADA";"Condutor Dormindo";"Saída de leito carroçável";"Com Vítimas Feridas";"Pleno dia";"Crescente";"Céu Claro";"Simples";"Reta";"Não";1;0;1;0;0;0;1;1;-6,08820707;-35,69788788;"SPRF-RN";"DEL01-RN";"UOP02-DEL01-RN"
661498;2025-02-15;"sábado";"09:00:00";"SP";116;74,9;"APARECIDA";"Reação tardia ou ineficiente do condutor";"Colisão traseira";"Com Vítimas Feridas";"Pleno dia";"Decrescente";"Céu Claro";"Dupla";"Reta;Declive";"Não";2;0;1;0;1;0;1;2;-22,87496922;-45,26126862;"SPRF-SP";"DEL08-SP";"UOP01-DEL08-SP"
661500;2025-02-15;"sábado";"09:20:00";"SC";282;371,9;"ERVAL VELHO";"Conversão proibida";"Colisão traseira";"Com Vítimas Feridas";"Pleno dia";"Crescente";"Céu Claro";"Simples";"Reta";"Não";2;0;1;0;1;0;1;2;-27,259993;-51,442684;"SPRF-SC";"DEL07-SC";"UOP05-DEL07-SC"
661501;2025-02-15;"sábado";"08:57:00";"PR";277;74;"SAO JOSE DOS PINHAIS";"Demais falhas mecânicas ou elétricas";"Colisão traseira";"Com Vítimas Feridas";"Pleno dia";"Decrescente";"Céu Claro";"Dupla";"Curva;Interseção de Vias";"Sim";2;0;0;1;1;0;1;2;-25,51726115;-49,11540707;"SPRF-PR";"DEL01-PR";"UOP07-DEL01-PR"
661502;2025-02-15;"sábado";"10:15:00";"RN";101;147;"GOIANINHA";"Transitar no Acostamento";"Colisão transversal";"Com Vítimas Feridas";"Pleno dia";"Crescente";"Sol";"Dupla";"Reta";"Sim";2;0;1;0;1;0;1;2;-6,27145987;-35,20823975;"SPRF-RN";"DEL01-RN";"UOP01-DEL01-RN"
661504;2025-02-15;"sábado";"10:15:00";"MG";381;705,2;"LAVRAS";"Reação tardia ou ineficiente do condutor";"Colisão com objeto";"Com Vítimas Feridas";"Pleno dia";"Crescente";"Nublado";"Dupla";"Curva";"Não";1;0;1;0;0;0;1;1;-21,31817;-45,16764;"SPRF-MG";"DEL04-MG";"UOP02-DEL04-MG"
661505;2025-02-15;"sábado";"10:30:00";"SC";280;25,2;"ARAQUARI";"Acessar a via sem observar a presença dos outros veículos";"Colisão transversal";"Com Vítimas Feridas";"Pleno dia";"Crescente";"Céu Claro";"Simples";"Reta;Interseção de Vias";"Sim";2;0;0;1;1;0;1;2;-26,38352781;-48,72677516;"SPRF-SC";"DEL03-SC";"UOP03-DEL03-SC"
661506;2025-02-15;"sábado";"10:55:00";"MG";381;498,9;"BETIM";"Demais falhas mecânicas ou elétricas";"Tombamento";"Com Vítimas Feridas";"Pleno dia";"Crescente";"Céu Claro";"Dupla";"Reta;Aclive";"Sim";2;0;2;0;0;0;2;1;-20,01792651;-44,2261448;"SPRF-MG";"DEL01-MG";"UOP03-DEL01-MG"
661508;2025-02-15;"sábado";"10:20:00";"RJ";101;385;"RIO DE JANEIRO";"Transitar na contramão";"Colisão frontal";"Com Vítimas Feridas";"Pleno dia";"Crescente";"Céu Claro";"Dupla";"Reta";"Sim";3;0;1;0;2;0;1;2;-22,88064129;-43,63218994;"SPRF-RJ";"DEL03-RJ";"UOP01-DEL03-RJ"
661509;2025-02-15;"sábado";"09:25:00";"RS";116;245;"SAO LEOPOLDO";"Transitar na contramão";"Colisão frontal";"Com Vítimas Feridas";"Pleno dia";"Decrescente";"Sol";"Múltipla";"Reta;Interseção de Vias;Viaduto";"Sim";2;0;1;0;1;0;1;2;-29,74980902;-51,15125361;"SPRF-RS";"DEL01-RS";"UOP02-DEL01-RS"
661510;2025-02-15;"sábado";"10:23:00";"PB";104;131,4;"QUEIMADAS";"Acessar a via sem observar a presença dos outros veículos";"Colisão lateral mesmo sentido";"Com Vítimas Feridas";"Pleno dia";"Crescente";"Céu Claro";"Simples";"Rotatória";"Não";2;0;1;0;1;0;1;2;-7,29900408;-35,89187256;"SPRF-PB";"DEL02-PB";"UOP03-DEL02-PB"
661511;2025-02-15;"sábado";"09:30:00";"PR";277;19,2;"PARANAGUA";"Avarias e/ou desgaste excessivo no pneu";"Tombamento";"Com Vítimas Feridas";"Pleno dia";"Decrescente";"Sol";"Dupla";"Reta";"Não";2;0;1;0;1;0;1;1;-25,5371298;-48,69899803;"SPRF-PR";"DEL01-PR";"UOP05-DEL01-PR"
661512;2025-02-15;"sábado";"11:00:00";"PR";376;223,7;"CAMBIRA";"Acessar a via sem observar a presença dos outros veículos";"Colisão transversal";"Com Vítimas Feridas";"Pleno dia";"Crescente";"Céu Claro";"Dupla";"Interseção de Vias";"Sim";3;0;1;1;1;0;2;2;-23,59622768;-51,58070326;"SPRF-PR";"DEL07-PR";"UOP03-DEL07-PR"
661517;2025-02-15;"sábado";"09:50:00";"MG";153;119;"PRATA";"Reação tardia ou ineficiente do condutor";"Tombamento";"Com Vítimas Feridas";"Pleno dia";"Decrescente";"Céu Claro";"Simples";"Reta";"Não";1;0;1;0;0;0;1;1;-19,39390101;-48,89661712;"SPRF-MG";"DEL15-MG";"UOP03-DEL15-MG"
661518;2025-02-15;"sábado";"12:15:00";"MG";381;5,9;"BETIM";"Velocidade Incompatível";"Tombamento";"Com Vítimas Feridas";"Pleno dia";"Decrescente";"Céu Claro";"Dupla";"Reta";"Não";1;0;1;0;0;0;1;1;-19,98875564;-44,19645309;"SPRF-MG";"DEL01-MG";"UOP03-DEL01-MG"
661519;2025-02-15;"sábado";"09:50:00";"MG";116;526,3;"CARATINGA";"Condutor deixou de manter distância do veículo da frente";"Colisão traseira";"Com Vítimas Feridas";"Pleno dia";"Decrescente";"Sol";"Dupla";"Reta";"Sim";3;0;1;0;1;1;1;2;-19,78231223;-42,13321209;"SPRF-MG";"DEL06-MG";"UOP02-DEL06-MG"
661520;2025-02-15;"sábado";"12:10:00";"BA";324;537;"AMELIA RODRIGUES";"Acessar a via sem observar a presença dos outros veículos";"Colisão lateral mesmo sentido";"Com Vítimas Feridas";"Pleno dia";"Crescente";"Céu Claro";"Dupla";"Reta";"Não";3;0;2;0;1;0;2;2;-12,36902201;-38,81384601;"SPRF-BA";"DEL01-BA";"UOP03-DEL01-BA"
661523;2025-02-15;"sábado";"12:30:00";"MG";381;757,9;"TRES CORACOES";"Demais falhas mecânicas ou elétricas";"Tombamento";"Com Vítimas Feridas";"Pleno dia";"Decrescente";"Céu Claro";"Dupla";"Reta";"Não";1;0;1;0;0;0;1;1;-21,67710054;-45,34002364;"SPRF-MG";"DEL16-MG";"UOP02-DEL16-MG"
661525;2025-02-15;"sábado";"13:00:00";"SC";280;29,2;"ARAQUARI";"Transitar na contramão";"Colisão transversal";"Sem Vítimas";"Pleno dia";"Decrescente";"Céu Claro";"Simples";"Reta";"Não";2;0;0;0;2;0;0;2;-26,41199932;-48,75480831;"SPRF-SC";"DEL03-SC";"UOP03-DEL03-SC"
661526;2025-02-15;"sábado";"10:30:00";"PE";104;13;"TAQUARITINGA DO NORTE";"Condutor deixou de manter distância do veículo da frente";"Colisão traseira";"Com Vítimas Feridas";"Pleno dia";"Crescente";"Céu Claro";"Simples";"Reta";"Não";2;0;0;1;0;1;1;2;-7,897198;-36,113335;"SPRF-PE";"DEL02-PE";"UOP01-DEL02-PE"
661527;2025-02-15;"sábado";"13:00:00";"SC";101;132;"BALNEARIO CAMBORIU";"Ausência de reação do condutor";"Engavetamento";"Com Vítimas Feridas";"Pleno dia";"Crescente";"Céu Claro";"Dupla";"Reta";"Sim";3;0;1;0;2;0;1;3;-26,99654133;-48,65564711;"SPRF-SC";"DEL04-SC";"UOP03-DEL04-SC"
661528;2025-02-15;"sábado";"12:10:00";"BA";116;9;"VITORIA DA CONQUISTA";"Acessar a via sem observar a presença dos outros veículos";"Colisão transversal";"Com Vítimas Feridas";"Pleno dia";"Crescente";"Céu Claro";"Simples";"Reta";"Sim";2;0;1;0;1;0;1;2;-14,851;-40,8485;"SPRF-BA";"DEL08-BA";"UOP01-DEL08-BA"
661529;2025-02-07;"sexta-feira";"20:07:00";"MA";135;44;"BACABEIRA";"Animais na Pista";"Atropelamento de Animal";"Sem Vítimas";"Plena Noite";"Crescente";"Céu Claro";"Dupla";"Reta";"Sim";1;0;0;0;1;0;0;1;-2,9178575;-44,34673274;"SPRF-MA";"DEL01-MA";"UOP01-DEL01-MA"
661530;2025-02-15;"sábado";"13:20:00";"PE";101;88;"JABOATAO DOS GUARARAPES";"Ausência de reação do condutor";"Colisão traseira";"Com Vítimas Feridas";"Pleno dia";"Crescente";"Céu Claro";"Dupla";"Reta";"Não";2;0;0;1;1;0;1;2;-8,19971387;-34,9785382;"SPRF-PE";"DEL01-PE";"UOP01-DEL01-PE"
661531;2025-02-15;"sábado";"12:10:00";"MA";135;20;"SAO LUIS";"Ingestão de álcool pelo condutor";"Colisão traseira";"Sem Vítimas";"Pleno dia";"Crescente";"Céu Claro";"Dupla";"Reta";"Sim";2;0;0;0;2;0;0;2;-2,53073;-44,3068;"SPRF-MA";"DEL01-MA";"UOP01-DEL01-MA"
661532;2025-02-15;"sábado";"13:06:00";"GO";40;9;"LUZIANIA";"Condutor deixou de manter distância do veículo da frente";"Colisão lateral mesmo sentido";"Com Vítimas Feridas";"Pleno dia";"Crescente";"Céu Claro";"Dupla";"Reta";"Não";2;0;1;0;1;0;1;2;-16,131158;-47,957739;"SPRF-DF";"DEL01-DF";"UOP01-DEL01-DF"
661534;2025-02-15;"sábado";"11:40:00";"PI";135;352;"BOM JESUS";"Acessar a via sem observar a presença dos outros veículos";"Colisão transversal";"Com Vítimas Feridas";"Pleno dia";"Crescente";"Céu Claro";"Dupla";"Reta";"Sim";2;0;0;1;1;0;1;2;-9,07531116;-44,35476699;"SPRF-PI";"DEL03-PI";"UOP02-DEL03-PI"
661535;2025-02-15;"sábado";"13:15:00";"PI";316;315;"PICOS";"Ausência de reação do condutor";"Queda de ocupante de veículo";"Com Vítimas Feridas";"Pleno dia";"Crescente";"Céu Claro";"Simples";"Reta";"Sim";1;0;1;0;0;0;1;1;-7,07951262;-41,43236492;"SPRF-PI";"DEL04-PI";"UOP01-DEL04-PI"
661536;2025-02-15;"sábado";"12:40:00";"GO";452;3;"RIO VERDE";"Acessar a via sem observar a presença dos outros veículos";"Colisão transversal";"Sem Vítimas";"Pleno dia";"Crescente";"Céu Claro";"Dupla";"Curva;Declive;Retorno Regulamentado";"Não";7;0;0;0;7;0;0;2;-17,80066089;-50,87743393;"SPRF-GO";"DEL04-GO";"UOP01-DEL04-GO"
661537;2025-02-15;"sábado";"12:40:00";"MG";116;753,6;"LEOPOLDINA";"Condutor deixou de manter distância do veículo da frente";"Colisão lateral mesmo sentido";"Com Vítimas Feridas";"Pleno dia";"Decrescente";"Céu Claro";"Simples";"Curva";"Não";3;0;2;0;1;0;2;2;-21,47568319;-42,56682787;"SPRF-MG";"DEL07-MG";"UOP01-DEL07-MG"
661538;2025-02-15;"sábado";"12:30:00";"PE";408;95;"SAO LOURENCO DA MATA";"Ausência de reação do condutor";"Saída de leito carroçável";"Com Vítimas Feridas";"Pleno dia";"Decrescente";"Céu Claro";"Dupla";"Declive;Reta";"Não";1;0;1;0;0;0;1;1;-8,01186091;-35,04237616;"SPRF-PE";"DEL01-PE";"UOP01-DEL01-PE"
661540;2025-02-15;"sábado";"08:55:00";"RN";304;45,6;"MOSSORO";"Acessar a via sem observar a presença dos outros veículos";"Colisão transversal";"Com Vítimas Feridas";"Pleno dia";"Decrescente";"Céu Claro";"Dupla";"Reta;Retorno Regulamentado";"Sim";2;0;1;0;1;0;1;2;-5,2250698;-37,3490001;"SPRF-RN";"DEL04-RN";"UOP01-DEL04-RN"
661541;2025-02-15;"sábado";"09:25:00";"SP";101;49;"UBATUBA";"Conversão proibida";"Colisão transversal";"Com Vítimas Feridas";"Pleno dia";"Crescente";"Céu Claro";"Simples";"Curva";"Sim";2;0;1;0;1;0;1;2;-23,44410908;-45,08375708;"SPRF-SP";"DEL06-SP";"UOP01-DEL06-SP"