"id";"data_inversa";"dia_semana";"horario";"uf";"br";"km";"municipio";"causa_acidente";"tipo_acidente";"classificacao_acidente";"fase_dia";"sentido_via";"condicao_metereologica";"tipo_pista";"tracado_via";"uso_solo";"pessoas";"mortos";"feridos_leves";"feridos_graves";"ilesos";"ignorados";"feridos";"veiculos";"latitude";"longitude";"regional";"delegacia";"uop"
661542;2025-02-15;"sábado";"13:40:00";"MG";381;498,9;"BETIM";"Avarias e/ou desgaste excessivo no pneu";"Tombamento";"Com Vítimas Feridas";"Pleno dia";"Crescente";"Sol";"Dupla";"Aclive;Reta";"Sim";1;0;1;0;0;0;1;1;-20,01172662;-44,21976041;"SPRF-MG";"DEL01-MG";"UOP03-DEL01-MG"
661543;2025-02-15;"sábado";"13:45:00";"DF";20;13,5;"BRASILIA";"Ingestão de álcool pelo condutor";"Colisão traseira";"Sem Vítimas";"Pleno dia";"Crescente";"Céu Claro";"Dupla";"Reta";"Não";3;0;0;0;3;0;0;2;-15,638752;-47,749599;"SPRF-DF";"DEL02-DF";"UOP01-DEL02-DF"
661544;2025-02-15;"sábado";"11:45:00";"SP";101;41;"UBATUBA";"Reação tardia ou ineficiente do condutor";"Colisão traseira";"Com Vítimas Feridas";"Pleno dia";"Decrescente";"Céu Claro";"Simples";"Reta";"Não";3;0;0;1;2;0;1;2;-23,41971433;-45,0428663;"SPRF-SP";"DEL06-SP";"UOP01-DEL06-SP"
661545;2025-02-15;"sábado";"12:00:00";"ES";262;154,2;"IBATIBA";"Reação tardia ou ineficiente do condutor";"Colisão traseira";"Com Vítimas Feridas";"Pleno dia";"Decrescente";"Céu Claro";"Simples";"Reta";"Não";2;0;0;1;1;0;1;2;-20,22262434;-41,46210677;"SPRF-ES";"DEL01-ES";"UOP02-DEL01-ES"
661547;2025-02-15;"sábado";"13:15:00";"RS";293;339,7;"SANTANA DO LIVRAMENTO";"Ingestão de álcool pelo condutor";"Colisão transversal";"Com Vítimas Feridas";"Pleno dia";"Crescente";"Céu Claro";"Simples";"Interseção de Vias";"Sim";2;0;1;0;1;0;1;2;-30,85507929;-55,53007364;"SPRF-RS";"DEL11-RS";"UOP01-DEL11-RS"
661548;2025-02-15;"sábado";"13:40:00";"PR";376;165,9;"MARINGA";"Avarias e/ou desgaste excessivo no pneu";"Tombamento";"Com Vítimas Feridas";"Pleno dia";"Decrescente";"Céu Claro";"Dupla";"Reta";"Não";1;0;0;1;0;0;1;1;-23,385327;-52,025896;"SPRF-PR";"DEL09-PR";"UOP01-DEL09-PR"
661549;2025-02-15;"sábado";"14:20:00";"ES";101;299,5;"VIANA";"Desrespeitar a preferência no cruzamento";"Colisão transversal";"Com Vítimas Feridas";"Pleno dia";"Crescente";"Sol";"Múltipla";"Interseção de Vias";"Sim";2;0;1;0;1;0;1;2;-20,35860628;-40,42327504;"SPRF-ES";"DEL01-ES";"UOP01-DEL01-ES"
661551;2025-02-15;"sábado";"14:30:00";"MG";381;509;"SAO JOAQUIM DE BICAS";"Ingestão de álcool pelo condutor";"Saída de leito carroçável";"Com Vítimas Feridas";"Pleno dia";"Decrescente";"Céu Claro";"Dupla";"Curva";"Sim";4;0;4;0;0;0;4;1;-20,0497758;-44,2776127;"SPRF-MG";"DEL01-MG";"UOP03-DEL01-MG"
661552;2025-02-15;"sábado";"14:30:00";"RS";116;324;"BARRA DO RIBEIRO";"Demais falhas mecânicas ou elétricas";"Tombamento";"Com Vítimas Feridas";"Pleno dia";"Crescente";"Nublado";"Dupla";"Reta";"Não";2;0;1;0;1;0;1;1;-30,32702593;-51,42171417;"SPRF-RS";"DEL02-RS";"UOP01-DEL02-RS"
661553;2025-02-15;"sábado";"15:00:00";"PE";101;67;"RECIFE";"Conversão proibida";"Colisão traseira";"Com Vítimas Feridas";"Pleno dia";"Decrescente";"Sol";"Dupla";"Reta";"Sim";2;0;1;0;1;0;1;2;-8,042334;-34,943096;"SPRF-PE";"DEL01-PE";"UOP01-DEL01-PE"
661556;2025-02-15;"sábado";"14:52:00";"CE";116;10;"FORTALEZA";"Ausência de reação do condutor";"Colisão traseira";"Com Vítimas Feridas";"Pleno dia";"Crescente";"Céu Claro";"Dupla";"Reta";"Sim";2;0;1;0;1;0;1;2;-3,83603805;-38,5027281;"SPRF-CE";"DEL01-CE";"UOP02-DEL01-CE"
661558;2025-02-15;"sábado";"09:00:00";"MG";50;180;"UBERABA";"Demais falhas mecânicas ou elétricas";"Incêndio";"Sem Vítimas";"Pleno dia";"Decrescente";"Céu Claro";"Simples";"Retorno Regulamentado";"Sim";1;0;0;0;1;0;0;1;-19,77848216;-47,92194709;"SPRF-MG";"DEL13-MG";"UOP01-DEL13-MG"
661560;2025-02-15;"sábado";"13:20:00";"SC";280;5,8;"SAO FRANCISCO DO SUL";"Ingestão de álcool pelo condutor";"Colisão frontal";"Com Vítimas Feridas";"Pleno dia";"Decrescente";"Céu Claro";"Simples";"Reta";"Não";2;0;1;0;1;0;1;2;-26,26011706;-48,62571995;"SPRF-SC";"DEL03-SC";"UOP03-DEL03-SC"
661562;2025-02-15;"sábado";"16:05:00";"SC";101;195,2;"BIGUACU";"Avarias e/ou desgaste excessivo no pneu";"Tombamento";"Com Vítimas Feridas";"Pleno dia";"Crescente";"Céu Claro";"Dupla";"Reta";"Sim";2;0;2;0;0;0;2;1;-27,5047092;-48,65010819;"SPRF-SC";"DEL01-SC";"UOP01-DEL01-SC"
661563;2025-02-15;"sábado";"15:20:00";"SC";101;140;"BALNEARIO CAMBORIU";"Reação tardia ou ineficiente do condutor";"Colisão traseira";"Sem Vítimas";"Pleno dia";"Crescente";"Céu Claro";"Múltipla";"Reta";"Não";2;0;0;0;2;0;0;2;-27,03881189;-48,60025148;"SPRF-SC";"DEL04-SC";"UOP03-DEL04-SC"
661565;2025-02-15;"sábado";"16:00:00";"SP";116;216;"GUARULHOS";"Reação tardia ou ineficiente do condutor";"Tombamento";"Com Vítimas Feridas";"Pleno dia";"Decrescente";"Céu Claro";"Múltipla";"Reta";"Sim";3;0;2;0;0;1;2;2;-23,45056589;-46,46258105;"SPRF-SP";"DEL01-SP";"UOP01-DEL01-SP"
661567;2025-02-15;"sábado";"15:40:00";"SP";116;421;"JUQUIA";"Condutor Dormindo";"Saída de leito carroçável";"Com Vítimas Feridas";"Pleno dia";"Crescente";"Céu Claro";"Simples";"Curva";"Não";2;0;2;0;0;0;2;1;-24,35801488;-47,68588212;"SPRF-SP";"DEL05-SP";"UOP01-DEL05-SP"
661569;2025-02-15;"sábado";"15:12:00";"RO";425;126;"GUAJARA-MIRIM";"Ausência de reação do condutor";"Colisão transversal";"Com Vítimas Feridas";"Pleno dia";"Decrescente";"Céu Claro";"Dupla";"Reta";"Sim";2;0;1;0;1;0;1;2;-10,632141;-65,302414;"SPRF-RO";"DEL01-RO";"UOP03-DEL01-RO"
661571;2025-02-15;"sábado";"11:20:00";"MG";365;823;"SANTA VITORIA";"Acessar a via sem observar a presença dos outros veículos";"Colisão transversal";"Com Vítimas Feridas";"Pleno dia";"Decrescente";"Sol";"Simples";"Reta;Declive";"Não";2;0;2;0;0;0;2;2;-18,878003;-50,127321;"SPRF-MG";"DEL15-MG";"UOP03-DEL15-MG"
661572;2025-02-15;"sábado";"15:40:00";"SC";101;205,2;"SAO JOSE";"Reação tardia ou ineficiente do condutor";"Tombamento";"Com Vítimas Feridas";"Pleno dia";"Crescente";"Nublado";"Múltipla";"Curva";"Sim";1;0;0;1;0;0;1;1;-27,58488559;-48,6164546;"SPRF-SC";"DEL01-SC";"UOP01-DEL01-SC"
661573;2025-02-15;"sábado";"11:30:00";"AP";156;232;"SANTANA";"Demais falhas na via";"Saída de leito carroçável";"Sem Vítimas";"Pleno dia";"Decrescente";"Chuva";"Simples";"Reta";"Não";2;0;0;0;2;0;0;1;0,226596;-51,428454;"SPRF-AP";"DEL01-AP";"UOP01-DEL01-AP"
661575;2025-02-15;"sábado";"16:55:00";"SE";101;181;"UMBAUBA";"Ausência de reação do condutor";"Queda de ocupante de veículo";"Com Vítimas Feridas";"Pleno dia";"Decrescente";"Céu Claro";"Simples";"Reta";"Não";1;0;1;0;0;0;1;1;-11,36892188;-37,64792008;"SPRF-SE";"DEL02-SE";"UOP03-DEL02-SE"
661577;2025-02-15;"sábado";"14:00:00";"MG";40;825,2;"SIMAO PEREIRA";"Reação tardia ou ineficiente do condutor";"Saída de leito carroçável";"Com Vítimas Feridas";"Pleno dia";"Decrescente";"Céu Claro";"Dupla";"Curva";"Não";3;0;3;0;0;0;3;1;-21,9735272;-43,28541842;"SPRF-MG";"DEL05-MG";"UOP01-DEL05-MG"
661578;2025-02-15;"sábado";"16:30:00";"RJ";356;147;"CAMPOS DOS GOYTACAZES";"Acessar a via sem observar a presença dos outros veículos";"Colisão lateral mesmo sentido";"Com Vítimas Feridas";"Pleno dia";"Crescente";"Céu Claro";"Dupla";"Reta";"Sim";5;0;1;0;4;0;1;2;-21,78540158;-41,29978331;"SPRF-RJ";"DEL08-RJ";"UOP02-DEL08-RJ"
661579;2025-02-15;"sábado";"17:20:00";"MG";262;411,8;"IGARATINGA";"Conversão proibida";"Colisão transversal";"Com Vítimas Feridas";"Anoitecer";"Decrescente";"Vento";"Dupla";"Rotatória";"Sim";5;0;3;0;2;0;3;2;-19,89051204;-44,64959297;"SPRF-MG";"DEL08-MG";"UOP03-DEL08-MG"
661580;2025-02-15;"sábado";"16:45:00";"PR";158;532,8;"PATO BRANCO";"Conversão proibida";"Colisão transversal";"Com Vítimas Feridas";"Pleno dia";"Decrescente";"Céu Claro";"Simples";"Interseção de Vias";"Sim";4;0;1;0;1;2;1;3;-26,21772884;-52,68122435;"SPRF-PR";"DEL02-PR";"UOP01-DEL02-PR"
661581;2025-02-15;"sábado";"17:27:00";"PE";232;36,5;"VITORIA DE SANTO ANTAO";"Entrada inopinada do pedestre";"Atropelamento de Pedestre";"Sem Vítimas";"Anoitecer";"Decrescente";"Céu Claro";"Dupla";"Reta";"Não";2;0;0;0;1;1;0;2;-8,112188;-35,20614;"SPRF-PE";"DEL01-PE";"UOP01-DEL01-PE"
661582;2025-02-15;"sábado";"16:45:00";"PR";373;259,3;"PRUDENTOPOLIS";"Ausência de reação do condutor";"Saída de leito carroçável";"Com Vítimas Feridas";"Pleno dia";"Crescente";"Nublado";"Simples";"Curva";"Não";3;0;0;2;1;0;2;1;-25,206547;-50,936092;"SPRF-PR";"DEL08-PR";"UOP01-DEL08-PR"
661583;2025-02-15;"sábado";"16:10:00";"BA";349;933;"CORRENTINA";"Reação tardia ou ineficiente do condutor";"Colisão traseira";"Com Vítimas Feridas";"Pleno dia";"Decrescente";"Céu Claro";"Simples";"Reta";"Sim";6;0;6;0;0;0;6;2;-13,3635861;-44,6472901;"SPRF-BA";"DEL10-BA";"UOP02-DEL10-BA"
661584;2025-02-15;"sábado";"17:50:00";"PA";230;119;"MARABA";"Ausência de reação do condutor";"Colisão traseira";"Sem Vítimas";"Anoitecer";"Decrescente";"Céu Claro";"Simples";"Reta";"Sim";4;0;0;0;4;0;0;2;-5,350407;-49,105981;"SPRF-PA";"DEL03-PA";"UOP01-DEL03-PA"
661586;2025-02-15;"sábado";"17:15:00";"MS";163;74;"ITAQUIRAI";"Reação tardia ou ineficiente do condutor";"Saída de leito carroçável";"Com Vítimas Feridas";"Pleno dia";"Crescente";"Céu Claro";"Simples";"Declive;Reta;Ponte";"Não";2;0;1;1;0;0;2;1;-23,50976209;-54,18919663;"SPRF-MS";"DEL09-MS";"UOP02-DEL09-MS"
661587;2025-02-15;"sábado";"18:00:00";"PB";230;21;"JOAO PESSOA";"Ausência de reação do condutor";"Queda de ocupante de veículo";"Com Vítimas Feridas";"Plena Noite";"Crescente";"Céu Claro";"Dupla";"Reta";"Sim";1;0;1;0;0;0;1;1;-7,1415;-34,8519;"SPRF-PB";"DEL01-PB";"UOP01-DEL01-PB"
661588;2025-02-15;"sábado";"17:43:00";"PR";277;63;"SAO JOSE DOS PINHAIS";"Avarias e/ou desgaste excessivo no pneu";"Tombamento";"Com Vítimas Feridas";"Pleno dia";"Decrescente";"Nublado";"Dupla";"Reta";"Não";2;0;2;0;0;0;2;1;-25,54985814;-49,04235008;"SPRF-PR";"DEL01-PR";"UOP01-DEL01-PR"
661589;2025-02-15;"sábado";"17:00:00";"SC";282;68,5;"RANCHO QUEIMADO";"Velocidade Incompatível";"Saída de leito carroçável";"Com Vítimas Feridas";"Pleno dia";"Crescente";"Chuva";"Simples";"Curva;Declive";"Não";6;0;3;2;1;0;5;1;-27,692406;-49,075939;"SPRF-SC";"DEL01-SC";"UOP03-DEL01-SC"
661590;2025-02-15;"sábado";"18:03:00";"MS";163;482;"CAMPO GRANDE";"Acessar a via sem observar a presença dos outros veículos";"Colisão lateral mesmo sentido";"Com Vítimas Feridas";"Anoitecer";"Crescente";"Céu Claro";"Simples";"Viaduto";"Sim";3;0;0;1;2;0;1;2;-20,46271123;-54,55411122;"SPRF-MS";"DEL01-MS";"UOP02-DEL01-MS"
661591;2025-02-15;"sábado";"18:35:00";"AL";316;154,5;"PALMEIRA DOS INDIOS";"Iluminação deficiente";"Atropelamento de Pedestre";"Com Vítimas Fatais";"Plena Noite";"Crescente";"Céu Claro";"Simples";"Reta";"Sim";3;1;0;0;2;0;0;2;-9,42516398;-36,63090706;"SPRF-AL";"DEL03-AL";"UOP01-DEL03-AL"
661592;2025-02-15;"sábado";"16:50:00";"RJ";116;245;"PIRAI";"Velocidade Incompatível";"Colisão com objeto";"Com Vítimas Feridas";"Pleno dia";"Decrescente";"Céu Claro";"Dupla";"Reta";"Não";2;0;2;0;0;0;2;1;-22,62040692;-43,92593694;"SPRF-RJ";"DEL07-RJ";"UOP01-DEL07-RJ"
661594;2025-02-15;"sábado";"13:00:00";"RJ";101;228;"SILVA JARDIM";"Reação tardia ou ineficiente do condutor";"Queda de ocupante de veículo";"Com Vítimas Feridas";"Pleno dia";"Crescente";"Sol";"Dupla";"Reta";"Não";2;0;1;0;1;0;1;1;-22,56241824;-42,35993577;"SPRF-RJ";"DEL02-RJ";"UOP03-DEL02-RJ"
661595;2025-02-15;"sábado";"19:13:00";"PE";232;8;"RECIFE";"Manobra de mudança de faixa";"Colisão lateral mesmo sentido";"Com Vítimas Feridas";"Pleno dia";"Decrescente";"Céu Claro";"Múltipla";"Reta";"Sim";3;0;0;1;2;0;1;2;-8,07583727;-34,97015791;"SPRF-PE";"DEL01-PE";"UOP01-DEL01-PE"
661596;2025-02-15;"sábado";"19:00:00";"DF";70;19;"BRASILIA";"Ingestão de álcool pelo condutor";"Colisão com objeto";"Sem Vítimas";"Pleno dia";"Crescente";"Céu Claro";"Dupla";"Declive";"Não";1;0;0;0;1;0;0;1;-15,788868;-48,220242;"SPRF-DF";"DEL03-DF";"UOP02-DEL03-DF"
661597;2025-02-15;"sábado";"17:29:00";"RJ";101;241;"SILVA JARDIM";"Avarias e/ou desgaste excessivo no pneu";"Saída de leito carroçável";"Com Vítimas Feridas";"Pleno dia";"Decrescente";"Céu Claro";"Dupla";"Reta";"Não";3;0;0;3;0;0;3;1;-22,63298511;-42,44557897;"SPRF-RJ";"DEL02-RJ";"UOP03-DEL02-RJ"
661600;2025-02-15;"sábado";"19:25:00";"BA";110;173;"RIBEIRA DO POMBAL";"Acessar a via sem observar a presença dos outros veículos";"Colisão traseira";"Com Vítimas Feridas";"Plena Noite";"Decrescente";"Céu Claro";"Simples";"Aclive;Reta";"Sim";3;0;2;0;1;0;2;2;-10,86944598;-38,52734387;"SPRF-BA";"DEL07-BA";"UOP02-DEL07-BA"
661601;2025-02-15;"sábado";"18:30:00";"PE";428;185,5;"PETROLINA";"Condutor deixou de manter distância do veículo da frente";"Colisão lateral mesmo sentido";"Sem Vítimas";"Plena Noite";"Crescente";"Céu Claro";"Dupla";"Retorno Regulamentado";"Sim";2;0;0;0;2;0;0;2;-9,35676341;-40,47884703;"SPRF-PE";"DEL06-PE";"UOP01-DEL06-PE"
661602;2025-02-15;"sábado";"19:40:00";"PR";277;645;"CEU AZUL";"Transitar na contramão";"Colisão transversal";"Com Vítimas Feridas";"Plena Noite";"Decrescente";"Céu Claro";"Simples";"Reta";"Não";2;0;0;1;1;0;1;2;-25,17361152;-53,89754176;"SPRF-PR";"DEL05-PR";"UOP02-DEL05-PR"
661603;2025-02-15;"sábado";"19:30:00";"SC";101;315,1;"LAGUNA";"Acessar a via sem observar a presença dos outros veículos";"Colisão frontal";"Com Vítimas Feridas";"Plena Noite";"Decrescente";"Chuva";"Dupla";"Interseção de Vias";"Sim";3;0;1;0;2;0;1;2;-28,43552413;-48,8343121;"SPRF-SC";"DEL02-SC";"UOP01-DEL02-SC"
661604;2025-02-15;"sábado";"12:00:00";"PR";163;283;"MARECHAL CANDIDO RONDON";"Condutor Dormindo";"Saída de leito carroçável";"Com Vítimas Feridas";"Pleno dia";"Decrescente";"Céu Claro";"Simples";"Reta;Interseção de Vias;Rotatória";"Sim";1;0;1;0;0;0;1;1;-24,57864514;-53,99236214;"SPRF-PR";"DEL06-PR";"UOP02-DEL06-PR"
661605;2025-02-15;"sábado";"19:55:00";"SC";282;207,6;"LAGES";"Reação tardia ou ineficiente do condutor";"Saída de leito carroçável";"Com Vítimas Feridas";"Plena Noite";"Decrescente";"Chuva";"Simples";"Reta;Declive";"Sim";1;0;1;0;0;0;1;1;-27,773464;-50,202095;"SPRF-SC";"DEL05-SC";"UOP01-DEL05-SC"
661606;2025-02-15;"sábado";"19:30:00";"RS";290;67,8;"GRAVATAI";"Reação tardia ou ineficiente do condutor";"Saída de leito carroçável";"Sem Vítimas";"Plena Noite";"Crescente";"Chuva";"Simples";"Curva;Declive";"Sim";1;0;0;0;0;1;0;1;-29,94256;-50,925896;"SPRF-RS";"DEL03-RS";"UOP01-DEL03-RS"
661609;2025-02-15;"sábado";"16:10:00";"MG";381;572;"ITAGUARA";"Ausência de reação do condutor";"Saída de leito carroçável";"Com Vítimas Feridas";"Pleno dia";"Crescente";"Céu Claro";"Dupla";"Curva;Declive";"Não";2;0;1;0;1;0;1;1;-20,42891304;-44,54835892;"SPRF-MG";"DEL04-MG";"UOP03-DEL04-MG"
661610;2025-02-15;"sábado";"19:30:00";"SC";116;10,9;"MAFRA";"Ingestão de álcool pelo condutor";"Saída de leito carroçável";"Com Vítimas Feridas";"Plena Noite";"Decrescente";"Garoa/Chuvisco";"Simples";"Curva;Declive";"Não";1;0;1;0;0;0;1;1;-26,17794162;-49,85986233;"SPRF-SC";"DEL06-SC";"UOP01-DEL06-SC"
661611;2025-02-15;"sábado";"18:00:00";"RS";290;638;"URUGUAIANA";"Condutor deixou de manter distância do veículo da frente";"Tombamento";"Com Vítimas Feridas";"Anoitecer";"Crescente";"Chuva";"Simples";"Reta";"Não";2;0;1;0;0;1;1;2;-30,017042;-56,299175;"SPRF-RS";"DEL13-RS";"UOP02-DEL13-RS"
661612;2025-02-15;"sábado";"19:00:00";"MG";116;524,9;"CARATINGA";"Transitar no Acostamento";"Atropelamento de Pedestre";"Com Vítimas Feridas";"Plena Noite";"Decrescente";"Céu Claro";"Simples";"Reta;Interseção de Vias";"Sim";2;0;0;1;0;1;1;2;-19,76027352;-42,13398823;"SPRF-MG";"DEL06-MG";"UOP02-DEL06-MG"
661613;2025-02-15;"sábado";"18:30:00";"MG";50;17,5;"UBERLANDIA";"Avarias e/ou desgaste excessivo no pneu";"Tombamento";"Com Vítimas Feridas";"Plena Noite";"Crescente";"Céu Claro";"Dupla";"Reta";"Sim";1;0;1;0;0;0;1;1;-18,9113;-48,2622;"SPRF-MG";"DEL15-MG";"UOP01-DEL15-MG"
661614;2025-02-15;"sábado";"20:20:00";"RS";290;39,4;"SANTO ANTONIO DA PATRULHA";"Ingestão de álcool pelo condutor";"Saída de leito carroçável";"Com Vítimas Feridas";"Plena Noite";"Decrescente";"Nublado";"Dupla";"Reta";"Não";2;0;1;0;1;0;1;2;-29,886437;-50,652989;"SPRF-RS";"DEL03-RS";"UOP01-DEL03-RS"
661615;2025-02-15;"sábado";"16:10:00";"RS";285;146;"MUITOS CAPOES";"Ausência de reação do condutor";"Tombamento";"Com Vítimas Feridas";"Pleno dia";"Crescente";"Nublado";"Simples";"Curva";"Não";1;0;1;0;0;0;1;1;-28,357988;-51,106682;"SPRF-RS";"DEL05-RS";"UOP03-DEL05-RS"
661618;2025-02-15;"sábado";"18:00:00";"GO";60;326;"ACREUNA";"Ingestão de álcool pelo condutor";"Queda de ocupante de veículo";"Com Vítimas Feridas";"Anoitecer";"Crescente";"Céu Claro";"Dupla";"Reta";"Não";1;0;1;0;0;0;1;1;-17,5268;-50,4943;"SPRF-GO";"DEL04-GO";"UOP02-DEL04-GO"
661619;2025-02-15;"sábado";"17:40:00";"BA";330;804;"JEQUIE";"Ingestão de álcool pelo condutor";"Saída de leito carroçável";"Com Vítimas Feridas";"Anoitecer";"Decrescente";"Céu Claro";"Simples";"Curva";"Não";2;0;1;1;0;0;2;1;-13,9747696;-39,95416081;"SPRF-BA";"DEL03-BA";"UOP01-DEL03-BA"
661620;2025-02-15;"sábado";"17:24:00";"MT";364;582,4;"DIAMANTINO";"Acumulo de água sobre o pavimento";"Saída de leito carroçável";"Sem Vítimas";"Anoitecer";"Decrescente";"Chuva";"Dupla";"Reta";"Não";1;0;0;0;1;0;0;1;-14,64330661;-56,28131833;"SPRF-MT";"DEL01-MT";"UOP01-DEL01-MT"
661621;2025-02-15;"sábado";"20:50:00";"SC";101;323;"CAPIVARI DE BAIXO";"Demais falhas mecânicas ou elétricas";"Incêndio";"Sem Vítimas";"Pleno dia";"Crescente";"Chuva";"Múltipla";"Curva;Declive";"Não";3;0;0;0;3;0;0;1;-28,42789556;-48,91248313;"SPRF-SC";"DEL02-SC";"UOP01-DEL02-SC"
661622;2025-02-15;"sábado";"20:00:00";"PB";361;78;"PIANCO";"Transitar na contramão";"Colisão frontal";"Com Vítimas Fatais";"Plena Noite";"Crescente";"Céu Claro";"Simples";"Reta";"Não";2;2;0;0;0;0;0;2;-7,18552414;-37,877191;"SPRF-PB";"DEL03-PB";"UOP01-DEL03-PB"
661623;2025-02-15;"sábado";"20:30:00";"RJ";116;69,1;"TERESOPOLIS";"Velocidade Incompatível";"Colisão lateral sentido oposto";"Com Vítimas Feridas";"Plena Noite";"Crescente";"Céu Claro";"Simples";"Curva";"Sim";2;0;1;0;0;1;1;2;-22,31064086;-42,93779076;"SPRF-RJ";"DEL04-RJ";"UOP01-DEL04-RJ"
661624;2025-02-15;"sábado";"20:30:00";"SC";282;508,3;"XANXERE";"Ingestão de álcool pelo condutor";"Colisão frontal";"Sem Vítimas";"Plena Noite";"Decrescente";"Nublado";"Simples";"Reta";"Não";2;0;0;0;2;0;0;2;-26,887014;-52,448372;"SPRF-SC";"DEL07-SC";"UOP01-DEL07-SC"
661625;2025-02-15;"sábado";"11:00:00";"RJ";101;299;"ITABORAI";"Acumulo de óleo sobre o pavimento";"Tombamento";"Com Vítimas Feridas";"Pleno dia";"Decrescente";"Céu Claro";"Dupla";"Reta";"Sim";2;0;2;0;0;0;2;1;-22,77432673;-42,93823207;"SPRF-RJ";"DEL02-RJ";"UOP02-DEL02-RJ"
661626;2025-02-15;"sábado";"21:00:00";"PR";369;150,2;"LONDRINA";"Velocidade Incompatível";"Colisão traseira";"Com Vítimas Feridas";"Plena Noite";"Decrescente";"Céu Claro";"Dupla";"Reta";"Sim";3;0;2;0;1;0;2;3;-23,29289452;-51,16322279;"SPRF-PR";"DEL07-PR";"UOP01-DEL07-PR"
661629;2025-02-15;"sábado";"20:00:00";"PR";277;546,9;"CATANDUVAS";"Reação tardia ou ineficiente do condutor";"Saída de leito carroçável";"Sem Vítimas";"Plena Noite";"Decrescente";"Céu Claro";"Simples";"Curva";"Não";2;0;0;0;2;0;0;2;-25,10286816;-53,09055797;"SPRF-PR";"DEL04-PR";"UOP04-DEL04-PR"
661630;2025-02-15;"sábado";"22:00:00";"SC";101;45,8;"JOINVILLE";"Demais falhas mecânicas ou elétricas";"Queda de ocupante de veículo";"Com Vítimas Feridas";"Plena Noite";"Crescente";"Chuva";"Dupla";"Curva";"Não";1;0;0;1;0;0;1;1;-26,36015027;-48,85893703;"SPRF-SC";"DEL03-SC";"UOP01-DEL03-SC"
661631;2025-02-15;"sábado";"22:00:00";"SC";280;68;"JARAGUA DO SUL";"Ingestão de álcool pelo condutor";"Colisão frontal";"Com Vítimas Feridas";"Plena Noite";"Crescente";"Nublado";"Simples";"Reta";"Sim";4;0;1;2;0;1;3;3;-26,47277719;-49,11098612;"SPRF-SC";"DEL03-SC";"UOP03-DEL03-SC"
661632;2025-02-15;"sábado";"21:30:00";"SC";101;343,9;"TUBARAO";"Ausência de reação do condutor";"Saída de leito carroçável";"Com Vítimas Feridas";"Plena Noite";"Crescente";"Chuva";"Dupla";"Reta";"Não";2;0;1;0;1;0;1;1;-28,52765702;-49,05615309;"SPRF-SC";"DEL02-SC";"UOP01-DEL02-SC"
661633;2025-02-15;"sábado";"21:30:00";"MA";222;671;"ACAILANDIA";"Desrespeitar a preferência no cruzamento";"Colisão frontal";"Com Vítimas Feridas";"Plena Noite";"Decrescente";"Garoa/Chuvisco";"Simples";"Interseção de Vias";"Sim";2;0;0;1;1;0;1;2;-4,94221365;-47,46757865;"SPRF-MA";"DEL04-MA";"UOP03-DEL04-MA"
661634;2025-02-15;"sábado";"19:30:00";"BA";415;30;"ILHEUS";"Ingestão de álcool pelo condutor";"Colisão lateral sentido oposto";"Sem Vítimas";"Plena Noite";"Crescente";"Nublado";"Dupla";"Curva";"Não";2;0;0;0;2;0;0;2;-14,794933;-39,20884;"SPRF-BA";"DEL05-BA";"UOP01-DEL05-BA"
661635;2025-02-15;"sábado";"21:30:00";"SC";101;215;"PALHOCA";"Chuva";"Colisão com objeto";"Com Vítimas Feridas";"Plena Noite";"Decrescente";"Chuva";"Múltipla";"Interseção de Vias;Viaduto;Reta";"Sim";1;0;1;0;0;0;1;1;-27,65184843;-48,67604941;"SPRF-SC";"DEL01-SC";"UOP02-DEL01-SC"
661637;2025-02-15;"sábado";"21:50:00";"SC";470;34;"GASPAR";"Ausência de reação do condutor";"Colisão traseira";"Sem Vítimas";"Plena Noite";"Crescente";"Garoa/Chuvisco";"Dupla";"Reta";"Não";3;0;0;0;2;1;0;2;-26,910646;-48,949341;"SPRF-SC";"DEL04-SC";"UOP01-DEL04-SC"
661638;2025-02-15;"sábado";"20:30:00";"SP";101;1;"UBATUBA";"Avarias e/ou desgaste excessivo no pneu";"Queda de ocupante de veículo";"Com Vítimas Feridas";"Plena Noite";"Crescente";"Céu Claro";"Múltipla";"Reta";"Não";2;0;2;0;0;0;2;1;-23,35394442;-44,76558482;"SPRF-SP";"DEL06-SP";"UOP01-DEL06-SP"
661639;2025-02-15;"sábado";"20:00:00";"RJ";493;66;"NOVA IGUACU";"Demais falhas mecânicas ou elétricas";"Incêndio";"Sem Vítimas";"Plena Noite";"Crescente";"Céu Claro";"Dupla";"Reta";"Não";1;0;0;0;1;0;0;1;-22,68490495;-43,44790649;"SPRF-RJ";"DEL01-RJ";"UOP03-DEL01-RJ"
661640;2025-02-15;"sábado";"22:30:00";"RJ";101;59,8;"CAMPOS DOS GOYTACAZES";"Acessar a via sem observar a presença dos outros veículos";"Colisão transversal";"Com Vítimas Feridas";"Plena Noite";"Crescente";"Céu Claro";"Simples";"Reta";"Sim";3;0;2;1;0;0;3;2;-21,719395;-41,313134;"SPRF-RJ";"DEL08-RJ";"UOP01-DEL08-RJ"
661641;2025-02-15;"sábado";"22:20:00";"RS";470;179;"VERANOPOLIS";"Acesso irregular";"Colisão transversal";"Com Vítimas Feridas";"Plena Noite";"Crescente";"Nublado";"Simples";"Declive;Reta";"Sim";6;0;3;0;1;2;3;2;-28,95042595;-51,55689413;"SPRF-RS";"DEL06-RS";"UOP02-DEL06-RS"