"id";"data_inversa";"dia_semana";"horario";"uf";"br";"km";"municipio";"causa_acidente";"tipo_acidente";"classificacao_acidente";"fase_dia";"sentido_via";"condicao_metereologica";"tipo_pista";"tracado_via";"uso_solo";"pessoas";"mortos";"feridos_leves";"feridos_graves";"ilesos";"ignorados";"feridos";"veiculos";"latitude";"longitude";"regional";"delegacia";"uop"
661642;2025-02-15;"sábado";"22:06:00";"RO";364;197;"PIMENTA BUENO";"Condutor deixou de manter distância do veículo da frente";"Colisão traseira";"Sem Vítimas";"Plena Noite";"Crescente";"Céu Claro";"Simples";"Reta";"Sim";2;0;0;0;1;1;0;2;-11,67880278;-61,1878925;"SPRF-RO";"DEL02-RO";"UOP02-DEL02-RO"
661643;2025-02-15;"sábado";"23:00:00";"BA";116;421;"FEIRA DE SANTANA";"Reação tardia ou ineficiente do condutor";"Colisão traseira";"Com Vítimas Feridas";"Plena Noite";"Decrescente";"Céu Claro";"Dupla";"Reta;Viaduto";"Sim";4;0;2;0;2;0;2;2;-12,211936;-38,96567;"SPRF-BA";"DEL02-BA";"UOP01-DEL02-BA"
661645;2025-02-15;"sábado";"23:00:00";"RS";116;241;"NOVO HAMBURGO";"Velocidade Incompatível";"Capotamento";"Sem Vítimas";"Plena Noite";"Decrescente";"Céu Claro";"Dupla";"Reta";"Sim";1;0;0;0;0;1;0;1;-29,71396796;-51,1476744;"SPRF-RS";"DEL01-RS";"UOP02-DEL01-RS"
661646;2025-02-15;"sábado";"23:10:00";"BA";116;319;"ARACI";"Ingestão de álcool pelo condutor";"Colisão transversal";"Com Vítimas Feridas";"Plena Noite";"Decrescente";"Céu Claro";"Simples";"Reta";"Sim";2;0;0;1;0;1;1;2;-11,32295708;-38,94963686;"SPRF-BA";"DEL02-BA";"UOP01-DEL02-BA"
661648;2025-02-15;"sábado";"21:50:00";"MS";262;238;"RIBAS DO RIO PARDO";"Ausência de reação do condutor";"Colisão traseira";"Com Vítimas Feridas";"Plena Noite";"Crescente";"Ignorado";"Simples";"Reta";"Sim";2;0;1;0;1;0;1;2;-20,4560229;-53,74643001;"SPRF-MS";"DEL01-MS";"UOP05-DEL01-MS"
661649;2025-02-16;"domingo";"00:05:00";"ES";101;164,5;"LINHARES";"Transitar na contramão";"Colisão frontal";"Com Vítimas Fatais";"Plena Noite";"Crescente";"Céu Claro";"Simples";"Reta";"Não";2;1;0;0;0;1;0;2;-19,50607582;-40,13470026;"SPRF-ES";"DEL04-ES";"UOP01-DEL04-ES"
661651;2025-02-15;"sábado";"22:15:00";"PR";163;213;"CASCAVEL";"Ingestão de álcool pelo condutor";"Saída de leito carroçável";"Com Vítimas Feridas";"Plena Noite";"Crescente";"Céu Claro";"Dupla";"Declive;Reta";"Não";4;0;4;0;0;0;4;1;-24,91678506;-53,53591753;"SPRF-PR";"DEL04-PR";"UOP01-DEL04-PR"
661652;2025-02-15;"sábado";"23:15:00";"RJ";465;10;"SEROPEDICA";"Ausência de reação do condutor";"Saída de leito carroçável";"Com Vítimas Feridas";"Plena Noite";"Decrescente";"Céu Claro";"Simples";"Aclive;Reta";"Não";2;0;1;0;1;0;1;1;-22,777218;-43,663025;"SPRF-RJ";"DEL06-RJ";"UOP02-DEL06-RJ"
661653;2025-02-16;"domingo";"00:50:00";"RS";116;253;"SAPUCAIA DO SUL";"Ausência de reação do condutor";"Colisão com objeto";"Sem Vítimas";"Plena Noite";"Decrescente";"Céu Claro";"Múltipla";"Aclive;Reta;Viaduto";"Sim";1;0;0;0;1;0;0;1;-29,81784209;-51,16996166;"SPRF-RS";"DEL01-RS";"UOP02-DEL01-RS"
661654;2025-02-16;"domingo";"01:10:00";"RJ";101;310;"SAO GONCALO";"Entrada inopinada do pedestre";"Atropelamento de Pedestre";"Com Vítimas Feridas";"Plena Noite";"Decrescente";"Céu Claro";"Dupla";"Reta";"Sim";2;0;2;0;0;0;2;2;-22,79717023;-43,04404993;"SPRF-RJ";"DEL02-RJ";"UOP02-DEL02-RJ"
661655;2025-02-16;"domingo";"00:03:00";"MT";163;749;"SORRISO";"Reação tardia ou ineficiente do condutor";"Queda de ocupante de veículo";"Com Vítimas Feridas";"Plena Noite";"Crescente";"Céu Claro";"Dupla";"Curva";"Sim";1;0;0;1;0;0;1;1;-12,68056718;-55,79601858;"SPRF-MT";"DEL06-MT";"UOP01-DEL06-MT"
661656;2025-02-16;"domingo";"01:00:00";"SP";116;136,6;"SAO JOSE DOS CAMPOS";"Ingestão de álcool pelo condutor";"Colisão com objeto";"Sem Vítimas";"Plena Noite";"Crescente";"Nublado";"Dupla";"Curva;Interseção de Vias;Retorno Regulamentado";"Não";2;0;0;0;2;0;0;1;-23,14874471;-45,77863714;"SPRF-SP";"DEL02-SP";"UOP01-DEL02-SP"
661658;2025-02-16;"domingo";"00:20:00";"RJ";101;54;"CAMPOS DOS GOYTACAZES";"Trafegar com motocicleta (ou similar) entre as faixas";"Queda de ocupante de veículo";"Com Vítimas Fatais";"Plena Noite";"Crescente";"Céu Claro";"Simples";"Reta";"Sim";1;1;0;0;0;0;0;1;-21,67110839;-41,3111043;"SPRF-RJ";"DEL08-RJ";"UOP01-DEL08-RJ"
661659;2025-02-16;"domingo";"00:55:00";"MS";262;399,9;"TERENOS";"Condutor Dormindo";"Colisão lateral sentido oposto";"Com Vítimas Feridas";"Plena Noite";"Decrescente";"Céu Claro";"Simples";"Reta";"Não";3;0;1;2;0;0;3;2;-20,420148;-55,01981;"SPRF-MS";"DEL01-MS";"UOP03-DEL01-MS"
661660;2025-02-16;"domingo";"01:37:00";"RS";116;253;"SAPUCAIA DO SUL";"Condutor deixou de manter distância do veículo da frente";"Colisão traseira";"Sem Vítimas";"Plena Noite";"Decrescente";"Céu Claro";"Dupla";"Aclive";"Sim";4;0;0;0;4;0;0;2;-29,81784209;-51,16996166;"SPRF-RS";"DEL01-RS";"UOP02-DEL01-RS"
661661;2025-02-15;"sábado";"23:40:00";"MG";381;632;"OLIVEIRA";"Condutor Dormindo";"Saída de leito carroçável";"Com Vítimas Feridas";"Plena Noite";"Crescente";"Céu Claro";"Dupla";"Reta";"Não";1;0;1;0;0;0;1;1;-20,86147692;-44,84048107;"SPRF-MG";"DEL04-MG";"UOP01-DEL04-MG"
661663;2025-02-16;"domingo";"02:50:00";"RS";386;339,9;"LAJEADO";"Ingestão de álcool pelo condutor";"Saída de leito carroçável";"Sem Vítimas";"Plena Noite";"Decrescente";"Céu Claro";"Simples";"Viaduto";"Sim";1;0;0;0;1;0;0;1;-29,410208;-52,029076;"SPRF-RS";"DEL04-RS";"UOP01-DEL04-RS"
661664;2025-02-16;"domingo";"03:00:00";"ES";101;371,2;"ANCHIETA";"Condutor Dormindo";"Saída de leito carroçável";"Com Vítimas Feridas";"Plena Noite";"Crescente";"Céu Claro";"Simples";"Reta";"Não";1;0;1;0;0;0;1;1;-20,77035735;-40,76847015;"SPRF-ES";"DEL03-ES";"UOP01-DEL03-ES"
661665;2025-02-16;"domingo";"03:10:00";"ES";101;353,5;"ANCHIETA";"Ingestão de álcool pelo condutor";"Colisão com objeto";"Com Vítimas Fatais";"Plena Noite";"Crescente";"Céu Claro";"Dupla";"Reta";"Não";2;1;0;1;0;0;1;1;-20,682612;-40,66807151;"SPRF-ES";"DEL03-ES";"UOP01-DEL03-ES"
661667;2025-02-16;"domingo";"03:30:00";"SC";101;191,1;"BIGUACU";"Reação tardia ou ineficiente do condutor";"Colisão com objeto";"Sem Vítimas";"Plena Noite";"Crescente";"Nublado";"Dupla";"Curva";"Não";2;0;0;0;2;0;0;1;-27,47730273;-48,64127329;"SPRF-SC";"DEL01-SC";"UOP01-DEL01-SC"
661668;2025-02-16;"domingo";"02:20:00";"GO";414;390;"CORUMBA DE GOIAS";"Ingestão de álcool pelo condutor";"Saída de leito carroçável";"Sem Vítimas";"Plena Noite";"Crescente";"Céu Claro";"Simples";"Curva;Aclive";"Não";2;0;0;0;2;0;0;1;-15,90032526;-48,79793065;"SPRF-GO";"DEL02-GO";"UOP01-DEL02-GO"
661669;2025-02-16;"domingo";"02:10:00";"RS";285;217,6;"CASEIROS";"Reação tardia ou ineficiente do condutor";"Saída de leito carroçável";"Com Vítimas Feridas";"Plena Noite";"Decrescente";"Céu Claro";"Dupla";"Interseção de Vias";"Sim";1;0;1;0;0;0;1;1;-28,273781;-51,681526;"SPRF-RS";"DEL08-RS";"UOP05-DEL08-RS"
661671;2025-02-16;"domingo";"01:00:00";"MA";226;22,8;"TIMON";"Ausência de reação do condutor";"Saída de leito carroçável";"Com Vítimas Feridas";"Plena Noite";"Crescente";"Céu Claro";"Simples";"Curva";"Não";2;0;1;0;0;1;1;2;-5,1311846;-42,815704;"SPRF-MA";"DEL03-MA";"UOP02-DEL03-MA"
661672;2025-02-16;"domingo";"04:10:00";"MG";381;894,1;"CAMBUI";"Velocidade Incompatível";"Colisão com objeto";"Com Vítimas Fatais";"Plena Noite";"Crescente";"Céu Claro";"Dupla";"Curva";"Não";2;1;0;0;0;1;0;1;-22,57631036;-46,04308118;"SPRF-MG";"DEL16-MG";"UOP01-DEL16-MG"
661673;2025-02-16;"domingo";"04:00:00";"PR";476;120;"COLOMBO";"Transitar na contramão";"Colisão lateral sentido oposto";"Com Vítimas Feridas";"Plena Noite";"Decrescente";"Céu Claro";"Múltipla";"Reta";"Sim";2;0;1;0;0;1;1;2;-25,37191;-49,19146;"SPRF-PR";"DEL01-PR";"UOP01-DEL01-PR"
661674;2025-02-16;"domingo";"02:15:00";"PR";153;21,9;"JACAREZINHO";"Ingestão de álcool pelo condutor";"Saída de leito carroçável";"Com Vítimas Fatais";"Plena Noite";"Decrescente";"Céu Claro";"Simples";"Curva";"Não";4;1;1;2;0;0;3;2;-23,16713207;-49,96067665;"SPRF-PR";"DEL07-PR";"UOP04-DEL07-PR"
661676;2025-02-16;"domingo";"04:45:00";"PR";376;157,3;"MANDAGUACU";"Ausência de reação do condutor";"Colisão com objeto";"Com Vítimas Feridas";"Amanhecer";"Decrescente";"Céu Claro";"Dupla";"Curva";"Sim";3;0;3;0;0;0;3;1;-23,35251601;-52,09127007;"SPRF-PR";"DEL09-PR";"UOP02-DEL09-PR"
661677;2025-02-16;"domingo";"02:50:00";"PI";343;214;"CAPITAO DE CAMPOS";"Manobra de mudança de faixa";"Colisão lateral mesmo sentido";"Com Vítimas Feridas";"Amanhecer";"Crescente";"Nublado";"Dupla";"Reta";"Sim";3;0;2;0;1;0;2;2;-4,462317;-41,943611;"SPRF-PI";"DEL02-PI";"UOP01-DEL02-PI"
661678;2025-02-16;"domingo";"03:30:00";"MG";40;679,8;"RESSAQUINHA";"Condutor Dormindo";"Saída de leito carroçável";"Com Vítimas Feridas";"Plena Noite";"Crescente";"Céu Claro";"Dupla";"Curva";"Não";1;0;1;0;0;0;1;1;-21,03303867;-43,7767048;"SPRF-MG";"DEL05-MG";"UOP02-DEL05-MG"
661680;2025-02-16;"domingo";"05:56:00";"DF";70;3,2;"BRASILIA";"Reação tardia ou ineficiente do condutor";"Saída de leito carroçável";"Com Vítimas Feridas";"Pleno dia";"Decrescente";"Nevoeiro/Neblina";"Dupla";"Curva";"Não";1;0;1;0;0;0;1;1;-15,802453;-48,080387;"SPRF-DF";"DEL03-DF";"UOP02-DEL03-DF"
661681;2025-02-16;"domingo";"05:20:00";"PR";272;373,6;"CAMPO MOURAO";"Transitar na contramão";"Colisão frontal";"Com Vítimas Feridas";"Amanhecer";"Decrescente";"Céu Claro";"Simples";"Reta;Declive";"Não";5;0;4;0;1;0;4;2;-24,06597961;-52,46100426;"SPRF-PR";"DEL09-PR";"UOP03-DEL09-PR"
661683;2025-02-16;"domingo";"06:05:00";"BA";110;154;"RIBEIRA DO POMBAL";"Ingestão de álcool pelo condutor";"Colisão traseira";"Com Vítimas Fatais";"Amanhecer";"Crescente";"Céu Claro";"Simples";"Aclive;Reta";"Não";2;1;0;0;0;1;0;2;-10,71682605;-38,47177696;"SPRF-BA";"DEL07-BA";"UOP02-DEL07-BA"
661684;2025-02-16;"domingo";"06:40:00";"DF";20;12;"BRASILIA";"Condutor Dormindo";"Saída de leito carroçável";"Sem Vítimas";"Pleno dia";"Crescente";"Céu Claro";"Dupla";"Reta";"Sim";1;0;0;0;1;0;0;1;-15,642812;-47,757786;"SPRF-DF";"DEL02-DF";"UOP01-DEL02-DF"
661685;2025-02-16;"domingo";"04:30:00";"RR";432;190;"CANTA";"Manobra de mudança de faixa";"Colisão frontal";"Com Vítimas Feridas";"Amanhecer";"Crescente";"Céu Claro";"Simples";"Curva";"Não";3;0;1;1;1;0;2;2;2,60265192;-60,60195895;"SPRF-RR";"DEL01-RR";"UOP01-DEL01-RR"
661686;2025-02-16;"domingo";"00:30:00";"SC";470;92,7;"APIUNA";"Ingestão de álcool pelo condutor";"Saída de leito carroçável";"Com Vítimas Fatais";"Plena Noite";"Crescente";"Chuva";"Simples";"Curva";"Não";1;1;0;0;0;0;0;1;-26,9944029;-49,3759282;"SPRF-SC";"DEL04-SC";"UOP01-DEL04-SC"
661687;2025-02-16;"domingo";"05:20:00";"MT";364;277;"JACIARA";"Ausência de reação do condutor";"Colisão com objeto";"Com Vítimas Feridas";"Amanhecer";"Crescente";"Garoa/Chuvisco";"Dupla";"Curva";"Não";1;0;0;1;0;0;1;1;-15,95076591;-54,99952397;"SPRF-MT";"DEL05-MT";"UOP02-DEL05-MT"
661688;2025-02-16;"domingo";"06:30:00";"RO";364;199,7;"PIMENTA BUENO";"Reação tardia ou ineficiente do condutor";"Tombamento";"Com Vítimas Feridas";"Amanhecer";"Crescente";"Nublado";"Simples";"Reta;Interseção de Vias";"Sim";1;0;0;1;0;0;1;1;-11,655707;-61,192513;"SPRF-RO";"DEL02-RO";"UOP02-DEL02-RO"
661689;2025-02-16;"domingo";"05:50:00";"MT";364;483;"JANGADA";"Ausência de reação do condutor";"Saída de leito carroçável";"Sem Vítimas";"Amanhecer";"Crescente";"Chuva";"Simples";"Reta";"Não";1;0;0;0;1;0;0;1;-15,38140381;-56,39866762;"SPRF-MT";"DEL01-MT";"UOP02-DEL01-MT"
661690;2025-02-16;"domingo";"04:00:00";"ES";101;127;"SOORETAMA";"Reação tardia ou ineficiente do condutor";"Tombamento";"Com Vítimas Feridas";"Plena Noite";"Decrescente";"Céu Claro";"Simples";"Reta";"Sim";1;0;1;0;0;0;1;1;-19,202898;-40,095524;"SPRF-ES";"DEL04-ES";"UOP01-DEL04-ES"
661691;2025-02-15;"sábado";"22:00:00";"AM";174;1037;"PRESIDENTE FIGUEIREDO";"Reação tardia ou ineficiente do condutor";"Colisão traseira";"Sem Vítimas";"Plena Noite";"Crescente";"Nevoeiro/Neblina";"Simples";"Reta";"Não";7;0;0;0;6;1;0;3;-1,68512475;-60,16156357;"SPRF-AM";"DEL01-AM";"UOP02-DEL01-AM"
661692;2025-02-12;"quarta-feira";"12:45:00";"MG";381;482;"BETIM";"Ausência de reação do condutor";"Tombamento";"Com Vítimas Feridas";"Pleno dia";"Crescente";"Céu Claro";"Dupla";"Reta;Declive";"Sim";2;0;2;0;0;0;2;1;-19,955532;-44,097209;"SPRF-MG";"DEL01-MG";"UOP03-DEL01-MG"
661693;2025-02-16;"domingo";"07:37:00";"SC";101;122;"ITAJAI";"Condutor deixou de manter distância do veículo da frente";"Tombamento";"Com Vítimas Feridas";"Pleno dia";"Crescente";"Céu Claro";"Dupla";"Reta";"Sim";2;0;0;1;0;1;1;2;-26,92955916;-48,70499836;"SPRF-SC";"DEL04-SC";"UOP04-DEL04-SC"
661694;2025-02-16;"domingo";"06:10:00";"ES";101;19;"PEDRO CANARIO";"Reação tardia ou ineficiente do condutor";"Queda de ocupante de veículo";"Com Vítimas Feridas";"Pleno dia";"Crescente";"Sol";"Simples";"Reta";"Não";2;0;1;0;0;1;1;1;-18,31846928;-39,95435579;"SPRF-ES";"DEL04-ES";"UOP02-DEL04-ES"
661695;2025-02-16;"domingo";"08:00:00";"ES";101;282;"CARIACICA";"Reação tardia ou ineficiente do condutor";"Colisão lateral sentido oposto";"Com Vítimas Feridas";"Pleno dia";"Crescente";"Céu Claro";"Dupla";"Retorno Regulamentado";"Sim";2;0;1;0;0;1;1;2;-20,23066465;-40,36692012;"SPRF-ES";"DEL01-ES";"UOP01-DEL01-ES"
661697;2025-02-16;"domingo";"06:40:00";"MG";116;330,3;"CAMPANARIO";"Ausência de reação do condutor";"Colisão traseira";"Com Vítimas Feridas";"Pleno dia";"Crescente";"Céu Claro";"Simples";"Reta";"Sim";3;0;2;0;1;0;2;2;-18,23813927;-41,72898363;"SPRF-MG";"DEL11-MG";"UOP01-DEL11-MG"
661699;2025-02-16;"domingo";"07:39:00";"ES";262;79;"DOMINGOS MARTINS";"Reação tardia ou ineficiente do condutor";"Colisão frontal";"Com Vítimas Fatais";"Pleno dia";"Crescente";"Céu Claro";"Simples";"Curva";"Não";4;2;2;0;0;0;2;4;-20,4116634;-40,92642188;"SPRF-ES";"DEL01-ES";"UOP02-DEL01-ES"
661700;2025-02-16;"domingo";"06:45:00";"PA";308;161;"CAPANEMA";"Ausência de reação do condutor";"Colisão frontal";"Com Vítimas Feridas";"Pleno dia";"Crescente";"Nevoeiro/Neblina";"Simples";"Reta";"Não";3;0;0;2;1;0;2;3;-1,20786421;-47,09654994;"SPRF-PA";"DEL01-PA";"UOP03-DEL01-PA"
661701;2025-02-16;"domingo";"07:30:00";"AP";210;53;"MACAPA";"Avarias e/ou desgaste excessivo no pneu";"Queda de ocupante de veículo";"Com Vítimas Feridas";"Amanhecer";"Decrescente";"Nublado";"Simples";"Reta";"Não";2;0;1;0;1;0;1;1;0,44935505;-51,05778897;"SPRF-AP";"DEL01-AP";"UOP01-DEL01-AP"
661703;2025-02-16;"domingo";"08:10:00";"MG";381;494;"BETIM";"Ausência de reação do condutor";"Colisão traseira";"Com Vítimas Feridas";"Pleno dia";"Crescente";"Céu Claro";"Dupla";"Reta;Declive";"Sim";2;0;1;0;1;0;1;2;-19,985563;-44,20318;"SPRF-MG";"DEL01-MG";"UOP03-DEL01-MG"
661705;2025-02-16;"domingo";"06:00:00";"CE";222;2,8;"FORTALEZA";"Condutor desrespeitou a iluminação vermelha do semáforo";"Colisão transversal";"Com Vítimas Fatais";"Pleno dia";"Crescente";"Céu Claro";"Múltipla";"Reta";"Sim";3;1;0;1;1;0;1;2;-3,73911117;-38,58687498;"SPRF-CE";"DEL01-CE";"UOP01-DEL01-CE"
661706;2025-02-16;"domingo";"08:20:00";"MG";262;378;"JUATUBA";"Ausência de reação do condutor";"Tombamento";"Com Vítimas Feridas";"Pleno dia";"Crescente";"Céu Claro";"Dupla";"Curva";"Não";1;0;0;1;0;0;1;1;-19,95652262;-44,3648278;"SPRF-MG";"DEL01-MG";"UOP03-DEL01-MG"
661707;2025-02-16;"domingo";"08:34:00";"CE";222;2,8;"FORTALEZA";"Reação tardia ou ineficiente do condutor";"Tombamento";"Com Vítimas Feridas";"Pleno dia";"Decrescente";"Céu Claro";"Múltipla";"Interseção de Vias;Reta";"Sim";1;0;1;0;0;0;1;1;-3,73911117;-38,58687498;"SPRF-CE";"DEL01-CE";"UOP01-DEL01-CE"
661708;2025-02-16;"domingo";"07:40:00";"RJ";40;107;"DUQUE DE CAXIAS";"Avarias e/ou desgaste excessivo no pneu";"Tombamento";"Com Vítimas Feridas";"Pleno dia";"Decrescente";"Céu Claro";"Dupla";"Reta";"Sim";2;0;2;0;0;0;2;1;-22,65581497;-43,28378546;"SPRF-RJ";"DEL01-RJ";"UOP02-DEL01-RJ"
661710;2025-02-16;"domingo";"05:50:00";"MT";158;678;"NOVA XAVANTINA";"Ausência de reação do condutor";"Colisão traseira";"Com Vítimas Feridas";"Amanhecer";"Crescente";"Céu Claro";"Simples";"Reta";"Não";2;0;0;1;1;0;1;2;-14,87079792;-52,28852877;"SPRF-MT";"DEL07-MT";"UOP01-DEL07-MT"
661712;2025-02-16;"domingo";"08:30:00";"PA";230;118;"MARABA";"Condutor desrespeitou a iluminação vermelha do semáforo";"Colisão transversal";"Com Vítimas Feridas";"Pleno dia";"Crescente";"Céu Claro";"Dupla";"Reta;Interseção de Vias";"Sim";2;0;1;0;1;0;1;2;-5,35193706;-49,09794103;"SPRF-PA";"DEL03-PA";"UOP01-DEL03-PA"
661713;2025-02-16;"domingo";"07:00:00";"RJ";101;387;"RIO DE JANEIRO";"Reação tardia ou ineficiente do condutor";"Saída de leito carroçável";"Sem Vítimas";"Amanhecer";"Crescente";"Céu Claro";"Dupla";"Reta";"Não";2;0;0;0;2;0;0;2;-22,88537839;-43,64965688;"SPRF-RJ";"DEL03-RJ";"UOP01-DEL03-RJ"
661716;2025-02-16;"domingo";"09:30:00";"MG";262;379;"JUATUBA";"Ausência de reação do condutor";"Tombamento";"Com Vítimas Feridas";"Pleno dia";"Crescente";"Céu Claro";"Dupla";"Curva";"Não";1;0;1;0;0;0;1;1;-19,95241506;-44,37342001;"SPRF-MG";"DEL01-MG";"UOP03-DEL01-MG"
661717;2025-02-16;"domingo";"09:20:00";"SC";101;123;"ITAJAI";"Reação tardia ou ineficiente do condutor";"Queda de ocupante de veículo";"Com Vítimas Feridas";"Pleno dia";"Crescente";"Céu Claro";"Simples";"Interseção de Vias";"Sim";2;0;2;0;0;0;2;1;-26,93668609;-48,69876905;"SPRF-SC";"DEL04-SC";"UOP04-DEL04-SC"
661718;2025-02-16;"domingo";"06:30:00";"RJ";465;7;"SEROPEDICA";"Ausência de reação do condutor";"Queda de ocupante de veículo";"Com Vítimas Feridas";"Pleno dia";"Crescente";"Céu Claro";"Dupla";"Reta";"Não";1;0;0;1;0;0;1;1;-22,761377;-43,686352;"SPRF-RJ";"DEL06-RJ";"UOP02-DEL06-RJ"
661719;2025-02-16;"domingo";"10:20:00";"RS";116;192,8;"PICADA CAFE";"Conversão proibida";"Colisão transversal";"Com Vítimas Feridas";"Pleno dia";"Crescente";"Céu Claro";"Simples";"Reta";"Não";2;0;0;1;1;0;1;2;-29,43865204;-51,13538892;"SPRF-RS";"DEL05-RS";"UOP02-DEL05-RS"
661720;2025-02-16;"domingo";"10:00:00";"PR";277;81;"CURITIBA";"Trafegar com motocicleta (ou similar) entre as faixas";"Colisão lateral mesmo sentido";"Com Vítimas Feridas";"Pleno dia";"Crescente";"Céu Claro";"Dupla";"Reta";"Sim";2;0;1;0;1;0;1;2;-25,568939;-49,181978;"SPRF-PR";"DEL01-PR";"UOP03-DEL01-PR"
661721;2025-02-16;"domingo";"09:24:00";"RN";304;116,4;"ITAJA";"Reação tardia ou ineficiente do condutor";"Tombamento";"Com Vítimas Feridas";"Pleno dia";"Crescente";"Céu Claro";"Simples";"Reta";"Não";1;0;0;1;0;0;1;1;-5,61789417;-36,88865608;"SPRF-RN";"DEL04-RN";"UOP01-DEL04-RN"
661722;2025-02-16;"domingo";"09:20:00";"AL";101;52;"FLEXEIRAS";"Acumulo de água sobre o pavimento";"Colisão com objeto";"Com Vítimas Feridas";"Pleno dia";"Crescente";"Chuva";"Dupla";"Reta";"Não";3;0;1;0;2;0;1;1;-9,24928061;-35,75771436;"SPRF-AL";"DEL01-AL";"UOP02-DEL01-AL"
661723;2025-02-16;"domingo";"09:30:00";"SC";101;20;"JOINVILLE";"Condutor deixou de manter distância do veículo da frente";"Colisão lateral mesmo sentido";"Com Vítimas Feridas";"Pleno dia";"Crescente";"Céu Claro";"Dupla";"Aclive;Reta";"Não";2;0;1;0;1;0;1;2;-26,140675;-48,902995;"SPRF-SC";"DEL03-SC";"UOP01-DEL03-SC"
661724;2025-02-16;"domingo";"09:10:00";"BA";116;3,1;"VITORIA DA CONQUISTA";"Acessar a via sem observar a presença dos outros veículos";"Colisão transversal";"Com Vítimas Feridas";"Pleno dia";"Crescente";"Céu Claro";"Simples";"Reta";"Não";2;0;1;0;1;0;1;2;-14,8248;-40,8618;"SPRF-PE";"DEL05-PE";"UOP03-DEL05-PE"
661725;2025-02-16;"domingo";"09:45:00";"PE";232;73,4;"GRAVATA";"Manobra de mudança de faixa";"Colisão lateral mesmo sentido";"Com Vítimas Feridas";"Pleno dia";"Decrescente";"Céu Claro";"Dupla";"Aclive;Reta";"Não";2;0;1;0;0;1;1;2;-8,19385;-35,515492;"SPRF-PE";"DEL02-PE";"UOP02-DEL02PE"
661727;2025-02-15;"sábado";"05:45:00";"SC";282;117;"ALFREDO WAGNER";"Reação tardia ou ineficiente do condutor";"Saída de leito carroçável";"Com Vítimas Feridas";"Amanhecer";"Decrescente";"Sol";"Simples";"Reta";"Não";1;0;0;1;0;0;1;1;-27,770338;-49,404785;"SPRF-SC";"DEL01-SC";"UOP03-DEL01-SC"
661728;2025-02-16;"domingo";"10:40:00";"PE";232;30;"MORENO";"Ausência de reação do condutor";"Colisão traseira";"Com Vítimas Feridas";"Pleno dia";"Crescente";"Céu Claro";"Dupla";"Reta";"Não";2;0;1;0;1;0;1;2;-8,11063325;-35,15197001;"SPRF-PE";"DEL01-PE";"UOP01-DEL01-PE"
661729;2025-02-16;"domingo";"07:30:00";"SP";381;86,4;"SAO PAULO";"Reação tardia ou ineficiente do condutor";"Capotamento";"Sem Vítimas";"Pleno dia";"Decrescente";"Céu Claro";"Múltipla";"Reta";"Sim";1;0;0;0;0;1;0;1;-23,45930499;-46,57161179;"SPRF-SP";"DEL03-SP";"UOP01-DEL03-SP"
661730;2025-02-16;"domingo";"11:30:00";"MG";381;579,5;"CARMOPOLIS DE MINAS";"Ausência de reação do condutor";"Tombamento";"Com Vítimas Feridas";"Pleno dia";"Decrescente";"Céu Claro";"Dupla";"Reta";"Não";1;0;0;1;0;0;1;1;-20,49967704;-44,60847254;"SPRF-MG";"DEL04-MG";"UOP01-DEL04-MG"
661731;2025-02-16;"domingo";"11:51:00";"ES";262;22,9;"VIANA";"Velocidade Incompatível";"Tombamento";"Com Vítimas Feridas";"Pleno dia";"Crescente";"Sol";"Simples";"Aclive;Curva";"Sim";1;0;1;0;0;0;1;1;-20,37976169;-40,52199585;"SPRF-ES";"DEL01-ES";"UOP01-DEL01-ES"
661732;2025-02-16;"domingo";"12:00:00";"BA";116;669;"JEQUIE";"Velocidade Incompatível";"Queda de ocupante de veículo";"Com Vítimas Feridas";"Pleno dia";"Decrescente";"Céu Claro";"Simples";"Curva";"Sim";1;0;1;0;0;0;1;1;-13,77543794;-40,10191324;"SPRF-BA";"DEL03-BA";"UOP01-DEL03-BA"
661733;2025-02-16;"domingo";"12:30:00";"ES";101;303,5;"VIANA";"Avarias e/ou desgaste excessivo no pneu";"Saída de leito carroçável";"Com Vítimas Feridas";"Pleno dia";"Decrescente";"Sol";"Dupla";"Reta";"Sim";3;0;1;0;2;0;1;1;-20,37695747;-40,44527144;"SPRF-ES";"DEL01-ES";"UOP01-DEL01-ES"
661734;2025-02-16;"domingo";"12:38:00";"RN";110;46,7;"MOSSORO";"Acessar a via sem observar a presença dos outros veículos";"Colisão transversal";"Com Vítimas Feridas";"Pleno dia";"Crescente";"Céu Claro";"Simples";"Rotatória";"Sim";3;0;2;0;1;0;2;2;-5,19797675;-37,31839819;"SPRF-RN";"DEL04-RN";"UOP01-DEL04-RN"
661737;2025-02-16;"domingo";"01:30:00";"PI";316;215,8;"VALENCA DO PIAUI";"Animais na Pista";"Atropelamento de Animal";"Sem Vítimas";"Plena Noite";"Decrescente";"Céu Claro";"Simples";"Reta";"Não";1;0;0;0;1;0;0;1;-6,42835121;-41,75117135;"SPRF-PI";"DEL04-PI";"UOP02-DEL04-PI"
661739;2025-02-16;"domingo";"12:00:00";"RJ";40;114,9;"DUQUE DE CAXIAS";"Demais falhas mecânicas ou elétricas";"Queda de ocupante de veículo";"Com Vítimas Feridas";"Pleno dia";"Crescente";"Sol";"Dupla";"Reta";"Não";2;0;2;0;0;0;2;1;-22,71853604;-43,28993324;"SPRF-RJ";"DEL01-RJ";"UOP02-DEL01-RJ"