"id";"data_inversa";"dia_semana";"horario";"uf";"br";"km";"municipio";"causa_acidente";"tipo_acidente";"classificacao_acidente";"fase_dia";"sentido_via";"condicao_metereologica";"tipo_pista";"tracado_via";"uso_solo";"pessoas";"mortos";"feridos_leves";"feridos_graves";"ilesos";"ignorados";"feridos";"veiculos";"latitude";"longitude";"regional";"delegacia";"uop"
662315;2025-02-19;"quarta-feira";"06:25:00";"CE";226;67,3;"JAGUARIBE";"Desrespeitar a preferência no cruzamento";"Tombamento";"Com Vítimas Fatais";"Pleno dia";"Crescente";"Chuva";"Simples";"Reta";"Sim";3;1;0;1;1;0;1;2;-5,90247666;-38,62979484;"SPRF-CE";"DEL05-CE";"UOP02-DEL05-CE"
662317;2025-02-19;"quarta-feira";"08:20:00";"ES";101;174,5;"ARACRUZ";"Acessar a via sem observar a presença dos outros veículos";"Colisão transversal";"Com Vítimas Feridas";"Pleno dia";"Crescente";"Céu Claro";"Simples";"Interseção de Vias";"Não";2;0;1;0;1;0;1;2;-19,58550717;-40,19021988;"SPRF-ES";"DEL04-ES";"UOP01-DEL04-ES"
662318;2025-02-16;"domingo";"04:50:00";"RJ";40;113;"DUQUE DE CAXIAS";"Ausência de reação do condutor";"Colisão traseira";"Com Vítimas Feridas";"Amanhecer";"Decrescente";"Céu Claro";"Múltipla";"Reta";"Não";4;0;0;1;3;0;1;2;-22,70948502;-43,29040354;"SPRF-RJ";"DEL01-RJ";"UOP02-DEL01-RJ"
662322;2025-02-19;"quarta-feira";"07:30:00";"RJ";393;171;"TRES RIOS";"Acessar a via sem observar a presença dos outros veículos";"Colisão transversal";"Com Vítimas Feridas";"Pleno dia";"Decrescente";"Céu Claro";"Simples";"Reta";"Sim";2;0;1;0;1;0;1;2;-22,12300119;-43,16875093;"SPRF-RJ";"DEL05-RJ";"UOP03-DEL05-RJ"
662324;2025-02-19;"quarta-feira";"07:54:00";"TO";10;459;"PALMAS";"Reação tardia ou ineficiente do condutor";"Colisão lateral mesmo sentido";"Com Vítimas Feridas";"Pleno dia";"Crescente";"Céu Claro";"Múltipla";"Reta";"Não";2;0;0;1;1;0;1;2;-10,26598702;-48,30742144;"SPRF-TO";"DEL01-TO";"UOP03-DEL01-TO"
662326;2025-02-17;"segunda-feira";"06:42:00";"PI";316;385;"ALEGRETE DO PIAUI";"Condutor Dormindo";"Saída de leito carroçável";"Sem Vítimas";"Pleno dia";"Crescente";"Nublado";"Simples";"Reta";"Não";1;0;0;0;0;1;0;1;-7,24435598;-40,86016897;"SPRF-PI";"DEL04-PI";"UOP03-DEL04-PI"
662330;2025-02-19;"quarta-feira";"09:50:00";"RN";101;102;"PARNAMIRIM";"Falta de acostamento";"Colisão traseira";"Com Vítimas Feridas";"Pleno dia";"Crescente";"Sol";"Dupla";"Reta";"Sim";2;0;0;1;1;0;1;2;-5,88858217;-35,24018997;"SPRF-RN";"DEL01-RN";"UOP01-DEL01-RN"
662334;2025-02-16;"domingo";"06:00:00";"RJ";101;485;"ANGRA DOS REIS";"Condutor deixou de manter distância do veículo da frente";"Colisão traseira";"Com Vítimas Feridas";"Pleno dia";"Crescente";"Céu Claro";"Simples";"Reta";"Não";3;0;2;0;0;1;2;2;-22,98573526;-44,29709764;"SPRF-RJ";"DEL03-RJ";"UOP03-DEL03-RJ"
662335;2025-02-19;"quarta-feira";"08:45:00";"SC";470;289;"BRUNOPOLIS";"Acessar a via sem observar a presença dos outros veículos";"Colisão transversal";"Com Vítimas Feridas";"Pleno dia";"Decrescente";"Céu Claro";"Simples";"Reta";"Não";7;0;7;0;0;0;7;2;-27,333546;-50,95219;"SPRF-SC";"DEL07-SC";"UOP06-DEL07-SC"
662338;2025-02-19;"quarta-feira";"09:30:00";"RJ";101;266;"RIO BONITO";"Condutor Dormindo";"Queda de ocupante de veículo";"Com Vítimas Feridas";"Pleno dia";"Decrescente";"Céu Claro";"Simples";"Viaduto";"Sim";1;0;1;0;0;0;1;1;-22,70861445;-42,65178735;"SPRF-RJ";"DEL02-RJ";"UOP03-DEL02-RJ"
662340;2025-02-19;"quarta-feira";"10:30:00";"RS";116;151,4;"CAXIAS DO SUL";"Curva acentuada";"Saída de leito carroçável";"Com Vítimas Feridas";"Pleno dia";"Crescente";"Céu Claro";"Dupla";"Curva";"Sim";2;0;0;2;0;0;2;1;-29,17694502;-51,16173896;"SPRF-RS";"DEL05-RS";"UOP01-DEL05-RS"
662341;2025-02-18;"terça-feira";"22:00:00";"RS";285;535;"SAO LUIZ GONZAGA";"Ausência de reação do condutor";"Saída de leito carroçável";"Com Vítimas Feridas";"Plena Noite";"Decrescente";"Céu Claro";"Simples";"Em Obras;Reta";"Não";1;0;0;1;0;0;1;1;-28,401672;-54,64164;"SPRF-RS";"DEL10-RS";"UOP01-DEL10-RS"
662345;2025-02-19;"quarta-feira";"10:53:00";"PR";469;16;"FOZ DO IGUACU";"Acessar a via sem observar a presença dos outros veículos";"Colisão frontal";"Com Vítimas Feridas";"Pleno dia";"Crescente";"Nublado";"Simples";"Interseção de Vias;Em Obras";"Sim";4;0;3;0;1;0;3;3;-25,59275573;-54,51484144;"SPRF-PR";"DEL05-PR";"UOP04-DEL05-PR"
662347;2025-02-19;"quarta-feira";"11:25:00";"SC";280;129;"RIO NEGRINHO";"Transitar na contramão";"Colisão frontal";"Com Vítimas Feridas";"Pleno dia";"Crescente";"Céu Claro";"Simples";"Curva";"Não";6;0;0;1;5;0;1;2;-26,24586437;-49,52284615;"SPRF-SC";"DEL06-SC";"UOP03-DEL06-SC"
662348;2025-02-19;"quarta-feira";"11:15:00";"ES";101;68;"SAO MATEUS";"Condutor deixou de manter distância do veículo da frente";"Colisão traseira";"Com Vítimas Feridas";"Pleno dia";"Decrescente";"Céu Claro";"Dupla";"Reta";"Sim";2;0;0;1;0;1;1;2;-18,7165195;-39,87436378;"SPRF-ES";"DEL04-ES";"UOP02-DEL04-ES"
662351;2025-02-19;"quarta-feira";"07:40:00";"ES";393;36,3;"MUQUI";"Ausência de reação do condutor";"Capotamento";"Com Vítimas Feridas";"Pleno dia";"Crescente";"Sol";"Simples";"Curva";"Não";1;0;1;0;0;0;1;1;-20,95830011;-41,43550298;"SPRF-ES";"DEL03-ES";"UOP02-DEL03-ES"
662352;2025-02-19;"quarta-feira";"10:10:00";"AC";364;137;"RIO BRANCO";"Acessar a via sem observar a presença dos outros veículos";"Colisão lateral mesmo sentido";"Com Vítimas Feridas";"Pleno dia";"Decrescente";"Céu Claro";"Dupla";"Reta";"Sim";4;0;2;0;2;0;2;2;-9,96935404;-67,85264513;"SPRF-AC";"DEL01-AC";"UOP01-DEL01-AC"
662353;2025-02-19;"quarta-feira";"09:50:00";"SP";116;154;"SAO JOSE DOS CAMPOS";"Demais falhas mecânicas ou elétricas";"Colisão traseira";"Com Vítimas Feridas";"Pleno dia";"Decrescente";"Sol";"Dupla";"Aclive";"Sim";2;0;1;0;1;0;1;2;-23,23903999;-45,92061901;"SPRF-SP";"DEL02-SP";"UOP01-DEL02-SP"
662354;2025-02-19;"quarta-feira";"06:45:00";"SC";101;219;"PALHOCA";"Reação tardia ou ineficiente do condutor";"Colisão lateral mesmo sentido";"Com Vítimas Feridas";"Pleno dia";"Decrescente";"Garoa/Chuvisco";"Dupla";"Reta";"Sim";2;0;1;0;1;0;1;2;-27,68392194;-48,66710085;"SPRF-SC";"DEL01-SC";"UOP02-DEL01-SC"
662355;2025-02-19;"quarta-feira";"12:00:00";"RJ";356;119,3;"CAMPOS DOS GOYTACAZES";"Reação tardia ou ineficiente do condutor";"Saída de leito carroçável";"Com Vítimas Feridas";"Pleno dia";"Decrescente";"Céu Claro";"Simples";"Reta";"Não";1;0;1;0;0;0;1;1;-21,631204;-41,408115;"SPRF-RJ";"DEL08-RJ";"UOP01-DEL08-RJ"
662357;2025-01-21;"terça-feira";"08:16:00";"MA";226;299;"BARRA DO CORDA";"Acessar a via sem observar a presença dos outros veículos";"Colisão transversal";"Sem Vítimas";"Pleno dia";"Crescente";"Céu Claro";"Simples";"Aclive;Rotatória";"Sim";4;0;0;0;3;1;0;2;-5,49791235;-45,24263176;"SPRF-MA";"DEL06-MA";"UOP01-DEL06-MA"
662358;2025-02-19;"quarta-feira";"11:55:00";"BA";116;826;"VITORIA DA CONQUISTA";"Acumulo de óleo sobre o pavimento";"Queda de ocupante de veículo";"Com Vítimas Feridas";"Pleno dia";"Crescente";"Sol";"Simples";"Curva;Rotatória";"Não";2;0;2;0;0;0;2;1;-14,87809;-40,854384;"SPRF-BA";"DEL08-BA";"UOP01-DEL08-BA"
662359;2025-02-15;"sábado";"19:00:00";"MT";70;528;"VARZEA GRANDE";"Reação tardia ou ineficiente do condutor";"Saída de leito carroçável";"Com Vítimas Feridas";"Anoitecer";"Crescente";"Céu Claro";"Simples";"Reta";"Sim";2;0;1;0;0;1;1;2;-15,656547;-56,211582;"SPRF-MT";"DEL01-MT";"UOP02-DEL01-MT"
662360;2025-02-19;"quarta-feira";"11:40:00";"RO";364;713;"PORTO VELHO";"Sinalização mal posicionada";"Engavetamento";"Sem Vítimas";"Pleno dia";"Crescente";"Nublado";"Dupla";"Reta;Declive";"Sim";3;0;0;0;3;0;0;3;-8,77331583;-63,87969248;"SPRF-RO";"DEL01-RO";"UOP01-DEL01-RO"
662361;2025-01-02;"quinta-feira";"17:00:00";"SC";101;457;"SAO JOAO DO SUL";"Acessar a via sem observar a presença dos outros veículos";"Queda de ocupante de veículo";"Com Vítimas Feridas";"Pleno dia";"Decrescente";"Nublado";"Dupla";"Reta";"Não";3;0;1;0;2;0;1;2;-29,24431876;-49,75416183;"SPRF-SC";"DEL02-SC";"UOP02-DEL02-SC"
662362;2025-02-11;"terça-feira";"16:00:00";"PR";376;174;"MARINGA";"Manobra de mudança de faixa";"Tombamento";"Com Vítimas Feridas";"Pleno dia";"Decrescente";"Ignorado";"Múltipla";"Interseção de Vias";"Sim";2;0;0;1;1;0;1;2;-23,41430102;-51,94984299;"SPRF-PR";"DEL09-PR";"UOP01-DEL09-PR"
662363;2025-02-19;"quarta-feira";"12:40:00";"RJ";101;403;"ITAGUAI";"Condutor Dormindo";"Colisão traseira";"Com Vítimas Feridas";"Pleno dia";"Decrescente";"Céu Claro";"Dupla";"Reta";"Não";2;0;1;0;1;0;1;2;-22,857495;-43,787616;"SPRF-RJ";"DEL03-RJ";"UOP01-DEL03-RJ"
662364;2025-02-19;"quarta-feira";"12:00:00";"RJ";101;333;"RIO DE JANEIRO";"Reação tardia ou ineficiente do condutor";"Colisão com objeto";"Com Vítimas Feridas";"Pleno dia";"Crescente";"Céu Claro";"Dupla";"Ponte;Curva";"Não";1;0;0;1;0;0;1;1;-22,87827816;-43,21053578;"SPRF-RJ";"DEL02-RJ";"UOP01-DEL02-RJ"
662365;2025-02-19;"quarta-feira";"12:05:00";"PR";163;7;"BARRACAO";"Acessar a via sem observar a presença dos outros veículos";"Colisão transversal";"Com Vítimas Feridas";"Pleno dia";"Crescente";"Céu Claro";"Simples";"Retorno Regulamentado;Interseção de Vias";"Sim";2;0;1;0;1;0;1;2;-26,25066;-53,635523;"SPRF-PR";"DEL02-PR";"UOP02-DEL02-PR"
662369;2025-02-19;"quarta-feira";"12:10:00";"MT";70;428;"CAMPO VERDE";"Ausência de reação do condutor";"Saída de leito carroçável";"Com Vítimas Feridas";"Pleno dia";"Decrescente";"Nublado";"Simples";"Reta";"Não";1;0;1;0;0;0;1;1;-15,80326134;-55,40153146;"SPRF-MT";"DEL05-MT";"UOP02-DEL05-MT"
662370;2025-02-19;"quarta-feira";"09:40:00";"RJ";101;492;"ANGRA DOS REIS";"Acessar a via sem observar a presença dos outros veículos";"Colisão transversal";"Com Vítimas Feridas";"Pleno dia";"Crescente";"Céu Claro";"Simples";"Reta";"Sim";2;0;1;0;1;0;1;2;-22,94874989;-44,3279949;"SPRF-RJ";"DEL03-RJ";"UOP03-DEL03-RJ"
662373;2025-02-19;"quarta-feira";"13:20:00";"MG";116;415,8;"GOVERNADOR VALADARES";"Ausência de reação do condutor";"Colisão transversal";"Com Vítimas Feridas";"Pleno dia";"Crescente";"Céu Claro";"Simples";"Interseção de Vias";"Sim";2;0;1;0;1;0;1;2;-18,89588653;-41,94797169;"SPRF-MG";"DEL06-MG";"UOP01-DEL06-MG"
662375;2025-02-19;"quarta-feira";"07:50:00";"SC";101;443,1;"SANTA ROSA DO SUL";"Animais na Pista";"Saída de leito carroçável";"Com Vítimas Feridas";"Pleno dia";"Decrescente";"Nublado";"Múltipla";"Reta";"Sim";1;0;1;0;0;0;1;1;-29,13514431;-49,70626831;"SPRF-SC";"DEL02-SC";"UOP02-DEL02-SC"
662376;2025-02-18;"terça-feira";"23:30:00";"MT";174;208;"PORTO ESPERIDIAO";"Condutor Dormindo";"Saída de leito carroçável";"Com Vítimas Feridas";"Plena Noite";"Crescente";"Nublado";"Simples";"Reta";"Não";1;0;1;0;0;0;1;1;-15,65396393;-58,73823789;"SPRF-MT";"DEL04-MT";"UOP01-DEL04-MT"
662377;2025-02-19;"quarta-feira";"11:50:00";"AC";317;278;"EPITACIOLANDIA";"Reação tardia ou ineficiente do condutor";"Queda de ocupante de veículo";"Com Vítimas Feridas";"Pleno dia";"Decrescente";"Sol";"Simples";"Curva";"Não";1;0;0;1;0;0;1;1;-10,97820612;-68,64000864;"SPRF-AC";"DEL01-AC";"UOP02-DEL01-AC"
662379;2025-02-19;"quarta-feira";"15:00:00";"ES";101;282,4;"CARIACICA";"Reação tardia ou ineficiente do condutor";"Queda de ocupante de veículo";"Com Vítimas Feridas";"Pleno dia";"Crescente";"Céu Claro";"Dupla";"Reta";"Sim";1;0;1;0;0;0;1;1;-20,22694;-40,36458;"SPRF-ES";"DEL01-ES";"UOP01-DEL01-ES"
662380;2025-02-12;"quarta-feira";"14:05:00";"RR";174;494;"BOA VISTA";"Ingestão de álcool pelo condutor";"Colisão com objeto";"Com Vítimas Feridas";"Pleno dia";"Decrescente";"Sol";"Simples";"Viaduto";"Não";1;0;0;1;0;0;1;1;2,74741682;-60,74409485;"SPRF-RR";"DEL01-RR";"UOP01-DEL01-RR"
662382;2025-01-20;"segunda-feira";"11:25:00";"MG";50;67,5;"UBERLANDIA";"Acessar a via sem observar a presença dos outros veículos";"Colisão transversal";"Com Vítimas Feridas";"Pleno dia";"Crescente";"Ignorado";"Dupla";"Interseção de Vias";"Sim";2;0;1;0;1;0;1;2;-18,87505407;-48,25932018;"SPRF-MG";"DEL15-MG";"UOP02-DEL15-MG"
662385;2025-02-19;"quarta-feira";"15:40:00";"RS";116;252;"SAPUCAIA DO SUL";"Avarias e/ou desgaste excessivo no pneu";"Tombamento";"Com Vítimas Feridas";"Pleno dia";"Decrescente";"Céu Claro";"Dupla";"Reta";"Sim";1;0;1;0;0;0;1;1;-29,80913395;-51,1675292;"SPRF-RS";"DEL01-RS";"UOP02-DEL01-RS"
662388;2025-02-19;"quarta-feira";"16:00:00";"MG";40;795,9;"JUIZ DE FORA";"Velocidade Incompatível";"Tombamento";"Com Vítimas Feridas";"Pleno dia";"Crescente";"Céu Claro";"Dupla";"Curva";"Não";2;0;1;0;1;0;1;1;-21,81119295;-43,394771;"SPRF-MG";"DEL05-MG";"UOP01-DEL05-MG"
662389;2025-02-19;"quarta-feira";"08:30:00";"MA";226;127;"SENADOR ALEXANDRE COSTA";"Curva acentuada";"Saída de leito carroçável";"Com Vítimas Feridas";"Pleno dia";"Decrescente";"Céu Claro";"Simples";"Curva";"Não";3;0;0;3;0;0;3;1;-5,28022678;-43,87662726;"SPRF-MA";"DEL06-MA";"UOP01-DEL06-MA"
662390;2025-02-19;"quarta-feira";"15:45:00";"BA";116;826,4;"VITORIA DA CONQUISTA";"Condutor deixou de manter distância do veículo da frente";"Colisão traseira";"Com Vítimas Feridas";"Pleno dia";"Crescente";"Céu Claro";"Dupla";"Reta";"Sim";3;0;1;0;2;0;1;2;-14,881474;-40,856831;"SPRF-BA";"DEL08-BA";"UOP01-DEL08-BA"
662392;2025-02-19;"quarta-feira";"16:17:00";"RS";290;116;"ELDORADO DO SUL";"Mal súbito do condutor";"Saída de leito carroçável";"Com Vítimas Feridas";"Pleno dia";"Crescente";"Céu Claro";"Simples";"Reta";"Não";1;0;1;0;0;0;1;1;-30,046543;-51,367748;"SPRF-RS";"DEL02-RS";"UOP01-DEL02-RS"
662395;2025-01-15;"quarta-feira";"19:00:00";"BA";101;183,5;"CONCEICAO DA FEIRA";"Animais na Pista";"Atropelamento de Animal";"Com Vítimas Feridas";"Plena Noite";"Crescente";"Chuva";"Simples";"Declive";"Não";1;0;1;0;0;0;1;1;-12,53594197;-38,97745507;"SPRF-BA";"DEL01-BA";"UOP03-DEL01-BA"
662396;2025-02-19;"quarta-feira";"16:46:00";"PA";10;16,5;"DOM ELISEU";"Acessar a via sem observar a presença dos outros veículos";"Colisão lateral mesmo sentido";"Com Vítimas Feridas";"Pleno dia";"Decrescente";"Céu Claro";"Simples";"Reta";"Sim";2;0;0;1;1;0;1;2;-4,310932;-47,55446699;"SPRF-PA";"DEL02-PA";"UOP02-DEL02-PA"
662398;2025-02-19;"quarta-feira";"15:45:00";"RS";468;9,4;"PALMEIRA DAS MISSOES";"Ausência de reação do condutor";"Saída de leito carroçável";"Com Vítimas Fatais";"Pleno dia";"Crescente";"Sol";"Simples";"Reta";"Não";1;1;0;0;0;0;0;1;-27,8481574;-53,38868904;"SPRF-RS";"DEL08-RS";"UOP01-DEL08-RS"
662399;2025-02-19;"quarta-feira";"12:30:00";"MT";70;3;"BARRA DO GARCAS";"Reação tardia ou ineficiente do condutor";"Colisão traseira";"Com Vítimas Feridas";"Pleno dia";"Decrescente";"Céu Claro";"Dupla";"Declive";"Sim";1;0;0;1;0;0;1;1;-15,88060662;-52,27918267;"SPRF-MT";"DEL07-MT";"UOP01-DEL07-MT"
662400;2025-02-19;"quarta-feira";"17:00:00";"SE";235;59,9;"ITABAIANA";"Acessar a via sem observar a presença dos outros veículos";"Colisão transversal";"Com Vítimas Feridas";"Pleno dia";"Decrescente";"Céu Claro";"Simples";"Declive;Reta;Interseção de Vias";"Não";2;0;0;1;1;0;1;2;-10,62681052;-37,46315897;"SPRF-SE";"DEL01-SE";"UOP02-DEL01-SE"
662401;2025-02-19;"quarta-feira";"16:35:00";"MG";381;353;"JOAO MONLEVADE";"Pista esburacada";"Queda de ocupante de veículo";"Com Vítimas Feridas";"Pleno dia";"Decrescente";"Céu Claro";"Simples";"Reta";"Não";1;0;1;0;0;0;1;1;-19,85413685;-43,13207746;"SPRF-MG";"DEL03-MG";"UOP01-DEL03-MG"
662403;2025-02-19;"quarta-feira";"14:30:00";"RJ";393;258;"BARRA DO PIRAI";"Conversão proibida";"Colisão transversal";"Com Vítimas Feridas";"Pleno dia";"Decrescente";"Céu Claro";"Simples";"Interseção de Vias";"Não";4;0;3;0;1;0;3;2;-22,46817716;-43,86392355;"SPRF-RJ";"DEL05-RJ";"UOP04-DEL05-RJ"
662405;2025-02-19;"quarta-feira";"17:20:00";"BA";324;530;"FEIRA DE SANTANA";"Acumulo de óleo sobre o pavimento";"Tombamento";"Com Vítimas Feridas";"Anoitecer";"Crescente";"Céu Claro";"Dupla";"Retorno Regulamentado";"Não";1;0;1;0;0;0;1;1;-12,32818491;-38,86174193;"SPRF-BA";"DEL01-BA";"UOP03-DEL01-BA"
662406;2025-02-19;"quarta-feira";"17:10:00";"RN";226;3;"NATAL";"Acessar a via sem observar a presença dos outros veículos";"Colisão transversal";"Com Vítimas Feridas";"Anoitecer";"Crescente";"Sol";"Simples";"Curva";"Sim";2;0;1;0;1;0;1;2;-5,82085671;-35,25187091;"SPRF-RN";"DEL01-RN";"UOP02-DEL01-RN"
662408;2025-02-19;"quarta-feira";"17:30:00";"RS";116;0,1;"CANOAS";"Condutor deixou de manter distância do veículo da frente";"Colisão traseira";"Sem Vítimas";"Pleno dia";"Decrescente";"Céu Claro";"Dupla";"Ponte";"Sim";3;0;0;0;3;0;0;3;-29,96839095;-51,17623895;"SPRF-RS";"DEL05-RS";"UOP03-DEL05-RS"
662409;2025-02-19;"quarta-feira";"17:00:00";"PI";343;3;"TERESINA";"Manobra de mudança de faixa";"Colisão lateral mesmo sentido";"Com Vítimas Feridas";"Anoitecer";"Decrescente";"Nublado";"Múltipla";"Rotatória";"Sim";2;0;1;0;1;0;1;2;-5,080906;-42,775267;"SPRF-PI";"DEL05-PI";"UOP01-DEL05-PI"
662413;2025-02-19;"quarta-feira";"18:10:00";"RN";110;34,8;"MOSSORO";"Animais na Pista";"Atropelamento de Animal";"Com Vítimas Feridas";"Plena Noite";"Crescente";"Céu Claro";"Simples";"Curva";"Sim";2;0;1;1;0;0;2;2;-5,16077999;-37,22144202;"SPRF-RN";"DEL04-RN";"UOP01-DEL04-RN"
662414;2025-02-19;"quarta-feira";"18:00:00";"RJ";116;186;"NOVA IGUACU";"Ausência de reação do condutor";"Tombamento";"Com Vítimas Feridas";"Pleno dia";"Decrescente";"Sol";"Múltipla";"Reta";"Não";2;0;1;1;0;0;2;1;-22,73962339;-43,46276495;"SPRF-RJ";"DEL06-RJ";"UOP01-DEL06-RJ"
662415;2025-02-19;"quarta-feira";"17:10:00";"RJ";101;387;"RIO DE JANEIRO";"Manobra de mudança de faixa";"Colisão traseira";"Com Vítimas Feridas";"Pleno dia";"Crescente";"Céu Claro";"Múltipla";"Reta";"Não";4;0;3;0;1;0;3;2;-22,88537839;-43,64965688;"SPRF-RJ";"DEL03-RJ";"UOP01-DEL03-RJ"
662416;2025-02-19;"quarta-feira";"18:00:00";"CE";116;9;"FORTALEZA";"Manobra de mudança de faixa";"Colisão lateral mesmo sentido";"Com Vítimas Feridas";"Anoitecer";"Decrescente";"Céu Claro";"Múltipla";"Reta";"Sim";3;0;1;0;0;2;1;3;-3,83165578;-38,50461429;"SPRF-CE";"DEL01-CE";"UOP02-DEL01-CE"
662417;2025-02-19;"quarta-feira";"18:00:00";"SP";116;281;"EMBU DAS ARTES";"Manobra de mudança de faixa";"Colisão lateral mesmo sentido";"Com Vítimas Feridas";"Anoitecer";"Crescente";"Céu Claro";"Dupla";"Reta";"Não";2;0;1;0;0;1;1;2;-23,67784787;-46,85769227;"SPRF-SP";"DEL04-SP";"UOP01-DEL04-SP"
662418;2025-02-19;"quarta-feira";"13:00:00";"SC";282;457,5;"PONTE SERRADA";"Reação tardia ou ineficiente do condutor";"Queda de ocupante de veículo";"Com Vítimas Feridas";"Pleno dia";"Decrescente";"Nublado";"Simples";"Reta";"Não";2;0;2;0;0;0;2;1;-26,8886985;-51,99511528;"SPRF-SC";"DEL07-SC";"UOP04-DEL07-SC"
662419;2025-02-19;"quarta-feira";"18:00:00";"MG";50;7;"UBERLANDIA";"Ingestão de álcool pelo condutor";"Queda de ocupante de veículo";"Com Vítimas Feridas";"Pleno dia";"Decrescente";"Céu Claro";"Dupla";"Reta";"Sim";1;0;0;1;0;0;1;1;-18,9113;-48,2622;"SPRF-MG";"DEL15-MG";"UOP01-DEL15-MG"
662420;2025-02-19;"quarta-feira";"18:30:00";"BA";101;928;"NOVA VICOSA";"Reação tardia ou ineficiente do condutor";"Queda de ocupante de veículo";"Com Vítimas Feridas";"Plena Noite";"Crescente";"Céu Claro";"Simples";"Reta";"Não";2;0;1;1;0;0;2;1;-17,9531236;-39,86217499;"SPRF-BA";"DEL09-BA";"UOP02-DEL09-BA"
662421;2025-02-19;"quarta-feira";"18:00:00";"GO";40;16;"LUZIANIA";"Reação tardia ou ineficiente do condutor";"Saída de leito carroçável";"Com Vítimas Feridas";"Anoitecer";"Crescente";"Céu Claro";"Dupla";"Reta;Declive";"Sim";1;0;1;0;0;0;1;1;-16,180977;-47,928823;"SPRF-DF";"DEL01-DF";"UOP01-DEL01-DF"
662422;2025-02-19;"quarta-feira";"17:39:00";"DF";20;4;"BRASILIA";"Reação tardia ou ineficiente do condutor";"Colisão traseira";"Com Vítimas Feridas";"Pleno dia";"Decrescente";"Céu Claro";"Dupla";"Reta";"Sim";1;0;1;0;0;0;1;1;-15,675484;-47,823761;"SPRF-DF";"DEL02-DF";"UOP01-DEL02-DF"
662423;2025-02-19;"quarta-feira";"18:40:00";"PI";343;0,5;"TERESINA";"Ausência de reação do condutor";"Colisão traseira";"Com Vítimas Feridas";"Plena Noite";"Decrescente";"Chuva";"Múltipla";"Aclive;Reta";"Sim";2;0;1;0;1;0;1;2;-5,089569;-42,802288;"SPRF-PI";"DEL01-PI";"UOP01-DEL01-PI"
662424;2025-02-19;"quarta-feira";"18:10:00";"RN";304;13;"MOSSORO";"Condutor Dormindo";"Colisão transversal";"Com Vítimas Feridas";"Plena Noite";"Crescente";"Céu Claro";"Simples";"Reta";"Não";3;0;0;2;1;0;2;2;-4,97960788;-37,3844328;"SPRF-RN";"DEL04-RN";"UOP02-DEL04-RN"
662425;2025-02-19;"quarta-feira";"19:00:00";"ES";101;269,6;"SERRA";"Transitar na contramão";"Colisão lateral sentido oposto";"Com Vítimas Feridas";"Plena Noite";"Crescente";"Céu Claro";"Múltipla";"Interseção de Vias;Reta";"Sim";2;0;1;0;1;0;1;2;-20,21740496;-40,26990578;"SPRF-ES";"DEL02-ES";"UOP01-DEL02-ES"
662426;2025-02-19;"quarta-feira";"18:35:00";"SC";101;123,2;"ITAJAI";"Conversão proibida";"Colisão transversal";"Com Vítimas Feridas";"Plena Noite";"Crescente";"Nublado";"Múltipla";"Em Obras;Reta";"Sim";2;0;1;0;1;0;1;2;-26,93668609;-48,69876905;"SPRF-SC";"DEL04-SC";"UOP04-DEL04-SC"
662427;2025-02-19;"quarta-feira";"18:30:00";"PE";232;56,8;"POMBOS";"Ausência de reação do condutor";"Atropelamento de Pedestre";"Com Vítimas Feridas";"Plena Noite";"Crescente";"Céu Claro";"Dupla";"Reta";"Sim";2;0;0;2;0;0;2;2;-8,13762681;-35,37336212;"SPRF-PE";"DEL02-PE";"UOP02-DEL02PE"
662428;2025-02-19;"quarta-feira";"18:30:00";"PE";423;96;"GARANHUNS";"Área urbana sem a presença de local apropriado para a travessia de pedestres";"Atropelamento de Pedestre";"Com Vítimas Feridas";"Plena Noite";"Crescente";"Céu Claro";"Simples";"Reta";"Sim";2;0;1;0;0;1;1;2;-8,8810574;-36,4912616;"SPRF-PE";"DEL03-PE";"UOP01-DEL03-PE"
662430;2025-02-19;"quarta-feira";"16:30:00";"RO";364;422,8;"JARU";"Desrespeitar a preferência no cruzamento";"Colisão transversal";"Com Vítimas Feridas";"Pleno dia";"Crescente";"Céu Claro";"Múltipla";"Interseção de Vias;Reta";"Não";2;0;2;0;0;0;2;1;-10,45220802;-62,46072003;"SPRF-RO";"DEL03-RO";"UOP02-DEL03-RO"
662431;2025-02-19;"quarta-feira";"19:00:00";"RS";116;265;"CANOAS";"Manobra de mudança de faixa";"Colisão lateral mesmo sentido";"Com Vítimas Feridas";"Anoitecer";"Decrescente";"Céu Claro";"Dupla";"Reta";"Sim";2;0;1;0;1;0;1;2;-29,92342302;-51,17780944;"SPRF-RS";"DEL01-RS";"UOP01-DEL01-RS"
662432;2025-02-19;"quarta-feira";"14:30:00";"MT";364;1;"ALTO ARAGUAIA";"Acessar a via sem observar a presença dos outros veículos";"Colisão frontal";"Com Vítimas Feridas";"Pleno dia";"Decrescente";"Sol";"Dupla";"Reta";"Sim";2;0;1;0;1;0;1;2;-17,31786538;-53,21248412;"SPRF-MT";"DEL02-MT";"UOP02-DEL02-MT"
662433;2025-02-19;"quarta-feira";"19:22:00";"PI";316;3;"TERESINA";"Reação tardia ou ineficiente do condutor";"Colisão com objeto";"Com Vítimas Feridas";"Plena Noite";"Decrescente";"Nublado";"Dupla";"Reta";"Sim";1;0;1;0;0;0;1;1;-5,12826443;-42,79292384;"SPRF-PI";"DEL01-PI";"UOP02-DEL01-PI"