"id";"data_inversa";"dia_semana";"horario";"uf";"br";"km";"municipio";"causa_acidente";"tipo_acidente";"classificacao_acidente";"fase_dia";"sentido_via";"condicao_metereologica";"tipo_pista";"tracado_via";"uso_solo";"pessoas";"mortos";"feridos_leves";"feridos_graves";"ilesos";"ignorados";"feridos";"veiculos";"latitude";"longitude";"regional";"delegacia";"uop"
662690;2025-02-21;"sexta-feira";"10:05:00";"PR";476;117;"COLOMBO";"Acesso irregular";"Colisão transversal";"Com Vítimas Feridas";"Pleno dia";"Crescente";"Nublado";"Dupla";"Reta";"Sim";2;0;1;0;1;0;1;2;-25,348;-49,172;"SPRF-PR";"DEL01-PR";"UOP01-DEL01-PR"
662691;2025-02-21;"sexta-feira";"10:40:00";"RJ";116;174;"SAO JOAO DE MERITI";"Reação tardia ou ineficiente do condutor";"Colisão traseira";"Com Vítimas Feridas";"Pleno dia";"Crescente";"Céu Claro";"Dupla";"Reta";"Não";2;0;1;0;1;0;1;2;-22,79580631;-43,36140633;"SPRF-RJ";"DEL06-RJ";"UOP01-DEL06-RJ"
662694;2025-02-21;"sexta-feira";"04:00:00";"SC";282;480;"VARGEAO";"Ausência de reação do condutor";"Colisão com objeto";"Com Vítimas Feridas";"Plena Noite";"Crescente";"Céu Claro";"Simples";"Rotatória";"Não";1;0;1;0;0;0;1;1;-26,87325706;-52,15371799;"SPRF-SC";"DEL07-SC";"UOP01-DEL07-SC"
662697;2025-02-21;"sexta-feira";"06:00:00";"BA";242;206;"ITABERABA";"Ultrapassagem Indevida";"Saída de leito carroçável";"Com Vítimas Fatais";"Pleno dia";"Decrescente";"Chuva";"Simples";"Reta";"Não";3;1;2;0;0;0;2;1;-12,5206;-40,0974;"SPRF-BA";"DEL06-BA";"UOP02-DEL06-BA"
662698;2025-02-21;"sexta-feira";"09:05:00";"SC";101;401,5;"MARACAJA";"Reação tardia ou ineficiente do condutor";"Engavetamento";"Com Vítimas Feridas";"Pleno dia";"Crescente";"Sol";"Múltipla";"Reta";"Não";7;0;1;1;5;0;2;4;-28,87462929;-49,45480585;"SPRF-SC";"DEL02-SC";"UOP02-DEL02-SC"
662699;2025-02-21;"sexta-feira";"11:30:00";"AP";210;3;"MACAPA";"Reação tardia ou ineficiente do condutor";"Saída de leito carroçável";"Com Vítimas Feridas";"Pleno dia";"Decrescente";"Chuva";"Simples";"Reta";"Sim";1;0;1;0;0;0;1;1;0,0874592;-51,0910964;"SPRF-AP";"DEL01-AP";"UOP01-DEL01-AP"
662700;2025-02-21;"sexta-feira";"11:50:00";"SC";101;38,1;"JOINVILLE";"Reação tardia ou ineficiente do condutor";"Engavetamento";"Com Vítimas Feridas";"Pleno dia";"Crescente";"Nublado";"Dupla";"Reta";"Sim";4;0;1;0;3;0;1;3;-26,29171682;-48,88487399;"SPRF-SC";"DEL03-SC";"UOP01-DEL03-SC"
662701;2025-02-21;"sexta-feira";"11:50:00";"SP";116;160;"JACAREI";"Reação tardia ou ineficiente do condutor";"Queda de ocupante de veículo";"Com Vítimas Feridas";"Pleno dia";"Decrescente";"Céu Claro";"Dupla";"Reta";"Sim";1;0;1;0;0;0;1;1;-23,27113918;-45,96376598;"SPRF-SP";"DEL02-SP";"UOP01-DEL02-SP"
662703;2025-02-21;"sexta-feira";"08:30:00";"RO";364;418;"JARU";"Velocidade Incompatível";"Tombamento";"Com Vítimas Feridas";"Pleno dia";"Decrescente";"Céu Claro";"Simples";"Curva";"Não";1;0;1;0;0;0;1;1;-10,48517052;-62,43963718;"SPRF-RO";"DEL03-RO";"UOP02-DEL03-RO"
662705;2025-02-21;"sexta-feira";"09:20:00";"SC";101;116,4;"ITAJAI";"Ausência de reação do condutor";"Colisão lateral mesmo sentido";"Com Vítimas Feridas";"Pleno dia";"Crescente";"Sol";"Dupla";"Reta";"Não";2;0;1;0;1;0;1;2;-26,88702303;-48,72280955;"SPRF-SC";"DEL04-SC";"UOP04-DEL04-SC"
662706;2025-02-21;"sexta-feira";"12:19:00";"PI";135;351;"BOM JESUS";"Ausência de reação do condutor";"Colisão frontal";"Com Vítimas Feridas";"Pleno dia";"Crescente";"Céu Claro";"Dupla";"Em Obras;Desvio Temporário;Reta";"Sim";2;0;0;1;1;0;1;2;-9,07516401;-44,35121298;"SPRF-PI";"DEL03-PI";"UOP02-DEL03-PI"
662708;2025-01-12;"domingo";"11:00:00";"RJ";101;504;"ANGRA DOS REIS";"Velocidade Incompatível";"Colisão traseira";"Com Vítimas Feridas";"Pleno dia";"Decrescente";"Nublado";"Simples";"Reta";"Não";2;0;1;0;1;0;1;2;-22,93155828;-44,38812093;"SPRF-RJ";"DEL03-RJ";"UOP03-DEL03-RJ"
662709;2025-02-21;"sexta-feira";"13:03:00";"PE";104;74,5;"CARUARU";"Transitar na contramão";"Colisão lateral sentido oposto";"Com Vítimas Fatais";"Pleno dia";"Crescente";"Nublado";"Simples";"Curva";"Não";6;1;5;0;0;0;5;3;-8,353712;-35,98644;"SPRF-PE";"DEL02-PE";"UOP01-DEL02-PE"
662710;2025-02-21;"sexta-feira";"13:06:00";"ES";101;286,8;"CARIACICA";"Reação tardia ou ineficiente do condutor";"Queda de ocupante de veículo";"Com Vítimas Feridas";"Pleno dia";"Decrescente";"Céu Claro";"Dupla";"Reta";"Sim";1;0;0;1;0;0;1;1;-20,2649997;-40,38474977;"SPRF-ES";"DEL01-ES";"UOP01-DEL01-ES"
662712;2025-02-21;"sexta-feira";"11:45:00";"RS";472;548;"URUGUAIANA";"Demais falhas mecânicas ou elétricas";"Incêndio";"Sem Vítimas";"Pleno dia";"Decrescente";"Céu Claro";"Simples";"Reta";"Não";1;0;0;0;1;0;0;1;-29,6138271;-56,86909676;"SPRF-RS";"DEL13-RS";"UOP01-DEL13-RS"
662713;2025-02-21;"sexta-feira";"13:30:00";"SC";101;192,7;"BIGUACU";"Manobra de mudança de faixa";"Colisão traseira";"Com Vítimas Feridas";"Pleno dia";"Decrescente";"Céu Claro";"Múltipla";"Reta";"Não";2;0;1;0;1;0;1;2;-27,48848092;-48,6538285;"SPRF-SC";"DEL01-SC";"UOP01-DEL01-SC"
662714;2025-02-21;"sexta-feira";"13:45:00";"ES";101;327;"GUARAPARI";"Ausência de reação do condutor";"Colisão com objeto";"Com Vítimas Feridas";"Pleno dia";"Decrescente";"Céu Claro";"Dupla";"Reta";"Não";1;0;1;0;0;0;1;1;-20,53282676;-40,48427582;"SPRF-ES";"DEL03-ES";"UOP01-DEL03-ES"
662715;2025-02-21;"sexta-feira";"07:10:00";"BA";116;263;"TUCANO";"Acesso irregular";"Colisão transversal";"Com Vítimas Feridas";"Pleno dia";"Decrescente";"Céu Claro";"Simples";"Aclive;Reta";"Sim";2;0;0;1;1;0;1;2;-10,97502657;-38,79304218;"SPRF-BA";"DEL07-BA";"UOP02-DEL07-BA"
662716;2025-02-09;"domingo";"20:00:00";"GO";80;153;"VILA PROPICIO";"Reação tardia ou ineficiente do condutor";"Saída de leito carroçável";"Sem Vítimas";"Plena Noite";"Crescente";"Garoa/Chuvisco";"Simples";"Reta";"Não";2;0;0;0;2;0;0;1;-15,208875;-48,697312;"SPRF-GO";"DEL07-GO";"UOP02-DEL07-GO"
662718;2025-02-21;"sexta-feira";"11:20:00";"RO";364;11;"VILHENA";"Desrespeitar a preferência no cruzamento";"Colisão transversal";"Com Vítimas Feridas";"Pleno dia";"Crescente";"Céu Claro";"Dupla";"Rotatória";"Sim";2;0;1;0;1;0;1;2;-12,73200757;-60,17509461;"SPRF-RO";"DEL04-RO";"UOP01-DEL04-RO"
662719;2025-01-20;"segunda-feira";"12:00:00";"AP";210;1;"MACAPA";"Manobra de mudança de faixa";"Colisão transversal";"Com Vítimas Feridas";"Pleno dia";"Crescente";"Céu Claro";"Dupla";"Retorno Regulamentado;Reta";"Não";2;0;1;1;0;0;2;2;0,07816717;-51,06998693;"SPRF-AP";"DEL01-AP";"UOP01-DEL01-AP"
662720;2025-02-10;"segunda-feira";"05:06:00";"SC";282;413;"CATANDUVAS";"Transitar na contramão";"Colisão frontal";"Com Vítimas Fatais";"Amanhecer";"Decrescente";"Céu Claro";"Simples";"Reta";"Não";2;1;0;1;0;0;1;2;-27,056145;-51,687874;"SPRF-SC";"DEL07-SC";"UOP05-DEL07-SC"
662723;2025-02-21;"sexta-feira";"12:20:00";"MA";226;285;"BARRA DO CORDA";"Transitar na contramão";"Saída de leito carroçável";"Com Vítimas Feridas";"Pleno dia";"Decrescente";"Chuva";"Simples";"Curva";"Não";2;0;2;0;0;0;2;1;-5,450408;-45,13533;"SPRF-MA";"DEL06-MA";"UOP01-DEL06-MA"
662724;2025-02-21;"sexta-feira";"14:15:00";"RJ";101;471;"ANGRA DOS REIS";"Condutor deixou de manter distância do veículo da frente";"Colisão traseira";"Com Vítimas Feridas";"Pleno dia";"Crescente";"Sol";"Simples";"Reta";"Não";2;0;1;0;0;1;1;2;-22,993331;-44,231542;"SPRF-RJ";"DEL03-RJ";"UOP03-DEL03-RJ"
662726;2025-02-21;"sexta-feira";"15:00:00";"SC";280;169;"MAFRA";"Acessar a via sem observar a presença dos outros veículos";"Colisão transversal";"Com Vítimas Feridas";"Pleno dia";"Crescente";"Céu Claro";"Simples";"Reta;Declive";"Sim";3;0;1;0;2;0;1;2;-26,15184298;-49,81305778;"SPRF-SC";"DEL06-SC";"UOP01-DEL06-SC"
662727;2025-02-21;"sexta-feira";"14:45:00";"RS";471;661;"SANTA VITORIA DO PALMAR";"Velocidade Incompatível";"Saída de leito carroçável";"Com Vítimas Feridas";"Pleno dia";"Crescente";"Céu Claro";"Simples";"Reta";"Sim";1;0;1;0;0;0;1;1;-33,54397003;-53,35716248;"SPRF-RS";"DEL07-RS";"UOP04-DEL07-RS"
662731;2025-01-05;"domingo";"06:15:00";"PE";232;410;"SERRA TALHADA";"Acessar a via sem observar a presença dos outros veículos";"Tombamento";"Com Vítimas Feridas";"Pleno dia";"Decrescente";"Céu Claro";"Simples";"Interseção de Vias;Reta";"Sim";1;0;0;1;0;0;1;1;-7,98219005;-38,2959277;"SPRF-PE";"DEL04-PE";"UOP01-DEL04-PE"
662733;2025-02-21;"sexta-feira";"15:28:00";"RN";101;109;"PARNAMIRIM";"Acesso irregular";"Colisão com objeto";"Com Vítimas Feridas";"Pleno dia";"Crescente";"Céu Claro";"Múltipla";"Interseção de Vias;Reta";"Sim";1;0;0;1;0;0;1;1;-5,9298305;-35,2641168;"SPRF-RN";"DEL01-RN";"UOP01-DEL01-RN"
662734;2025-02-21;"sexta-feira";"15:00:00";"SC";101;215;"PALHOCA";"Reação tardia ou ineficiente do condutor";"Colisão traseira";"Com Vítimas Feridas";"Pleno dia";"Crescente";"Nublado";"Múltipla";"Reta";"Sim";2;0;1;0;1;0;1;2;-27,6573298;-48,67812395;"SPRF-SC";"DEL01-SC";"UOP02-DEL01-SC"
662735;2025-02-21;"sexta-feira";"15:00:00";"MG";262;46;"MANHUACU";"Ingestão de álcool pelo condutor";"Colisão com objeto";"Com Vítimas Feridas";"Pleno dia";"Crescente";"Céu Claro";"Simples";"Curva";"Não";1;0;1;0;0;0;1;1;-20,257168;-42,109853;"SPRF-MG";"DEL06-MG";"UOP03-DEL06-MG"
662740;2025-02-21;"sexta-feira";"14:15:00";"MA";222;364;"SANTA INES";"Pista Escorregadia";"Queda de ocupante de veículo";"Com Vítimas Feridas";"Pleno dia";"Crescente";"Nublado";"Simples";"Reta";"Não";1;0;1;0;0;0;1;1;-3,686711;-45,398558;"SPRF-MA";"DEL02-MA";"UOP01-DEL02-MA"
662741;2025-02-21;"sexta-feira";"16:30:00";"BA";324;614;"SALVADOR";"Condutor deixou de manter distância do veículo da frente";"Colisão traseira";"Sem Vítimas";"Pleno dia";"Crescente";"Céu Claro";"Múltipla";"Reta";"Sim";2;0;0;0;2;0;0;2;-12,871618;-38,4271764;"SPRF-BA";"DEL01-BA";"UOP01-DEL01-BA"
662743;2025-02-21;"sexta-feira";"12:50:00";"RJ";40;112;"DUQUE DE CAXIAS";"Avarias e/ou desgaste excessivo no pneu";"Queda de ocupante de veículo";"Com Vítimas Feridas";"Pleno dia";"Crescente";"Sol";"Dupla";"Reta";"Sim";2;0;1;0;1;0;1;1;-22,69923096;-43,28994808;"SPRF-RJ";"DEL01-RJ";"UOP02-DEL01-RJ"
662745;2025-02-21;"sexta-feira";"16:20:00";"PR";376;201,7;"MANDAGUARI";"Animais na Pista";"Queda de ocupante de veículo";"Com Vítimas Feridas";"Pleno dia";"Decrescente";"Nublado";"Dupla";"Reta";"Não";1;0;1;0;0;0;1;1;-23,50715;-51,732133;"SPRF-PR";"DEL09-PR";"UOP01-DEL09-PR"
662746;2025-02-21;"sexta-feira";"17:00:00";"RJ";101;570;"PARATY";"Pista Escorregadia";"Tombamento";"Com Vítimas Fatais";"Pleno dia";"Decrescente";"Chuva";"Simples";"Curva";"Não";2;1;1;0;0;0;1;1;-23,18544735;-44,71831072;"SPRF-RJ";"DEL03-RJ";"UOP04-DEL03-RJ"
662747;2025-02-21;"sexta-feira";"14:51:00";"SC";101;274,1;"IMBITUBA";"Condutor deixou de manter distância do veículo da frente";"Colisão traseira";"Com Vítimas Feridas";"Pleno dia";"Crescente";"Nublado";"Dupla";"Reta";"Sim";4;0;4;0;0;0;4;2;-28,141483;-48,692129;"SPRF-SC";"DEL02-SC";"UOP03-DEL02-SC"
662749;2025-02-21;"sexta-feira";"14:34:00";"BA";101;766;"ITABELA";"Acessar a via sem observar a presença dos outros veículos";"Colisão transversal";"Com Vítimas Feridas";"Pleno dia";"Crescente";"Céu Claro";"Simples";"Curva;Declive";"Não";4;0;2;0;2;0;2;2;-16,717442;-39,449455;"SPRF-BA";"DEL09-BA";"UOP01-DEL09-BA"
662751;2025-02-21;"sexta-feira";"17:10:00";"SP";459;30;"LORENA";"Ausência de reação do condutor";"Colisão traseira";"Com Vítimas Feridas";"Pleno dia";"Decrescente";"Sol";"Simples";"Rotatória";"Sim";2;0;1;0;1;0;1;2;-22,73316324;-45,0984478;"SPRF-SP";"DEL08-SP";"UOP02-DEL08-SP"
662752;2025-02-21;"sexta-feira";"16:30:00";"SC";101;127,7;"ITAJAI";"Ausência de reação do condutor";"Colisão traseira";"Com Vítimas Feridas";"Pleno dia";"Crescente";"Sol";"Dupla";"Reta";"Não";2;0;1;0;1;0;1;2;-26,96984834;-48,68363857;"SPRF-SC";"DEL04-SC";"UOP04-DEL04-SC"
662753;2025-02-21;"sexta-feira";"14:30:00";"PR";277;583;"CASCAVEL";"Ultrapassagem Indevida";"Atropelamento de Pedestre";"Com Vítimas Feridas";"Pleno dia";"Crescente";"Céu Claro";"Simples";"Aclive;Interseção de Vias;Reta";"Não";3;0;0;1;2;0;1;3;-24,97118269;-53,39455431;"SPRF-PR";"DEL04-PR";"UOP01-DEL04-PR"
662755;2025-02-21;"sexta-feira";"13:30:00";"AP";210;105;"PORTO GRANDE";"Ausência de reação do condutor";"Colisão transversal";"Com Vítimas Feridas";"Pleno dia";"Crescente";"Céu Claro";"Simples";"Reta";"Sim";3;0;0;1;1;1;1;2;0,70313;-51,40613;"SPRF-AP";"DEL01-AP";"UOP01-DEL01-AP"
662757;2025-02-21;"sexta-feira";"17:20:00";"SP";116;116;"CACAPAVA";"Trafegar com motocicleta (ou similar) entre as faixas";"Colisão lateral mesmo sentido";"Com Vítimas Feridas";"Pleno dia";"Decrescente";"Sol";"Dupla";"Reta";"Não";3;0;1;0;2;0;1;3;-23,07480963;-45,65125986;"SPRF-SP";"DEL02-SP";"UOP02-DEL02-SP"
662759;2025-02-21;"sexta-feira";"17:00:00";"SC";101;54,6;"JOINVILLE";"Avarias e/ou desgaste excessivo no pneu";"Tombamento";"Com Vítimas Feridas";"Pleno dia";"Decrescente";"Nublado";"Dupla";"Aclive;Reta";"Não";1;0;1;0;0;0;1;1;-26,42371488;-48,82912159;"SPRF-SC";"DEL03-SC";"UOP01-DEL03-SC"
662761;2025-02-21;"sexta-feira";"17:10:00";"RN";0;0;"MACAIBA";"Ultrapassagem Indevida";"Colisão transversal";"Com Vítimas Feridas";"Pleno dia";"Não Informado";"Céu Claro";"Simples";"Curva";"Sim";3;0;2;0;1;0;2;2;-5,859162;-35,347695;"SPRF-RN";"DEL01-RN";"UOP02-DEL01-RN"
662764;2025-02-21;"sexta-feira";"18:15:00";"BA";101;508;"ITABUNA";"Acessar a via sem observar a presença dos outros veículos";"Colisão transversal";"Com Vítimas Feridas";"Anoitecer";"Crescente";"Céu Claro";"Simples";"Reta";"Não";3;0;2;0;1;0;2;2;-14,8174181;-39,29517746;"SPRF-BA";"DEL05-BA";"UOP01-DEL05-BA"
662765;2025-02-21;"sexta-feira";"18:00:00";"ES";101;279,2;"SERRA";"Demais falhas mecânicas ou elétricas";"Colisão lateral mesmo sentido";"Com Vítimas Feridas";"Anoitecer";"Decrescente";"Céu Claro";"Dupla";"Reta";"Não";2;0;1;0;1;0;1;2;-20,21834819;-40,33939362;"SPRF-ES";"DEL02-ES";"UOP01-DEL02-ES"
662769;2025-02-21;"sexta-feira";"16:55:00";"PR";373;256,9;"PRUDENTOPOLIS";"Transitar na contramão";"Colisão frontal";"Com Vítimas Feridas";"Pleno dia";"Crescente";"Nublado";"Simples";"Interseção de Vias;Declive;Reta";"Não";3;0;0;3;0;0;3;2;-25,1931185;-50,9191517;"SPRF-PR";"DEL08-PR";"UOP01-DEL08-PR"
662770;2025-02-21;"sexta-feira";"18:00:00";"PE";232;194;"SANHARO";"Ingestão de álcool pelo condutor";"Colisão lateral sentido oposto";"Com Vítimas Feridas";"Plena Noite";"Crescente";"Céu Claro";"Dupla";"Reta";"Não";2;0;1;0;1;0;1;2;-8,362658;-36,556365;"SPRF-PE";"DEL03-PE";"UOP02-DEL03-PE"
662771;2025-02-21;"sexta-feira";"15:17:00";"RN";405;177;"JOSE DA PENHA";"Acesso irregular";"Colisão com objeto";"Com Vítimas Feridas";"Pleno dia";"Crescente";"Sol";"Simples";"Aclive;Reta";"Não";3;0;1;0;2;0;1;3;-6,326997;-38,289852;"SPRF-RN";"DEL04-RN";"UOP02-DEL04-RN"
662772;2025-02-21;"sexta-feira";"17:35:00";"RJ";101;312,1;"SAO GONCALO";"Reação tardia ou ineficiente do condutor";"Colisão traseira";"Com Vítimas Feridas";"Pleno dia";"Decrescente";"Céu Claro";"Dupla";"Reta";"Sim";2;0;1;0;1;0;1;2;-22,7934208;-43,0309376;"SPRF-RJ";"DEL02-RJ";"UOP02-DEL02-RJ"
662773;2025-02-21;"sexta-feira";"16:40:00";"BA";101;251;"CONCEICAO DO ALMEIDA";"Acessar a via sem observar a presença dos outros veículos";"Colisão lateral mesmo sentido";"Com Vítimas Feridas";"Pleno dia";"Decrescente";"Céu Claro";"Simples";"Reta";"Não";2;0;1;0;1;0;1;2;-12,89242;-39,23038;"SPRF-BA";"DEL01-BA";"UOP02-DEL01-BA"
662774;2025-02-21;"sexta-feira";"18:10:00";"RS";470;337,8;"TRIUNFO";"Acessar a via sem observar a presença dos outros veículos";"Colisão transversal";"Com Vítimas Feridas";"Pleno dia";"Decrescente";"Céu Claro";"Simples";"Reta";"Sim";2;0;1;0;1;0;1;2;-29,923551;-51,714754;"SPRF-RS";"DEL04-RS";"UOP02-DEL04-RS"
662778;2025-02-21;"sexta-feira";"16:30:00";"SP";101;48;"UBATUBA";"Acessar a via sem observar a presença dos outros veículos";"Colisão transversal";"Com Vítimas Feridas";"Pleno dia";"Decrescente";"Chuva";"Simples";"Reta";"Sim";2;0;1;0;0;1;1;2;-23,44049029;-45,08707523;"SPRF-SP";"DEL06-SP";"UOP01-DEL06-SP"
662781;2025-02-21;"sexta-feira";"18:40:00";"SP";116;144;"SAO JOSE DOS CAMPOS";"Trafegar com motocicleta (ou similar) entre as faixas";"Colisão traseira";"Com Vítimas Feridas";"Plena Noite";"Decrescente";"Nublado";"Dupla";"Reta";"Não";2;0;1;0;1;0;1;2;-23,18087654;-45,84276265;"SPRF-SP";"DEL02-SP";"UOP01-DEL02-SP"
662782;2025-02-21;"sexta-feira";"19:00:00";"RN";101;115;"SAO JOSE DE MIPIBU";"Velocidade Incompatível";"Queda de ocupante de veículo";"Com Vítimas Fatais";"Plena Noite";"Decrescente";"Céu Claro";"Dupla";"Curva";"Não";1;1;0;0;0;0;0;1;-6,014386;-35,25391;"SPRF-RN";"DEL01-RN";"UOP01-DEL01-RN"
662783;2025-02-21;"sexta-feira";"16:30:00";"SP";116;515;"BARRA DO TURVO";"Reação tardia ou ineficiente do condutor";"Queda de ocupante de veículo";"Com Vítimas Feridas";"Anoitecer";"Decrescente";"Garoa/Chuvisco";"Simples";"Curva;Aclive";"Não";1;0;1;0;0;0;1;1;-24,9288191;-48,2715751;"SPRF-SP";"DEL05-SP";"UOP02-DEL05-SP"
662784;2025-02-21;"sexta-feira";"16:15:00";"SC";101;333,7;"TUBARAO";"Desrespeitar a preferência no cruzamento";"Colisão transversal";"Com Vítimas Feridas";"Pleno dia";"Crescente";"Céu Claro";"Múltipla";"Interseção de Vias";"Sim";2;0;0;1;1;0;1;2;-28,47020032;-49,01618958;"SPRF-SC";"DEL02-SC";"UOP01-DEL02-SC"
662785;2025-02-21;"sexta-feira";"19:30:00";"ES";101;161;"LINHARES";"Transitar na contramão";"Colisão frontal";"Com Vítimas Fatais";"Plena Noite";"Decrescente";"Céu Claro";"Simples";"Reta";"Não";3;2;1;0;0;0;1;2;-19,48456249;-40,12082267;"SPRF-ES";"DEL04-ES";"UOP01-DEL04-ES"
662786;2025-02-21;"sexta-feira";"19:25:00";"RS";470;334,5;"TRIUNFO";"Ultrapassagem Indevida";"Colisão frontal";"Com Vítimas Fatais";"Plena Noite";"Decrescente";"Ignorado";"Simples";"Reta";"Não";6;1;1;1;2;1;2;4;-29,887999;-51,709422;"SPRF-RS";"DEL04-RS";"UOP02-DEL04-RS"
662787;2025-02-21;"sexta-feira";"17:40:00";"ES";262;168;"IBATIBA";"Ingestão de álcool pelo condutor";"Saída de leito carroçável";"Sem Vítimas";"Pleno dia";"Crescente";"Nublado";"Simples";"Curva";"Não";2;0;0;0;1;1;0;2;-20,2650207;-41,5737016;"SPRF-ES";"DEL01-ES";"UOP02-DEL01-ES"
662789;2025-02-21;"sexta-feira";"17:35:00";"SC";101;311;"LAGUNA";"Condutor deixou de manter distância do veículo da frente";"Colisão traseira";"Com Vítimas Feridas";"Pleno dia";"Decrescente";"Céu Claro";"Dupla";"Rotatória";"Não";2;0;1;0;1;0;1;2;-28,44035961;-48,81271183;"SPRF-SC";"DEL02-SC";"UOP01-DEL02-SC"
662791;2025-02-21;"sexta-feira";"19:00:00";"SP";116;283;"ITAPECERICA DA SERRA";"Ausência de reação do condutor";"Colisão lateral mesmo sentido";"Com Vítimas Feridas";"Plena Noite";"Decrescente";"Céu Claro";"Dupla";"Reta";"Sim";3;0;1;0;2;0;1;2;-23,700244;-46,868917;"SPRF-SP";"DEL04-SP";"UOP01-DEL04-SP"
662792;2025-02-21;"sexta-feira";"19:15:00";"GO";153;436;"ANAPOLIS";"Reação tardia ou ineficiente do condutor";"Colisão traseira";"Com Vítimas Feridas";"Plena Noite";"Decrescente";"Céu Claro";"Dupla";"Reta";"Não";3;0;2;0;1;0;2;2;-16,31723388;-48,92165445;"SPRF-GO";"DEL02-GO";"UOP01-DEL02-GO"
662794;2025-02-21;"sexta-feira";"18:55:00";"BA";110;365,3;"CATU";"Velocidade Incompatível";"Colisão transversal";"Com Vítimas Feridas";"Plena Noite";"Crescente";"Céu Claro";"Simples";"Interseção de Vias;Reta";"Sim";2;0;0;1;1;0;1;2;-12,355783;-38,391728;"SPRF-BA";"DEL01-BA";"UOP04-DEL01-BA"
662795;2025-02-21;"sexta-feira";"15:40:00";"MG";381;588;"CARMOPOLIS DE MINAS";"Acumulo de areia ou detritos sobre o pavimento";"Queda de ocupante de veículo";"Com Vítimas Feridas";"Pleno dia";"Crescente";"Céu Claro";"Simples";"Rotatória;Retorno Regulamentado;Declive;Viaduto;Curva";"Sim";1;0;1;0;0;0;1;1;-20,538334;-44,639885;"SPRF-MG";"DEL04-MG";"UOP01-DEL04-MG"
662797;2025-01-08;"quarta-feira";"19:50:00";"AL";101;205,2;"SAO SEBASTIAO";"Ingestão de álcool pelo condutor";"Colisão transversal";"Com Vítimas Feridas";"Plena Noite";"Decrescente";"Céu Claro";"Simples";"Desvio Temporário";"Sim";4;0;0;1;3;0;1;2;-9,98580388;-36,567173;"SPRF-AL";"DEL02-AL";"UOP02-DEL02-AL"
662798;2025-02-21;"sexta-feira";"19:10:00";"PE";232;236;"PESQUEIRA";"Demais falhas mecânicas ou elétricas";"Incêndio";"Sem Vítimas";"Plena Noite";"Crescente";"Vento";"Dupla";"Aclive;Reta";"Não";1;0;0;0;0;1;0;1;-8,41296;-36,927447;"SPRF-PE";"DEL04-PE";"UOP02-DEL04-PE"
662799;2025-02-21;"sexta-feira";"22:05:00";"SC";101;120,5;"ITAJAI";"Ausência de reação do condutor";"Tombamento";"Com Vítimas Feridas";"Plena Noite";"Decrescente";"Nublado";"Dupla";"Reta";"Não";2;0;1;0;1;0;1;1;-26,91010212;-48,71303558;"SPRF-SC";"DEL04-SC";"UOP04-DEL04-SC"
662800;2025-02-21;"sexta-feira";"21:30:00";"SC";470;52,6;"BLUMENAU";"Acessar a via sem observar a presença dos outros veículos";"Colisão transversal";"Com Vítimas Feridas";"Plena Noite";"Crescente";"Céu Claro";"Simples";"Retorno Regulamentado";"Não";2;0;0;2;0;0;2;2;-26,86494;-49,09922784;"SPRF-SC";"DEL04-SC";"UOP01-DEL04-SC"
662801;2025-02-21;"sexta-feira";"21:20:00";"DF";40;5,7;"BRASILIA";"Trafegar com motocicleta (ou similar) entre as faixas";"Colisão lateral mesmo sentido";"Com Vítimas Feridas";"Plena Noite";"Decrescente";"Céu Claro";"Dupla";"Reta";"Sim";2;0;1;0;1;0;1;2;-16,038473;-47,979837;"SPRF-DF";"DEL01-DF";"UOP01-DEL01-DF"
662802;2025-02-21;"sexta-feira";"20:30:00";"CE";222;185;"SOBRAL";"Demais falhas mecânicas ou elétricas";"Colisão com objeto";"Com Vítimas Feridas";"Pleno dia";"Crescente";"Céu Claro";"Simples";"Reta";"Não";3;0;3;0;0;0;3;1;-3,79213038;-40,12979507;"SPRF-CE";"DEL04-CE";"UOP01-DEL04-CE"
662803;2025-02-21;"sexta-feira";"21:30:00";"SP";101;51;"UBATUBA";"Conversão proibida";"Colisão traseira";"Com Vítimas Feridas";"Plena Noite";"Crescente";"Nublado";"Simples";"Reta";"Sim";3;0;0;1;2;0;1;3;-23,45990456;-45,06738966;"SPRF-SP";"DEL06-SP";"UOP01-DEL06-SP"
662804;2025-02-21;"sexta-feira";"21:55:00";"SC";101;121,9;"ITAJAI";"Ausência de reação do condutor";"Tombamento";"Com Vítimas Feridas";"Plena Noite";"Decrescente";"Nublado";"Dupla";"Reta";"Não";1;0;1;0;0;0;1;1;-26,94767779;-48,68475437;"SPRF-SC";"DEL04-SC";"UOP04-DEL04-SC"
662805;2025-02-21;"sexta-feira";"20:45:00";"PR";153;68,4;"GUAPIRAMA";"Acessar a via sem observar a presença dos outros veículos";"Colisão transversal";"Com Vítimas Feridas";"Plena Noite";"Crescente";"Céu Claro";"Simples";"Reta";"Não";3;0;0;1;1;1;1;3;-23,5107195;-50,1126576;"SPRF-PR";"DEL07-PR";"UOP04-DEL07-PR"
662806;2025-01-24;"sexta-feira";"08:37:00";"PI";343;329,6;"TERESINA";"Ausência de reação do condutor";"Colisão traseira";"Com Vítimas Feridas";"Pleno dia";"Decrescente";"Céu Claro";"Simples";"Curva";"Não";2;0;1;0;1;0;1;2;-5,064808;-42,641769;"SPRF-PI";"DEL01-PI";"UOP01-DEL01-PI"