"id";"data_inversa";"dia_semana";"horario";"uf";"br";"km";"municipio";"causa_acidente";"tipo_acidente";"classificacao_acidente";"fase_dia";"sentido_via";"condicao_metereologica";"tipo_pista";"tracado_via";"uso_solo";"pessoas";"mortos";"feridos_leves";"feridos_graves";"ilesos";"ignorados";"feridos";"veiculos";"latitude";"longitude";"regional";"delegacia";"uop"
662807;2025-02-21;"sexta-feira";"22:20:00";"SP";101;50;"UBATUBA";"Transitar na contramão";"Colisão frontal";"Com Vítimas Feridas";"Plena Noite";"Crescente";"Céu Claro";"Simples";"Reta";"Sim";2;0;1;0;1;0;1;2;-23,45681414;-45,07053673;"SPRF-SP";"DEL06-SP";"UOP01-DEL06-SP"
662808;2025-02-21;"sexta-feira";"22:05:00";"RS";116;530,8;"CAPAO DO LEAO";"Iluminação deficiente";"Colisão transversal";"Com Vítimas Feridas";"Plena Noite";"Crescente";"Céu Claro";"Simples";"Interseção de Vias;Reta";"Sim";2;0;1;0;1;0;1;2;-31,764218;-52,443382;"SPRF-RS";"DEL07-RS";"UOP01-DEL07-RS"
662809;2025-02-21;"sexta-feira";"22:35:00";"MG";381;350;"JOAO MONLEVADE";"Velocidade Incompatível";"Queda de ocupante de veículo";"Com Vítimas Feridas";"Plena Noite";"Decrescente";"Céu Claro";"Simples";"Curva";"Não";2;0;2;0;0;0;2;1;-19,86174537;-43,12408447;"SPRF-MG";"DEL03-MG";"UOP01-DEL03-MG"
662810;2025-02-21;"sexta-feira";"22:20:00";"RS";471;176;"RIO PARDO";"Acessar a via sem observar a presença dos outros veículos";"Colisão transversal";"Com Vítimas Feridas";"Plena Noite";"Decrescente";"Céu Claro";"Simples";"Reta";"Sim";3;0;1;0;2;0;1;2;-29,96975073;-52,37388611;"SPRF-RS";"DEL02-RS";"UOP03-DEL02-RS"
662811;2025-02-21;"sexta-feira";"16:50:00";"MT";174;6;"PONTES E LACERDA";"Acessar a via sem observar a presença dos outros veículos";"Colisão transversal";"Com Vítimas Feridas";"Pleno dia";"Crescente";"Céu Claro";"Dupla";"Interseção de Vias;Reta";"Sim";2;0;0;1;1;0;1;2;-15,22659446;-59,34941769;"SPRF-MT";"DEL03-MT";"UOP01-DEL03-MT"
662813;2025-02-21;"sexta-feira";"18:30:00";"RJ";116;76,3;"TERESOPOLIS";"Ingestão de álcool pelo condutor";"Colisão frontal";"Sem Vítimas";"Anoitecer";"Crescente";"Céu Claro";"Simples";"Curva";"Sim";2;0;0;0;2;0;0;2;-22,36069286;-42,9475522;"SPRF-RJ";"DEL04-RJ";"UOP01-DEL04-RJ"
662814;2025-02-21;"sexta-feira";"21:45:00";"ES";262;56;"MARECHAL FLORIANO";"Desrespeitar a preferência no cruzamento";"Colisão transversal";"Sem Vítimas";"Plena Noite";"Decrescente";"Céu Claro";"Simples";"Retorno Regulamentado";"Sim";6;0;0;0;5;1;0;2;-20,413305;-40,758813;"SPRF-ES";"DEL01-ES";"UOP01-DEL01-ES"
662815;2025-02-21;"sexta-feira";"18:30:00";"MT";163;634;"NOVA MUTUM";"Falta de acostamento";"Capotamento";"Com Vítimas Feridas";"Plena Noite";"Decrescente";"Céu Claro";"Simples";"Reta";"Não";1;0;0;1;0;0;1;1;-13,68829687;-56,03868484;"SPRF-MT";"DEL01-MT";"UOP01-DEL01-MT"
662816;2025-02-21;"sexta-feira";"22:00:00";"GO";60;53;"ABADIANIA";"Ingestão de álcool pelo condutor";"Saída de leito carroçável";"Com Vítimas Feridas";"Plena Noite";"Crescente";"Céu Claro";"Dupla";"Curva";"Não";1;0;1;0;0;0;1;1;-16,18759503;-48,66266772;"SPRF-GO";"DEL02-GO";"UOP01-DEL02-GO"
662817;2025-02-21;"sexta-feira";"22:20:00";"MS";463;100;"PONTA PORA";"Transitar na contramão";"Colisão frontal";"Com Vítimas Fatais";"Plena Noite";"Crescente";"Céu Claro";"Simples";"Curva";"Não";2;1;0;1;0;0;1;2;-22,62156;-55,617058;"SPRF-MS";"DEL04-MS";"UOP03-DEL04-MS"
662818;2025-02-21;"sexta-feira";"19:30:00";"CE";116;484,6;"MILAGRES";"Pedestre andava na pista";"Atropelamento de Pedestre";"Com Vítimas Feridas";"Plena Noite";"Crescente";"Céu Claro";"Simples";"Reta";"Sim";2;0;0;2;0;0;2;2;-7,339307;-38,936673;"SPRF-CE";"DEL05-CE";"UOP03-DEL05-CE"
662822;2025-02-21;"sexta-feira";"22:50:00";"GO";60;34,2;"GOIANIA";"Transitar na contramão";"Colisão lateral sentido oposto";"Com Vítimas Feridas";"Plena Noite";"Decrescente";"Céu Claro";"Dupla";"Aclive";"Sim";6;0;1;3;2;0;4;4;-16,71557533;-49,35696602;"SPRF-DF";"DEL03-DF";"UOP01-DEL03-DF"
662824;2025-02-21;"sexta-feira";"23:00:00";"CE";116;37;"AQUIRAZ";"Animais na Pista";"Atropelamento de Animal";"Com Vítimas Feridas";"Plena Noite";"Crescente";"Céu Claro";"Dupla";"Reta";"Não";2;0;1;0;1;0;1;1;-4,0489227;-38,5068648;"SPRF-CE";"DEL01-CE";"UOP02-DEL01-CE"
662826;2025-02-21;"sexta-feira";"23:50:00";"PR";163;275;"QUATRO PONTES";"Condutor Dormindo";"Saída de leito carroçável";"Com Vítimas Feridas";"Plena Noite";"Decrescente";"Garoa/Chuvisco";"Dupla";"Declive";"Não";2;0;1;0;0;1;1;2;-24,57557233;-53,99443924;"SPRF-PR";"DEL06-PR";"UOP02-DEL06-PR"
662827;2025-02-21;"sexta-feira";"23:00:00";"ES";101;179,7;"ARACRUZ";"Transitar na contramão";"Colisão frontal";"Com Vítimas Fatais";"Plena Noite";"Crescente";"Céu Claro";"Dupla";"Reta";"Não";2;2;0;0;0;0;0;2;-19,6221091;-40,2194505;"SPRF-ES";"DEL04-ES";"UOP01-DEL04-ES"
662828;2025-02-21;"sexta-feira";"22:22:00";"PI";343;304,6;"ALTOS";"Reação tardia ou ineficiente do condutor";"Atropelamento de Pedestre";"Com Vítimas Feridas";"Plena Noite";"Decrescente";"Garoa/Chuvisco";"Simples";"Reta";"Sim";2;0;0;1;1;0;1;2;-5,03251;-42,44124;"SPRF-PI";"DEL01-PI";"UOP01-DEL01-PI"
662831;2025-02-22;"sábado";"01:40:00";"PR";376;490,2;"PONTA GROSSA";"Ingestão de álcool pelo condutor";"Saída de leito carroçável";"Sem Vítimas";"Plena Noite";"Crescente";"Nublado";"Dupla";"Curva;Declive";"Sim";1;0;0;0;0;1;0;1;-25,10361099;-50,19527816;"SPRF-PR";"DEL03-PR";"UOP04-DEL03-PR"
662832;2025-02-22;"sábado";"03:15:00";"RS";472;577;"URUGUAIANA";"Ingestão de álcool pelo condutor";"Colisão com objeto";"Com Vítimas Feridas";"Plena Noite";"Decrescente";"Céu Claro";"Simples";"Rotatória";"Não";2;0;1;0;1;0;1;1;-29,78020336;-57,06330585;"SPRF-RS";"DEL13-RS";"UOP01-DEL13-RS"
662833;2025-02-22;"sábado";"01:50:00";"PE";101;42;"IGARASSU";"Manobra de mudança de faixa";"Colisão lateral mesmo sentido";"Com Vítimas Feridas";"Plena Noite";"Decrescente";"Céu Claro";"Múltipla";"Aclive;Reta";"Sim";3;0;1;0;1;1;1;2;-7,844329;-34,910497;"SPRF-PE";"DEL01-PE";"UOP02-DEL01-PE"
662835;2025-02-22;"sábado";"02:05:00";"PE";101;42;"IGARASSU";"Reação tardia ou ineficiente do condutor";"Colisão traseira";"Com Vítimas Feridas";"Plena Noite";"Decrescente";"Céu Claro";"Múltipla";"Aclive";"Sim";3;0;0;2;1;0;2;2;-7,84397471;-34,91062403;"SPRF-PE";"DEL01-PE";"UOP02-DEL01-PE"
662836;2025-02-22;"sábado";"02:45:00";"GO";50;157;"CAMPO ALEGRE DE GOIAS";"Ausência de reação do condutor";"Colisão traseira";"Com Vítimas Fatais";"Plena Noite";"Decrescente";"Céu Claro";"Dupla";"Reta";"Não";2;1;0;0;0;1;0;2;-17,2287097;-47,759093;"SPRF-GO";"DEL06-GO";"UOP01-DEL06-GO"
662837;2025-02-22;"sábado";"02:40:00";"SC";470;133,9;"RIO DO SUL";"Transitar na contramão";"Colisão frontal";"Com Vítimas Fatais";"Plena Noite";"Decrescente";"Nublado";"Simples";"Reta";"Sim";2;1;1;0;0;0;1;2;-27,17404915;-49,58817065;"SPRF-SC";"DEL04-SC";"UOP02-DEL04-SC"
662838;2025-02-22;"sábado";"03:00:00";"SC";470;58,9;"BLUMENAU";"Ingestão de álcool pelo condutor";"Colisão frontal";"Com Vítimas Feridas";"Plena Noite";"Crescente";"Ignorado";"Simples";"Em Obras;Aclive;Reta";"Sim";4;0;0;2;2;0;2;2;-26,88279433;-49,15496707;"SPRF-SC";"DEL04-SC";"UOP01-DEL04-SC"
662839;2025-02-22;"sábado";"04:40:00";"PR";277;730;"FOZ DO IGUACU";"Ausência de reação do condutor";"Colisão traseira";"Sem Vítimas";"Plena Noite";"Decrescente";"Nublado";"Simples";"Curva";"Sim";2;0;0;0;2;0;0;2;-25,50964993;-54,59796309;"SPRF-PR";"DEL05-PR";"UOP03-DEL05-PR"
662840;2025-02-22;"sábado";"03:30:00";"GO";153;431,8;"ANAPOLIS";"Ausência de reação do condutor";"Colisão com objeto";"Com Vítimas Fatais";"Plena Noite";"Decrescente";"Céu Claro";"Dupla";"Reta";"Sim";1;1;0;0;0;0;0;1;-16,2770738;-48,9652557;"SPRF-GO";"DEL02-GO";"UOP01-DEL02-GO"
662843;2025-02-22;"sábado";"04:10:00";"PR";469;2;"FOZ DO IGUACU";"Ingestão de álcool pelo condutor";"Saída de leito carroçável";"Sem Vítimas";"Plena Noite";"Decrescente";"Céu Claro";"Simples";"Curva";"Não";1;0;0;0;0;1;0;1;-25,58667212;-54,56299782;"SPRF-PR";"DEL05-PR";"UOP04-DEL05-PR"
662844;2025-02-22;"sábado";"04:50:00";"RS";116;265;"CANOAS";"Entrada inopinada do pedestre";"Atropelamento de Pedestre";"Com Vítimas Fatais";"Plena Noite";"Decrescente";"Céu Claro";"Simples";"Reta";"Sim";2;1;0;0;1;0;0;2;-29,92204106;-51,17787838;"SPRF-RS";"DEL01-RS";"UOP01-DEL01-RS"
662845;2025-02-22;"sábado";"02:17:00";"SC";282;513,7;"XAXIM";"Acessar a via sem observar a presença dos outros veículos";"Colisão transversal";"Com Vítimas Feridas";"Plena Noite";"Decrescente";"Céu Claro";"Simples";"Reta";"Não";6;0;0;1;5;0;1;3;-26,915385;-52,484887;"SPRF-SC";"DEL07-SC";"UOP01-DEL07-SC"
662847;2025-02-22;"sábado";"02:30:00";"RS";471;611,9;"SANTA VITORIA DO PALMAR";"Animais na Pista";"Atropelamento de Animal";"Com Vítimas Feridas";"Plena Noite";"Decrescente";"Céu Claro";"Simples";"Reta";"Não";1;0;0;1;0;0;1;1;-33,45808347;-53,26638793;"SPRF-RS";"DEL07-RS";"UOP04-DEL07-RS"
662848;2025-02-22;"sábado";"05:30:00";"RS";116;261;"CANOAS";"Acostamento em desnível";"Colisão com objeto";"Com Vítimas Feridas";"Plena Noite";"Decrescente";"Céu Claro";"Dupla";"Reta";"Sim";1;0;1;0;0;0;1;1;-29,8946232;-51,1756295;"SPRF-RS";"DEL01-RS";"UOP01-DEL01-RS"
662849;2025-02-22;"sábado";"04:50:00";"RS";293;524,2;"PELOTAS";"Condutor Dormindo";"Tombamento";"Com Vítimas Feridas";"Plena Noite";"Crescente";"Céu Claro";"Dupla";"Reta";"Sim";1;0;1;0;0;0;1;1;-31,74784863;-52,41108298;"SPRF-RS";"DEL13-RS";"UOP01-DEL13-RS"
662850;2025-02-22;"sábado";"05:25:00";"RS";116;239;"NOVO HAMBURGO";"Reação tardia ou ineficiente do condutor";"Colisão traseira";"Com Vítimas Feridas";"Plena Noite";"Decrescente";"Céu Claro";"Dupla";"Reta";"Sim";2;0;1;0;1;0;1;2;-29,68089434;-51,14221573;"SPRF-RS";"DEL01-RS";"UOP02-DEL01-RS"
662852;2025-02-22;"sábado";"04:00:00";"MG";40;505;"ESMERALDAS";"Condutor Dormindo";"Saída de leito carroçável";"Com Vítimas Feridas";"Plena Noite";"Crescente";"Céu Claro";"Dupla";"Reta";"Não";1;0;1;0;0;0;1;1;-19,738035;-44,14955;"SPRF-MG";"DEL02-MG";"UOP01-DEL02-MG"
662853;2025-02-22;"sábado";"05:00:00";"RJ";356;158;"CAMPOS DOS GOYTACAZES";"Demais falhas mecânicas ou elétricas";"Incêndio";"Sem Vítimas";"Amanhecer";"Decrescente";"Céu Claro";"Simples";"Reta";"Sim";1;0;0;0;0;1;0;1;-21,7366666;-41,1997024;"SPRF-RJ";"DEL08-RJ";"UOP02-DEL08-RJ"
662854;2025-02-22;"sábado";"04:35:00";"MG";381;421;"CAETE";"Velocidade Incompatível";"Colisão com objeto";"Com Vítimas Feridas";"Plena Noite";"Crescente";"Céu Claro";"Dupla";"Rotatória;Declive";"Não";4;0;4;0;0;0;4;1;-19,761688;-43,640524;"SPRF-MG";"DEL01-MG";"UOP01-DEL01-MG"
662855;2025-02-22;"sábado";"04:40:00";"RS";293;120;"PINHEIRO MACHADO";"Condutor Dormindo";"Saída de leito carroçável";"Com Vítimas Feridas";"Plena Noite";"Crescente";"Céu Claro";"Simples";"Curva";"Não";2;0;0;1;1;0;1;1;-31,51841047;-53,5219574;"SPRF-RS";"DEL11-RS";"UOP03-DEL11-RS"
662856;2025-02-22;"sábado";"05:50:00";"RS";470;216;"BENTO GONCALVES";"Velocidade Incompatível";"Saída de leito carroçável";"Sem Vítimas";"Amanhecer";"Decrescente";"Céu Claro";"Dupla";"Reta";"Sim";1;0;0;0;0;1;0;1;-29,16662585;-51,52572602;"SPRF-RS";"DEL06-RS";"UOP01-DEL06-RS"
662857;2025-02-22;"sábado";"05:23:00";"SC";470;2;"ITAJAI";"Acessar a via sem observar a presença dos outros veículos";"Colisão transversal";"Com Vítimas Feridas";"Amanhecer";"Decrescente";"Nublado";"Dupla";"Interseção de Vias;Em Obras;Viaduto;Reta";"Não";2;0;1;0;0;1;1;2;-26,8896967;-48,6775899;"SPRF-SC";"DEL04-SC";"UOP04-DEL04-SC"
662858;2025-02-22;"sábado";"06:30:00";"PE";101;70;"RECIFE";"Demais falhas mecânicas ou elétricas";"Colisão com objeto";"Com Vítimas Feridas";"Pleno dia";"Crescente";"Céu Claro";"Simples";"Curva";"Não";1;0;1;0;0;0;1;1;-8,06962;-34,94297;"SPRF-PE";"DEL01-PE";"UOP01-DEL01-PE"
662859;2025-02-22;"sábado";"02:00:00";"PR";277;267;"PRUDENTOPOLIS";"Reação tardia ou ineficiente do condutor";"Saída de leito carroçável";"Sem Vítimas";"Plena Noite";"Decrescente";"Céu Claro";"Simples";"Curva";"Não";1;0;0;0;1;0;0;1;-25,40234446;-50,79872131;"SPRF-PR";"DEL08-PR";"UOP02-DEL08-PR"
662860;2025-02-22;"sábado";"04:10:00";"SC";116;67,6;"MONTE CASTELO";"Ausência de reação do condutor";"Colisão com objeto";"Com Vítimas Feridas";"Plena Noite";"Decrescente";"Céu Claro";"Simples";"Declive;Reta";"Sim";2;0;1;0;1;0;1;1;-26,448962;-50,228042;"SPRF-SC";"DEL06-SC";"UOP02-DEL06-SC"
662861;2025-02-22;"sábado";"07:00:00";"PB";0;0;"CAMPINA GRANDE";"Acessar a via sem observar a presença dos outros veículos";"Colisão transversal";"Com Vítimas Feridas";"Pleno dia";"Não Informado";"Céu Claro";"Dupla";"Curva;Rotatória;Declive";"Não";2;0;1;0;1;0;1;2;-7,281938;-35,769403;"SPRF-PB";"DEL02-PB";"UOP01-DEL02-PB"
662862;2025-02-22;"sábado";"05:22:00";"MT";163;751;"SORRISO";"Ingestão de álcool pelo condutor";"Tombamento";"Com Vítimas Feridas";"Pleno dia";"Decrescente";"Céu Claro";"Dupla";"Reta";"Sim";1;0;1;0;0;0;1;1;-12,56415576;-55,72215915;"SPRF-MT";"DEL06-MT";"UOP01-DEL06-MT"
662864;2025-02-22;"sábado";"02:10:00";"GO";364;55;"CACHOEIRA ALTA";"Ausência de reação do condutor";"Saída de leito carroçável";"Sem Vítimas";"Plena Noite";"Crescente";"Chuva";"Simples";"Reta;Declive";"Não";1;0;0;0;0;1;0;1;-18,76464;-50,92837;"SPRF-GO";"DEL05-GO";"UOP02-DEL05-GO"
662865;2025-02-22;"sábado";"05:30:00";"PR";277;129;"CAMPO LARGO";"Demais falhas mecânicas ou elétricas";"Incêndio";"Sem Vítimas";"Plena Noite";"Decrescente";"Céu Claro";"Dupla";"Rotatória";"Sim";1;0;0;0;0;1;0;1;-25,44578294;-49,56579566;"SPRF-PR";"DEL03-PR";"UOP03-DEL03-PR"
662866;2025-02-22;"sábado";"06:50:00";"SP";116;402;"MIRACATU";"Demais falhas mecânicas ou elétricas";"Incêndio";"Sem Vítimas";"Pleno dia";"Crescente";"Nublado";"Dupla";"Reta";"Não";5;0;0;0;5;0;0;1;-24,3155;-47,523;"SPRF-SP";"DEL04-SP";"UOP02-DEL04-SP"
662867;2025-02-22;"sábado";"06:30:00";"RS";290;72,3;"GRAVATAI";"Reação tardia ou ineficiente do condutor";"Colisão traseira";"Sem Vítimas";"Pleno dia";"Crescente";"Céu Claro";"Dupla";"Reta";"Não";3;0;0;0;3;0;0;2;-29,952907;-50,97936;"SPRF-RS";"DEL03-RS";"UOP01-DEL03-RS"
662868;2025-02-22;"sábado";"07:00:00";"DF";70;3,2;"BRASILIA";"Manobra de mudança de faixa";"Colisão lateral mesmo sentido";"Com Vítimas Feridas";"Pleno dia";"Decrescente";"Céu Claro";"Dupla";"Reta;Retorno Regulamentado";"Sim";4;0;1;0;2;1;1;3;-15,802153;-48,083573;"SPRF-DF";"DEL03-DF";"UOP02-DEL03-DF"
662869;2025-02-21;"sexta-feira";"21:00:00";"MG";50;182;"UBERABA";"Ausência de reação do condutor";"Colisão traseira";"Com Vítimas Feridas";"Plena Noite";"Crescente";"Céu Claro";"Dupla";"Reta";"Sim";3;0;2;0;0;1;2;2;-19,80934616;-47,90107727;"SPRF-MG";"DEL13-MG";"UOP01-DEL13-MG"
662870;2025-02-06;"quinta-feira";"16:50:00";"SP";153;51;"SAO JOSE DO RIO PRETO";"Transitar na contramão";"Colisão lateral sentido oposto";"Com Vítimas Feridas";"Pleno dia";"Decrescente";"Nublado";"Simples";"Reta";"Sim";4;0;1;0;3;0;1;2;-20,71801801;-49,33874223;"SPRF-SP";"DEL09-SP";"UOP01-DEL09-SP"
662871;2025-02-22;"sábado";"07:35:00";"CE";222;4,7;"CAUCAIA";"Manobra de mudança de faixa";"Colisão traseira";"Com Vítimas Feridas";"Pleno dia";"Decrescente";"Céu Claro";"Múltipla";"Reta";"Sim";2;0;1;0;1;0;1;2;-3,74241921;-38,61080003;"SPRF-CE";"DEL01-CE";"UOP01-DEL01-CE"
662872;2025-02-22;"sábado";"04:30:00";"RJ";40;51,3;"AREAL";"Velocidade Incompatível";"Tombamento";"Com Vítimas Feridas";"Amanhecer";"Crescente";"Céu Claro";"Dupla";"Curva;Viaduto";"Sim";1;0;0;1;0;0;1;1;-22,2825032;-43,1192847;"SPRF-RJ";"DEL05-RJ";"UOP02-DEL05-RJ"
662873;2025-02-22;"sábado";"07:35:00";"MG";262;378,5;"MATEUS LEME";"Ausência de reação do condutor";"Saída de leito carroçável";"Com Vítimas Feridas";"Pleno dia";"Decrescente";"Céu Claro";"Dupla";"Reta";"Não";3;0;2;0;1;0;2;1;-19,9229272;-44,46625328;"SPRF-MG";"DEL01-MG";"UOP03-DEL01-MG"
662876;2025-02-22;"sábado";"04:15:00";"SC";470;66,3;"INDAIAL";"Acessar a via sem observar a presença dos outros veículos";"Colisão frontal";"Com Vítimas Feridas";"Plena Noite";"Decrescente";"Nublado";"Simples";"Em Obras;Rotatória";"Sim";2;0;0;1;1;0;1;2;-26,87004465;-49,22544827;"SPRF-SC";"DEL04-SC";"UOP01-DEL04-SC"
662877;2025-02-22;"sábado";"08:00:00";"SP";381;26;"ATIBAIA";"Reação tardia ou ineficiente do condutor";"Queda de ocupante de veículo";"Com Vítimas Feridas";"Pleno dia";"Crescente";"Sol";"Dupla";"Reta";"Sim";2;0;2;0;0;0;2;1;-23,1907722;-46,584931;"SPRF-SP";"DEL03-SP";"UOP02-DEL03-SP"
662878;2025-02-22;"sábado";"07:40:00";"RJ";116;204;"SEROPEDICA";"Acesso irregular";"Colisão transversal";"Com Vítimas Feridas";"Pleno dia";"Decrescente";"Céu Claro";"Dupla";"Reta";"Não";7;0;1;1;5;0;2;4;-22,71887359;-43,69915009;"SPRF-RJ";"DEL06-RJ";"UOP02-DEL06-RJ"
662879;2025-02-22;"sábado";"08:40:00";"BA";101;919,9;"NOVA VICOSA";"Demais falhas mecânicas ou elétricas";"Colisão frontal";"Com Vítimas Feridas";"Pleno dia";"Crescente";"Céu Claro";"Simples";"Reta";"Não";2;0;1;0;1;0;1;2;-17,886102;-39,815346;"SPRF-BA";"DEL09-BA";"UOP02-DEL09-BA"
662880;2025-02-02;"domingo";"22:00:00";"SC";101;129;"CAMBORIU";"Acumulo de água sobre o pavimento";"Colisão frontal";"Com Vítimas Feridas";"Plena Noite";"Crescente";"Chuva";"Dupla";"Curva";"Sim";2;0;1;0;1;0;1;2;-26,98064277;-48,6790679;"SPRF-SC";"DEL04-SC";"UOP03-DEL04-SC"
662881;2025-02-22;"sábado";"07:30:00";"SE";235;54,4;"ITABAIANA";"Acessar a via sem observar a presença dos outros veículos";"Colisão traseira";"Com Vítimas Feridas";"Pleno dia";"Crescente";"Céu Claro";"Simples";"Reta";"Sim";2;0;1;0;1;0;1;2;-10,67117993;-37,44483411;"SPRF-SE";"DEL01-SE";"UOP02-DEL01-SE"
662882;2025-02-22;"sábado";"09:05:00";"ES";101;266,7;"SERRA";"Manobra de mudança de faixa";"Tombamento";"Com Vítimas Feridas";"Pleno dia";"Decrescente";"Céu Claro";"Dupla";"Reta";"Sim";1;0;0;1;0;0;1;1;-20,19446565;-40,26849747;"SPRF-ES";"DEL02-ES";"UOP01-DEL02-ES"
662883;2025-01-17;"sexta-feira";"19:45:00";"PR";272;367,9;"CAMPO MOURAO";"Manobra de mudança de faixa";"Colisão transversal";"Com Vítimas Feridas";"Anoitecer";"Decrescente";"Nublado";"Dupla";"Reta";"Sim";2;0;0;1;0;1;1;2;-24,05281967;-52,40680754;"SPRF-PR";"DEL09-PR";"UOP03-DEL09-PR"
662884;2025-02-22;"sábado";"09:30:00";"SP";381;6;"VARGEM";"Reação tardia ou ineficiente do condutor";"Colisão lateral mesmo sentido";"Com Vítimas Feridas";"Pleno dia";"Crescente";"Céu Claro";"Dupla";"Aclive;Reta";"Não";2;0;1;0;1;0;1;2;-22,90028;-46,4202483;"SPRF-SP";"DEL03-SP";"UOP02-DEL03-SP"
662886;2025-02-22;"sábado";"09:30:00";"RJ";101;327;"RIO DE JANEIRO";"Ausência de reação do condutor";"Colisão traseira";"Com Vítimas Feridas";"Pleno dia";"Crescente";"Céu Claro";"Dupla";"Reta;Ponte";"Sim";3;0;1;1;1;0;2;2;-22,870587;-43,160749;"SPRF-RJ";"DEL02-RJ";"UOP01-DEL02-RJ"
662887;2025-02-22;"sábado";"08:40:00";"SC";101;349,5;"TUBARAO";"Condutor deixou de manter distância do veículo da frente";"Colisão com objeto";"Com Vítimas Feridas";"Pleno dia";"Crescente";"Céu Claro";"Dupla";"Curva";"Não";2;0;1;1;0;0;2;1;-28,497413;-49,044625;"SPRF-SC";"DEL02-SC";"UOP01-DEL02-SC"
662888;2025-02-22;"sábado";"09:20:00";"SP";116;219;"GUARULHOS";"Reação tardia ou ineficiente do condutor";"Queda de ocupante de veículo";"Com Vítimas Feridas";"Pleno dia";"Decrescente";"Céu Claro";"Múltipla";"Reta";"Sim";1;0;1;0;0;0;1;1;-23,46379922;-46,495097;"SPRF-SP";"DEL01-SP";"UOP01-DEL01-SP"
662889;2025-02-22;"sábado";"08:30:00";"SC";470;96,8;"APIUNA";"Retorno proibido";"Colisão transversal";"Com Vítimas Feridas";"Pleno dia";"Decrescente";"Céu Claro";"Simples";"Reta";"Não";2;0;0;1;1;0;1;2;-27,0269981;-49,3789091;"SPRF-SC";"DEL04-SC";"UOP01-DEL04-SC"
662890;2025-02-22;"sábado";"04:00:00";"PR";376;160,7;"MARINGA";"Ausência de reação do condutor";"Colisão com objeto";"Sem Vítimas";"Plena Noite";"Decrescente";"Nublado";"Dupla";"Interseção de Vias;Reta";"Sim";1;0;0;0;0;1;0;1;-23,367785;-52,06693;"SPRF-PR";"DEL09-PR";"UOP02-DEL09-PR"
662893;2025-02-22;"sábado";"09:00:00";"PE";101;45;"IGARASSU";"Acessar a via sem observar a presença dos outros veículos";"Colisão traseira";"Com Vítimas Feridas";"Pleno dia";"Decrescente";"Céu Claro";"Dupla";"Reta";"Sim";3;0;1;0;2;0;1;3;-7,86702;-34,90677;"SPRF-PE";"DEL01-PE";"UOP02-DEL01-PE"
662894;2025-02-22;"sábado";"09:45:00";"AL";104;88,2;"RIO LARGO";"Transitar no Acostamento";"Colisão transversal";"Com Vítimas Feridas";"Pleno dia";"Decrescente";"Sol";"Dupla";"Reta";"Sim";2;0;1;0;1;0;1;2;-9,481602;-35,818797;"SPRF-AL";"DEL01-AL";"UOP01-DEL01-AL"
662895;2025-02-22;"sábado";"10:26:00";"ES";101;154;"LINHARES";"Demais falhas mecânicas ou elétricas";"Tombamento";"Com Vítimas Feridas";"Pleno dia";"Decrescente";"Sol";"Simples";"Reta";"Não";2;0;2;0;0;0;2;1;-19,4264286;-40,08086085;"SPRF-ES";"DEL04-ES";"UOP01-DEL04-ES"
662896;2025-02-22;"sábado";"08:45:00";"RJ";101;389;"RIO DE JANEIRO";"Acesso irregular";"Colisão traseira";"Com Vítimas Feridas";"Pleno dia";"Decrescente";"Sol";"Múltipla";"Reta";"Sim";3;0;2;0;1;0;2;2;-22,894222;-43,675029;"SPRF-RJ";"DEL03-RJ";"UOP01-DEL03-RJ"
662897;2025-02-22;"sábado";"06:00:00";"PR";487;108,3;"CRUZEIRO DO OESTE";"Ingestão de álcool pelo condutor";"Colisão frontal";"Com Vítimas Feridas";"Amanhecer";"Decrescente";"Nublado";"Simples";"Reta";"Não";5;0;0;1;4;0;1;3;-23,80100732;-53,02503526;"SPRF-PR";"DEL09-PR";"UOP03-DEL09-PR"
662898;2025-02-22;"sábado";"09:25:00";"SC";470;58;"BLUMENAU";"Acessar a via sem observar a presença dos outros veículos";"Colisão transversal";"Com Vítimas Feridas";"Pleno dia";"Decrescente";"Nublado";"Simples";"Em Obras;Reta";"Sim";2;0;1;0;1;0;1;2;-26,88427494;-49,14866924;"SPRF-SC";"DEL04-SC";"UOP01-DEL04-SC"
662899;2025-02-22;"sábado";"10:20:00";"SC";101;216,5;"SANTO AMARO DA IMPERATRIZ";"Acumulo de areia ou detritos sobre o pavimento";"Tombamento";"Com Vítimas Feridas";"Pleno dia";"Crescente";"Céu Claro";"Dupla";"Retorno Regulamentado";"Sim";1;0;1;0;0;0;1;1;-27,663913;-48,675197;"SPRF-SC";"DEL01-SC";"UOP02-DEL01-SC"
662902;2025-02-22;"sábado";"03:50:00";"SC";280;271;"IRINEOPOLIS";"Ausência de reação do condutor";"Capotamento";"Com Vítimas Feridas";"Plena Noite";"Crescente";"Nublado";"Simples";"Declive";"Não";2;0;2;0;0;0;2;1;-26,27286742;-50,74756622;"SPRF-SC";"DEL06-SC";"UOP04-DEL06-SC"
662904;2025-02-22;"sábado";"10:45:00";"PR";376;350;"ORTIGUEIRA";"Reação tardia ou ineficiente do condutor";"Colisão com objeto";"Com Vítimas Feridas";"Pleno dia";"Decrescente";"Céu Claro";"Dupla";"Aclive;Reta";"Sim";1;0;1;0;0;0;1;1;-24,2094838;-50,9430493;"SPRF-PR";"DEL07-PR";"UOP02-DEL07-PR"