"id";"data_inversa";"dia_semana";"horario";"uf";"br";"km";"municipio";"causa_acidente";"tipo_acidente";"classificacao_acidente";"fase_dia";"sentido_via";"condicao_metereologica";"tipo_pista";"tracado_via";"uso_solo";"pessoas";"mortos";"feridos_leves";"feridos_graves";"ilesos";"ignorados";"feridos";"veiculos";"latitude";"longitude";"regional";"delegacia";"uop"
662906;2025-02-22;"sábado";"09:00:00";"RJ";493;100;"SEROPEDICA";"Demais falhas mecânicas ou elétricas";"Tombamento";"Com Vítimas Fatais";"Pleno dia";"Crescente";"Céu Claro";"Dupla";"Reta";"Não";2;1;1;0;0;0;1;1;-22,76351884;-43,73622894;"SPRF-RJ";"DEL01-RJ";"UOP03-DEL01-RJ"
662907;2025-02-22;"sábado";"11:15:00";"MG";40;596,7;"OURO PRETO";"Demais falhas mecânicas ou elétricas";"Tombamento";"Com Vítimas Feridas";"Pleno dia";"Decrescente";"Sol";"Simples";"Aclive;Reta";"Não";2;0;2;0;0;0;2;1;-20,4175055;-43,88794656;"SPRF-MG";"DEL05-MG";"UOP02-DEL05-MG"
662908;2025-02-22;"sábado";"10:45:00";"SC";470;40,6;"GASPAR";"Ausência de reação do condutor";"Saída de leito carroçável";"Com Vítimas Feridas";"Pleno dia";"Crescente";"Céu Claro";"Dupla";"Reta";"Não";1;0;1;0;0;0;1;1;-26,8843862;-48,994872;"SPRF-SC";"DEL04-SC";"UOP01-DEL04-SC"
662909;2025-02-22;"sábado";"10:15:00";"MT";163;831;"SINOP";"Manobra de mudança de faixa";"Colisão traseira";"Com Vítimas Feridas";"Pleno dia";"Decrescente";"Céu Claro";"Simples";"Reta";"Sim";2;0;0;1;1;0;1;2;-11,8887061;-55,50243616;"SPRF-MT";"DEL06-MT";"UOP02-DEL06-MT"
662910;2025-02-22;"sábado";"10:46:00";"BA";101;714,2;"EUNAPOLIS";"Acessar a via sem observar a presença dos outros veículos";"Colisão transversal";"Com Vítimas Feridas";"Pleno dia";"Decrescente";"Céu Claro";"Simples";"Reta";"Não";2;0;1;0;0;1;1;2;-16,346345;-39,580308;"SPRF-BA";"DEL09-BA";"UOP01-DEL09-BA"
662911;2025-02-22;"sábado";"08:45:00";"PA";10;355;"SANTA MARIA DO PARA";"Acessar a via sem observar a presença dos outros veículos";"Colisão transversal";"Com Vítimas Feridas";"Pleno dia";"Decrescente";"Céu Claro";"Simples";"Interseção de Vias;Reta";"Sim";3;0;0;2;1;0;2;2;-1,34305216;-47,57899761;"SPRF-PA";"DEL01-PA";"UOP02-DEL01-PA"
662912;2025-02-22;"sábado";"11:30:00";"SC";101;218,5;"PALHOCA";"Demais falhas mecânicas ou elétricas";"Tombamento";"Com Vítimas Feridas";"Pleno dia";"Decrescente";"Céu Claro";"Dupla";"Reta";"Não";2;0;2;0;0;0;2;1;-27,679993;-48,670409;"SPRF-SC";"DEL01-SC";"UOP02-DEL01-SC"
662913;2025-02-22;"sábado";"11:00:00";"SC";101;77,1;"ARAQUARI";"Velocidade Incompatível";"Colisão traseira";"Com Vítimas Feridas";"Pleno dia";"Decrescente";"Nublado";"Dupla";"Reta";"Não";2;0;0;1;1;0;1;2;-26,57177161;-48,7220639;"SPRF-SC";"DEL03-SC";"UOP02-DEL03-SC"
662919;2025-02-22;"sábado";"12:25:00";"SC";101;378,5;"ICARA";"Ultrapassagem Indevida";"Colisão lateral mesmo sentido";"Com Vítimas Feridas";"Pleno dia";"Crescente";"Céu Claro";"Múltipla";"Interseção de Vias;Curva";"Sim";2;0;2;0;0;0;2;2;-28,75076137;-49,27038789;"SPRF-SC";"DEL02-SC";"UOP02-DEL02-SC"
662920;2025-02-22;"sábado";"13:15:00";"MG";381;896;"CAMBUI";"Avarias e/ou desgaste excessivo no pneu";"Saída de leito carroçável";"Com Vítimas Feridas";"Pleno dia";"Crescente";"Nublado";"Dupla";"Curva";"Não";1;0;1;0;0;0;1;1;-22,59735305;-46,05706215;"SPRF-MG";"DEL16-MG";"UOP01-DEL16-MG"
662921;2025-02-02;"domingo";"14:00:00";"PR";277;468,1;"LARANJEIRAS DO SUL";"Trafegar com motocicleta (ou similar) entre as faixas";"Colisão frontal";"Com Vítimas Feridas";"Pleno dia";"Crescente";"Céu Claro";"Simples";"Reta";"Não";2;0;0;1;1;0;1;2;-25,34211314;-52,49655008;"SPRF-PR";"DEL04-PR";"UOP02-DEL04-PR"
662922;2025-02-22;"sábado";"13:16:00";"CE";116;35;"AQUIRAZ";"Acumulo de areia ou detritos sobre o pavimento";"Queda de ocupante de veículo";"Com Vítimas Feridas";"Pleno dia";"Decrescente";"Céu Claro";"Dupla";"Em Obras;Reta";"Sim";2;0;2;0;0;0;2;1;-4,0505002;-38,50605011;"SPRF-CE";"DEL01-CE";"UOP02-DEL01-CE"
662923;2025-02-22;"sábado";"13:15:00";"GO";153;439,9;"ANAPOLIS";"Ingestão de álcool pelo condutor";"Colisão lateral mesmo sentido";"Com Vítimas Feridas";"Pleno dia";"Decrescente";"Céu Claro";"Simples";"Curva";"Sim";2;0;1;0;1;0;1;2;-16,287323;-48,943282;"SPRF-GO";"DEL02-GO";"UOP01-DEL02-GO"
662924;2025-02-22;"sábado";"13:20:00";"PB";101;58;"SANTA RITA";"Demais falhas mecânicas ou elétricas";"Incêndio";"Sem Vítimas";"Pleno dia";"Decrescente";"Céu Claro";"Dupla";"Reta";"Não";1;0;0;0;1;0;0;1;-6,981938;-35,075374;"SPRF-PB";"DEL01-PB";"UOP04-DEL01-PB"
662926;2025-02-21;"sexta-feira";"19:50:00";"GO";40;55,7;"LUZIANIA";"Ausência de reação do condutor";"Saída de leito carroçável";"Com Vítimas Fatais";"Plena Noite";"Decrescente";"Céu Claro";"Dupla";"Declive;Curva";"Não";1;1;0;0;0;0;0;1;-16,49222583;-47,81338692;"SPRF-DF";"DEL01-DF";"UOP02-DEL01-DF"
662927;2025-02-22;"sábado";"13:35:00";"RJ";101;330,3;"RIO DE JANEIRO";"Demais falhas mecânicas ou elétricas";"Tombamento";"Com Vítimas Feridas";"Pleno dia";"Crescente";"Céu Claro";"Múltipla";"Reta";"Sim";1;0;1;0;0;0;1;1;-22,86889965;-43,18056107;"SPRF-RJ";"DEL02-RJ";"UOP01-DEL02-RJ"
662930;2025-02-22;"sábado";"14:00:00";"GO";60;97;"ANAPOLIS";"Manobra de mudança de faixa";"Colisão lateral mesmo sentido";"Com Vítimas Feridas";"Pleno dia";"Crescente";"Céu Claro";"Dupla";"Reta";"Sim";2;0;1;0;1;0;1;2;-16,376;-48,947;"SPRF-GO";"DEL02-GO";"UOP01-DEL02-GO"
662931;2025-02-22;"sábado";"13:50:00";"MG";262;822;"UBERABA";"Acumulo de areia ou detritos sobre o pavimento";"Saída de leito carroçável";"Com Vítimas Feridas";"Pleno dia";"Crescente";"Sol";"Dupla";"Reta";"Não";1;0;1;0;0;0;1;1;-19,76379569;-48,0991745;"SPRF-MG";"DEL13-MG";"UOP01-DEL13-MG"
662932;2025-02-22;"sábado";"13:59:00";"PB";101;88,3;"JOAO PESSOA";"Acumulo de areia ou detritos sobre o pavimento";"Colisão com objeto";"Com Vítimas Feridas";"Pleno dia";"Decrescente";"Sol";"Simples";"Curva;Viaduto";"Não";2;0;1;1;0;0;2;1;-7,16444814;-34,89549637;"SPRF-PB";"DEL01-PB";"UOP01-DEL01-PB"
662937;2025-02-22;"sábado";"13:30:00";"PR";153;358;"UNIAO DA VITORIA";"Acessar a via sem observar a presença dos outros veículos";"Colisão lateral sentido oposto";"Com Vítimas Feridas";"Pleno dia";"Decrescente";"Céu Claro";"Simples";"Interseção de Vias";"Sim";3;0;1;0;2;0;1;2;-26,1979789;-51,0543251;"SPRF-PR";"DEL08-PR";"UOP02-DEL08-PR"
662939;2025-02-22;"sábado";"14:50:00";"DF";70;16,2;"BRASILIA";"Ingestão de álcool pelo condutor";"Colisão lateral mesmo sentido";"Sem Vítimas";"Pleno dia";"Crescente";"Céu Claro";"Dupla";"Rotatória";"Não";2;0;0;0;2;0;0;2;-15,795886;-48,195446;"SPRF-DF";"DEL03-DF";"UOP02-DEL03-DF"
662940;2025-02-22;"sábado";"08:50:00";"RJ";101;446;"MANGARATIBA";"Ultrapassagem Indevida";"Colisão lateral mesmo sentido";"Com Vítimas Feridas";"Pleno dia";"Crescente";"Sol";"Simples";"Aclive";"Não";3;0;1;0;2;0;1;2;-22,9988;-44,0981;"SPRF-RJ";"DEL03-RJ";"UOP02-DEL03-RJ"
662941;2025-02-22;"sábado";"10:45:00";"MT";163;919;"ITAUBA";"Ingestão de álcool pelo condutor";"Saída de leito carroçável";"Sem Vítimas";"Pleno dia";"Crescente";"Nublado";"Simples";"Reta";"Não";1;0;0;0;1;0;0;1;-11,055755;-55,2724991;"SPRF-MT";"DEL06-MT";"UOP02-DEL06-MT"
662942;2025-02-22;"sábado";"14:05:00";"PR";116;146;"MANDIRITUBA";"Acessar a via sem observar a presença dos outros veículos";"Colisão transversal";"Com Vítimas Feridas";"Pleno dia";"Crescente";"Céu Claro";"Simples";"Aclive;Reta";"Não";4;0;1;3;0;0;4;2;-25,81324935;-49,32893515;"SPRF-PR";"DEL01-PR";"UOP03-DEL01-PR"
662944;2025-02-22;"sábado";"15:25:00";"BA";324;619;"SALVADOR";"Condutor deixou de manter distância do veículo da frente";"Colisão traseira";"Com Vítimas Feridas";"Pleno dia";"Crescente";"Céu Claro";"Dupla";"Reta";"Não";2;0;0;1;1;0;1;1;-12,9078063;-38,4572641;"SPRF-BA";"DEL01-BA";"UOP01-DEL01-BA"
662945;2025-02-22;"sábado";"15:20:00";"RJ";101;432;"MANGARATIBA";"Reação tardia ou ineficiente do condutor";"Queda de ocupante de veículo";"Com Vítimas Feridas";"Pleno dia";"Decrescente";"Céu Claro";"Simples";"Declive;Curva";"Sim";2;0;1;1;0;0;2;1;-22,9337;-44,0325;"SPRF-RJ";"DEL03-RJ";"UOP02-DEL03-RJ"
662946;2025-02-22;"sábado";"12:15:00";"RJ";40;108;"DUQUE DE CAXIAS";"Reação tardia ou ineficiente do condutor";"Colisão lateral mesmo sentido";"Com Vítimas Fatais";"Pleno dia";"Decrescente";"Sol";"Múltipla";"Curva";"Sim";2;1;0;0;1;0;0;2;-22,673216;-43,285119;"SPRF-RJ";"DEL01-RJ";"UOP02-DEL01-RJ"
662948;2025-02-22;"sábado";"16:00:00";"MG";381;450,3;"SABARA";"Velocidade Incompatível";"Colisão com objeto";"Com Vítimas Feridas";"Pleno dia";"Decrescente";"Céu Claro";"Simples";"Curva";"Não";1;0;0;1;0;0;1;1;-19,82783722;-43,83918285;"SPRF-MG";"DEL01-MG";"UOP01-DEL01-MG"
662951;2025-02-22;"sábado";"16:02:00";"PB";230;20;"JOAO PESSOA";"Reação tardia ou ineficiente do condutor";"Tombamento";"Com Vítimas Feridas";"Pleno dia";"Crescente";"Céu Claro";"Dupla";"Reta";"Sim";2;0;2;0;0;0;2;1;-7,15698589;-34,83816147;"SPRF-PB";"DEL01-PB";"UOP01-DEL01-PB"
662953;2025-02-22;"sábado";"15:55:00";"PR";476;120;"COLOMBO";"Acessar a via sem observar a presença dos outros veículos";"Colisão transversal";"Com Vítimas Feridas";"Pleno dia";"Decrescente";"Céu Claro";"Múltipla";"Interseção de Vias";"Sim";2;0;1;0;1;0;1;2;-25,37373162;-49,19294715;"SPRF-PR";"DEL01-PR";"UOP01-DEL01-PR"
662954;2025-02-22;"sábado";"15:20:00";"ES";101;142,6;"LINHARES";"Reação tardia ou ineficiente do condutor";"Colisão com objeto";"Com Vítimas Feridas";"Pleno dia";"Crescente";"Céu Claro";"Dupla";"Retorno Regulamentado;Reta";"Sim";1;0;1;0;0;0;1;1;-19,33859829;-40,06563466;"SPRF-ES";"DEL04-ES";"UOP01-DEL04-ES"
662955;2025-02-22;"sábado";"15:49:00";"PB";101;65,8;"SANTA RITA";"Avarias e/ou desgaste excessivo no pneu";"Queda de ocupante de veículo";"Com Vítimas Feridas";"Pleno dia";"Crescente";"Céu Claro";"Dupla";"Reta";"Não";2;0;1;1;0;0;2;1;-7,046698;-35,045518;"SPRF-PB";"DEL01-PB";"UOP04-DEL01-PB"
662956;2025-02-22;"sábado";"16:35:00";"SP";153;335,2;"SALTO GRANDE";"Reação tardia ou ineficiente do condutor";"Saída de leito carroçável";"Com Vítimas Feridas";"Pleno dia";"Crescente";"Céu Claro";"Simples";"Aclive;Reta";"Não";3;0;2;0;0;1;2;2;-22,90622221;-49,88960266;"SPRF-SP";"DEL07-SP";"UOP03-DEL07-SP"
662958;2025-02-22;"sábado";"15:00:00";"RJ";101;385;"RIO DE JANEIRO";"Manobra de mudança de faixa";"Colisão lateral mesmo sentido";"Com Vítimas Feridas";"Pleno dia";"Decrescente";"Céu Claro";"Múltipla";"Reta";"Sim";3;0;2;0;1;0;2;2;-22,88150927;-43,63310337;"SPRF-RJ";"DEL03-RJ";"UOP01-DEL03-RJ"
662959;2025-02-22;"sábado";"17:00:00";"PE";232;58;"POMBOS";"Ausência de reação do condutor";"Colisão com objeto";"Com Vítimas Feridas";"Pleno dia";"Crescente";"Céu Claro";"Dupla";"Aclive;Reta";"Sim";3;0;2;0;1;0;2;2;-8,14500022;-35,39114714;"SPRF-PE";"DEL02-PE";"UOP02-DEL02PE"
662962;2025-02-22;"sábado";"16:58:00";"PE";428;172;"PETROLINA";"Ingestão de álcool pelo condutor";"Colisão traseira";"Com Vítimas Feridas";"Pleno dia";"Crescente";"Céu Claro";"Simples";"Viaduto;Reta";"Não";5;0;2;0;3;0;2;2;-9,261777;-40,4256859;"SPRF-PE";"DEL06-PE";"UOP01-DEL06-PE"
662963;2025-02-22;"sábado";"17:10:00";"SC";470;55,5;"BLUMENAU";"Acessar a via sem observar a presença dos outros veículos";"Colisão lateral mesmo sentido";"Com Vítimas Feridas";"Pleno dia";"Crescente";"Céu Claro";"Simples";"Em Obras;Reta;Desvio Temporário";"Sim";2;0;1;0;1;0;1;2;-26,87638265;-49,12335992;"SPRF-SC";"DEL04-SC";"UOP01-DEL04-SC"
662964;2025-02-22;"sábado";"16:30:00";"SC";101;399,9;"MARACAJA";"Demais falhas mecânicas ou elétricas";"Tombamento";"Com Vítimas Feridas";"Pleno dia";"Crescente";"Céu Claro";"Múltipla";"Aclive";"Sim";2;0;1;1;0;0;2;1;-28,8656596;-49,44795012;"SPRF-SC";"DEL02-SC";"UOP02-DEL02-SC"
662965;2025-02-22;"sábado";"11:30:00";"MS";163;100,5;"ITAQUIRAI";"Pista esburacada";"Colisão traseira";"Com Vítimas Feridas";"Pleno dia";"Decrescente";"Céu Claro";"Simples";"Reta";"Não";2;0;1;0;1;0;1;2;-23,29159866;-54,22430992;"SPRF-MS";"DEL09-MS";"UOP01-DEL09-MS"
662966;2025-02-22;"sábado";"17:30:00";"GO";40;4,8;"VALPARAISO DE GOIAS";"Acessar a via sem observar a presença dos outros veículos";"Colisão transversal";"Com Vítimas Feridas";"Pleno dia";"Crescente";"Sol";"Múltipla";"Retorno Regulamentado";"Sim";2;0;1;0;1;0;1;2;-16,093446;-47,98216;"SPRF-DF";"DEL01-DF";"UOP01-DEL01-DF"
662967;2025-02-22;"sábado";"15:00:00";"BA";407;135;"SENHOR DO BONFIM";"Ingestão de álcool pelo condutor";"Colisão transversal";"Com Vítimas Feridas";"Pleno dia";"Crescente";"Céu Claro";"Simples";"Curva";"Não";2;0;0;1;1;0;1;2;-10,48346;-40,1663;"SPRF-BA";"DEL04-BA";"UOP01-DEL04-BA"
662968;2025-02-22;"sábado";"09:00:00";"BA";367;71;"EUNAPOLIS";"Velocidade Incompatível";"Colisão traseira";"Com Vítimas Feridas";"Pleno dia";"Decrescente";"Sol";"Simples";"Curva";"Não";3;0;1;0;2;0;1;3;-16,392795;-39,468384;"SPRF-BA";"DEL09-BA";"UOP03-DEL09-BA"
662969;2025-02-22;"sábado";"17:00:00";"ES";262;34;"DOMINGOS MARTINS";"Conversão proibida";"Colisão transversal";"Com Vítimas Feridas";"Pleno dia";"Crescente";"Céu Claro";"Simples";"Curva";"Não";3;0;2;0;1;0;2;2;-20,3639;-40,6598;"SPRF-ES";"DEL01-ES";"UOP01-DEL01-ES"
662970;2025-02-22;"sábado";"17:00:00";"CE";116;113;"BEBERIBE";"Manobra de mudança de faixa";"Colisão transversal";"Com Vítimas Feridas";"Anoitecer";"Crescente";"Céu Claro";"Simples";"Reta";"Não";3;0;1;0;2;0;1;2;-4,59029;-38,214291;"SPRF-CE";"DEL03-CE";"UOP01-DEL03-CE"
662972;2025-02-22;"sábado";"18:00:00";"MG";365;623;"UBERLANDIA";"Objeto estático sobre o leito carroçável";"Colisão com objeto";"Com Vítimas Feridas";"Plena Noite";"Crescente";"Céu Claro";"Dupla";"Reta";"Não";2;0;2;0;0;0;2;1;-18,89949508;-48,27329619;"SPRF-MG";"DEL15-MG";"UOP01-DEL15-MG"
662973;2025-02-22;"sábado";"16:45:00";"GO";60;185;"GUAPO";"Reação tardia ou ineficiente do condutor";"Saída de leito carroçável";"Com Vítimas Feridas";"Pleno dia";"Decrescente";"Céu Claro";"Dupla";"Aclive";"Não";2;0;1;1;0;0;2;1;-16,805725;-49,523651;"SPRF-GO";"DEL01-GO";"UOP02-DEL01-GO"
662975;2025-01-01;"quarta-feira";"18:00:00";"SC";280;143,9;"MAFRA";"Transitar na contramão";"Colisão frontal";"Com Vítimas Feridas";"Anoitecer";"Decrescente";"Garoa/Chuvisco";"Simples";"Curva";"Não";7;0;4;1;2;0;5;3;-26,24541406;-49,63661103;"SPRF-SC";"DEL06-SC";"UOP03-DEL06-SC"
662976;2025-02-22;"sábado";"15:50:00";"PR";153;5;"IBAITI";"Ausência de reação do condutor";"Tombamento";"Com Vítimas Feridas";"Pleno dia";"Crescente";"Céu Claro";"Simples";"Reta";"Não";1;0;0;1;0;0;1;1;-23,84659193;-50,19258499;"SPRF-PR";"DEL07-PR";"UOP04-DEL07-PR"
662978;2025-02-22;"sábado";"11:00:00";"BA";324;597;"SIMOES FILHO";"Ausência de reação do condutor";"Tombamento";"Com Vítimas Feridas";"Pleno dia";"Decrescente";"Céu Claro";"Múltipla";"Reta";"Não";1;0;1;0;0;0;1;1;-12,735398;-38,440668;"SPRF-BA";"DEL01-BA";"UOP01-DEL01-BA"
662979;2025-02-22;"sábado";"18:55:00";"PR";158;532;"PATO BRANCO";"Ingestão de álcool pelo condutor";"Colisão traseira";"Com Vítimas Feridas";"Anoitecer";"Decrescente";"Nublado";"Simples";"Declive";"Sim";3;0;1;0;2;0;1;2;-26,20996551;-52,68042505;"SPRF-PR";"DEL02-PR";"UOP01-DEL02-PR"
662980;2025-02-22;"sábado";"19:05:00";"SE";101;87;"NOSSA SENHORA DO SOCORRO";"Ingestão de álcool pelo condutor";"Colisão lateral mesmo sentido";"Com Vítimas Feridas";"Plena Noite";"Crescente";"Céu Claro";"Dupla";"Aclive;Reta;Em Obras";"Não";4;0;1;0;3;0;1;3;-10,8669722;-37,1349194;"SPRF-SE";"DEL01-SE";"UOP01-DEL01-SE"
662981;2025-02-22;"sábado";"18:30:00";"MG";40;379;"FELIXLANDIA";"Condutor Dormindo";"Colisão transversal";"Com Vítimas Feridas";"Pleno dia";"Crescente";"Céu Claro";"Simples";"Reta";"Não";4;0;1;0;3;0;1;3;-18,8305909;-44,77787018;"SPRF-MG";"DEL02-MG";"UOP01-DEL02-MG"
662982;2025-02-22;"sábado";"18:30:00";"MG";116;528;"CARATINGA";"Ausência de reação do condutor";"Tombamento";"Com Vítimas Feridas";"Plena Noite";"Decrescente";"Céu Claro";"Simples";"Curva";"Sim";1;0;1;0;0;0;1;1;-19,7763888;-42,1350378;"SPRF-MG";"DEL06-MG";"UOP02-DEL06-MG"
662983;2025-02-22;"sábado";"18:20:00";"SC";101;84,5;"BARRA VELHA";"Ausência de reação do condutor";"Colisão com objeto";"Com Vítimas Feridas";"Plena Noite";"Decrescente";"Nublado";"Múltipla";"Reta";"Não";2;0;1;0;1;0;1;1;-26,62216725;-48,71623278;"SPRF-SC";"DEL03-SC";"UOP02-DEL03-SC"
662986;2025-02-22;"sábado";"18:50:00";"SP";116;139,8;"SAO JOSE DOS CAMPOS";"Demais falhas mecânicas ou elétricas";"Tombamento";"Com Vítimas Feridas";"Anoitecer";"Crescente";"Céu Claro";"Dupla";"Reta";"Sim";2;0;1;0;1;0;1;1;-23,16215199;-45,80558538;"SPRF-SP";"DEL02-SP";"UOP01-DEL02-SP"
662987;2025-02-22;"sábado";"15:22:00";"MA";10;316;"ACAILANDIA";"Transitar na contramão";"Colisão frontal";"Com Vítimas Fatais";"Pleno dia";"Decrescente";"Céu Claro";"Simples";"Reta;Declive";"Não";3;2;0;0;1;0;0;2;-4,974727;-47,517072;"SPRF-MA";"DEL04-MA";"UOP03-DEL04-MA"
662990;2025-02-22;"sábado";"10:50:00";"BA";110;107;"ALAGOINHAS";"Condutor deixou de manter distância do veículo da frente";"Colisão transversal";"Com Vítimas Feridas";"Pleno dia";"Crescente";"Céu Claro";"Simples";"Interseção de Vias;Rotatória";"Sim";3;0;2;0;1;0;2;2;-12,10091972;-38,37229706;"SPRF-BA";"DEL07-BA";"UOP02-DEL07-BA"
662991;2025-02-22;"sábado";"19:30:00";"PR";369;148;"LONDRINA";"Desrespeitar a preferência no cruzamento";"Colisão transversal";"Com Vítimas Feridas";"Plena Noite";"Crescente";"Céu Claro";"Dupla";"Interseção de Vias;Reta";"Sim";2;0;0;1;1;0;1;2;-23,293;-51,143;"SPRF-PR";"DEL07-PR";"UOP01-DEL07-PR"
662992;2025-02-22;"sábado";"18:00:00";"BA";110;344;"ALAGOINHAS";"Condutor deixou de manter distância do veículo da frente";"Colisão traseira";"Com Vítimas Feridas";"Plena Noite";"Crescente";"Nublado";"Simples";"Reta;Aclive";"Não";4;0;2;0;2;0;2;2;-12,10092122;-38,37229712;"SPRF-BA";"DEL01-BA";"UOP04-DEL01-BA"
662993;2025-02-22;"sábado";"19:00:00";"PB";230;372,9;"CONDADO";"Ingestão de álcool pelo condutor";"Saída de leito carroçável";"Sem Vítimas";"Plena Noite";"Crescente";"Céu Claro";"Simples";"Reta";"Não";1;0;0;0;0;1;0;1;-6,906968;-37,574453;"SPRF-PB";"DEL03-PB";"UOP02-DEL03-PB"
662994;2025-02-22;"sábado";"17:25:00";"RS";470;3;"BARRACAO";"Velocidade Incompatível";"Saída de leito carroçável";"Com Vítimas Feridas";"Pleno dia";"Crescente";"Céu Claro";"Simples";"Curva";"Não";1;0;1;0;0;0;1;1;-27,619628;-51,487331;"SPRF-RS";"DEL08-RS";"UOP05-DEL08-RS"
662995;2025-02-22;"sábado";"20:19:00";"SP";116;56,2;"LORENA";"Condutor deixou de manter distância do veículo da frente";"Colisão traseira";"Com Vítimas Feridas";"Plena Noite";"Crescente";"Céu Claro";"Dupla";"Reta";"Não";2;0;1;0;1;0;1;2;-22,76983351;-45,13138109;"SPRF-SP";"DEL08-SP";"UOP02-DEL08-SP"
662996;2025-02-22;"sábado";"19:25:00";"MS";163;690;"RIO VERDE DE MATO GROSSO";"Ingestão de álcool pelo condutor";"Colisão traseira";"Com Vítimas Feridas";"Plena Noite";"Crescente";"Céu Claro";"Simples";"Reta";"Não";3;0;0;2;0;1;2;2;-18,86249996;-54,82497454;"SPRF-MS";"DEL06-MS";"UOP01-DEL06-MS"
662997;2025-02-22;"sábado";"19:44:00";"ES";101;253;"SERRA";"Acessar a via sem observar a presença dos outros veículos";"Colisão frontal";"Sem Vítimas";"Plena Noite";"Crescente";"Ignorado";"Simples";"Reta";"Não";2;0;0;0;2;0;0;2;-20,10449153;-40,33268452;"SPRF-ES";"DEL02-ES";"UOP01-DEL02-ES"
662999;2025-02-22;"sábado";"20:20:00";"BA";116;444,8;"ANTONIO CARDOSO";"Ingestão de álcool pelo condutor";"Colisão com objeto";"Com Vítimas Fatais";"Plena Noite";"Decrescente";"Céu Claro";"Dupla";"Declive";"Não";1;1;0;0;0;0;0;1;-12,37138;-39,1161;"SPRF-BA";"DEL02-BA";"UOP01-DEL02-BA"
663000;2025-02-22;"sábado";"20:12:00";"ES";101;261,2;"SERRA";"Retorno proibido";"Colisão transversal";"Com Vítimas Feridas";"Plena Noite";"Decrescente";"Céu Claro";"Dupla";"Reta";"Sim";2;0;0;1;1;0;1;2;-20,15022357;-40,27900749;"SPRF-ES";"DEL02-ES";"UOP01-DEL02-ES"
663001;2025-02-22;"sábado";"20:30:00";"RN";101;82;"SAO GONCALO DO AMARANTE";"Ingestão de álcool pelo condutor";"Colisão com objeto";"Com Vítimas Feridas";"Plena Noite";"Crescente";"Céu Claro";"Dupla";"Reta";"Sim";2;0;2;0;0;0;2;1;-5,77628647;-35,25452614;"SPRF-RN";"DEL02-RN";"UOP01-DEL02-RN"
663002;2025-02-22;"sábado";"19:52:00";"RJ";40;104;"DUQUE DE CAXIAS";"Conversão proibida";"Colisão transversal";"Com Vítimas Feridas";"Plena Noite";"Decrescente";"Céu Claro";"Múltipla";"Reta";"Sim";3;0;1;0;2;0;1;3;-22,62350504;-43,2868964;"SPRF-RJ";"DEL01-RJ";"UOP02-DEL01-RJ"
663004;2025-02-22;"sábado";"19:35:00";"PE";104;67,5;"CARUARU";"Condutor deixou de manter distância do veículo da frente";"Colisão traseira";"Com Vítimas Feridas";"Plena Noite";"Crescente";"Céu Claro";"Simples";"Reta";"Sim";2;0;1;0;0;1;1;2;-8,29488;-35,98725;"SPRF-PE";"DEL02-PE";"UOP01-DEL02-PE"
663005;2025-02-22;"sábado";"19:40:00";"ES";101;296;"CARIACICA";"Reação tardia ou ineficiente do condutor";"Colisão traseira";"Sem Vítimas";"Plena Noite";"Decrescente";"Nublado";"Múltipla";"Reta";"Sim";4;0;0;0;4;0;0;4;-20,34374309;-40,40738298;"SPRF-ES";"DEL01-ES";"UOP01-DEL01-ES"
663006;2025-02-22;"sábado";"20:03:00";"PB";101;86,7;"JOAO PESSOA";"Entrada inopinada do pedestre";"Atropelamento de Pedestre";"Com Vítimas Feridas";"Plena Noite";"Decrescente";"Nublado";"Dupla";"Reta";"Sim";2;0;1;0;1;0;1;2;-7,15875998;-34,90625739;"SPRF-PB";"DEL01-PB";"UOP01-DEL01-PB"
663007;2025-02-22;"sábado";"20:36:00";"ES";101;256;"SERRA";"Velocidade Incompatível";"Colisão transversal";"Com Vítimas Feridas";"Plena Noite";"Decrescente";"Céu Claro";"Simples";"Declive;Reta";"Sim";2;0;0;1;1;0;1;2;-20,12205432;-40,30606227;"SPRF-ES";"DEL02-ES";"UOP01-DEL02-ES"
663008;2025-02-22;"sábado";"16:10:00";"RO";421;37;"MONTE NEGRO";"Reação tardia ou ineficiente do condutor";"Colisão traseira";"Com Vítimas Feridas";"Pleno dia";"Crescente";"Céu Claro";"Simples";"Reta";"Não";3;0;0;1;2;0;1;3;-10,17629;-63,225252;"SPRF-RO";"DEL03-RO";"UOP01-DEL03-RO"
663009;2025-02-22;"sábado";"19:55:00";"GO";50;261,9;"CATALAO";"Demais falhas mecânicas ou elétricas";"Incêndio";"Sem Vítimas";"Plena Noite";"Crescente";"Céu Claro";"Dupla";"Reta";"Não";1;0;0;0;1;0;0;1;-18,043254;-47,859307;"SPRF-GO";"DEL06-GO";"UOP01-DEL06-GO"
663010;2025-02-22;"sábado";"19:09:00";"RJ";465;5;"SEROPEDICA";"Ausência de reação do condutor";"Queda de ocupante de veículo";"Com Vítimas Feridas";"Plena Noite";"Crescente";"Céu Claro";"Simples";"Reta";"Sim";1;0;1;0;0;0;1;1;-22,7147776;-43,7256192;"SPRF-RJ";"DEL06-RJ";"UOP02-DEL06-RJ"
663013;2025-02-22;"sábado";"21:15:00";"BA";418;86;"NOVA VICOSA";"Acessar a via sem observar a presença dos outros veículos";"Colisão transversal";"Com Vítimas Feridas";"Plena Noite";"Crescente";"Céu Claro";"Simples";"Reta";"Sim";2;0;0;1;1;0;1;2;-17,8855;-39,84016;"SPRF-BA";"DEL09-BA";"UOP02-DEL09-BA"