"id";"data_inversa";"dia_semana";"horario";"uf";"br";"km";"municipio";"causa_acidente";"tipo_acidente";"classificacao_acidente";"fase_dia";"sentido_via";"condicao_metereologica";"tipo_pista";"tracado_via";"uso_solo";"pessoas";"mortos";"feridos_leves";"feridos_graves";"ilesos";"ignorados";"feridos";"veiculos";"latitude";"longitude";"regional";"delegacia";"uop"
663221;2025-02-23;"domingo";"17:30:00";"GO";414;383,3;"CORUMBA DE GOIAS";"Velocidade Incompatível";"Colisão transversal";"Com Vítimas Fatais";"Pleno dia";"Decrescente";"Céu Claro";"Simples";"Aclive;Curva";"Não";7;1;0;3;3;0;3;2;-15,84866;-48,765935;"SPRF-GO";"DEL02-GO";"UOP01-DEL02-GO"
663222;2025-02-23;"domingo";"19:15:00";"PR";376;600;"CURITIBA";"Entrada inopinada do pedestre";"Atropelamento de Pedestre";"Com Vítimas Feridas";"Plena Noite";"Decrescente";"Céu Claro";"Dupla";"Reta";"Sim";3;0;2;0;0;1;2;2;-25,5066909;-49,3404752;"SPRF-PR";"DEL01-PR";"UOP06-DEL01-PR"
663223;2025-02-23;"domingo";"18:35:00";"SP";153;66,5;"SAO JOSE DO RIO PRETO";"Avarias e/ou desgaste excessivo no pneu";"Tombamento";"Com Vítimas Feridas";"Anoitecer";"Decrescente";"Céu Claro";"Dupla";"Curva";"Sim";2;0;0;1;1;0;1;1;-20,84693;-49,37611;"SPRF-SP";"DEL09-SP";"UOP01-DEL09-SP"
663224;2025-02-23;"domingo";"17:15:00";"RO";364;422;"JARU";"Acessar a via sem observar a presença dos outros veículos";"Colisão transversal";"Com Vítimas Feridas";"Pleno dia";"Crescente";"Céu Claro";"Múltipla";"Reta;Declive;Retorno Regulamentado;Em Obras";"Sim";4;0;2;0;2;0;2;2;-10,45971703;-62,45585918;"SPRF-RO";"DEL03-RO";"UOP02-DEL03-RO"
663226;2025-02-23;"domingo";"17:46:00";"PB";230;239,7;"JUAZEIRINHO";"Ultrapassagem Indevida";"Colisão frontal";"Com Vítimas Feridas";"Plena Noite";"Crescente";"Céu Claro";"Simples";"Reta";"Sim";2;0;0;1;1;0;1;2;-7,06964533;-36,58629656;"SPRF-PB";"DEL02-PB";"UOP02-DEL02-PB"
663227;2025-01-01;"quarta-feira";"13:00:00";"BA";367;82;"EUNAPOLIS";"Reação tardia ou ineficiente do condutor";"Saída de leito carroçável";"Com Vítimas Feridas";"Pleno dia";"Decrescente";"Nublado";"Simples";"Reta";"Sim";5;0;4;0;1;0;4;1;-16,37205962;-39,56163401;"SPRF-BA";"DEL09-BA";"UOP03-DEL09-BA"
663228;2025-02-23;"domingo";"19:40:00";"GO";50;96,3;"CRISTALINA";"Ingestão de álcool pelo condutor";"Colisão traseira";"Sem Vítimas";"Plena Noite";"Decrescente";"Céu Claro";"Dupla";"Aclive;Reta";"Sim";2;0;0;0;2;0;0;2;-16,75671563;-47,60730743;"SPRF-DF";"DEL01-DF";"UOP02-DEL01-DF"
663229;2025-02-23;"domingo";"19:10:00";"PE";232;414;"SERRA TALHADA";"Animais na Pista";"Atropelamento de Animal";"Com Vítimas Feridas";"Plena Noite";"Decrescente";"Céu Claro";"Simples";"Reta";"Não";2;0;2;0;0;0;2;1;-7,9887582;-38,2556632;"SPRF-PE";"DEL04-PE";"UOP01-DEL04-PE"
663230;2025-02-23;"domingo";"18:10:00";"RS";116;255;"ESTEIO";"Condutor deixou de manter distância do veículo da frente";"Colisão traseira";"Com Vítimas Feridas";"Pleno dia";"Crescente";"Céu Claro";"Dupla";"Em Obras;Reta";"Sim";3;0;1;0;2;0;1;2;-29,83979009;-51,17627763;"SPRF-RS";"DEL01-RS";"UOP02-DEL01-RS"
663231;2025-02-23;"domingo";"19:50:00";"ES";101;208;"JOAO NEIVA";"Acessar a via sem observar a presença dos outros veículos";"Atropelamento de Pedestre";"Com Vítimas Feridas";"Plena Noite";"Decrescente";"Nublado";"Simples";"Curva";"Não";2;0;1;0;0;1;1;2;-19,7799385;-40,3717994;"SPRF-ES";"DEL02-ES";"UOP01-DEL02-ES"
663232;2025-02-23;"domingo";"19:00:00";"AP";210;118;"PORTO GRANDE";"Ausência de reação do condutor";"Colisão frontal";"Com Vítimas Feridas";"Plena Noite";"Crescente";"Nublado";"Simples";"Aclive;Curva";"Não";5;0;1;0;4;0;1;2;0,678172;-51,511127;"SPRF-AP";"DEL01-AP";"UOP01-DEL01-AP"
663233;2025-02-23;"domingo";"18:35:00";"RN";304;42,3;"MOSSORO";"Reação tardia ou ineficiente do condutor";"Saída de leito carroçável";"Com Vítimas Feridas";"Plena Noite";"Crescente";"Céu Claro";"Dupla";"Reta";"Não";2;0;2;0;0;0;2;1;-5,21466;-37,36976;"SPRF-RN";"DEL04-RN";"UOP01-DEL04-RN"
663234;2025-02-23;"domingo";"19:25:00";"RS";116;38,2;"VACARIA";"Acessar a via sem observar a presença dos outros veículos";"Colisão transversal";"Com Vítimas Feridas";"Anoitecer";"Decrescente";"Céu Claro";"Simples";"Reta";"Sim";3;0;3;0;0;0;3;2;-28,50409114;-50,92351913;"SPRF-RS";"DEL05-RS";"UOP03-DEL05-RS"
663235;2025-02-23;"domingo";"18:38:00";"RJ";116;141;"DUQUE DE CAXIAS";"Reação tardia ou ineficiente do condutor";"Engavetamento";"Com Vítimas Feridas";"Plena Noite";"Crescente";"Céu Claro";"Dupla";"Reta;Ponte";"Sim";5;0;1;0;3;1;1;5;-22,64724486;-43,22083001;"SPRF-RJ";"DEL01-RJ";"UOP02-DEL01-RJ"
663236;2025-02-23;"domingo";"17:50:00";"RJ";101;294;"ITABORAI";"Reação tardia ou ineficiente do condutor";"Colisão lateral mesmo sentido";"Com Vítimas Feridas";"Pleno dia";"Crescente";"Nublado";"Dupla";"Reta";"Não";4;0;2;0;2;0;2;3;-22,75835294;-42,89524291;"SPRF-RJ";"DEL02-RJ";"UOP02-DEL02-RJ"
663237;2025-02-23;"domingo";"16:45:00";"SP";153;293;"OCAUCU";"Reação tardia ou ineficiente do condutor";"Colisão traseira";"Com Vítimas Feridas";"Pleno dia";"Decrescente";"Céu Claro";"Simples";"Reta";"Não";2;0;2;0;0;0;2;2;-22,47829943;-49,88857269;"SPRF-SP";"DEL07-SP";"UOP02-DEL07-SP"
663239;2025-02-23;"domingo";"20:30:00";"RJ";116;82;"TERESOPOLIS";"Ausência de reação do condutor";"Atropelamento de Pedestre";"Com Vítimas Feridas";"Plena Noite";"Crescente";"Céu Claro";"Simples";"Reta";"Sim";2;0;1;0;0;1;1;2;-22,401007;-42,953804;"SPRF-RJ";"DEL04-RJ";"UOP01-DEL04-RJ"
663240;2025-02-23;"domingo";"19:30:00";"PE";428;187,9;"PETROLINA";"Acessar a via sem observar a presença dos outros veículos";"Colisão traseira";"Com Vítimas Feridas";"Plena Noite";"Decrescente";"Céu Claro";"Dupla";"Rotatória";"Sim";4;0;2;0;2;0;2;2;-9,37497101;-40,48769832;"SPRF-PE";"DEL06-PE";"UOP01-DEL06-PE"
663241;2025-02-23;"domingo";"18:52:00";"PE";104;103;"CUPIRA";"Ausência de reação do condutor";"Colisão com objeto";"Com Vítimas Fatais";"Plena Noite";"Crescente";"Céu Claro";"Simples";"Reta";"Não";1;1;0;0;0;0;0;1;-8,59405727;-35,95587809;"SPRF-PE";"DEL02-PE";"UOP03-DEL02-PE"
663243;2025-02-23;"domingo";"20:40:00";"RS";386;349,1;"LAJEADO";"Pedestre cruzava a pista fora da faixa";"Atropelamento de Pedestre";"Com Vítimas Feridas";"Plena Noite";"Crescente";"Céu Claro";"Dupla";"Desvio Temporário";"Não";4;0;1;0;2;1;1;2;-29,46691069;-51,95473194;"SPRF-RS";"DEL04-RS";"UOP01-DEL04-RS"
663244;2025-02-23;"domingo";"20:35:00";"SP";381;88,5;"GUARULHOS";"Manobra de mudança de faixa";"Colisão lateral mesmo sentido";"Com Vítimas Feridas";"Plena Noite";"Decrescente";"Céu Claro";"Múltipla";"Reta";"Sim";4;0;3;0;1;0;3;2;-23,48153624;-46,56010788;"SPRF-SP";"DEL03-SP";"UOP01-DEL03-SP"
663246;2025-02-23;"domingo";"20:00:00";"BA";324;626;"SALVADOR";"Ausência de reação do condutor";"Colisão com objeto";"Com Vítimas Feridas";"Plena Noite";"Decrescente";"Garoa/Chuvisco";"Múltipla";"Curva;Interseção de Vias";"Sim";3;0;2;0;1;0;2;1;-12,964966;-38,477392;"SPRF-BA";"DEL01-BA";"UOP01-DEL01-BA"
663247;2025-02-23;"domingo";"17:45:00";"RJ";101;323;"NITEROI";"Chuva";"Colisão traseira";"Com Vítimas Feridas";"Pleno dia";"Crescente";"Chuva";"Dupla";"Reta;Ponte";"Não";3;0;2;0;1;0;2;2;-22,87771353;-43,11582997;"SPRF-RJ";"DEL02-RJ";"UOP01-DEL02-RJ"
663248;2025-02-23;"domingo";"18:30:00";"MT";163;823;"SINOP";"Animais na Pista";"Atropelamento de Animal";"Com Vítimas Feridas";"Plena Noite";"Crescente";"Céu Claro";"Dupla";"Reta";"Não";2;0;2;0;0;0;2;1;-11,92414543;-55,51139139;"SPRF-MT";"DEL06-MT";"UOP02-DEL06-MT"
663249;2025-02-23;"domingo";"15:40:00";"MG";365;765;"ITUIUTABA";"Demais falhas mecânicas ou elétricas";"Incêndio";"Sem Vítimas";"Pleno dia";"Decrescente";"Céu Claro";"Simples";"Reta";"Não";1;0;0;0;1;0;0;1;-18,962447;-49,592127;"SPRF-MG";"DEL15-MG";"UOP03-DEL15-MG"
663251;2025-02-23;"domingo";"21:30:00";"RS";392;299;"SAO SEPE";"Velocidade Incompatível";"Colisão lateral mesmo sentido";"Sem Vítimas";"Plena Noite";"Decrescente";"Céu Claro";"Simples";"Reta";"Não";2;0;0;0;2;0;0;2;-30,15622284;-53,5896349;"SPRF-RS";"DEL09-RS";"UOP01-DEL09-RS"
663252;2025-02-23;"domingo";"21:30:00";"SC";101;199,9;"SAO JOSE";"Reação tardia ou ineficiente do condutor";"Colisão com objeto";"Com Vítimas Feridas";"Plena Noite";"Crescente";"Céu Claro";"Dupla";"Reta";"Sim";1;0;0;1;0;0;1;1;-27,53964;-48,62339;"SPRF-SC";"DEL01-SC";"UOP01-DEL01-SC"
663253;2025-02-23;"domingo";"21:10:00";"RS";290;19,9;"SANTO ANTONIO DA PATRULHA";"Ingestão de álcool pelo condutor";"Colisão traseira";"Sem Vítimas";"Plena Noite";"Crescente";"Céu Claro";"Dupla";"Reta";"Não";2;0;0;0;1;1;0;2;-29,88704755;-50,45351397;"SPRF-RS";"DEL03-RS";"UOP01-DEL03-RS"
663255;2025-02-23;"domingo";"21:45:00";"SP";116;158;"JACAREI";"Ausência de reação do condutor";"Colisão com objeto";"Com Vítimas Feridas";"Plena Noite";"Crescente";"Nublado";"Dupla";"Reta";"Não";1;0;1;0;0;0;1;1;-23,262165;-45,95443726;"SPRF-SP";"DEL02-SP";"UOP01-DEL02-SP"
663256;2025-02-23;"domingo";"21:50:00";"RS";386;350,5;"ESTRELA";"Ingestão de álcool pelo condutor";"Saída de leito carroçável";"Com Vítimas Feridas";"Plena Noite";"Decrescente";"Céu Claro";"Dupla";"Em Obras;Desvio Temporário";"Não";2;0;1;0;0;1;1;1;-29,47237762;-51,9530046;"SPRF-RS";"DEL04-RS";"UOP01-DEL04-RS"
663257;2025-02-23;"domingo";"21:05:00";"RJ";101;399;"ITAGUAI";"Velocidade Incompatível";"Colisão com objeto";"Com Vítimas Fatais";"Plena Noite";"Crescente";"Nublado";"Dupla";"Reta";"Sim";1;1;0;0;0;0;0;1;-22,858053;-43,760252;"SPRF-RJ";"DEL03-RJ";"UOP01-DEL03-RJ"
663258;2025-02-23;"domingo";"21:35:00";"MG";116;412;"GOVERNADOR VALADARES";"Condutor deixou de manter distância do veículo da frente";"Colisão traseira";"Com Vítimas Feridas";"Plena Noite";"Crescente";"Nublado";"Simples";"Retorno Regulamentado";"Sim";3;0;2;0;1;0;2;2;-18,87714665;-41,96332097;"SPRF-MG";"DEL06-MG";"UOP01-DEL06-MG"
663259;2025-02-23;"domingo";"19:00:00";"RN";226;134;"CAMPO REDONDO";"Reação tardia ou ineficiente do condutor";"Colisão com objeto";"Com Vítimas Feridas";"Plena Noite";"Crescente";"Garoa/Chuvisco";"Simples";"Curva;Declive";"Não";2;0;2;0;0;0;2;1;-6,212958;-36,178913;"SPRF-RN";"DEL03-RN";"UOP02-DEL03-RN"
663260;2025-02-23;"domingo";"18:10:00";"BA";242;231;"ITABERABA";"Animais na Pista";"Atropelamento de Animal";"Com Vítimas Feridas";"Plena Noite";"Decrescente";"Céu Claro";"Simples";"Reta";"Sim";1;0;1;0;0;0;1;1;-12,511706;-40,324247;"SPRF-BA";"DEL06-BA";"UOP02-DEL06-BA"
663261;2025-02-23;"domingo";"21:45:00";"MG";381;938;"EXTREMA";"Acesso irregular";"Colisão transversal";"Com Vítimas Feridas";"Plena Noite";"Decrescente";"Nublado";"Dupla";"Curva";"Não";4;0;3;0;1;0;3;2;-22,81616307;-46,29230332;"SPRF-MG";"DEL16-MG";"UOP03-DEL16-MG"
663264;2025-02-23;"domingo";"22:15:00";"PR";369;150;"LONDRINA";"Acessar a via sem observar a presença dos outros veículos";"Atropelamento de Pedestre";"Com Vítimas Feridas";"Plena Noite";"Crescente";"Céu Claro";"Dupla";"Reta";"Sim";2;0;0;1;1;0;1;2;-23,29279305;-51,15739167;"SPRF-PR";"DEL07-PR";"UOP01-DEL07-PR"
663265;2025-02-23;"domingo";"21:10:00";"RS";472;655,5;"BARRA DO QUARAI";"Reação tardia ou ineficiente do condutor";"Colisão frontal";"Sem Vítimas";"Plena Noite";"Decrescente";"Céu Claro";"Simples";"Em Obras;Reta";"Sim";2;0;0;0;1;1;0;2;-30,20739;-57,548339;"SPRF-RS";"DEL13-RS";"UOP01-DEL13-RS"
663266;2025-02-23;"domingo";"20:35:00";"MG";40;824,9;"SIMAO PEREIRA";"Velocidade Incompatível";"Tombamento";"Com Vítimas Feridas";"Plena Noite";"Crescente";"Nublado";"Dupla";"Curva";"Não";1;0;0;1;0;0;1;1;-21,989063;-43,284543;"SPRF-MG";"DEL05-MG";"UOP01-DEL05-MG"
663267;2025-02-23;"domingo";"23:15:00";"RJ";116;185;"NOVA IGUACU";"Ausência de reação do condutor";"Capotamento";"Com Vítimas Feridas";"Plena Noite";"Decrescente";"Céu Claro";"Dupla";"Curva";"Sim";1;0;0;1;0;0;1;1;-22,7441505;-43,50560935;"SPRF-RJ";"DEL06-RJ";"UOP01-DEL06-RJ"
663268;2025-02-23;"domingo";"20:30:00";"RJ";393;239;"VASSOURAS";"Transitar no Acostamento";"Colisão frontal";"Com Vítimas Feridas";"Plena Noite";"Crescente";"Céu Claro";"Simples";"Aclive;Reta";"Não";2;0;0;1;0;1;1;2;-22,42828071;-43,70667458;"SPRF-RJ";"DEL05-RJ";"UOP04-DEL05-RJ"
663269;2025-02-23;"domingo";"17:45:00";"PI";316;317;"PICOS";"Manobra de mudança de faixa";"Colisão lateral mesmo sentido";"Com Vítimas Feridas";"Anoitecer";"Crescente";"Céu Claro";"Dupla";"Curva;Aclive";"Sim";3;0;1;0;2;0;1;2;-7,0835988;-41,4132719;"SPRF-PI";"DEL04-PI";"UOP01-DEL04-PI"
663271;2025-02-23;"domingo";"17:25:00";"PA";316;76;"SAO FRANCISCO DO PARA";"Acessar a via sem observar a presença dos outros veículos";"Colisão transversal";"Com Vítimas Feridas";"Anoitecer";"Crescente";"Céu Claro";"Simples";"Curva";"Não";2;0;1;0;1;0;1;2;-1,30383214;-47,799241;"SPRF-PA";"DEL01-PA";"UOP01-DEL01-PA"
663272;2025-02-23;"domingo";"18:40:00";"BA";324;368;"SAO JOSE DO JACUIPE";"Pedestre cruzava a pista fora da faixa";"Atropelamento de Pedestre";"Com Vítimas Fatais";"Plena Noite";"Crescente";"Nublado";"Simples";"Reta";"Sim";2;1;0;0;1;0;0;2;-11,42730856;-39,88498879;"SPRF-BA";"DEL04-BA";"UOP02-DEL04-BA"
663273;2025-02-23;"domingo";"21:00:00";"SC";280;4,4;"SAO FRANCISCO DO SUL";"Transitar na contramão";"Colisão lateral sentido oposto";"Sem Vítimas";"Plena Noite";"Crescente";"Céu Claro";"Simples";"Reta";"Sim";2;0;0;0;2;0;0;2;-26,256653;-48,6221;"SPRF-SC";"DEL03-SC";"UOP03-DEL03-SC"
663274;2025-02-23;"domingo";"21:20:00";"MT";163;747;"SORRISO";"Ingestão de álcool pelo condutor";"Saída de leito carroçável";"Com Vítimas Feridas";"Plena Noite";"Decrescente";"Céu Claro";"Dupla";"Aclive;Reta";"Sim";1;0;0;1;0;0;1;1;-12,58401886;-55,73546004;"SPRF-MT";"DEL06-MT";"UOP01-DEL06-MT"
663278;2025-02-23;"domingo";"20:00:00";"RS";285;598;"SANTO ANTONIO DAS MISSOES";"Ingestão de álcool pelo condutor";"Colisão traseira";"Com Vítimas Feridas";"Anoitecer";"Crescente";"Céu Claro";"Simples";"Reta";"Não";4;0;1;1;2;0;2;2;-28,48888;-55,24626;"SPRF-RS";"DEL12-RS";"UOP01-DEL12-RS"
663279;2025-02-24;"segunda-feira";"00:50:00";"CE";116;19;"EUSEBIO";"Ingestão de álcool pelo condutor";"Colisão frontal";"Sem Vítimas";"Pleno dia";"Crescente";"Nublado";"Dupla";"Reta";"Sim";2;0;0;0;2;0;0;2;-3,91461652;-38,50668311;"SPRF-CE";"DEL01-CE";"UOP02-DEL01-CE"
663280;2025-02-23;"domingo";"22:50:00";"GO";60;100;"ANAPOLIS";"Reação tardia ou ineficiente do condutor";"Tombamento";"Com Vítimas Feridas";"Plena Noite";"Crescente";"Céu Claro";"Dupla";"Reta";"Sim";2;0;0;1;0;1;1;2;-16,39871543;-48,96787877;"SPRF-GO";"DEL02-GO";"UOP01-DEL02-GO"
663281;2025-02-24;"segunda-feira";"00:10:00";"PI";343;12;"PARNAIBA";"Transitar na contramão";"Colisão frontal";"Com Vítimas Feridas";"Plena Noite";"Crescente";"Céu Claro";"Simples";"Reta";"Sim";2;0;1;0;1;0;1;2;-2,91087496;-41,75382972;"SPRF-PI";"DEL05-PI";"UOP01-DEL05-PI"
663282;2025-02-24;"segunda-feira";"00:13:00";"PE";232;39;"VITORIA DE SANTO ANTAO";"Acesso irregular";"Colisão frontal";"Sem Vítimas";"Plena Noite";"Crescente";"Céu Claro";"Dupla";"Reta";"Não";3;0;0;0;3;0;0;2;-8,11771;-35,22929;"SPRF-PE";"DEL01-PE";"UOP01-DEL01-PE"
663283;2025-02-24;"segunda-feira";"01:10:00";"RJ";393;280,6;"BARRA DO PIRAI";"Pedestre andava na pista";"Atropelamento de Pedestre";"Com Vítimas Fatais";"Plena Noite";"Decrescente";"Céu Claro";"Simples";"Reta";"Sim";2;1;0;0;0;1;0;2;-22,47433146;-44,05262995;"SPRF-RJ";"DEL05-RJ";"UOP04-DEL05-RJ"
663287;2025-02-24;"segunda-feira";"01:50:00";"SC";101;132;"BALNEARIO CAMBORIU";"Reação tardia ou ineficiente do condutor";"Saída de leito carroçável";"Com Vítimas Feridas";"Plena Noite";"Decrescente";"Céu Claro";"Múltipla";"Reta";"Sim";1;0;0;1;0;0;1;1;-26,99755491;-48,65180565;"SPRF-SC";"DEL04-SC";"UOP03-DEL04-SC"
663288;2025-02-24;"segunda-feira";"01:55:00";"RJ";101;275;"TANGUA";"Animais na Pista";"Atropelamento de Animal";"Com Vítimas Feridas";"Plena Noite";"Decrescente";"Céu Claro";"Dupla";"Reta";"Sim";8;0;7;0;1;0;7;1;-22,736891;-42,731751;"SPRF-RJ";"DEL02-RJ";"UOP03-DEL02-RJ"
663289;2025-02-24;"segunda-feira";"00:20:00";"MG";262;438,1;"NOVA SERRANA";"Ingestão de álcool pelo condutor";"Colisão com objeto";"Sem Vítimas";"Plena Noite";"Decrescente";"Céu Claro";"Dupla";"Reta";"Sim";1;0;0;0;0;1;0;1;-19,87831333;-44,94062662;"SPRF-MG";"DEL08-MG";"UOP03-DEL08-MG"
663290;2025-02-24;"segunda-feira";"03:50:00";"SP";116;226;"GUARULHOS";"Manobra de mudança de faixa";"Tombamento";"Com Vítimas Feridas";"Amanhecer";"Decrescente";"Céu Claro";"Múltipla";"Reta";"Não";1;0;1;0;0;0;1;1;-23,49422252;-46,55580796;"SPRF-SP";"DEL01-SP";"UOP01-DEL01-SP"
663292;2025-02-24;"segunda-feira";"03:00:00";"PR";277;596,6;"CASCAVEL";"Velocidade Incompatível";"Colisão com objeto";"Com Vítimas Feridas";"Plena Noite";"Crescente";"Céu Claro";"Dupla";"Interseção de Vias";"Sim";1;0;1;0;0;0;1;1;-24,992708;-53,512319;"SPRF-PR";"DEL04-PR";"UOP01-DEL04-PR"
663296;2025-02-24;"segunda-feira";"00:35:00";"MG";365;810,4;"GURINHATA";"Condutor Dormindo";"Saída de leito carroçável";"Sem Vítimas";"Plena Noite";"Decrescente";"Nublado";"Simples";"Reta";"Não";1;0;0;0;0;1;0;1;-18,90747404;-49,90419388;"SPRF-MG";"DEL15-MG";"UOP03-DEL15-MG"
663297;2025-02-24;"segunda-feira";"04:30:00";"RN";101;79,9;"SAO GONCALO DO AMARANTE";"Animais na Pista";"Atropelamento de Animal";"Com Vítimas Feridas";"Amanhecer";"Crescente";"Nublado";"Dupla";"Reta";"Sim";2;0;2;0;0;0;2;1;-5,757199;-35,288476;"SPRF-RN";"DEL02-RN";"UOP01-DEL02-RN"
663298;2025-02-24;"segunda-feira";"00:20:00";"BA";415;22;"ILHEUS";"Chuva";"Saída de leito carroçável";"Com Vítimas Feridas";"Plena Noite";"Crescente";"Chuva";"Dupla";"Curva";"Não";1;0;1;0;0;0;1;1;-14,79894;-39,162084;"SPRF-BA";"DEL05-BA";"UOP01-DEL05-BA"
663301;2025-02-24;"segunda-feira";"02:30:00";"SP";116;48,2;"CANAS";"Transitar no Acostamento";"Colisão com objeto";"Sem Vítimas";"Plena Noite";"Crescente";"Céu Claro";"Dupla";"Reta";"Não";1;0;0;0;0;1;0;1;-22,725468;-45,069792;"SPRF-SP";"DEL08-SP";"UOP02-DEL08-SP"
663304;2025-02-24;"segunda-feira";"05:20:00";"SP";116;283,7;"ITAPECERICA DA SERRA";"Afundamento ou ondulação no pavimento";"Queda de ocupante de veículo";"Com Vítimas Feridas";"Amanhecer";"Decrescente";"Céu Claro";"Dupla";"Reta";"Sim";1;0;1;0;0;0;1;1;-23,7002955;-46,8690853;"SPRF-SP";"DEL04-SP";"UOP01-DEL04-SP"
663305;2025-02-24;"segunda-feira";"01:00:00";"MG";262;421,1;"BOM DESPACHO";"Reação tardia ou ineficiente do condutor";"Saída de leito carroçável";"Com Vítimas Feridas";"Plena Noite";"Crescente";"Vento";"Dupla";"Reta";"Não";2;0;1;0;0;1;1;2;-19,7853184;-45,2395008;"SPRF-MG";"DEL08-MG";"UOP03-DEL08-MG"
663306;2025-02-24;"segunda-feira";"05:10:00";"MS";163;39;"ELDORADO";"Ausência de reação do condutor";"Colisão traseira";"Com Vítimas Feridas";"Amanhecer";"Crescente";"Céu Claro";"Simples";"Interseção de Vias;Reta";"Sim";5;0;2;0;3;0;2;2;-23,792567;-54,284095;"SPRF-MS";"DEL09-MS";"UOP02-DEL09-MS"
663309;2025-02-24;"segunda-feira";"06:45:00";"SP";116;336;"JUQUITIBA";"Ausência de reação do condutor";"Colisão lateral mesmo sentido";"Com Vítimas Feridas";"Pleno dia";"Crescente";"Céu Claro";"Dupla";"Reta";"Sim";2;0;1;0;1;0;1;2;-23,92907528;-47,07204628;"SPRF-SP";"DEL04-SP";"UOP03-DEL04-SP"
663310;2025-02-23;"domingo";"23:05:00";"SC";470;81;"RODEIO";"Transitar na contramão";"Colisão transversal";"Com Vítimas Feridas";"Plena Noite";"Crescente";"Ignorado";"Simples";"Curva";"Não";2;0;0;1;0;1;1;2;-26,95056;-49,32593;"SPRF-SC";"DEL04-SC";"UOP01-DEL04-SC"
663311;2025-02-24;"segunda-feira";"06:54:00";"SC";101;212;"PALHOCA";"Trafegar com motocicleta (ou similar) entre as faixas";"Colisão traseira";"Com Vítimas Feridas";"Pleno dia";"Decrescente";"Céu Claro";"Dupla";"Reta";"Sim";2;0;0;1;1;0;1;2;-27,62748348;-48,65655899;"SPRF-SC";"DEL01-SC";"UOP02-DEL01-SC"
663312;2025-02-24;"segunda-feira";"00:25:00";"RJ";116;147;"DUQUE DE CAXIAS";"Acesso irregular";"Colisão frontal";"Com Vítimas Feridas";"Plena Noite";"Decrescente";"Céu Claro";"Simples";"Reta";"Não";3;0;1;0;2;0;1;2;-22,67167606;-43,27847033;"SPRF-RJ";"DEL01-RJ";"UOP02-DEL01-RJ"
663313;2025-02-24;"segunda-feira";"06:40:00";"RS";101;71,1;"OSORIO";"Reação tardia ou ineficiente do condutor";"Saída de leito carroçável";"Com Vítimas Feridas";"Pleno dia";"Crescente";"Céu Claro";"Dupla";"Reta";"Sim";3;0;2;0;1;0;2;1;-29,756988;-50,215873;"SPRF-RS";"DEL03-RS";"UOP01-DEL03-RS"
663314;2025-02-24;"segunda-feira";"07:00:00";"BA";324;612;"SALVADOR";"Ausência de reação do condutor";"Queda de ocupante de veículo";"Com Vítimas Feridas";"Pleno dia";"Decrescente";"Céu Claro";"Múltipla";"Reta";"Sim";2;0;2;0;0;0;2;1;-12,862619;-38,423245;"SPRF-BA";"DEL01-BA";"UOP01-DEL01-BA"
663315;2025-02-24;"segunda-feira";"06:05:00";"RN";304;247;"SANTA MARIA";"Acessar a via sem observar a presença dos outros veículos";"Colisão frontal";"Com Vítimas Fatais";"Pleno dia";"Decrescente";"Céu Claro";"Simples";"Reta";"Não";6;1;0;0;5;0;0;2;-5,825832;-35,779687;"SPRF-RN";"DEL01-RN";"UOP02-DEL01-RN"
663317;2025-02-24;"segunda-feira";"06:00:00";"PB";230;81;"CALDAS BRANDAO";"Ausência de reação do condutor";"Colisão traseira";"Com Vítimas Feridas";"Pleno dia";"Decrescente";"Céu Claro";"Dupla";"Reta";"Sim";2;0;0;1;1;0;1;2;-7,172687;-35,335247;"SPRF-PB";"DEL01-PB";"UOP03-DEL01-PB"
663319;2025-02-24;"segunda-feira";"07:20:00";"MG";365;628,4;"UBERLANDIA";"Demais falhas mecânicas ou elétricas";"Incêndio";"Sem Vítimas";"Pleno dia";"Decrescente";"Céu Claro";"Dupla";"Reta";"Sim";1;0;0;0;1;0;0;1;-18,901249;-48,35795939;"SPRF-MG";"DEL15-MG";"UOP01-DEL15-MG"
663320;2025-02-24;"segunda-feira";"07:20:00";"PR";277;74;"SAO JOSE DOS PINHAIS";"Manobra de mudança de faixa";"Colisão traseira";"Com Vítimas Feridas";"Pleno dia";"Crescente";"Céu Claro";"Dupla";"Aclive;Reta";"Sim";4;0;1;0;3;0;1;2;-25,49526147;-49,16336104;"SPRF-PR";"DEL01-PR";"UOP07-DEL01-PR"
663321;2025-02-24;"segunda-feira";"06:00:00";"MS";163;257;"DOURADOS";"Pista Escorregadia";"Tombamento";"Com Vítimas Feridas";"Pleno dia";"Crescente";"Céu Claro";"Dupla";"Reta";"Sim";2;0;1;1;0;0;2;1;-22,234541;-54,7439497;"SPRF-MS";"DEL04-MS";"UOP01-DEL04-MS"
663322;2025-02-24;"segunda-feira";"07:35:00";"BA";20;171;"BARREIRAS";"Animais na Pista";"Atropelamento de Animal";"Com Vítimas Feridas";"Pleno dia";"Decrescente";"Céu Claro";"Simples";"Declive";"Sim";1;0;1;0;0;0;1;1;-12,1167924;-44,9936291;"SPRF-BA";"DEL10-BA";"UOP01-DEL10-BA"
663324;2025-02-24;"segunda-feira";"07:20:00";"SP";101;50;"UBATUBA";"Conversão proibida";"Colisão transversal";"Com Vítimas Feridas";"Pleno dia";"Decrescente";"Céu Claro";"Simples";"Reta";"Sim";2;0;1;0;1;0;1;2;-23,45324932;-45,07427573;"SPRF-SP";"DEL06-SP";"UOP01-DEL06-SP"