"id";"data_inversa";"dia_semana";"horario";"uf";"br";"km";"municipio";"causa_acidente";"tipo_acidente";"classificacao_acidente";"fase_dia";"sentido_via";"condicao_metereologica";"tipo_pista";"tracado_via";"uso_solo";"pessoas";"mortos";"feridos_leves";"feridos_graves";"ilesos";"ignorados";"feridos";"veiculos";"latitude";"longitude";"regional";"delegacia";"uop"
663325;2025-02-24;"segunda-feira";"07:30:00";"SP";101;38;"UBATUBA";"Acessar a via sem observar a presença dos outros veículos";"Colisão transversal";"Com Vítimas Feridas";"Pleno dia";"Decrescente";"Céu Claro";"Simples";"Curva";"Não";2;0;1;0;1;0;1;2;-23,3916414;-45,1241597;"SPRF-SP";"DEL06-SP";"UOP01-DEL06-SP"
663328;2025-02-24;"segunda-feira";"07:15:00";"SC";280;12,3;"MAFRA";"Acesso irregular";"Colisão transversal";"Com Vítimas Feridas";"Pleno dia";"Decrescente";"Céu Claro";"Simples";"Interseção de Vias";"Não";3;0;1;0;2;0;1;2;-26,17974211;-49,87106323;"SPRF-SC";"DEL03-SC";"UOP03-DEL03-SC"
663329;2025-02-24;"segunda-feira";"03:00:00";"MA";222;529,8;"BURITICUPU";"Transitar na contramão";"Queda de ocupante de veículo";"Com Vítimas Fatais";"Plena Noite";"Decrescente";"Nublado";"Simples";"Reta";"Não";2;1;0;0;0;1;0;2;-4,30546;-46,476725;"SPRF-MA";"DEL04-MA";"UOP03-DEL04-MA"
663330;2025-02-24;"segunda-feira";"08:15:00";"SP";116;146;"SAO JOSE DOS CAMPOS";"Ausência de reação do condutor";"Tombamento";"Com Vítimas Feridas";"Pleno dia";"Crescente";"Sol";"Dupla";"Declive";"Sim";1;0;1;0;0;0;1;1;-23,19149374;-45,8631134;"SPRF-SP";"DEL02-SP";"UOP01-DEL02-SP"
663331;2025-02-24;"segunda-feira";"08:00:00";"SP";116;116,4;"TAUBATE";"Trafegar com motocicleta (ou similar) entre as faixas";"Colisão traseira";"Com Vítimas Feridas";"Pleno dia";"Decrescente";"Sol";"Dupla";"Reta";"Não";2;0;1;0;1;0;1;2;-23,05376319;-45,6088049;"SPRF-SP";"DEL02-SP";"UOP02-DEL02-SP"
663332;2025-02-24;"segunda-feira";"07:00:00";"PR";277;724;"FOZ DO IGUACU";"Acessar a via sem observar a presença dos outros veículos";"Colisão transversal";"Com Vítimas Feridas";"Pleno dia";"Crescente";"Céu Claro";"Dupla";"Retorno Regulamentado;Reta";"Sim";2;0;2;0;0;0;2;2;-25,49643422;-54,52416211;"SPRF-PR";"DEL05-PR";"UOP03-DEL05-PR"
663333;2025-02-24;"segunda-feira";"07:20:00";"ES";101;275,1;"SERRA";"Demais falhas mecânicas ou elétricas";"Queda de ocupante de veículo";"Com Vítimas Feridas";"Pleno dia";"Decrescente";"Nublado";"Dupla";"Reta";"Não";2;0;1;0;1;0;1;1;-20,207886;-40,3059966;"SPRF-ES";"DEL02-ES";"UOP01-DEL02-ES"
663334;2025-02-24;"segunda-feira";"08:30:00";"PE";101;64;"RECIFE";"Condutor deixou de manter distância do veículo da frente";"Queda de ocupante de veículo";"Com Vítimas Feridas";"Pleno dia";"Crescente";"Sol";"Dupla";"Reta";"Sim";3;0;2;0;1;0;2;2;-8,019402;-34,942422;"SPRF-PE";"DEL01-PE";"UOP01-DEL01-PE"
663335;2025-02-24;"segunda-feira";"08:25:00";"GO";153;511;"APARECIDA DE GOIANIA";"Ausência de reação do condutor";"Colisão traseira";"Com Vítimas Feridas";"Amanhecer";"Crescente";"Chuva";"Dupla";"Reta";"Não";3;0;2;0;1;0;2;2;-16,79863438;-49,23853766;"SPRF-GO";"DEL01-GO";"UOP03-DEL01-GO"
663336;2025-02-24;"segunda-feira";"08:00:00";"ES";101;297;"VIANA";"Chuva";"Queda de ocupante de veículo";"Com Vítimas Feridas";"Pleno dia";"Decrescente";"Céu Claro";"Dupla";"Reta";"Não";1;0;1;0;0;0;1;1;-20,35066256;-40,4129076;"SPRF-ES";"DEL01-ES";"UOP01-DEL01-ES"
663337;2025-02-23;"domingo";"13:00:00";"SP";116;141;"SAO JOSE DOS CAMPOS";"Condutor deixou de manter distância do veículo da frente";"Engavetamento";"Com Vítimas Feridas";"Pleno dia";"Crescente";"Céu Claro";"Múltipla";"Reta";"Sim";3;0;1;0;2;0;1;3;-23,16701431;-45,81528425;"SPRF-SP";"DEL02-SP";"UOP01-DEL02-SP"
663338;2025-02-24;"segunda-feira";"06:00:00";"MT";70;668;"CACERES";"Animais na Pista";"Atropelamento de Animal";"Com Vítimas Feridas";"Amanhecer";"Decrescente";"Céu Claro";"Simples";"Reta";"Não";3;0;1;0;2;0;1;1;-16,11171809;-57,30165482;"SPRF-MT";"DEL03-MT";"UOP02-DEL03-MT"
663341;2025-02-24;"segunda-feira";"07:30:00";"MG";381;488,9;"BETIM";"Ausência de reação do condutor";"Engavetamento";"Com Vítimas Feridas";"Amanhecer";"Crescente";"Céu Claro";"Dupla";"Reta";"Sim";4;0;1;0;3;0;1;4;-19,95579241;-44,13085699;"SPRF-MG";"DEL01-MG";"UOP03-DEL01-MG"
663342;2025-02-24;"segunda-feira";"07:19:00";"GO";60;93;"ANAPOLIS";"Ausência de reação do condutor";"Colisão traseira";"Com Vítimas Feridas";"Pleno dia";"Crescente";"Céu Claro";"Dupla";"Curva";"Sim";2;0;1;0;1;0;1;2;-16,35386;-48,927634;"SPRF-GO";"DEL02-GO";"UOP01-DEL02-GO"
663344;2025-02-24;"segunda-feira";"08:55:00";"RN";101;129,7;"NISIA FLORESTA";"Acessar a via sem observar a presença dos outros veículos";"Colisão transversal";"Com Vítimas Feridas";"Pleno dia";"Crescente";"Céu Claro";"Dupla";"Retorno Regulamentado";"Não";6;0;1;0;5;0;1;2;-6,116157;-35,232187;"SPRF-RN";"DEL01-RN";"UOP01-DEL01-RN"
663347;2025-02-24;"segunda-feira";"08:30:00";"BA";116;516;"FEIRA DE SANTANA";"Acessar a via sem observar a presença dos outros veículos";"Colisão frontal";"Com Vítimas Feridas";"Pleno dia";"Decrescente";"Céu Claro";"Simples";"Reta";"Sim";3;0;0;2;1;0;2;2;-12,2814464;-39,0201344;"SPRF-BA";"DEL02-BA";"UOP01-DEL02-BA"
663349;2025-02-24;"segunda-feira";"08:35:00";"AL";316;156,8;"PALMEIRA DOS INDIOS";"Ausência de reação do condutor";"Colisão com objeto";"Com Vítimas Feridas";"Pleno dia";"Decrescente";"Céu Claro";"Simples";"Reta";"Sim";3;0;2;0;1;0;2;2;-9,4332327;-36,6156817;"SPRF-AL";"DEL03-AL";"UOP01-DEL03-AL"
663350;2025-02-24;"segunda-feira";"07:55:00";"PA";230;121;"MARABA";"Condutor deixou de manter distância do veículo da frente";"Engavetamento";"Com Vítimas Feridas";"Pleno dia";"Decrescente";"Nublado";"Dupla";"Ponte";"Sim";5;0;1;0;3;1;1;4;-5,3567;-49,1224;"SPRF-PA";"DEL03-PA";"UOP01-DEL03-PA"
663351;2025-02-24;"segunda-feira";"09:00:00";"GO";153;492;"GOIANIA";"Reação tardia ou ineficiente do condutor";"Colisão traseira";"Com Vítimas Feridas";"Pleno dia";"Decrescente";"Céu Claro";"Dupla";"Aclive;Reta";"Não";2;0;1;0;1;0;1;2;-16,6854;-49,243;"SPRF-GO";"DEL01-GO";"UOP01-DEL01-GO"
663355;2025-02-24;"segunda-feira";"08:55:00";"SC";101;80;"BARRA VELHA";"Manobra de mudança de faixa";"Colisão lateral mesmo sentido";"Com Vítimas Feridas";"Pleno dia";"Decrescente";"Sol";"Dupla";"Curva";"Não";3;0;2;0;1;0;2;2;-26,6174464;-48,726016;"SPRF-SC";"DEL03-SC";"UOP02-DEL03-SC"
663356;2025-02-24;"segunda-feira";"02:00:00";"RJ";40;97;"PETROPOLIS";"Condutor Dormindo";"Capotamento";"Com Vítimas Feridas";"Plena Noite";"Decrescente";"Céu Claro";"Dupla";"Curva";"Não";2;0;1;0;1;0;1;1;-22,5181696;-43,220992;"SPRF-RJ";"DEL01-RJ";"UOP01-DEL01-RJ"
663357;2025-02-24;"segunda-feira";"05:00:00";"RN";101;139;"ARES";"Ingestão de álcool pelo condutor";"Saída de leito carroçável";"Sem Vítimas";"Amanhecer";"Decrescente";"Céu Claro";"Dupla";"Reta";"Não";1;0;0;0;1;0;0;1;-6,19546476;-35,21352053;"SPRF-RN";"DEL01-RN";"UOP01-DEL01-RN"
663359;2025-02-24;"segunda-feira";"06:45:00";"MG";40;512,1;"RIBEIRAO DAS NEVES";"Ausência de reação do condutor";"Colisão traseira";"Com Vítimas Feridas";"Pleno dia";"Crescente";"Nublado";"Dupla";"Aclive;Reta";"Não";3;0;0;1;2;0;1;2;-19,790898;-44,112408;"SPRF-MG";"DEL01-MG";"UOP02-DEL01-MG"
663362;2025-02-24;"segunda-feira";"08:00:00";"PI";343;125;"SAO JOSE DO DIVINO";"Condutor Dormindo";"Colisão com objeto";"Com Vítimas Feridas";"Pleno dia";"Decrescente";"Céu Claro";"Simples";"Reta";"Não";1;0;1;0;0;0;1;1;-3,78862175;-41,68709945;"SPRF-PI";"DEL02-PI";"UOP01-DEL02-PI"
663364;2025-02-24;"segunda-feira";"08:00:00";"PR";369;160,1;"CAMBE";"Velocidade Incompatível";"Colisão traseira";"Com Vítimas Feridas";"Pleno dia";"Decrescente";"Céu Claro";"Simples";"Curva;Aclive;Viaduto";"Sim";3;0;1;0;1;1;1;2;-23,28244307;-51,25472367;"SPRF-PR";"DEL07-PR";"UOP01-DEL07-PR"
663365;2025-02-24;"segunda-feira";"05:40:00";"RJ";393;247;"BARRA DO PIRAI";"Ultrapassagem Indevida";"Colisão frontal";"Com Vítimas Feridas";"Amanhecer";"Decrescente";"Céu Claro";"Simples";"Reta";"Não";5;0;4;1;0;0;5;2;-22,478848;-44,007424;"SPRF-RJ";"DEL05-RJ";"UOP04-DEL05-RJ"
663366;2025-02-24;"segunda-feira";"07:00:00";"MT";163;835;"SINOP";"Iluminação deficiente";"Eventos atípicos";"Com Vítimas Feridas";"Pleno dia";"Decrescente";"Céu Claro";"Simples";"Reta";"Sim";1;0;1;0;0;0;1;1;-11,85706119;-55,494182;"SPRF-MT";"DEL06-MT";"UOP02-DEL06-MT"
663367;2025-02-24;"segunda-feira";"09:18:00";"PE";232;79,5;"GRAVATA";"Reação tardia ou ineficiente do condutor";"Colisão transversal";"Com Vítimas Feridas";"Pleno dia";"Decrescente";"Céu Claro";"Simples";"Reta";"Sim";2;0;1;0;1;0;1;2;-8,195595;-35,564962;"SPRF-PE";"DEL02-PE";"UOP02-DEL02PE"
663369;2025-02-24;"segunda-feira";"10:00:00";"GO";50;276,9;"CATALAO";"Reação tardia ou ineficiente do condutor";"Colisão transversal";"Com Vítimas Feridas";"Pleno dia";"Crescente";"Nublado";"Simples";"Curva;Em Obras";"Sim";3;0;1;2;0;0;3;2;-18,1896;-47,8596;"SPRF-GO";"DEL06-GO";"UOP01-DEL06-GO"
663371;2025-02-24;"segunda-feira";"10:33:00";"PE";101;82,2;"JABOATAO DOS GUARARAPES";"Condutor deixou de manter distância do veículo da frente";"Colisão lateral mesmo sentido";"Com Vítimas Feridas";"Pleno dia";"Decrescente";"Céu Claro";"Dupla";"Curva;Aclive;Viaduto";"Sim";3;0;2;0;1;0;2;2;-8,17062;-34,93758;"SPRF-PE";"DEL01-PE";"UOP01-DEL01-PE"
663375;2025-02-11;"terça-feira";"19:10:00";"CE";304;55;"ARACATI";"Acessar a via sem observar a presença dos outros veículos";"Colisão traseira";"Com Vítimas Feridas";"Plena Noite";"Decrescente";"Céu Claro";"Simples";"Reta";"Sim";3;0;2;0;1;0;2;2;-4,58046268;-37,71961988;"SPRF-CE";"DEL03-CE";"UOP03-DEL03-CE"
663376;2025-02-24;"segunda-feira";"11:30:00";"SC";101;331,6;"TUBARAO";"Mal súbito do condutor";"Colisão traseira";"Com Vítimas Feridas";"Pleno dia";"Crescente";"Sol";"Dupla";"Rotatória";"Sim";5;0;2;0;3;0;2;3;-28,46548101;-48,99563313;"SPRF-SC";"DEL02-SC";"UOP01-DEL02-SC"
663377;2025-02-24;"segunda-feira";"10:50:00";"MT";364;322,5;"SANTO ANTONIO DO LEVERGER";"Reação tardia ou ineficiente do condutor";"Saída de leito carroçável";"Com Vítimas Feridas";"Pleno dia";"Crescente";"Céu Claro";"Dupla";"Reta;Declive";"Não";2;0;1;1;0;0;2;1;-15,81122112;-55,37690901;"SPRF-MT";"DEL05-MT";"UOP02-DEL05-MT"
663378;2025-02-24;"segunda-feira";"09:30:00";"MT";70;327;"DOM AQUINO";"Animais na Pista";"Tombamento";"Com Vítimas Feridas";"Pleno dia";"Decrescente";"Sol";"Simples";"Reta";"Não";1;0;1;0;0;0;1;1;-15,50894392;-54,68832493;"SPRF-MT";"DEL05-MT";"UOP01-DEL05-MT"
663379;2025-02-24;"segunda-feira";"11:10:00";"MG";381;486;"BETIM";"Ausência de reação do condutor";"Tombamento";"Com Vítimas Feridas";"Pleno dia";"Crescente";"Céu Claro";"Dupla";"Reta";"Sim";1;0;1;0;0;0;1;1;-19,9889027;-44,2010774;"SPRF-MG";"DEL01-MG";"UOP03-DEL01-MG"
663381;2025-02-24;"segunda-feira";"11:30:00";"RN";304;36,5;"MOSSORO";"Ausência de reação do condutor";"Colisão com objeto";"Com Vítimas Feridas";"Pleno dia";"Decrescente";"Céu Claro";"Dupla";"Reta";"Sim";2;0;1;0;1;0;1;2;-5,17171627;-37,35884741;"SPRF-RN";"DEL04-RN";"UOP02-DEL04-RN"
663383;2025-02-24;"segunda-feira";"07:58:00";"SP";116;116,4;"TAUBATE";"Trafegar com motocicleta (ou similar) entre as faixas";"Colisão traseira";"Com Vítimas Feridas";"Pleno dia";"Crescente";"Sol";"Dupla";"Aclive;Reta";"Não";3;0;1;0;2;0;1;2;-23,05376319;-45,6088049;"SPRF-SP";"DEL02-SP";"UOP02-DEL02-SP"
663384;2025-02-24;"segunda-feira";"07:20:00";"PR";369;178;"ROLANDIA";"Acessar a via sem observar a presença dos outros veículos";"Colisão transversal";"Com Vítimas Feridas";"Pleno dia";"Decrescente";"Céu Claro";"Simples";"Reta";"Não";2;0;2;0;0;0;2;2;-23,34662579;-51,38636112;"SPRF-PR";"DEL07-PR";"UOP01-DEL07-PR"
663385;2025-02-24;"segunda-feira";"12:00:00";"MG";40;484;"SETE LAGOAS";"Restrição de visibilidade em curvas verticais";"Colisão frontal";"Com Vítimas Feridas";"Pleno dia";"Decrescente";"Céu Claro";"Simples";"Aclive;Reta";"Não";2;0;0;1;1;0;1;2;-19,57774;-44,22896;"SPRF-MG";"DEL02-MG";"UOP01-DEL02-MG"
663386;2025-02-24;"segunda-feira";"11:30:00";"MT";163;747;"SORRISO";"Demais falhas mecânicas ou elétricas";"Colisão transversal";"Com Vítimas Feridas";"Pleno dia";"Decrescente";"Céu Claro";"Dupla";"Interseção de Vias;Rotatória;Retorno Regulamentado;Curva";"Sim";2;0;1;0;1;0;1;2;-12,59276552;-55,74250318;"SPRF-MT";"DEL06-MT";"UOP01-DEL06-MT"
663387;2025-02-24;"segunda-feira";"10:00:00";"BA";110;292;"ALAGOINHAS";"Desrespeitar a preferência no cruzamento";"Colisão transversal";"Com Vítimas Feridas";"Pleno dia";"Crescente";"Céu Claro";"Simples";"Rotatória";"Sim";2;0;1;0;1;0;1;2;-12,10091972;-38,37229706;"SPRF-BA";"DEL01-BA";"UOP04-DEL01-BA"
663388;2025-02-24;"segunda-feira";"09:00:00";"RJ";101;485;"ANGRA DOS REIS";"Ausência de reação do condutor";"Atropelamento de Pedestre";"Com Vítimas Feridas";"Pleno dia";"Crescente";"Céu Claro";"Simples";"Reta";"Sim";3;0;0;1;2;0;1;2;-22,98325644;-44,29596305;"SPRF-RJ";"DEL03-RJ";"UOP03-DEL03-RJ"
663390;2025-02-24;"segunda-feira";"09:40:00";"RJ";101;508;"ANGRA DOS REIS";"Avarias e/ou desgaste excessivo no pneu";"Queda de ocupante de veículo";"Com Vítimas Feridas";"Pleno dia";"Crescente";"Sol";"Simples";"Reta";"Sim";2;0;2;0;0;0;2;1;-22,93586735;-44,4080472;"SPRF-RJ";"DEL03-RJ";"UOP03-DEL03-RJ"
663391;2025-02-24;"segunda-feira";"12:45:00";"ES";101;174,5;"ARACRUZ";"Desrespeitar a preferência no cruzamento";"Colisão transversal";"Com Vítimas Feridas";"Pleno dia";"Decrescente";"Céu Claro";"Simples";"Interseção de Vias";"Sim";2;0;1;0;1;0;1;2;-19,59774971;-40,2005589;"SPRF-ES";"DEL04-ES";"UOP01-DEL04-ES"
663393;2025-02-24;"segunda-feira";"13:00:00";"SC";101;203;"SAO JOSE";"Manobra de mudança de faixa";"Colisão lateral mesmo sentido";"Com Vítimas Feridas";"Pleno dia";"Crescente";"Sol";"Múltipla";"Reta";"Sim";1;0;1;0;0;0;1;1;-27,56844183;-48,61392197;"SPRF-SC";"DEL01-SC";"UOP01-DEL01-SC"
663394;2025-01-11;"sábado";"13:15:00";"MG";381;316;"NOVA ERA";"Transitar na contramão";"Colisão frontal";"Com Vítimas Feridas";"Pleno dia";"Decrescente";"Céu Claro";"Simples";"Aclive;Curva";"Não";3;0;1;1;1;0;2;2;-19,6718273;-42,97216415;"SPRF-MG";"DEL03-MG";"UOP02-DEL03-MG"
663396;2025-01-15;"quarta-feira";"07:55:00";"MG";381;262;"CORONEL FABRICIANO";"Transitar no Acostamento";"Queda de ocupante de veículo";"Com Vítimas Feridas";"Pleno dia";"Decrescente";"Garoa/Chuvisco";"Simples";"Aclive;Reta";"Não";3;0;2;0;1;0;2;3;-19,52666689;-42,63632096;"SPRF-MG";"DEL03-MG";"UOP02-DEL03-MG"
663400;2025-02-24;"segunda-feira";"12:29:00";"RO";319;63;"PORTO VELHO";"Acessar a via sem observar a presença dos outros veículos";"Colisão transversal";"Com Vítimas Feridas";"Pleno dia";"Decrescente";"Nublado";"Múltipla";"Retorno Regulamentado";"Sim";2;0;0;1;1;0;1;2;-8,75419459;-63,88694644;"SPRF-RO";"DEL01-RO";"UOP01-DEL01-RO"
663401;2025-02-24;"segunda-feira";"13:00:00";"CE";116;16,9;"FORTALEZA";"Condutor deixou de manter distância do veículo da frente";"Engavetamento";"Sem Vítimas";"Pleno dia";"Decrescente";"Nublado";"Dupla";"Reta";"Sim";12;0;0;0;12;0;0;2;-3,88138155;-38,50056457;"SPRF-CE";"DEL01-CE";"UOP02-DEL01-CE"
663402;2025-02-24;"segunda-feira";"13:30:00";"SC";101;202;"SAO JOSE";"Reação tardia ou ineficiente do condutor";"Colisão traseira";"Sem Vítimas";"Pleno dia";"Crescente";"Céu Claro";"Dupla";"Reta";"Sim";4;0;0;0;4;0;0;4;-27,5574254;-48,61872911;"SPRF-SC";"DEL01-SC";"UOP01-DEL01-SC"
663403;2025-02-24;"segunda-feira";"13:45:00";"RS";116;263;"CANOAS";"Acessar a via sem observar a presença dos outros veículos";"Colisão lateral mesmo sentido";"Com Vítimas Feridas";"Pleno dia";"Decrescente";"Céu Claro";"Múltipla";"Interseção de Vias";"Sim";2;0;1;0;1;0;1;2;-29,90383516;-51,17601919;"SPRF-RS";"DEL01-RS";"UOP01-DEL01-RS"
663405;2025-02-24;"segunda-feira";"12:40:00";"CE";222;3;"CAUCAIA";"Animais na Pista";"Queda de ocupante de veículo";"Com Vítimas Feridas";"Pleno dia";"Crescente";"Céu Claro";"Múltipla";"Reta";"Sim";1;0;1;0;0;0;1;1;-3,76832;-38,6629632;"SPRF-CE";"DEL01-CE";"UOP01-DEL01-CE"
663406;2025-02-24;"segunda-feira";"13:50:00";"SC";101;338,8;"TUBARAO";"Ausência de reação do condutor";"Engavetamento";"Com Vítimas Feridas";"Pleno dia";"Decrescente";"Sol";"Múltipla";"Reta;Ponte";"Sim";5;0;4;0;1;0;4;4;-28,50223802;-49,04724419;"SPRF-SC";"DEL02-SC";"UOP01-DEL02-SC"
663407;2025-02-24;"segunda-feira";"13:15:00";"ES";101;290;"CARIACICA";"Ausência de reação do condutor";"Colisão com objeto";"Com Vítimas Feridas";"Pleno dia";"Crescente";"Céu Claro";"Múltipla";"Reta";"Não";1;0;0;1;0;0;1;1;-20,31934019;-40,39518356;"SPRF-ES";"DEL01-ES";"UOP01-DEL01-ES"
663410;2025-02-24;"segunda-feira";"14:00:00";"MG";153;25;"CENTRALINA";"Velocidade Incompatível";"Saída de leito carroçável";"Com Vítimas Feridas";"Pleno dia";"Decrescente";"Chuva";"Dupla";"Reta";"Não";1;0;1;0;0;0;1;1;-18,61501328;-49,1916275;"SPRF-MG";"DEL15-MG";"UOP03-DEL15-MG"
663411;2025-02-24;"segunda-feira";"13:20:00";"PI";316;312;"PICOS";"Ausência de reação do condutor";"Tombamento";"Com Vítimas Feridas";"Pleno dia";"Crescente";"Céu Claro";"Múltipla";"Reta";"Sim";2;0;1;0;0;1;1;2;-7,08092534;-41,4582602;"SPRF-PI";"DEL04-PI";"UOP01-DEL04-PI"
663412;2025-02-24;"segunda-feira";"15:15:00";"SP";116;229;"SAO PAULO";"Objeto estático sobre o leito carroçável";"Colisão com objeto";"Com Vítimas Feridas";"Pleno dia";"Crescente";"Céu Claro";"Múltipla";"Em Obras;Reta";"Sim";1;0;1;0;0;0;1;1;-23,5144192;-46,5781967;"SPRF-SP";"DEL01-SP";"UOP01-DEL01-SP"
663413;2025-02-24;"segunda-feira";"14:10:00";"PR";369;24,7;"CAMBARA";"Reação tardia ou ineficiente do condutor";"Saída de leito carroçável";"Com Vítimas Feridas";"Pleno dia";"Decrescente";"Céu Claro";"Simples";"Declive";"Não";2;0;1;1;0;0;2;1;-23,03843;-50,12493;"SPRF-PR";"DEL07-PR";"UOP05-DEL07-PR"
663414;2025-02-17;"segunda-feira";"00:40:00";"SP";116;149,4;"SAO JOSE DOS CAMPOS";"Velocidade Incompatível";"Colisão traseira";"Com Vítimas Feridas";"Plena Noite";"Decrescente";"Céu Claro";"Múltipla";"Reta";"Sim";2;0;0;1;1;0;1;2;-23,20700047;-45,88626861;"SPRF-SP";"DEL02-SP";"UOP01-DEL02-SP"
663415;2025-02-24;"segunda-feira";"15:00:00";"PE";423;91,5;"GARANHUNS";"Condutor usando celular";"Capotamento";"Com Vítimas Feridas";"Pleno dia";"Decrescente";"Céu Claro";"Simples";"Curva;Declive";"Não";1;0;1;0;0;0;1;1;-8,85856;-36,464603;"SPRF-PE";"DEL03-PE";"UOP01-DEL03-PE"
663420;2025-02-24;"segunda-feira";"14:50:00";"PR";277;116;"CAMPO LARGO";"Reação tardia ou ineficiente do condutor";"Queda de ocupante de veículo";"Com Vítimas Feridas";"Pleno dia";"Crescente";"Céu Claro";"Dupla";"Curva";"Não";1;0;0;1;0;0;1;1;-25,44258;-49,45031;"SPRF-PR";"DEL03-PR";"UOP03-DEL03-PR"
663423;2025-02-24;"segunda-feira";"15:15:00";"PB";230;23,2;"JOAO PESSOA";"Condutor deixou de manter distância do veículo da frente";"Colisão traseira";"Com Vítimas Feridas";"Pleno dia";"Decrescente";"Sol";"Dupla";"Reta";"Sim";3;0;1;1;1;0;2;2;-7,1692384;-34,87854481;"SPRF-PB";"DEL01-PB";"UOP01-DEL01-PB"
663425;2025-02-24;"segunda-feira";"14:50:00";"BA";101;489;"ITAJUIPE";"Acessar a via sem observar a presença dos outros veículos";"Colisão transversal";"Com Vítimas Feridas";"Pleno dia";"Crescente";"Ignorado";"Simples";"Curva";"Não";2;0;0;1;1;0;1;2;-14,683862;-39,363513;"SPRF-BA";"DEL05-BA";"UOP01-DEL05-BA"
663426;2025-02-24;"segunda-feira";"10:40:00";"SE";101;42;"JAPARATUBA";"Reação tardia ou ineficiente do condutor";"Queda de ocupante de veículo";"Com Vítimas Feridas";"Pleno dia";"Crescente";"Céu Claro";"Dupla";"Reta";"Não";1;0;1;0;0;0;1;1;-10,57045592;-36,96443439;"SPRF-SE";"DEL02-SE";"UOP02-DEL02-SE"
663428;2025-02-24;"segunda-feira";"14:30:00";"BA";324;537;"AMELIA RODRIGUES";"Chuva";"Queda de ocupante de veículo";"Com Vítimas Feridas";"Pleno dia";"Decrescente";"Chuva";"Dupla";"Curva";"Sim";2;0;1;0;1;0;1;2;-12,37961319;-38,79973389;"SPRF-BA";"DEL01-BA";"UOP03-DEL01-BA"
663429;2025-02-24;"segunda-feira";"11:15:00";"SC";470;142,4;"RIO DO SUL";"Ausência de reação do condutor";"Saída de leito carroçável";"Com Vítimas Feridas";"Pleno dia";"Decrescente";"Céu Claro";"Simples";"Curva";"Sim";1;0;1;0;0;0;1;1;-27,21583862;-49,65365303;"SPRF-SC";"DEL04-SC";"UOP02-DEL04-SC"
663430;2025-02-24;"segunda-feira";"16:00:00";"SC";101;197,8;"BIGUACU";"Objeto estático sobre o leito carroçável";"Colisão com objeto";"Com Vítimas Feridas";"Pleno dia";"Crescente";"Céu Claro";"Dupla";"Reta";"Sim";2;0;1;0;1;0;1;1;-27,524237;-48,636442;"SPRF-SC";"DEL01-SC";"UOP01-DEL01-SC"
663432;2025-02-24;"segunda-feira";"14:21:00";"PA";230;118;"MARABA";"Acessar a via sem observar a presença dos outros veículos";"Colisão transversal";"Com Vítimas Feridas";"Pleno dia";"Decrescente";"Nublado";"Dupla";"Reta";"Sim";2;0;1;0;1;0;1;2;-5,35134222;-49,09948826;"SPRF-PA";"DEL03-PA";"UOP01-DEL03-PA"
663434;2025-02-24;"segunda-feira";"16:00:00";"RS";116;501,9;"PELOTAS";"Ausência de reação do condutor";"Saída de leito carroçável";"Com Vítimas Feridas";"Pleno dia";"Crescente";"Céu Claro";"Simples";"Reta";"Não";1;0;1;0;0;0;1;1;-31,63781019;-52,33200073;"SPRF-RS";"DEL07-RS";"UOP01-DEL07-RS"
663435;2025-02-24;"segunda-feira";"16:00:00";"SP";381;83;"SAO PAULO";"Objeto estático sobre o leito carroçável";"Colisão lateral mesmo sentido";"Com Vítimas Feridas";"Pleno dia";"Decrescente";"Céu Claro";"Múltipla";"Reta";"Sim";3;0;1;0;2;0;1;3;-23,44622;-46,56881;"SPRF-SP";"DEL03-SP";"UOP01-DEL03-SP"
663436;2025-02-24;"segunda-feira";"13:00:00";"ES";262;177,8;"IRUPI";"Acessar a via sem observar a presença dos outros veículos";"Colisão transversal";"Com Vítimas Feridas";"Pleno dia";"Crescente";"Céu Claro";"Simples";"Curva";"Não";2;0;1;0;1;0;1;2;-20,27339069;-41,60718537;"SPRF-ES";"DEL01-ES";"UOP02-DEL01-ES"
663439;2025-02-24;"segunda-feira";"14:40:00";"PE";423;41;"CACHOEIRINHA";"Acessar a via sem observar a presença dos outros veículos";"Colisão transversal";"Com Vítimas Feridas";"Pleno dia";"Crescente";"Céu Claro";"Simples";"Curva";"Não";3;0;3;0;0;0;3;2;-8,501938;-36,247223;"SPRF-PE";"DEL03-PE";"UOP01-DEL03-PE"
663440;2025-02-22;"sábado";"19:50:00";"MG";381;549;"RIO MANSO";"Acumulo de areia ou detritos sobre o pavimento";"Colisão com objeto";"Sem Vítimas";"Plena Noite";"Crescente";"Céu Claro";"Simples";"Reta";"Não";3;0;0;0;3;0;0;2;-20,28004991;-44,39723968;"SPRF-MG";"DEL04-MG";"UOP03-DEL04-MG"
663442;2025-02-24;"segunda-feira";"16:00:00";"RJ";101;507;"ANGRA DOS REIS";"Transitar na contramão";"Colisão frontal";"Com Vítimas Feridas";"Pleno dia";"Decrescente";"Sol";"Simples";"Reta";"Sim";2;0;0;1;1;0;1;2;-22,9363436;-44,40866679;"SPRF-RJ";"DEL03-RJ";"UOP03-DEL03-RJ"