"id";"data_inversa";"dia_semana";"horario";"uf";"br";"km";"municipio";"causa_acidente";"tipo_acidente";"classificacao_acidente";"fase_dia";"sentido_via";"condicao_metereologica";"tipo_pista";"tracado_via";"uso_solo";"pessoas";"mortos";"feridos_leves";"feridos_graves";"ilesos";"ignorados";"feridos";"veiculos";"latitude";"longitude";"regional";"delegacia";"uop"
663555;2025-02-24;"segunda-feira";"23:18:00";"BA";110;115;"ANTAS";"Manobra de mudança de faixa";"Saída de leito carroçável";"Com Vítimas Feridas";"Plena Noite";"Decrescente";"Céu Claro";"Simples";"Reta";"Não";2;0;2;0;0;0;2;1;-10,42839086;-38,3731842;"SPRF-BA";"DEL07-BA";"UOP02-DEL07-BA"
663556;2025-02-25;"terça-feira";"06:40:00";"SC";470;65,2;"INDAIAL";"Ingestão de álcool pelo condutor";"Colisão traseira";"Sem Vítimas";"Amanhecer";"Decrescente";"Céu Claro";"Simples";"Em Obras;Reta";"Não";2;0;0;0;2;0;0;2;-26,87044711;-49,2120402;"SPRF-SC";"DEL04-SC";"UOP01-DEL04-SC"
663557;2025-02-25;"terça-feira";"07:30:00";"SC";101;200,4;"SAO JOSE";"Reação tardia ou ineficiente do condutor";"Colisão traseira";"Com Vítimas Feridas";"Pleno dia";"Crescente";"Céu Claro";"Dupla";"Reta";"Sim";2;0;0;1;1;0;1;2;-27,54358;-48,62088;"SPRF-SC";"DEL01-SC";"UOP01-DEL01-SC"
663558;2025-02-25;"terça-feira";"07:00:00";"PR";116;116;"CURITIBA";"Condutor deixou de manter distância do veículo da frente";"Colisão traseira";"Com Vítimas Feridas";"Pleno dia";"Decrescente";"Sol";"Dupla";"Reta";"Sim";3;0;1;1;1;0;2;3;-25,55156432;-49,3049401;"SPRF-PR";"DEL01-PR";"UOP03-DEL01-PR"
663560;2025-02-25;"terça-feira";"07:45:00";"SP";116;215;"GUARULHOS";"Trafegar com motocicleta (ou similar) entre as faixas";"Colisão traseira";"Com Vítimas Feridas";"Pleno dia";"Crescente";"Sol";"Múltipla";"Reta";"Sim";3;0;1;1;1;0;2;2;-23,45087601;-46,4645;"SPRF-SP";"DEL01-SP";"UOP01-DEL01-SP"
663562;2025-02-21;"sexta-feira";"02:00:00";"GO";153;97;"ANAPOLIS";"Ingestão de álcool pelo condutor";"Colisão traseira";"Sem Vítimas";"Plena Noite";"Decrescente";"Céu Claro";"Dupla";"Reta";"Sim";2;0;0;0;2;0;0;2;-16,36450326;-48,9355123;"SPRF-GO";"DEL07-GO";"UOP01-DEL07-GO"
663563;2025-02-25;"terça-feira";"07:50:00";"PR";277;79;"CURITIBA";"Trafegar com motocicleta (ou similar) entre as faixas";"Colisão lateral mesmo sentido";"Com Vítimas Feridas";"Pleno dia";"Crescente";"Céu Claro";"Dupla";"Reta";"Sim";2;0;1;0;1;0;1;2;-25,47678769;-49,2064333;"SPRF-PR";"DEL01-PR";"UOP07-DEL01-PR"
663564;2025-02-25;"terça-feira";"08:10:00";"ES";101;219;"IBIRACU";"Condutor deixou de manter distância do veículo da frente";"Colisão lateral mesmo sentido";"Com Vítimas Feridas";"Pleno dia";"Decrescente";"Nublado";"Dupla";"Curva";"Não";2;0;1;0;1;0;1;2;-19,8646009;-40,3833662;"SPRF-ES";"DEL02-ES";"UOP01-DEL02-ES"
663565;2025-02-05;"quarta-feira";"13:30:00";"PR";277;114;"CAMPO LARGO";"Reação tardia ou ineficiente do condutor";"Colisão traseira";"Com Vítimas Feridas";"Pleno dia";"Crescente";"Garoa/Chuvisco";"Dupla";"Curva";"Não";2;0;0;1;0;1;1;2;-25,4338;-49,43751;"SPRF-PR";"DEL03-PR";"UOP03-DEL03-PR"
663566;2025-02-25;"terça-feira";"08:05:00";"PR";376;169,2;"MARINGA";"Reação tardia ou ineficiente do condutor";"Engavetamento";"Com Vítimas Feridas";"Pleno dia";"Decrescente";"Céu Claro";"Dupla";"Aclive;Reta";"Não";5;0;2;0;3;0;2;3;-23,401943;-51,997973;"SPRF-PR";"DEL09-PR";"UOP01-DEL09-PR"
663567;2025-02-12;"quarta-feira";"07:05:00";"RS";386;414;"MONTENEGRO";"Chuva";"Colisão frontal";"Com Vítimas Feridas";"Pleno dia";"Decrescente";"Chuva";"Simples";"Reta";"Não";10;0;2;6;2;0;8;2;-29,816236;-51,483341;"SPRF-RS";"DEL04-RS";"UOP02-DEL04-RS"
663568;2025-02-25;"terça-feira";"06:00:00";"RS";472;471,2;"ITAQUI";"Condutor deixou de manter distância do veículo da frente";"Colisão traseira";"Com Vítimas Feridas";"Amanhecer";"Decrescente";"Céu Claro";"Simples";"Reta";"Não";2;0;2;0;0;0;2;2;-29,16595271;-56,42990112;"SPRF-RS";"DEL12-RS";"UOP01-DEL12-RS"
663570;2025-02-25;"terça-feira";"07:30:00";"MA";135;4;"SAO LUIS";"Reação tardia ou ineficiente do condutor";"Engavetamento";"Sem Vítimas";"Pleno dia";"Crescente";"Nublado";"Dupla";"Reta";"Sim";4;0;0;0;4;0;0;4;-2,615512;-44,253662;"SPRF-MA";"DEL01-MA";"UOP01-DEL01-MA"
663573;2025-02-25;"terça-feira";"08:45:00";"BA";324;542,7;"AMELIA RODRIGUES";"Reação tardia ou ineficiente do condutor";"Engavetamento";"Com Vítimas Feridas";"Pleno dia";"Decrescente";"Garoa/Chuvisco";"Dupla";"Reta";"Não";5;0;1;0;4;0;1;4;-12,39578;-38,77134;"SPRF-BA";"DEL01-BA";"UOP03-DEL01-BA"
663575;2025-02-25;"terça-feira";"07:15:00";"PR";116;126;"FAZENDA RIO GRANDE";"Manobra de mudança de faixa";"Colisão lateral mesmo sentido";"Com Vítimas Feridas";"Pleno dia";"Decrescente";"Céu Claro";"Dupla";"Interseção de Vias";"Não";2;0;1;0;1;0;1;2;-25,6408685;-49,3132526;"SPRF-PR";"DEL01-PR";"UOP03-DEL01-PR"
663576;2025-02-25;"terça-feira";"06:50:00";"MG";116;412;"GOVERNADOR VALADARES";"Ausência de reação do condutor";"Engavetamento";"Com Vítimas Feridas";"Pleno dia";"Crescente";"Céu Claro";"Dupla";"Aclive";"Não";4;0;1;0;3;0;1;3;-18,873541;-41,966859;"SPRF-MG";"DEL06-MG";"UOP01-DEL06-MG"
663577;2025-02-25;"terça-feira";"08:05:00";"PR";116;17;"COLOMBO";"Reação tardia ou ineficiente do condutor";"Engavetamento";"Com Vítimas Feridas";"Pleno dia";"Crescente";"Sol";"Dupla";"Aclive;Reta";"Sim";5;0;1;0;3;1;1;5;-25,38822;-49,18252;"SPRF-PR";"DEL01-PR";"UOP02-DEL01-PR"
663578;2025-01-16;"quinta-feira";"02:30:00";"GO";153;139;"MARA ROSA";"Chuva";"Colisão traseira";"Com Vítimas Fatais";"Plena Noite";"Crescente";"Chuva";"Simples";"Reta";"Não";59;1;27;1;30;0;28;2;-13,985113;-49,090572;"SPRF-GO";"DEL07-GO";"UOP01-DEL07-GO"
663579;2025-02-25;"terça-feira";"09:15:00";"RS";116;98;"PORTO ALEGRE";"Condutor deixou de manter distância do veículo da frente";"Colisão traseira";"Com Vítimas Feridas";"Pleno dia";"Decrescente";"Céu Claro";"Dupla";"Reta;Ponte";"Não";2;0;1;0;1;0;1;2;-29,99295815;-51,2236632;"SPRF-RS";"DEL05-RS";"UOP01-DEL05-RS"
663580;2025-02-25;"terça-feira";"09:00:00";"DF";20;3;"BRASILIA";"Manobra de mudança de faixa";"Colisão lateral mesmo sentido";"Com Vítimas Feridas";"Pleno dia";"Decrescente";"Céu Claro";"Dupla";"Aclive";"Sim";2;0;1;0;1;0;1;2;-15,67842936;-47,82415867;"SPRF-DF";"DEL02-DF";"UOP01-DEL02-DF"
663581;2025-02-25;"terça-feira";"09:48:00";"PB";230;27;"JOAO PESSOA";"Ausência de reação do condutor";"Colisão com objeto";"Com Vítimas Feridas";"Pleno dia";"Crescente";"Sol";"Múltipla";"Viaduto";"Sim";1;0;1;0;0;0;1;1;-7,166;-34,897;"SPRF-PB";"DEL01-PB";"UOP01-DEL01-PB"
663583;2025-01-27;"segunda-feira";"08:00:00";"BA";101;251;"CONCEICAO DO ALMEIDA";"Ausência de reação do condutor";"Queda de ocupante de veículo";"Com Vítimas Feridas";"Pleno dia";"Decrescente";"Céu Claro";"Simples";"Reta";"Não";1;0;1;0;0;0;1;1;-12,89239274;-39,2303383;"SPRF-BA";"DEL01-BA";"UOP02-DEL01-BA"
663584;2025-02-10;"segunda-feira";"20:40:00";"PR";116;126;"FAZENDA RIO GRANDE";"Manobra de mudança de faixa";"Colisão lateral mesmo sentido";"Com Vítimas Feridas";"Plena Noite";"Crescente";"Céu Claro";"Dupla";"Reta";"Sim";2;0;1;0;1;0;1;2;-25,60389895;-49,31824423;"SPRF-PR";"DEL01-PR";"UOP03-DEL01-PR"
663585;2025-02-25;"terça-feira";"09:30:00";"MG";262;368;"JUATUBA";"Ausência de reação do condutor";"Colisão traseira";"Com Vítimas Feridas";"Pleno dia";"Crescente";"Céu Claro";"Dupla";"Reta";"Sim";2;0;1;0;1;0;1;2;-19,96748511;-44,3335247;"SPRF-MG";"DEL01-MG";"UOP03-DEL01-MG"
663586;2025-02-20;"quinta-feira";"08:45:00";"PR";116;110;"SAO JOSE DOS PINHAIS";"Trafegar com motocicleta (ou similar) entre as faixas";"Colisão lateral mesmo sentido";"Com Vítimas Feridas";"Pleno dia";"Decrescente";"Céu Claro";"Dupla";"Reta";"Não";2;0;1;0;1;0;1;2;-25,55964;-49,265815;"SPRF-PR";"DEL01-PR";"UOP03-DEL01-PR"
663587;2025-02-25;"terça-feira";"08:20:00";"PA";230;120;"MARABA";"Condutor deixou de manter distância do veículo da frente";"Colisão traseira";"Com Vítimas Feridas";"Pleno dia";"Crescente";"Nublado";"Dupla";"Reta;Ponte";"Sim";2;0;1;0;1;0;1;2;-5,35038;-49,1143;"SPRF-PA";"DEL03-PA";"UOP01-DEL03-PA"
663591;2025-02-25;"terça-feira";"09:30:00";"MT";364;137,5;"PEDRA PRETA";"Velocidade Incompatível";"Colisão com objeto";"Com Vítimas Feridas";"Pleno dia";"Crescente";"Nublado";"Simples";"Curva";"Não";1;0;0;1;0;0;1;1;-16,79262672;-54,19640422;"SPRF-MT";"DEL02-MT";"UOP01-DEL02-MT"
663594;2025-02-25;"terça-feira";"08:30:00";"MG";40;548;"NOVA LIMA";"Entrada inopinada do pedestre";"Atropelamento de Pedestre";"Com Vítimas Feridas";"Pleno dia";"Decrescente";"Céu Claro";"Simples";"Aclive;Reta";"Não";2;0;1;0;1;0;1;2;-20,06597342;-43,9807874;"SPRF-MG";"DEL01-MG";"UOP02-DEL01-MG"
663595;2025-02-25;"terça-feira";"11:00:00";"RS";285;195,9;"LAGOA VERMELHA";"Acessar a via sem observar a presença dos outros veículos";"Colisão transversal";"Sem Vítimas";"Pleno dia";"Decrescente";"Céu Claro";"Simples";"Rotatória;Reta";"Sim";2;0;0;0;2;0;0;2;-28,22589239;-51,50716782;"SPRF-RS";"DEL08-RS";"UOP05-DEL08-RS"
663599;2025-02-25;"terça-feira";"12:05:00";"SC";101;197;"BIGUACU";"Demais falhas mecânicas ou elétricas";"Tombamento";"Com Vítimas Feridas";"Pleno dia";"Decrescente";"Céu Claro";"Múltipla";"Reta";"Sim";2;0;2;0;0;0;2;1;-27,5193802;-48,63758504;"SPRF-SC";"DEL01-SC";"UOP01-DEL01-SC"
663600;2025-02-25;"terça-feira";"12:10:00";"PR";116;152,3;"MANDIRITUBA";"Acessar a via sem observar a presença dos outros veículos";"Colisão transversal";"Com Vítimas Feridas";"Pleno dia";"Crescente";"Céu Claro";"Simples";"Rotatória;Reta";"Não";2;0;1;0;1;0;1;2;-25,86218746;-49,36185122;"SPRF-PR";"DEL01-PR";"UOP03-DEL01-PR"
663604;2025-02-25;"terça-feira";"11:30:00";"MT";158;698;"BARRA DO GARCAS";"Ausência de reação do condutor";"Saída de leito carroçável";"Com Vítimas Feridas";"Pleno dia";"Decrescente";"Céu Claro";"Simples";"Reta";"Sim";1;0;0;1;0;0;1;1;-15,0305147;-52,23943233;"SPRF-MT";"DEL07-MT";"UOP01-DEL07-MT"
663605;2025-02-25;"terça-feira";"12:10:00";"SC";470;325;"CAMPOS NOVOS";"Ausência de reação do condutor";"Colisão com objeto";"Com Vítimas Feridas";"Pleno dia";"Crescente";"Céu Claro";"Simples";"Interseção de Vias";"Não";2;0;2;0;0;0;2;1;-27,37451123;-51,06651306;"SPRF-SC";"DEL07-SC";"UOP06-DEL07-SC"
663610;2025-02-02;"domingo";"00:34:00";"RJ";116;111,1;"GUAPIMIRIM";"Acessar a via sem observar a presença dos outros veículos";"Colisão lateral sentido oposto";"Com Vítimas Feridas";"Plena Noite";"Decrescente";"Chuva";"Simples";"Interseção de Vias;Reta";"Sim";2;0;1;0;0;1;1;2;-22,55838319;-42,99482067;"SPRF-RJ";"DEL04-RJ";"UOP02-DEL04-RJ"
663612;2025-02-25;"terça-feira";"14:00:00";"RN";101;85;"SAO GONCALO DO AMARANTE";"Pedestre cruzava a pista fora da faixa";"Atropelamento de Pedestre";"Com Vítimas Feridas";"Pleno dia";"Crescente";"Céu Claro";"Simples";"Reta";"Não";2;0;1;1;0;0;2;2;-5,7773765;-35,2501129;"SPRF-RN";"DEL02-RN";"UOP01-DEL02-RN"
663614;2025-02-05;"quarta-feira";"15:00:00";"PR";476;64;"TUNAS DO PARANA";"Ausência de reação do condutor";"Saída de leito carroçável";"Com Vítimas Feridas";"Pleno dia";"Crescente";"Nublado";"Simples";"Curva";"Não";1;0;1;0;0;0;1;1;-24,954793;-49,09883;"SPRF-PR";"DEL01-PR";"UOP01-DEL01-PR"
663615;2025-02-25;"terça-feira";"13:00:00";"GO";60;207,5;"GUAPO";"Avarias e/ou desgaste excessivo no pneu";"Capotamento";"Com Vítimas Feridas";"Pleno dia";"Decrescente";"Céu Claro";"Dupla";"Reta";"Não";1;0;1;0;0;0;1;1;-16,92700447;-49,66496414;"SPRF-GO";"DEL01-GO";"UOP02-DEL01-GO"
663617;2025-02-25;"terça-feira";"13:30:00";"MG";116;600,5;"SAO JOAO DO MANHUACU";"Ausência de reação do condutor";"Colisão lateral sentido oposto";"Com Vítimas Feridas";"Pleno dia";"Crescente";"Céu Claro";"Simples";"Curva";"Não";9;0;7;1;1;0;8;2;-20,32295966;-42,14939117;"SPRF-MG";"DEL06-MG";"UOP03-DEL06-MG"
663621;2025-02-25;"terça-feira";"12:00:00";"RN";101;75;"SAO GONCALO DO AMARANTE";"Condutor deixou de manter distância do veículo da frente";"Colisão traseira";"Com Vítimas Feridas";"Pleno dia";"Decrescente";"Céu Claro";"Dupla";"Rotatória";"Não";2;0;1;0;1;0;1;2;-5,72232296;-35,277282;"SPRF-RN";"DEL02-RN";"UOP01-DEL02-RN"
663624;2025-02-25;"terça-feira";"14:50:00";"ES";101;98,2;"JAGUARE";"Acessar a via sem observar a presença dos outros veículos";"Colisão transversal";"Com Vítimas Feridas";"Pleno dia";"Crescente";"Céu Claro";"Simples";"Reta";"Não";3;0;0;1;1;1;1;3;-18,9670338;-39,989233;"SPRF-ES";"DEL04-ES";"UOP02-DEL04-ES"
663625;2025-02-25;"terça-feira";"14:30:00";"MS";60;426;"SIDROLANDIA";"Condutor deixou de manter distância do veículo da frente";"Colisão traseira";"Com Vítimas Feridas";"Pleno dia";"Decrescente";"Céu Claro";"Dupla";"Reta";"Sim";4;0;0;1;3;0;1;3;-20,93446653;-54,96058702;"SPRF-MS";"DEL01-MS";"UOP04-DEL01-MS"
663627;2025-02-25;"terça-feira";"15:40:00";"RS";290;107;"ELDORADO DO SUL";"Sinalização mal posicionada";"Colisão lateral mesmo sentido";"Com Vítimas Feridas";"Pleno dia";"Crescente";"Céu Claro";"Dupla";"Viaduto";"Sim";2;0;1;0;1;0;1;2;-30,00220525;-51,30610054;"SPRF-RS";"DEL02-RS";"UOP01-DEL02-RS"
663629;2025-02-25;"terça-feira";"15:27:00";"PB";101;63,6;"SANTA RITA";"Reação tardia ou ineficiente do condutor";"Colisão com objeto";"Com Vítimas Feridas";"Pleno dia";"Crescente";"Céu Claro";"Dupla";"Reta";"Não";2;0;2;0;0;0;2;1;-7,0510397;-35,0376118;"SPRF-PB";"DEL01-PB";"UOP04-DEL01-PB"
663630;2025-02-25;"terça-feira";"15:20:00";"RN";304;17;"MOSSORO";"Demais falhas mecânicas ou elétricas";"Incêndio";"Sem Vítimas";"Pleno dia";"Crescente";"Céu Claro";"Simples";"Reta";"Não";1;0;0;0;0;1;0;1;-5,013727;-37,363672;"SPRF-RN";"DEL04-RN";"UOP02-DEL04-RN"
663632;2025-02-25;"terça-feira";"13:35:00";"PR";467;110,2;"CASCAVEL";"Pista Escorregadia";"Queda de ocupante de veículo";"Com Vítimas Feridas";"Pleno dia";"Decrescente";"Céu Claro";"Simples";"Reta";"Sim";2;0;2;0;0;0;2;1;-24,92925469;-53,45232817;"SPRF-PR";"DEL04-PR";"UOP01-DEL04-PR"
663634;2025-02-25;"terça-feira";"15:40:00";"RJ";116;195;"NOVA IGUACU";"Reação tardia ou ineficiente do condutor";"Colisão traseira";"Com Vítimas Feridas";"Pleno dia";"Decrescente";"Céu Claro";"Dupla";"Curva";"Não";3;0;1;0;2;0;1;2;-22,7384853;-43,5262893;"SPRF-RJ";"DEL06-RJ";"UOP01-DEL06-RJ"
663635;2025-02-25;"terça-feira";"15:00:00";"BA";101;694;"EUNAPOLIS";"Demais falhas mecânicas ou elétricas";"Capotamento";"Com Vítimas Feridas";"Pleno dia";"Crescente";"Céu Claro";"Simples";"Curva";"Não";1;0;1;0;0;0;1;1;-16,39294298;-39,58751678;"SPRF-BA";"DEL09-BA";"UOP01-DEL09-BA"
663636;2025-02-25;"terça-feira";"15:30:00";"MG";267;215,1;"BOM JARDIM DE MINAS";"Condutor Dormindo";"Saída de leito carroçável";"Com Vítimas Feridas";"Pleno dia";"Crescente";"Nublado";"Simples";"Reta";"Não";2;0;1;1;0;0;2;1;-21,937372;-44,207087;"SPRF-MG";"DEL17-MG";"UOP01-DEL17-MG"
663638;2025-02-25;"terça-feira";"15:50:00";"SP";116;149;"SAO JOSE DOS CAMPOS";"Avarias e/ou desgaste excessivo no pneu";"Queda de ocupante de veículo";"Com Vítimas Feridas";"Pleno dia";"Decrescente";"Céu Claro";"Múltipla";"Reta";"Sim";1;0;1;0;0;0;1;1;-23,20401235;-45,88275254;"SPRF-SP";"DEL02-SP";"UOP01-DEL02-SP"
663640;2025-02-25;"terça-feira";"16:00:00";"SC";101;149;"ITAPEMA";"Transitar na contramão";"Colisão frontal";"Com Vítimas Feridas";"Pleno dia";"Crescente";"Céu Claro";"Simples";"Reta";"Sim";2;0;0;1;0;1;1;2;-27,09068918;-48,61724854;"SPRF-SC";"DEL04-SC";"UOP03-DEL04-SC"
663645;2025-02-25;"terça-feira";"17:00:00";"MG";40;506,3;"RIBEIRAO DAS NEVES";"Acessar a via sem observar a presença dos outros veículos";"Colisão lateral mesmo sentido";"Com Vítimas Feridas";"Pleno dia";"Decrescente";"Céu Claro";"Dupla";"Reta";"Sim";2;0;1;0;1;0;1;2;-19,74964937;-44,14545894;"SPRF-MG";"DEL02-MG";"UOP01-DEL02-MG"
663646;2025-02-25;"terça-feira";"17:25:00";"RN";101;106;"PARNAMIRIM";"Ausência de reação do condutor";"Queda de ocupante de veículo";"Com Vítimas Feridas";"Pleno dia";"Crescente";"Céu Claro";"Dupla";"Reta";"Sim";1;0;1;0;0;0;1;1;-5,9028645;-35,2593038;"SPRF-RN";"DEL01-RN";"UOP01-DEL01-RN"
663648;2025-02-25;"terça-feira";"16:50:00";"PB";230;19,9;"JOAO PESSOA";"Condutor deixou de manter distância do veículo da frente";"Colisão traseira";"Com Vítimas Feridas";"Anoitecer";"Crescente";"Céu Claro";"Dupla";"Aclive;Reta";"Sim";4;0;1;0;2;1;1;3;-7,13531743;-34,85465527;"SPRF-PB";"DEL01-PB";"UOP01-DEL01-PB"
663650;2025-02-25;"terça-feira";"17:20:00";"RS";470;211;"BENTO GONCALVES";"Chuva";"Colisão frontal";"Com Vítimas Feridas";"Pleno dia";"Crescente";"Chuva";"Simples";"Curva";"Não";4;0;2;0;2;0;2;3;-29,13902222;-51,54280901;"SPRF-RS";"DEL06-RS";"UOP01-DEL06-RS"
663652;2025-02-25;"terça-feira";"15:26:00";"GO";153;519;"APARECIDA DE GOIANIA";"Chuva";"Saída de leito carroçável";"Com Vítimas Feridas";"Pleno dia";"Crescente";"Nublado";"Dupla";"Reta";"Sim";1;0;1;0;0;0;1;1;-16,84463356;-49,24552917;"SPRF-GO";"DEL01-GO";"UOP03-DEL01-GO"
663654;2025-01-12;"domingo";"17:30:00";"MT";174;393;"NOVA LACERDA";"Ausência de reação do condutor";"Colisão traseira";"Com Vítimas Feridas";"Anoitecer";"Crescente";"Chuva";"Simples";"Aclive;Reta";"Não";2;0;1;0;1;0;1;2;-14,44382499;-59,59962877;"SPRF-MT";"DEL04-MT";"UOP02-DEL04-MT"
663658;2025-02-25;"terça-feira";"12:30:00";"RN";405;188;"MAJOR SALES";"Ingestão de álcool pelo condutor";"Colisão traseira";"Com Vítimas Feridas";"Pleno dia";"Crescente";"Céu Claro";"Simples";"Reta";"Sim";3;0;2;1;0;0;3;2;-6,410977;-38,323807;"SPRF-RN";"DEL04-RN";"UOP02-DEL04-RN"
663660;2025-02-25;"terça-feira";"16:50:00";"RS";101;86,7;"OSORIO";"Transitar na contramão";"Colisão frontal";"Com Vítimas Feridas";"Pleno dia";"Decrescente";"Céu Claro";"Múltipla";"Reta";"Sim";2;0;0;1;1;0;1;2;-29,88128;-50,263261;"SPRF-RS";"DEL03-RS";"UOP01-DEL03-RS"
663662;2025-02-25;"terça-feira";"17:40:00";"GO";40;2,5;"VALPARAISO DE GOIAS";"Acessar a via sem observar a presença dos outros veículos";"Colisão transversal";"Com Vítimas Feridas";"Anoitecer";"Crescente";"Nublado";"Dupla";"Retorno Regulamentado";"Sim";2;0;1;0;1;0;1;2;-16,07438277;-47,98541665;"SPRF-DF";"DEL01-DF";"UOP01-DEL01-DF"
663666;2025-02-25;"terça-feira";"14:40:00";"MA";135;34,5;"BACABEIRA";"Demais falhas mecânicas ou elétricas";"Capotamento";"Com Vítimas Fatais";"Pleno dia";"Crescente";"Sol";"Dupla";"Reta";"Não";2;1;0;1;0;0;1;1;-2,847169;-44,374811;"SPRF-MA";"DEL01-MA";"UOP01-DEL01-MA"
663668;2025-02-25;"terça-feira";"18:43:00";"SP";116;202;"ARUJA";"Reação tardia ou ineficiente do condutor";"Colisão lateral mesmo sentido";"Com Vítimas Feridas";"Plena Noite";"Decrescente";"Céu Claro";"Dupla";"Reta";"Não";2;0;1;0;0;1;1;2;-23,41054136;-46,34631872;"SPRF-SP";"DEL01-SP";"UOP01-DEL01-SP"
663669;2025-02-25;"terça-feira";"18:00:00";"RS";116;249;"SAO LEOPOLDO";"Ausência de reação do condutor";"Colisão traseira";"Com Vítimas Feridas";"Pleno dia";"Crescente";"Céu Claro";"Dupla";"Reta";"Sim";2;0;1;0;1;0;1;2;-29,7798912;-51,157021;"SPRF-RS";"DEL01-RS";"UOP02-DEL01-RS"
663671;2025-02-25;"terça-feira";"18:50:00";"SC";101;120,9;"ITAJAI";"Acessar a via sem observar a presença dos outros veículos";"Colisão lateral mesmo sentido";"Com Vítimas Feridas";"Plena Noite";"Crescente";"Céu Claro";"Dupla";"Reta";"Sim";2;0;1;0;0;1;1;2;-26,9206559;-48,7076909;"SPRF-SC";"DEL04-SC";"UOP04-DEL04-SC"
663672;2025-02-25;"terça-feira";"18:40:00";"PA";10;19,5;"DOM ELISEU";"Transitar na contramão";"Colisão lateral sentido oposto";"Com Vítimas Feridas";"Plena Noite";"Crescente";"Nublado";"Simples";"Reta";"Sim";2;0;1;0;0;1;1;2;-4,277305;-47,559178;"SPRF-PA";"DEL02-PA";"UOP02-DEL02-PA"
663673;2025-02-25;"terça-feira";"18:30:00";"SC";282;2,9;"FLORIANOPOLIS";"Reação tardia ou ineficiente do condutor";"Colisão traseira";"Com Vítimas Feridas";"Plena Noite";"Crescente";"Céu Claro";"Múltipla";"Curva";"Sim";3;0;1;0;2;0;1;3;-27,6010259;-48,59874666;"SPRF-SC";"DEL01-SC";"UOP01-DEL01-SC"
663674;2025-02-25;"terça-feira";"18:50:00";"MG";365;701,4;"MONTE ALEGRE DE MINAS";"Acumulo de água sobre o pavimento";"Saída de leito carroçável";"Com Vítimas Feridas";"Plena Noite";"Crescente";"Chuva";"Dupla";"Declive;Reta";"Não";1;0;1;0;0;0;1;1;-18,867985;-49,066581;"SPRF-MG";"DEL15-MG";"UOP03-DEL15-MG"
663675;2025-02-25;"terça-feira";"19:10:00";"SP";116;202;"ARUJA";"Trafegar com motocicleta (ou similar) entre as faixas";"Colisão lateral mesmo sentido";"Com Vítimas Feridas";"Plena Noite";"Decrescente";"Vento";"Múltipla";"Declive;Reta";"Não";5;0;1;0;3;1;1;4;-23,41060843;-46,34667546;"SPRF-SP";"DEL01-SP";"UOP01-DEL01-SP"
663676;2025-02-25;"terça-feira";"16:35:00";"BA";101;352;"WENCESLAU GUIMARAES";"Chuva";"Colisão frontal";"Com Vítimas Fatais";"Pleno dia";"Decrescente";"Chuva";"Simples";"Curva";"Não";2;1;1;0;0;0;1;2;-13,626;-39,495;"SPRF-BA";"DEL05-BA";"UOP03-DEL05-BA"
663677;2025-02-25;"terça-feira";"16:40:00";"MG";262;444;"NOVA SERRANA";"Acessar a via sem observar a presença dos outros veículos";"Colisão lateral mesmo sentido";"Com Vítimas Feridas";"Pleno dia";"Crescente";"Céu Claro";"Dupla";"Reta";"Sim";2;0;0;1;1;0;1;2;-19,86601912;-44,99200344;"SPRF-MG";"DEL08-MG";"UOP03-DEL08-MG"
663678;2025-02-25;"terça-feira";"18:20:00";"RJ";116;171;"RIO DE JANEIRO";"Ausência de reação do condutor";"Colisão com objeto";"Com Vítimas Feridas";"Anoitecer";"Crescente";"Céu Claro";"Múltipla";"Reta";"Sim";2;0;0;1;0;1;1;2;-22,8084839;-43,33872557;"SPRF-RJ";"DEL06-RJ";"UOP01-DEL06-RJ"
663679;2025-02-25;"terça-feira";"18:00:00";"RS";392;137;"CANGUCU";"Desrespeitar a preferência no cruzamento";"Colisão transversal";"Com Vítimas Feridas";"Anoitecer";"Crescente";"Nublado";"Simples";"Interseção de Vias;Reta";"Não";2;0;1;0;1;0;1;2;-31,27687;-52,79171;"SPRF-RS";"DEL07-RS";"UOP01-DEL07-RS"
663681;2025-02-25;"terça-feira";"19:15:00";"SP";116;113;"TAUBATE";"Avarias e/ou desgaste excessivo no pneu";"Tombamento";"Com Vítimas Feridas";"Plena Noite";"Decrescente";"Céu Claro";"Dupla";"Reta";"Sim";2;0;2;0;0;0;2;1;-23,04703801;-45,59150219;"SPRF-SP";"DEL02-SP";"UOP02-DEL02-SP"
663682;2025-02-25;"terça-feira";"19:15:00";"TO";10;457;"PALMAS";"Pedestre - Ingestão de álcool/ substâncias psicoativas";"Atropelamento de Pedestre";"Com Vítimas Feridas";"Plena Noite";"Crescente";"Garoa/Chuvisco";"Múltipla";"Reta;Ponte";"Sim";2;0;2;0;0;0;2;2;-10,28932;-48,29737;"SPRF-TO";"DEL01-TO";"UOP03-DEL01-TO"
663684;2025-02-25;"terça-feira";"16:50:00";"PB";412;144;"MONTEIRO";"Reação tardia ou ineficiente do condutor";"Colisão traseira";"Com Vítimas Feridas";"Pleno dia";"Decrescente";"Ignorado";"Simples";"Reta";"Sim";2;0;0;2;0;0;2;2;-7,891974;-37,111462;"SPRF-PB";"DEL02-PB";"UOP02-DEL02-PB"