"id";"data_inversa";"dia_semana";"horario";"uf";"br";"km";"municipio";"causa_acidente";"tipo_acidente";"classificacao_acidente";"fase_dia";"sentido_via";"condicao_metereologica";"tipo_pista";"tracado_via";"uso_solo";"pessoas";"mortos";"feridos_leves";"feridos_graves";"ilesos";"ignorados";"feridos";"veiculos";"latitude";"longitude";"regional";"delegacia";"uop"
663688;2025-02-25;"terça-feira";"17:45:00";"MG";40;632,1;"CONSELHEIRO LAFAIETE";"Acessar a via sem observar a presença dos outros veículos";"Colisão traseira";"Com Vítimas Feridas";"Pleno dia";"Crescente";"Nublado";"Dupla";"Retorno Regulamentado";"Sim";2;0;1;0;1;0;1;2;-20,677496;-43,794394;"SPRF-MG";"DEL05-MG";"UOP02-DEL05-MG"
663691;2025-02-25;"terça-feira";"19:32:00";"BA";367;23;"PORTO SEGURO";"Acessar a via sem observar a presença dos outros veículos";"Colisão frontal";"Com Vítimas Feridas";"Plena Noite";"Crescente";"Céu Claro";"Simples";"Reta";"Sim";2;0;1;0;1;0;1;2;-16,4377;-39,082;"SPRF-BA";"DEL09-BA";"UOP03-DEL09-BA"
663692;2025-02-25;"terça-feira";"16:30:00";"BA";324;543;"AMELIA RODRIGUES";"Pedestre andava na pista";"Atropelamento de Pedestre";"Com Vítimas Feridas";"Pleno dia";"Crescente";"Céu Claro";"Dupla";"Reta";"Sim";2;0;0;1;1;0;1;2;-12,3961398;-38,7689038;"SPRF-BA";"DEL01-BA";"UOP03-DEL01-BA"
663693;2025-02-25;"terça-feira";"19:00:00";"MT";364;206;"RONDONOPOLIS";"Ausência de reação do condutor";"Colisão com objeto";"Sem Vítimas";"Plena Noite";"Crescente";"Céu Claro";"Dupla";"Interseção de Vias;Retorno Regulamentado";"Sim";2;0;0;0;2;0;0;1;-16,448853;-54,665739;"SPRF-MT";"DEL02-MT";"UOP01-DEL02-MT"
663694;2025-02-25;"terça-feira";"17:35:00";"TO";153;496,9;"PARAISO DO TOCANTINS";"Acessar a via sem observar a presença dos outros veículos";"Colisão transversal";"Com Vítimas Feridas";"Pleno dia";"Crescente";"Nublado";"Simples";"Interseção de Vias;Túnel;Reta;Declive";"Sim";2;0;1;1;0;0;2;2;-10,173896;-48,880894;"SPRF-TO";"DEL01-TO";"UOP01-DEL01-TO"
663695;2025-02-25;"terça-feira";"17:30:00";"SP";116;169;"SAO JOSE DOS CAMPOS";"Avarias e/ou desgaste excessivo no pneu";"Tombamento";"Com Vítimas Feridas";"Pleno dia";"Crescente";"Céu Claro";"Dupla";"Declive";"Não";1;0;1;0;0;0;1;1;-23,2423424;-45,924352;"SPRF-SP";"DEL02-SP";"UOP01-DEL02-SP"
663696;2025-02-25;"terça-feira";"17:10:00";"SC";282;22,2;"SANTO AMARO DA IMPERATRIZ";"Reação tardia ou ineficiente do condutor";"Tombamento";"Com Vítimas Feridas";"Pleno dia";"Crescente";"Sol";"Simples";"Reta";"Sim";1;0;1;0;0;0;1;1;-27,68897114;-48,73041609;"SPRF-SC";"DEL01-SC";"UOP02-DEL01-SC"
663697;2025-02-25;"terça-feira";"19:20:00";"MG";146;439,5;"CABO VERDE";"Acessar a via sem observar a presença dos outros veículos";"Colisão transversal";"Com Vítimas Feridas";"Plena Noite";"Crescente";"Céu Claro";"Simples";"Interseção de Vias;Reta;Declive";"Sim";3;0;2;0;0;1;2;3;-21,47222958;-46,40265584;"SPRF-MG";"DEL09-MG";"UOP01-DEL09-MG"
663698;2025-02-25;"terça-feira";"19:45:00";"PB";230;6;"CABEDELO";"Velocidade Incompatível";"Colisão traseira";"Com Vítimas Feridas";"Plena Noite";"Decrescente";"Céu Claro";"Dupla";"Em Obras;Reta";"Sim";2;0;1;0;0;1;1;2;-7,0242302;-34,8378828;"SPRF-PB";"DEL01-PB";"UOP01-DEL01-PB"
663699;2025-02-25;"terça-feira";"19:40:00";"CE";222;1,2;"FORTALEZA";"Trafegar com motocicleta (ou similar) entre as faixas";"Queda de ocupante de veículo";"Com Vítimas Feridas";"Plena Noite";"Crescente";"Nublado";"Múltipla";"Reta";"Sim";2;0;0;2;0;0;2;2;-3,73776643;-38,5786969;"SPRF-CE";"DEL01-CE";"UOP01-DEL01-CE"
663700;2025-02-25;"terça-feira";"19:00:00";"MG";116;524,4;"CARATINGA";"Desrespeitar a preferência no cruzamento";"Colisão transversal";"Com Vítimas Feridas";"Anoitecer";"Decrescente";"Céu Claro";"Simples";"Retorno Regulamentado";"Sim";2;0;1;0;1;0;1;2;-19,78221128;-42,13291168;"SPRF-MG";"DEL06-MG";"UOP02-DEL06-MG"
663701;2025-02-25;"terça-feira";"19:50:00";"MG";381;510;"IGARAPE";"Acessar a via sem observar a presença dos outros veículos";"Colisão transversal";"Com Vítimas Feridas";"Pleno dia";"Decrescente";"Céu Claro";"Simples";"Reta";"Sim";2;0;0;1;1;0;1;2;-20,06349479;-44,29189682;"SPRF-MG";"DEL01-MG";"UOP03-DEL01-MG"
663702;2025-02-25;"terça-feira";"15:10:00";"MG";381;195,4;"PERIQUITO";"Reação tardia ou ineficiente do condutor";"Saída de leito carroçável";"Com Vítimas Feridas";"Pleno dia";"Crescente";"Sol";"Simples";"Reta";"Não";2;0;2;0;0;0;2;1;-19,114313;-42,206958;"SPRF-MG";"DEL06-MG";"UOP01-DEL06-MG"
663703;2025-02-25;"terça-feira";"21:00:00";"SP";116;166;"JACAREI";"Demais falhas mecânicas ou elétricas";"Incêndio";"Sem Vítimas";"Plena Noite";"Crescente";"Céu Claro";"Múltipla";"Reta";"Sim";2;0;0;0;2;0;0;1;-23,29922089;-46,01256609;"SPRF-SP";"DEL02-SP";"UOP01-DEL02-SP"
663704;2025-02-25;"terça-feira";"21:08:00";"RN";101;78,8;"NATAL";"Acessar a via sem observar a presença dos outros veículos";"Colisão transversal";"Com Vítimas Feridas";"Plena Noite";"Decrescente";"Céu Claro";"Dupla";"Reta";"Não";2;0;0;2;0;0;2;1;-5,7458051;-35,2893048;"SPRF-RN";"DEL02-RN";"UOP01-DEL02-RN"
663705;2025-02-25;"terça-feira";"21:15:00";"SC";470;53,2;"BLUMENAU";"Ausência de sinalização";"Colisão com objeto";"Com Vítimas Feridas";"Plena Noite";"Decrescente";"Ignorado";"Dupla";"Em Obras;Curva";"Sim";1;0;0;1;0;0;1;1;-26,8682479;-49,10381198;"SPRF-SC";"DEL04-SC";"UOP01-DEL04-SC"
663707;2025-02-25;"terça-feira";"17:44:00";"SC";280;28;"ARAQUARI";"Transitar no Acostamento";"Colisão transversal";"Com Vítimas Feridas";"Pleno dia";"Crescente";"Sol";"Simples";"Reta";"Sim";3;0;2;0;1;0;2;2;-26,4041716;-48,7453123;"SPRF-SC";"DEL03-SC";"UOP03-DEL03-SC"
663710;2025-02-25;"terça-feira";"21:50:00";"SC";280;125;"RIO NEGRINHO";"Acesso irregular";"Colisão transversal";"Com Vítimas Feridas";"Plena Noite";"Decrescente";"Céu Claro";"Simples";"Reta";"Sim";2;0;1;0;0;1;1;2;-26,23912555;-49,5026328;"SPRF-SC";"DEL06-SC";"UOP03-DEL06-SC"
663711;2025-02-25;"terça-feira";"21:00:00";"PB";104;131,6;"QUEIMADAS";"Acessar a via sem observar a presença dos outros veículos";"Colisão transversal";"Com Vítimas Feridas";"Plena Noite";"Crescente";"Céu Claro";"Simples";"Reta";"Sim";2;0;2;0;0;0;2;2;-7,289778;-35,890323;"SPRF-PB";"DEL02-PB";"UOP03-DEL02-PB"
663712;2025-02-25;"terça-feira";"22:10:00";"SC";282;74;"RANCHO QUEIMADO";"Demais falhas mecânicas ou elétricas";"Incêndio";"Sem Vítimas";"Plena Noite";"Crescente";"Nevoeiro/Neblina";"Simples";"Curva";"Não";1;0;0;0;1;0;0;1;-27,687104;-49,034993;"SPRF-SC";"DEL01-SC";"UOP03-DEL01-SC"
663713;2025-02-25;"terça-feira";"20:57:00";"SC";101;196,1;"BIGUACU";"Reação tardia ou ineficiente do condutor";"Atropelamento de Pedestre";"Com Vítimas Feridas";"Plena Noite";"Decrescente";"Céu Claro";"Dupla";"Reta";"Sim";2;0;1;0;0;1;1;2;-27,511358;-48,64232;"SPRF-SC";"DEL01-SC";"UOP01-DEL01-SC"
663714;2025-02-25;"terça-feira";"22:50:00";"RJ";116;137;"MAGE";"Ausência de reação do condutor";"Tombamento";"Com Vítimas Feridas";"Plena Noite";"Decrescente";"Céu Claro";"Dupla";"Reta";"Não";1;0;1;0;0;0;1;1;-22,64633361;-43,20270538;"SPRF-RJ";"DEL04-RJ";"UOP02-DEL04-RJ"
663715;2025-02-25;"terça-feira";"17:00:00";"PR";158;336,5;"PALMITAL";"Ausência de reação do condutor";"Saída de leito carroçável";"Com Vítimas Fatais";"Pleno dia";"Crescente";"Céu Claro";"Simples";"Reta";"Não";3;1;2;0;0;0;2;1;-24,897;-52,2595;"SPRF-PR";"DEL04-PR";"UOP02-DEL04-PR"
663716;2025-02-25;"terça-feira";"18:40:00";"RJ";493;3;"ITABORAI";"Reação tardia ou ineficiente do condutor";"Colisão lateral mesmo sentido";"Com Vítimas Feridas";"Plena Noite";"Crescente";"Céu Claro";"Dupla";"Reta";"Sim";2;0;1;0;1;0;1;2;-22,72587347;-42,95103145;"SPRF-RJ";"DEL02-RJ";"UOP02-DEL02-RJ"
663717;2025-02-25;"terça-feira";"21:00:00";"PE";232;509;"SALGUEIRO";"Acesso irregular";"Colisão transversal";"Com Vítimas Feridas";"Plena Noite";"Crescente";"Céu Claro";"Simples";"Reta";"Sim";2;0;0;1;1;0;1;2;-8,06685418;-39,13396287;"SPRF-PE";"DEL05-PE";"UOP01-DEL05-PE"
663720;2025-02-26;"quarta-feira";"00:00:00";"RS";392;61;"PELOTAS";"Condutor Dormindo";"Saída de leito carroçável";"Com Vítimas Feridas";"Plena Noite";"Decrescente";"Céu Claro";"Dupla";"Curva";"Sim";2;0;0;1;1;0;1;1;-31,7856031;-52,3548317;"SPRF-RS";"DEL07-RS";"UOP01-DEL07-RS"
663722;2025-02-26;"quarta-feira";"01:00:00";"GO";60;164,2;"GOIANIA";"Reação tardia ou ineficiente do condutor";"Colisão com objeto";"Com Vítimas Feridas";"Plena Noite";"Crescente";"Céu Claro";"Dupla";"Aclive;Viaduto";"Sim";1;0;0;1;0;0;1;1;-16,71153552;-49,35576439;"SPRF-GO";"DEL01-GO";"UOP02-DEL01-GO"
663728;2025-02-26;"quarta-feira";"03:09:00";"PE";232;9;"JABOATAO DOS GUARARAPES";"Condutor deixou de manter distância do veículo da frente";"Colisão traseira";"Com Vítimas Feridas";"Plena Noite";"Decrescente";"Céu Claro";"Dupla";"Viaduto";"Não";2;0;1;0;0;1;1;2;-8,07833;-34,98015;"SPRF-PE";"DEL01-PE";"UOP01-DEL01-PE"
663732;2025-02-14;"sexta-feira";"08:15:00";"BA";101;35,1;"ESPLANADA";"Desvio temporário";"Colisão lateral mesmo sentido";"Com Vítimas Feridas";"Pleno dia";"Crescente";"Céu Claro";"Simples";"Desvio Temporário";"Não";2;0;1;0;1;0;1;2;-11,77389;-37,9456;"SPRF-SE";"DEL02-SE";"UOP03-DEL02-SE"
663733;2025-02-26;"quarta-feira";"05:00:00";"RJ";101;386;"RIO DE JANEIRO";"Animais na Pista";"Atropelamento de Animal";"Com Vítimas Feridas";"Amanhecer";"Crescente";"Céu Claro";"Dupla";"Reta";"Sim";1;0;1;0;0;0;1;1;-22,88408;-43,645273;"SPRF-RJ";"DEL03-RJ";"UOP01-DEL03-RJ"
663734;2025-02-25;"terça-feira";"19:30:00";"MA";10;109;"ESTREITO";"Transitar na contramão";"Colisão frontal";"Com Vítimas Fatais";"Plena Noite";"Decrescente";"Chuva";"Simples";"Reta";"Não";7;2;1;0;4;0;1;2;-6,71630125;-47,4615424;"SPRF-MA";"DEL04-MA";"UOP02-DEL04-MA"
663736;2025-02-26;"quarta-feira";"06:40:00";"RS";116;225;"DOIS IRMAOS";"Acesso irregular";"Colisão traseira";"Com Vítimas Feridas";"Pleno dia";"Crescente";"Céu Claro";"Simples";"Interseção de Vias;Aclive;Reta";"Sim";2;0;1;0;1;0;1;2;-29,59810001;-51,110522;"SPRF-RS";"DEL01-RS";"UOP02-DEL01-RS"
663737;2025-02-25;"terça-feira";"22:15:00";"RJ";116;148;"DUQUE DE CAXIAS";"Acumulo de óleo sobre o pavimento";"Tombamento";"Com Vítimas Feridas";"Plena Noite";"Crescente";"Céu Claro";"Dupla";"Curva;Declive";"Sim";1;0;1;0;0;0;1;1;-22,67146165;-43,28677654;"SPRF-RJ";"DEL01-RJ";"UOP02-DEL01-RJ"
663738;2025-02-26;"quarta-feira";"07:00:00";"SP";153;61;"SAO JOSE DO RIO PRETO";"Frear bruscamente";"Colisão traseira";"Com Vítimas Feridas";"Pleno dia";"Crescente";"Céu Claro";"Dupla";"Interseção de Vias;Reta;Declive";"Sim";1;0;1;0;0;0;1;1;-20,83235;-49,36322;"SPRF-SP";"DEL09-SP";"UOP01-DEL09-SP"
663743;2025-02-26;"quarta-feira";"07:00:00";"RN";304;301;"MACAIBA";"Manobra de mudança de faixa";"Colisão lateral mesmo sentido";"Com Vítimas Feridas";"Pleno dia";"Crescente";"Céu Claro";"Dupla";"Reta";"Não";2;0;1;0;1;0;1;2;-5,8769425;-35,3045122;"SPRF-RN";"DEL01-RN";"UOP02-DEL01-RN"
663745;2025-02-26;"quarta-feira";"06:15:00";"RS";386;42,5;"FREDERICO WESTPHALEN";"Transitar na contramão";"Colisão lateral sentido oposto";"Com Vítimas Feridas";"Pleno dia";"Crescente";"Sol";"Simples";"Reta";"Não";3;0;2;1;0;0;3;2;-27,42585033;-53,42181444;"SPRF-RS";"DEL08-RS";"UOP02-DEL08-RS"
663746;2025-02-26;"quarta-feira";"07:00:00";"PR";116;116,7;"CURITIBA";"Manobra de mudança de faixa";"Colisão traseira";"Com Vítimas Feridas";"Pleno dia";"Decrescente";"Céu Claro";"Dupla";"Reta";"Sim";2;0;1;0;1;0;1;2;-25,55764304;-49,3063693;"SPRF-PR";"DEL01-PR";"UOP03-DEL01-PR"
663747;2025-01-22;"quarta-feira";"15:00:00";"AP";156;766;"OIAPOQUE";"Acessar a via sem observar a presença dos outros veículos";"Colisão transversal";"Sem Vítimas";"Pleno dia";"Decrescente";"Chuva";"Simples";"Reta";"Não";7;0;0;0;7;0;0;2;3,41390805;-51,73082785;"SPRF-AP";"DEL01-AP";"UOP03-DEL01-AP"
663748;2025-02-23;"domingo";"01:00:00";"RJ";101;409;"ITAGUAI";"Ingestão de álcool pelo condutor";"Atropelamento de Pedestre";"Com Vítimas Fatais";"Plena Noite";"Decrescente";"Céu Claro";"Dupla";"Reta";"Sim";3;1;0;0;2;0;0;2;-22,89641272;-43,85416567;"SPRF-RJ";"DEL03-RJ";"UOP01-DEL03-RJ"
663749;2025-02-26;"quarta-feira";"07:00:00";"PR";153;109,1;"IBAITI";"Reação tardia ou ineficiente do condutor";"Colisão transversal";"Com Vítimas Feridas";"Pleno dia";"Crescente";"Céu Claro";"Simples";"Reta";"Sim";2;0;1;0;1;0;1;2;-23,84776;-50,19211;"SPRF-PR";"DEL07-PR";"UOP04-DEL07-PR"
663750;2025-02-26;"quarta-feira";"06:10:00";"PR";153;460;"UNIAO DA VITORIA";"Velocidade Incompatível";"Saída de leito carroçável";"Com Vítimas Feridas";"Amanhecer";"Decrescente";"Nublado";"Simples";"Curva";"Não";1;0;0;1;0;0;1;1;-26,22676932;-51,13664894;"SPRF-PR";"DEL02-PR";"UOP03-DEL02-PR"
663751;2025-02-26;"quarta-feira";"07:30:00";"RJ";101;310,7;"SAO GONCALO";"Manobra de mudança de faixa";"Colisão lateral mesmo sentido";"Com Vítimas Feridas";"Pleno dia";"Crescente";"Céu Claro";"Dupla";"Reta";"Sim";2;0;1;0;1;0;1;2;-22,79859973;-43,04891212;"SPRF-RJ";"DEL02-RJ";"UOP02-DEL02-RJ"
663754;2025-02-26;"quarta-feira";"07:30:00";"MG";381;485;"BETIM";"Frear bruscamente";"Queda de ocupante de veículo";"Com Vítimas Feridas";"Pleno dia";"Decrescente";"Céu Claro";"Dupla";"Reta;Declive";"Não";1;0;1;0;0;0;1;1;-19,9965181;-44,2090461;"SPRF-MG";"DEL01-MG";"UOP03-DEL01-MG"
663755;2025-02-26;"quarta-feira";"07:35:00";"SC";280;26,8;"ARAQUARI";"Condutor deixou de manter distância do veículo da frente";"Colisão lateral mesmo sentido";"Com Vítimas Feridas";"Pleno dia";"Crescente";"Céu Claro";"Simples";"Reta";"Não";3;0;2;0;1;0;2;2;-26,396508;-48,740423;"SPRF-SC";"DEL03-SC";"UOP03-DEL03-SC"
663757;2025-02-26;"quarta-feira";"06:55:00";"MS";163;482;"CAMPO GRANDE";"Problema na suspensão";"Saída de leito carroçável";"Com Vítimas Feridas";"Pleno dia";"Decrescente";"Nublado";"Simples";"Reta";"Sim";1;0;1;0;0;0;1;1;-20,46094553;-54,55164766;"SPRF-MS";"DEL01-MS";"UOP02-DEL01-MS"
663758;2025-02-26;"quarta-feira";"03:55:00";"RJ";40;92;"PETROPOLIS";"Demais falhas na via";"Saída de leito carroçável";"Com Vítimas Feridas";"Plena Noite";"Decrescente";"Céu Claro";"Simples";"Curva;Declive";"Não";3;0;2;0;1;0;2;1;-22,5367715;-43,2146488;"SPRF-RJ";"DEL01-RJ";"UOP01-DEL01-RJ"
663759;2025-02-23;"domingo";"03:50:00";"BA";420;258;"MUTUIPE";"Reação tardia ou ineficiente do condutor";"Saída de leito carroçável";"Sem Vítimas";"Plena Noite";"Decrescente";"Céu Claro";"Simples";"Curva";"Não";1;0;0;0;0;1;0;1;-13,23321969;-39,52222109;"SPRF-BA";"DEL01-BA";"UOP02-DEL01-BA"
663760;2025-02-26;"quarta-feira";"08:00:00";"PR";277;79,8;"CURITIBA";"Trafegar com motocicleta (ou similar) entre as faixas";"Colisão traseira";"Com Vítimas Feridas";"Pleno dia";"Crescente";"Sol";"Dupla";"Curva";"Sim";2;0;1;0;1;0;1;2;-25,475405;-49,207743;"SPRF-PR";"DEL01-PR";"UOP03-DEL01-PR"
663761;2025-02-26;"quarta-feira";"08:45:00";"SC";101;273,1;"IMBITUBA";"Manobra de mudança de faixa";"Colisão traseira";"Com Vítimas Feridas";"Pleno dia";"Crescente";"Céu Claro";"Dupla";"Reta";"Não";2;0;1;0;1;0;1;2;-28,13373562;-48,69227126;"SPRF-SC";"DEL02-SC";"UOP03-DEL02-SC"
663762;2025-02-12;"quarta-feira";"08:50:00";"PR";158;519;"PATO BRANCO";"Condutor deixou de manter distância do veículo da frente";"Colisão traseira";"Com Vítimas Feridas";"Pleno dia";"Decrescente";"Céu Claro";"Simples";"Reta";"Não";4;0;2;0;2;0;2;3;-26,10060199;-52,64367598;"SPRF-PR";"DEL02-PR";"UOP01-DEL02-PR"
663763;2025-02-26;"quarta-feira";"07:50:00";"MG";146;431,5;"PATOS DE MINAS";"Acessar a via sem observar a presença dos outros veículos";"Colisão transversal";"Com Vítimas Feridas";"Amanhecer";"Decrescente";"Céu Claro";"Simples";"Interseção de Vias";"Não";3;0;2;0;1;0;2;2;-18,75902689;-46,66377854;"SPRF-MG";"DEL09-MG";"UOP01-DEL09-MG"
663764;2025-02-26;"quarta-feira";"01:20:00";"RJ";116;169;"RIO DE JANEIRO";"Manobra de mudança de faixa";"Queda de ocupante de veículo";"Com Vítimas Feridas";"Plena Noite";"Decrescente";"Céu Claro";"Múltipla";"Curva";"Não";1;0;1;0;0;0;1;1;-22,817494;-43,322473;"SPRF-RJ";"DEL06-RJ";"UOP01-DEL06-RJ"
663765;2025-02-26;"quarta-feira";"08:50:00";"ES";101;335;"GUARAPARI";"Acumulo de óleo sobre o pavimento";"Tombamento";"Com Vítimas Feridas";"Pleno dia";"Decrescente";"Sol";"Simples";"Aclive;Viaduto;Curva";"Não";1;0;1;0;0;0;1;1;-20,52434115;-40,47863781;"SPRF-ES";"DEL03-ES";"UOP01-DEL03-ES"
663766;2025-02-26;"quarta-feira";"08:28:00";"DF";20;4;"BRASILIA";"Condutor deixou de manter distância do veículo da frente";"Colisão traseira";"Sem Vítimas";"Pleno dia";"Decrescente";"Céu Claro";"Dupla";"Reta";"Sim";2;0;0;0;2;0;0;2;-15,671468;-47,817765;"SPRF-DF";"DEL02-DF";"UOP01-DEL02-DF"
663767;2025-02-26;"quarta-feira";"07:50:00";"RS";470;175;"VERANOPOLIS";"Acessar a via sem observar a presença dos outros veículos";"Colisão transversal";"Com Vítimas Feridas";"Pleno dia";"Decrescente";"Céu Claro";"Simples";"Reta";"Sim";2;0;1;0;1;0;1;2;-28,92678668;-51,54156446;"SPRF-RS";"DEL06-RS";"UOP02-DEL06-RS"
663768;2025-02-26;"quarta-feira";"08:20:00";"MG";40;778,2;"JUIZ DE FORA";"Pedestre cruzava a pista fora da faixa";"Atropelamento de Pedestre";"Com Vítimas Feridas";"Pleno dia";"Decrescente";"Sol";"Dupla";"Reta";"Não";2;0;1;0;1;0;1;2;-21,68540391;-43,45148832;"SPRF-MG";"DEL05-MG";"UOP01-DEL05-MG"
663769;2025-02-26;"quarta-feira";"08:55:00";"SC";101;200,6;"SAO JOSE";"Conversão proibida";"Colisão lateral mesmo sentido";"Com Vítimas Feridas";"Pleno dia";"Decrescente";"Sol";"Múltipla";"Reta;Interseção de Vias";"Sim";2;0;0;1;1;0;1;2;-27,54524212;-48,61963034;"SPRF-SC";"DEL01-SC";"UOP01-DEL01-SC"
663770;2025-02-26;"quarta-feira";"08:20:00";"RJ";493;108;"SEROPEDICA";"Avarias e/ou desgaste excessivo no pneu";"Saída de leito carroçável";"Com Vítimas Feridas";"Pleno dia";"Crescente";"Céu Claro";"Dupla";"Reta";"Não";1;0;0;1;0;0;1;1;-22,791624;-43,780505;"SPRF-RJ";"DEL01-RJ";"UOP03-DEL01-RJ"
663771;2025-02-26;"quarta-feira";"08:00:00";"AM";230;614;"HUMAITA";"Condutor desrespeitou a iluminação vermelha do semáforo";"Colisão transversal";"Com Vítimas Feridas";"Pleno dia";"Crescente";"Nublado";"Simples";"Reta";"Sim";2;0;1;0;1;0;1;2;-7,51089644;-63,02993774;"SPRF-AM";"DEL01-AM";"UOP05-DEL01-AM"
663772;2025-02-26;"quarta-feira";"09:10:00";"SP";116;227;"SAO PAULO";"Ultrapassagem Indevida";"Colisão transversal";"Com Vítimas Feridas";"Pleno dia";"Crescente";"Céu Claro";"Múltipla";"Interseção de Vias";"Sim";2;0;0;1;1;0;1;2;-23,50518;-46,568724;"SPRF-SP";"DEL01-SP";"UOP01-DEL01-SP"
663773;2025-02-26;"quarta-feira";"08:03:00";"MG";365;626,7;"UBERLANDIA";"Reação tardia ou ineficiente do condutor";"Colisão traseira";"Com Vítimas Feridas";"Pleno dia";"Decrescente";"Céu Claro";"Dupla";"Interseção de Vias";"Sim";2;0;1;0;1;0;1;2;-18,9058509239;-48,3203400002;"SPRF-MG";"DEL15-MG";"UOP01-DEL15-MG"
663778;2025-02-26;"quarta-feira";"08:20:00";"PE";101;63;"RECIFE";"Transitar no Acostamento";"Atropelamento de Pedestre";"Com Vítimas Feridas";"Pleno dia";"Decrescente";"Céu Claro";"Dupla";"Reta";"Não";2;0;0;1;1;0;1;2;-8,014843;-34,939434;"SPRF-PE";"DEL01-PE";"UOP01-DEL01-PE"
663781;2025-02-26;"quarta-feira";"08:00:00";"PR";376;594,5;"CURITIBA";"Reação tardia ou ineficiente do condutor";"Colisão com objeto";"Com Vítimas Feridas";"Pleno dia";"Decrescente";"Céu Claro";"Dupla";"Reta";"Sim";1;0;1;0;0;0;1;1;-25,45546864;-49,3609339;"SPRF-PR";"DEL03-PR";"UOP03-DEL03-PR"
663783;2025-02-26;"quarta-feira";"06:50:00";"MT";163;752;"SORRISO";"Reação tardia ou ineficiente do condutor";"Colisão traseira";"Com Vítimas Feridas";"Pleno dia";"Decrescente";"Chuva";"Dupla";"Aclive;Viaduto";"Sim";3;0;1;0;2;0;1;2;-12,55891997;-55,71849346;"SPRF-MT";"DEL06-MT";"UOP01-DEL06-MT"
663787;2025-02-26;"quarta-feira";"10:10:00";"SP";116;75,3;"APARECIDA";"Ausência de reação do condutor";"Colisão com objeto";"Com Vítimas Feridas";"Pleno dia";"Crescente";"Céu Claro";"Dupla";"Em Obras;Reta";"Sim";1;0;0;1;0;0;1;1;-22,8753033;-45,26496;"SPRF-SP";"DEL08-SP";"UOP01-DEL08-SP"
663789;2025-02-26;"quarta-feira";"11:00:00";"SP";116;209,8;"GUARULHOS";"Manobra de mudança de faixa";"Colisão lateral mesmo sentido";"Com Vítimas Feridas";"Pleno dia";"Decrescente";"Céu Claro";"Múltipla";"Reta;Interseção de Vias";"Sim";2;0;2;0;0;0;2;2;-23,4298757;-46,4135405;"SPRF-SP";"DEL01-SP";"UOP01-DEL01-SP"
663790;2025-02-26;"quarta-feira";"09:30:00";"ES";262;0,9;"CARIACICA";"Ausência de reação do condutor";"Colisão com objeto";"Com Vítimas Feridas";"Pleno dia";"Crescente";"Céu Claro";"Dupla";"Reta";"Não";1;0;0;1;0;0;1;1;-20,33023865;-40,35482168;"SPRF-ES";"DEL01-ES";"UOP01-DEL01-ES"
663791;2025-02-24;"segunda-feira";"15:00:00";"BA";101;475;"URUCUCA";"Ausência de reação do condutor";"Engavetamento";"Sem Vítimas";"Pleno dia";"Crescente";"Céu Claro";"Simples";"Reta";"Não";3;0;0;0;3;0;0;3;-14,57606937;-39,3366623;"SPRF-BA";"DEL05-BA";"UOP01-DEL05-BA"
663792;2025-02-26;"quarta-feira";"06:57:00";"RS";116;642;"ARROIO GRANDE";"Animais na Pista";"Capotamento";"Com Vítimas Feridas";"Pleno dia";"Crescente";"Céu Claro";"Simples";"Ponte;Reta";"Não";1;0;1;0;0;0;1;1;-32,2409117;-53,0889048;"SPRF-RS";"DEL07-RS";"UOP03-DEL07-RS"
663794;2025-02-26;"quarta-feira";"11:00:00";"PE";101;53;"ABREU E LIMA";"Reação tardia ou ineficiente do condutor";"Colisão traseira";"Com Vítimas Feridas";"Pleno dia";"Decrescente";"Céu Claro";"Dupla";"Reta";"Sim";2;0;1;0;0;1;1;2;-7,92461355;-34,93757486;"SPRF-PE";"DEL01-PE";"UOP02-DEL01-PE"
663797;2025-02-26;"quarta-feira";"10:35:00";"RJ";465;5;"SEROPEDICA";"Ultrapassagem Indevida";"Colisão transversal";"Com Vítimas Feridas";"Pleno dia";"Crescente";"Céu Claro";"Simples";"Reta";"Sim";2;0;1;0;1;0;1;2;-22,74450286;-43,70229363;"SPRF-RJ";"DEL06-RJ";"UOP02-DEL06-RJ"
663798;2025-02-26;"quarta-feira";"08:45:00";"PI";343;148;"PIRACURUCA";"Transitar na contramão";"Saída de leito carroçável";"Com Vítimas Feridas";"Pleno dia";"Crescente";"Céu Claro";"Simples";"Curva";"Não";1;0;0;1;0;0;1;1;-3,97180599;-41,75311089;"SPRF-PI";"DEL02-PI";"UOP01-DEL02-PI"
663799;2025-02-26;"quarta-feira";"10:50:00";"MA";10;255;"IMPERATRIZ";"Condutor deixou de manter distância do veículo da frente";"Colisão traseira";"Sem Vítimas";"Pleno dia";"Decrescente";"Céu Claro";"Simples";"Reta";"Sim";2;0;0;0;2;0;0;2;-5,508045;-47,47183;"SPRF-MA";"DEL04-MA";"UOP01-DEL04-MA"
663800;2025-02-26;"quarta-feira";"12:00:00";"GO";153;547,5;"HIDROLANDIA";"Reação tardia ou ineficiente do condutor";"Saída de leito carroçável";"Com Vítimas Feridas";"Pleno dia";"Decrescente";"Nublado";"Dupla";"Reta";"Não";3;0;3;0;0;0;3;1;-17,04365529;-49,22424316;"SPRF-GO";"DEL01-GO";"UOP03-DEL01-GO"
663801;2025-02-26;"quarta-feira";"10:40:00";"PR";153;31,2;"SANTO ANTONIO DA PLATINA";"Condutor deixou de manter distância do veículo da frente";"Colisão traseira";"Sem Vítimas";"Pleno dia";"Crescente";"Céu Claro";"Simples";"Reta";"Não";2;0;0;0;2;0;0;2;-23,22496524;-50,02451241;"SPRF-PR";"DEL07-PR";"UOP04-DEL07-PR"