"id";"data_inversa";"dia_semana";"horario";"uf";"br";"km";"municipio";"causa_acidente";"tipo_acidente";"classificacao_acidente";"fase_dia";"sentido_via";"condicao_metereologica";"tipo_pista";"tracado_via";"uso_solo";"pessoas";"mortos";"feridos_leves";"feridos_graves";"ilesos";"ignorados";"feridos";"veiculos";"latitude";"longitude";"regional";"delegacia";"uop"
663803;2025-02-26;"quarta-feira";"12:15:00";"SC";282;16;"PALHOCA";"Condutor deixou de manter distância do veículo da frente";"Colisão traseira";"Com Vítimas Feridas";"Pleno dia";"Decrescente";"Céu Claro";"Simples";"Reta";"Não";4;0;2;0;1;1;2;3;-27,656002;-48,680635;"SPRF-SC";"DEL01-SC";"UOP02-DEL01-SC"
663807;2025-02-26;"quarta-feira";"10:50:00";"MG";116;702;"MURIAE";"Desrespeitar a preferência no cruzamento";"Colisão transversal";"Com Vítimas Feridas";"Pleno dia";"Crescente";"Céu Claro";"Simples";"Interseção de Vias";"Não";3;0;3;0;0;0;3;2;-21,124699;-42,381339;"SPRF-MG";"DEL07-MG";"UOP02-DEL07-MG"
663808;2025-02-26;"quarta-feira";"13:15:00";"CE";116;16;"EUSEBIO";"Manobra de mudança de faixa";"Colisão lateral mesmo sentido";"Com Vítimas Feridas";"Pleno dia";"Decrescente";"Nublado";"Dupla";"Reta";"Não";2;0;1;0;1;0;1;2;-3,908778;-38,505771;"SPRF-CE";"DEL01-CE";"UOP02-DEL01-CE"
663811;2025-02-26;"quarta-feira";"10:00:00";"RJ";101;282;"ITABORAI";"Ausência de reação do condutor";"Tombamento";"Com Vítimas Feridas";"Pleno dia";"Decrescente";"Céu Claro";"Dupla";"Reta";"Sim";1;0;1;0;0;0;1;1;-22,75110011;-42,81737753;"SPRF-RJ";"DEL02-RJ";"UOP02-DEL02-RJ"
663814;2025-02-26;"quarta-feira";"12:25:00";"MG";40;25,8;"PARACATU";"Demais falhas mecânicas ou elétricas";"Incêndio";"Sem Vítimas";"Pleno dia";"Crescente";"Céu Claro";"Simples";"Reta";"Não";1;0;0;0;1;0;0;1;-17,138281;-46,968779;"SPRF-MG";"DEL14-MG";"UOP01-DEL14-MG"
663817;2025-02-26;"quarta-feira";"13:45:00";"RS";290;266;"PORTO ALEGRE";"Velocidade Incompatível";"Engavetamento";"Sem Vítimas";"Pleno dia";"Decrescente";"Céu Claro";"Múltipla";"Reta";"Sim";4;0;0;0;4;0;0;3;-29,9699852;-51,1711746;"SPRF-RS";"DEL02-RS";"UOP03-DEL02-RS"
663819;2025-02-26;"quarta-feira";"13:00:00";"SC";101;109,6;"PENHA";"Acumulo de areia ou detritos sobre o pavimento";"Tombamento";"Com Vítimas Feridas";"Pleno dia";"Crescente";"Sol";"Dupla";"Reta";"Sim";1;0;1;0;0;0;1;1;-26,83454182;-48,70204389;"SPRF-SC";"DEL03-SC";"UOP02-DEL03-SC"
663821;2025-02-26;"quarta-feira";"11:00:00";"MG";251;334,7;"SALINAS";"Condutor usando celular";"Saída de leito carroçável";"Com Vítimas Feridas";"Pleno dia";"Decrescente";"Sol";"Simples";"Curva";"Não";1;0;1;0;0;0;1;1;-16,17642271;-42,33194514;"SPRF-MG";"DEL12-MG";"UOP02-DEL12-MG"
663824;2025-02-26;"quarta-feira";"14:27:00";"DF";70;14;"BRASILIA";"Ausência de reação do condutor";"Colisão lateral mesmo sentido";"Sem Vítimas";"Pleno dia";"Decrescente";"Céu Claro";"Dupla";"Reta";"Não";2;0;0;0;2;0;0;2;-15,79918031;-48,18194437;"SPRF-DF";"DEL03-DF";"UOP02-DEL03-DF"
663825;2025-02-26;"quarta-feira";"14:40:00";"ES";101;214,2;"IBIRACU";"Acessar a via sem observar a presença dos outros veículos";"Atropelamento de Pedestre";"Com Vítimas Feridas";"Pleno dia";"Crescente";"Sol";"Simples";"Reta";"Sim";2;0;1;0;1;0;1;2;-19,82720243;-40,36880851;"SPRF-ES";"DEL02-ES";"UOP01-DEL02-ES"
663826;2025-02-09;"domingo";"11:25:00";"PB";230;157,4;"CAMPINA GRANDE";"Acessar a via sem observar a presença dos outros veículos";"Colisão transversal";"Com Vítimas Feridas";"Pleno dia";"Crescente";"Céu Claro";"Simples";"Interseção de Vias";"Sim";2;0;0;1;1;0;1;2;-7,264;-35,9199;"SPRF-PB";"DEL02-PB";"UOP01-DEL02-PB"
663827;2025-02-26;"quarta-feira";"14:30:00";"SC";101;151;"ITAPEMA";"Condutor deixou de manter distância do veículo da frente";"Colisão lateral mesmo sentido";"Com Vítimas Feridas";"Pleno dia";"Decrescente";"Sol";"Dupla";"Reta";"Sim";2;0;0;1;1;0;1;2;-27,13081841;-48,60964179;"SPRF-SC";"DEL04-SC";"UOP03-DEL04-SC"
663829;2025-02-26;"quarta-feira";"15:00:00";"MG";146;432,4;"CABO VERDE";"Acessar a via sem observar a presença dos outros veículos";"Colisão transversal";"Com Vítimas Feridas";"Pleno dia";"Decrescente";"Céu Claro";"Simples";"Interseção de Vias";"Sim";2;0;1;1;0;0;2;2;-21,42008;-46,428987;"SPRF-MG";"DEL09-MG";"UOP01-DEL09-MG"
663830;2025-02-26;"quarta-feira";"14:15:00";"RJ";393;284,5;"VOLTA REDONDA";"Reação tardia ou ineficiente do condutor";"Colisão traseira";"Com Vítimas Feridas";"Pleno dia";"Decrescente";"Sol";"Dupla";"Reta";"Sim";4;0;1;1;2;0;2;2;-22,4965383;-44,07096;"SPRF-RJ";"DEL05-RJ";"UOP04-DEL05-RJ"
663831;2025-02-26;"quarta-feira";"14:09:00";"DF";60;3,8;"BRASILIA";"Reação tardia ou ineficiente do condutor";"Colisão traseira";"Com Vítimas Feridas";"Pleno dia";"Crescente";"Céu Claro";"Dupla";"Reta";"Sim";2;0;1;0;1;0;1;2;-15,892053;-48,093324;"SPRF-DF";"DEL03-DF";"UOP01-DEL03-DF"
663832;2025-02-26;"quarta-feira";"15:00:00";"MG";262;456;"BELO HORIZONTE";"Velocidade Incompatível";"Colisão traseira";"Com Vítimas Feridas";"Pleno dia";"Decrescente";"Céu Claro";"Dupla";"Reta";"Não";2;0;0;1;1;0;1;2;-19,85699367;-43,90024781;"SPRF-MG";"DEL08-MG";"UOP03-DEL08-MG"
663834;2025-02-26;"quarta-feira";"13:30:00";"BA";116;824,9;"VITORIA DA CONQUISTA";"Manobra de mudança de faixa";"Colisão transversal";"Com Vítimas Feridas";"Pleno dia";"Crescente";"Nublado";"Dupla";"Reta;Retorno Regulamentado";"Sim";2;0;1;0;1;0;1;2;-14,8698457;-40,8513273;"SPRF-BA";"DEL08-BA";"UOP01-DEL08-BA"
663835;2025-02-26;"quarta-feira";"13:40:00";"MS";262;354,8;"CAMPO GRANDE";"Ausência de reação do condutor";"Tombamento";"Com Vítimas Feridas";"Pleno dia";"Crescente";"Nublado";"Simples";"Reta";"Sim";1;0;0;1;0;0;1;1;-20,55084487;-54,67169571;"SPRF-MS";"DEL01-MS";"UOP03-DEL01-MS"
663836;2025-02-26;"quarta-feira";"14:40:00";"RJ";116;231,7;"PIRAI";"Reação tardia ou ineficiente do condutor";"Queda de ocupante de veículo";"Com Vítimas Feridas";"Pleno dia";"Decrescente";"Sol";"Simples";"Curva;Declive";"Não";1;0;1;0;0;0;1;1;-22,6734812;-43,83463383;"SPRF-RJ";"DEL07-RJ";"UOP01-DEL07-RJ"
663837;2025-02-26;"quarta-feira";"15:10:00";"PR";116;3;"QUATRO BARRAS";"Ausência de reação do condutor";"Colisão traseira";"Com Vítimas Feridas";"Pleno dia";"Decrescente";"Nublado";"Dupla";"Em Obras;Reta;Declive";"Não";2;0;1;0;1;0;1;2;-25,356869;-49,068777;"SPRF-PR";"DEL01-PR";"UOP02-DEL01-PR"
663838;2025-01-24;"sexta-feira";"07:00:00";"CE";116;5;"FORTALEZA";"Condutor deixou de manter distância do veículo da frente";"Colisão traseira";"Sem Vítimas";"Pleno dia";"Decrescente";"Nublado";"Múltipla";"Reta";"Sim";4;0;0;0;4;0;0;4;-3,77866493;-38,51490171;"SPRF-CE";"DEL01-CE";"UOP02-DEL01-CE"
663839;2025-02-26;"quarta-feira";"15:05:00";"SC";101;45;"JOINVILLE";"Reação tardia ou ineficiente do condutor";"Colisão lateral mesmo sentido";"Com Vítimas Feridas";"Pleno dia";"Decrescente";"Céu Claro";"Dupla";"Reta";"Sim";3;0;1;0;2;0;1;2;-26,35029241;-48,85774302;"SPRF-SC";"DEL03-SC";"UOP01-DEL03-SC"
663841;2025-02-26;"quarta-feira";"10:15:00";"MA";135;10,9;"SAO LUIS";"Acessar a via sem observar a presença dos outros veículos";"Colisão lateral mesmo sentido";"Com Vítimas Feridas";"Pleno dia";"Decrescente";"Chuva";"Dupla";"Reta;Retorno Regulamentado";"Sim";2;0;1;0;1;0;1;2;-2,66472656;-44,28661823;"SPRF-MA";"DEL01-MA";"UOP01-DEL01-MA"
663843;2025-02-26;"quarta-feira";"16:10:00";"PB";230;168;"CAMPINA GRANDE";"Condutor deixou de manter distância do veículo da frente";"Colisão traseira";"Com Vítimas Feridas";"Pleno dia";"Crescente";"Céu Claro";"Simples";"Reta";"Não";4;0;1;0;3;0;1;4;-7,185912;-35,973255;"SPRF-PB";"DEL02-PB";"UOP02-DEL02-PB"
663847;2025-01-24;"sexta-feira";"07:30:00";"BA";367;6;"ITAGIMIRIM";"Reação tardia ou ineficiente do condutor";"Saída de leito carroçável";"Com Vítimas Feridas";"Pleno dia";"Decrescente";"Chuva";"Simples";"Reta";"Não";3;0;2;1;0;0;3;1;-16,083094;-39,66682434;"SPRF-BA";"DEL09-BA";"UOP03-DEL09-BA"
663848;2025-02-26;"quarta-feira";"16:00:00";"GO";153;517;"HIDROLANDIA";"Reação tardia ou ineficiente do condutor";"Saída de leito carroçável";"Sem Vítimas";"Pleno dia";"Decrescente";"Céu Claro";"Múltipla";"Reta";"Não";1;0;0;0;1;0;0;1;-16,88010569;-49,25370106;"SPRF-GO";"DEL01-GO";"UOP03-DEL01-GO"
663849;2025-02-26;"quarta-feira";"16:35:00";"RN";101;99;"PARNAMIRIM";"Demais falhas mecânicas ou elétricas";"Tombamento";"Com Vítimas Feridas";"Pleno dia";"Decrescente";"Céu Claro";"Dupla";"Viaduto";"Sim";2;0;1;0;1;0;1;1;-5,874628;-35,221363;"SPRF-RN";"DEL01-RN";"UOP01-DEL01-RN"
663851;2025-02-26;"quarta-feira";"15:40:00";"RS";386;264,7;"FONTOURA XAVIER";"Condutor deixou de manter distância do veículo da frente";"Colisão traseira";"Sem Vítimas";"Pleno dia";"Decrescente";"Chuva";"Simples";"Reta";"Não";8;0;0;0;8;0;0;3;-28,9248;-52,38093;"SPRF-RS";"DEL04-RS";"UOP03-DEL04-RS"
663852;2025-02-26;"quarta-feira";"16:29:00";"SC";101;154;"PORTO BELO";"Ausência de reação do condutor";"Colisão traseira";"Com Vítimas Feridas";"Pleno dia";"Decrescente";"Céu Claro";"Dupla";"Reta";"Sim";2;0;0;1;1;0;1;2;-27,15756004;-48,61070395;"SPRF-SC";"DEL04-SC";"UOP03-DEL04-SC"
663854;2025-02-26;"quarta-feira";"16:20:00";"ES";101;236,9;"FUNDAO";"Ultrapassagem Indevida";"Colisão lateral sentido oposto";"Com Vítimas Feridas";"Pleno dia";"Decrescente";"Céu Claro";"Simples";"Reta";"Não";3;0;1;0;2;0;1;2;-20,01252593;-40,40576443;"SPRF-ES";"DEL02-ES";"UOP01-DEL02-ES"
663855;2025-02-26;"quarta-feira";"16:40:00";"RS";116;265;"CANOAS";"Condutor deixou de manter distância do veículo da frente";"Colisão traseira";"Com Vítimas Feridas";"Pleno dia";"Decrescente";"Céu Claro";"Dupla";"Declive;Reta";"Sim";2;0;1;0;1;0;1;2;-29,9237013;-51,1777044;"SPRF-RS";"DEL01-RS";"UOP01-DEL01-RS"
663856;2025-02-26;"quarta-feira";"17:05:00";"RS";116;268;"CANOAS";"Condutor deixou de manter distância do veículo da frente";"Colisão traseira";"Com Vítimas Feridas";"Pleno dia";"Decrescente";"Céu Claro";"Dupla";"Reta";"Sim";2;0;1;0;1;0;1;2;-29,95612439;-51,17706299;"SPRF-RS";"DEL01-RS";"UOP01-DEL01-RS"
663857;2025-02-26;"quarta-feira";"16:20:00";"PR";277;73;"SAO JOSE DOS PINHAIS";"Velocidade Incompatível";"Saída de leito carroçável";"Com Vítimas Feridas";"Pleno dia";"Crescente";"Céu Claro";"Dupla";"Reta";"Sim";2;0;2;0;0;0;2;1;-25,499885;-49,153849;"SPRF-PR";"DEL01-PR";"UOP07-DEL01-PR"
663858;2025-02-26;"quarta-feira";"11:00:00";"AM";174;933;"MANAUS";"Restrição de visibilidade em curvas horizontais";"Saída de leito carroçável";"Com Vítimas Feridas";"Pleno dia";"Decrescente";"Céu Claro";"Simples";"Curva";"Não";1;0;1;0;0;0;1;1;-2,57326299;-60,02609253;"SPRF-AM";"DEL01-AM";"UOP01-DEL01-AM"
663859;2025-02-26;"quarta-feira";"17:30:00";"ES";101;288,9;"CARIACICA";"Desrespeitar a preferência no cruzamento";"Colisão transversal";"Com Vítimas Feridas";"Pleno dia";"Decrescente";"Céu Claro";"Dupla";"Reta;Retorno Regulamentado";"Sim";2;0;0;1;1;0;1;2;-20,27905829;-40,39274454;"SPRF-ES";"DEL01-ES";"UOP01-DEL01-ES"
663861;2025-02-26;"quarta-feira";"16:30:00";"CE";116;51;"PACAJUS";"Avarias e/ou desgaste excessivo no pneu";"Queda de ocupante de veículo";"Com Vítimas Feridas";"Pleno dia";"Crescente";"Céu Claro";"Múltipla";"Reta";"Sim";2;0;0;2;0;0;2;1;-4,182112;-38,491083;"SPRF-CE";"DEL01-CE";"UOP02-DEL01-CE"
663863;2025-02-26;"quarta-feira";"16:36:00";"PI";343;167;"BRASILEIRA";"Avarias e/ou desgaste excessivo no pneu";"Queda de ocupante de veículo";"Com Vítimas Feridas";"Pleno dia";"Decrescente";"Céu Claro";"Simples";"Reta";"Não";2;0;2;0;0;0;2;1;-4,139;-41,782;"SPRF-PI";"DEL02-PI";"UOP01-DEL02-PI"
663864;2025-02-26;"quarta-feira";"17:30:00";"PR";376;252;"CALIFORNIA";"Ausência de reação do condutor";"Colisão traseira";"Com Vítimas Feridas";"Pleno dia";"Crescente";"Céu Claro";"Simples";"Reta";"Sim";3;0;1;0;1;1;1;2;-23,6533218;-51,3748984;"SPRF-PR";"DEL07-PR";"UOP03-DEL07-PR"
663865;2025-02-26;"quarta-feira";"18:00:00";"PR";476;148;"ARAUCARIA";"Reação tardia ou ineficiente do condutor";"Colisão traseira";"Com Vítimas Feridas";"Anoitecer";"Crescente";"Céu Claro";"Múltipla";"Reta";"Sim";2;0;1;0;1;0;1;2;-25,55782243;-49,36263442;"SPRF-PR";"DEL01-PR";"UOP06-DEL01-PR"
663866;2025-02-26;"quarta-feira";"17:45:00";"RS";386;269;"CANOAS";"Ingestão de álcool pelo condutor";"Colisão com objeto";"Sem Vítimas";"Anoitecer";"Decrescente";"Garoa/Chuvisco";"Múltipla";"Reta";"Sim";1;0;0;0;1;0;0;1;-29,9609717;-51,1759394;"SPRF-RS";"DEL04-RS";"UOP03-DEL04-RS"
663869;2025-02-26;"quarta-feira";"17:52:00";"SC";280;33;"ARAQUARI";"Ausência de reação do condutor";"Colisão transversal";"Com Vítimas Feridas";"Pleno dia";"Decrescente";"Céu Claro";"Simples";"Retorno Regulamentado";"Não";2;0;0;1;1;0;1;2;-26,425246;-48,786582;"SPRF-SC";"DEL03-SC";"UOP03-DEL03-SC"
663870;2025-02-26;"quarta-feira";"17:50:00";"SC";470;137;"RIO DO SUL";"Condutor deixou de manter distância do veículo da frente";"Colisão traseira";"Com Vítimas Feridas";"Pleno dia";"Crescente";"Sol";"Simples";"Reta";"Sim";3;0;0;1;2;0;1;3;-27,1882192;-49,6114674;"SPRF-SC";"DEL04-SC";"UOP02-DEL04-SC"
663872;2025-02-26;"quarta-feira";"17:15:00";"RJ";40;104;"DUQUE DE CAXIAS";"Acessar a via sem observar a presença dos outros veículos";"Colisão traseira";"Com Vítimas Feridas";"Pleno dia";"Crescente";"Céu Claro";"Dupla";"Reta";"Sim";2;0;1;0;1;0;1;2;-22,63137395;-43,28555902;"SPRF-RJ";"DEL01-RJ";"UOP02-DEL01-RJ"
663874;2025-02-26;"quarta-feira";"18:10:00";"MG";40;531,8;"BELO HORIZONTE";"Manobra de mudança de faixa";"Colisão lateral mesmo sentido";"Com Vítimas Feridas";"Anoitecer";"Crescente";"Céu Claro";"Dupla";"Declive;Reta";"Sim";6;0;0;1;5;0;1;2;-19,92372561;-44,01700789;"SPRF-MG";"DEL01-MG";"UOP02-DEL01-MG"
663875;2025-02-26;"quarta-feira";"18:10:00";"SC";470;66;"INDAIAL";"Ausência de reação do condutor";"Colisão traseira";"Com Vítimas Feridas";"Pleno dia";"Crescente";"Céu Claro";"Simples";"Reta";"Sim";3;0;2;0;1;0;2;2;-26,87036299;-49,22173262;"SPRF-SC";"DEL04-SC";"UOP01-DEL04-SC"
663876;2025-02-26;"quarta-feira";"15:00:00";"MG";381;483,5;"BETIM";"Reação tardia ou ineficiente do condutor";"Colisão traseira";"Sem Vítimas";"Pleno dia";"Decrescente";"Céu Claro";"Dupla";"Reta;Aclive";"Não";2;0;0;0;2;0;0;2;-19,95969161;-44,08515152;"SPRF-MG";"DEL01-MG";"UOP03-DEL01-MG"
663877;2025-02-26;"quarta-feira";"17:40:00";"SC";282;1,6;"FLORIANOPOLIS";"Condutor deixou de manter distância do veículo da frente";"Colisão traseira";"Com Vítimas Feridas";"Pleno dia";"Crescente";"Céu Claro";"Simples";"Reta";"Sim";2;0;1;0;1;0;1;2;-27,5939328;-48,5556224;"SPRF-SC";"DEL01-SC";"UOP01-DEL01-SC"
663878;2025-02-26;"quarta-feira";"16:00:00";"GO";60;199;"GUAPO";"Chuva";"Saída de leito carroçável";"Com Vítimas Feridas";"Pleno dia";"Crescente";"Chuva";"Dupla";"Curva";"Não";1;0;1;0;0;0;1;1;-16,922558;-49,663225;"SPRF-GO";"DEL01-GO";"UOP02-DEL01-GO"
663880;2025-02-26;"quarta-feira";"18:15:00";"PR";369;153,8;"LONDRINA";"Condutor desrespeitou a iluminação vermelha do semáforo";"Colisão transversal";"Com Vítimas Feridas";"Pleno dia";"Crescente";"Céu Claro";"Dupla";"Retorno Regulamentado;Reta";"Sim";2;0;1;0;1;0;1;2;-23,297885;-51,196387;"SPRF-PR";"DEL07-PR";"UOP01-DEL07-PR"
663881;2025-02-26;"quarta-feira";"18:33:00";"SP";116;89,7;"PINDAMONHANGABA";"Avarias e/ou desgaste excessivo no pneu";"Tombamento";"Com Vítimas Feridas";"Anoitecer";"Decrescente";"Céu Claro";"Dupla";"Reta";"Não";1;0;1;0;0;0;1;1;-22,941845;-45,38365245;"SPRF-SP";"DEL08-SP";"UOP01-DEL08-SP"
663882;2025-02-26;"quarta-feira";"10:30:00";"RJ";101;306;"SAO GONCALO";"Reação tardia ou ineficiente do condutor";"Queda de ocupante de veículo";"Com Vítimas Feridas";"Pleno dia";"Crescente";"Céu Claro";"Dupla";"Reta";"Não";1;0;1;0;0;0;1;1;-22,7934208;-43,0309376;"SPRF-RJ";"DEL02-RJ";"UOP02-DEL02-RJ"
663884;2025-02-26;"quarta-feira";"15:30:00";"RJ";40;125;"RIO DE JANEIRO";"Reação tardia ou ineficiente do condutor";"Tombamento";"Com Vítimas Feridas";"Pleno dia";"Crescente";"Céu Claro";"Dupla";"Reta";"Sim";1;0;1;0;0;0;1;1;-22,81487448;-43,2883215;"SPRF-RJ";"DEL01-RJ";"UOP02-DEL01-RJ"
663885;2025-02-26;"quarta-feira";"19:10:00";"CE";222;52,4;"SAO GONCALO DO AMARANTE";"Ingestão de álcool pelo condutor";"Colisão lateral sentido oposto";"Com Vítimas Feridas";"Plena Noite";"Decrescente";"Nublado";"Simples";"Reta";"Não";2;0;1;0;1;0;1;2;-3,668753;-39,01562;"SPRF-CE";"DEL01-CE";"UOP03-DEL01-CE"
663886;2025-02-26;"quarta-feira";"18:30:00";"MG";40;601,5;"CONGONHAS";"Condutor deixou de manter distância do veículo da frente";"Colisão traseira";"Com Vítimas Feridas";"Anoitecer";"Crescente";"Céu Claro";"Simples";"Declive;Reta";"Não";6;0;2;0;4;0;2;2;-20,43740262;-43,8457346;"SPRF-MG";"DEL05-MG";"UOP02-DEL05-MG"
663887;2025-02-26;"quarta-feira";"14:00:00";"MG";40;643,9;"CONGONHAS";"Ausência de reação do condutor";"Saída de leito carroçável";"Com Vítimas Feridas";"Pleno dia";"Crescente";"Céu Claro";"Simples";"Reta;Declive";"Não";2;0;2;0;0;0;2;1;-20,4768188;-43,8424607;"SPRF-MG";"DEL05-MG";"UOP02-DEL05-MG"
663890;2025-02-26;"quarta-feira";"15:40:00";"RJ";101;61;"CAMPOS DOS GOYTACAZES";"Retorno proibido";"Colisão transversal";"Sem Vítimas";"Pleno dia";"Crescente";"Céu Claro";"Simples";"Reta";"Sim";2;0;0;0;2;0;0;2;-21,728274;-41,322374;"SPRF-RJ";"DEL08-RJ";"UOP01-DEL08-RJ"
663891;2025-02-26;"quarta-feira";"19:33:00";"GO";153;498;"GOIANIA";"Pedestre andava na pista";"Atropelamento de Pedestre";"Com Vítimas Feridas";"Plena Noite";"Crescente";"Céu Claro";"Dupla";"Reta";"Sim";2;0;0;1;1;0;1;2;-16,68997246;-49,23285484;"SPRF-GO";"DEL01-GO";"UOP01-DEL01-GO"
663892;2025-02-26;"quarta-feira";"16:52:00";"MT";158;1,8;"BARRA DO GARCAS";"Reação tardia ou ineficiente do condutor";"Colisão traseira";"Com Vítimas Feridas";"Pleno dia";"Crescente";"Sol";"Simples";"Aclive;Reta";"Sim";2;0;1;0;1;0;1;2;-15,88622028;-52,2699666;"SPRF-MT";"DEL07-MT";"UOP02-DEL07-MT"
663893;2025-02-26;"quarta-feira";"17:51:00";"MG";40;773;"JUIZ DE FORA";"Conversão proibida";"Colisão traseira";"Com Vítimas Feridas";"Pleno dia";"Crescente";"Céu Claro";"Simples";"Interseção de Vias";"Sim";3;0;2;1;0;0;3;2;-21,64522262;-43,43642235;"SPRF-MG";"DEL05-MG";"UOP01-DEL05-MG"
663895;2025-02-26;"quarta-feira";"20:00:00";"SP";116;131,9;"CACAPAVA";"Acessar a via sem observar a presença dos outros veículos";"Atropelamento de Pedestre";"Com Vítimas Feridas";"Plena Noite";"Crescente";"Céu Claro";"Múltipla";"Reta";"Sim";2;0;2;0;0;0;2;2;-23,12457649;-45,73106718;"SPRF-SP";"DEL02-SP";"UOP02-DEL02-SP"
663896;2025-02-26;"quarta-feira";"18:05:00";"MT";70;5;"BARRA DO GARCAS";"Desrespeitar a preferência no cruzamento";"Colisão transversal";"Com Vítimas Feridas";"Pleno dia";"Crescente";"Céu Claro";"Dupla";"Declive";"Sim";2;0;1;0;1;0;1;2;-15,87823122;-52,29904912;"SPRF-MT";"DEL07-MT";"UOP01-DEL07-MT"
663897;2025-02-23;"domingo";"08:30:00";"PA";316;257;"VISEU";"Animais na Pista";"Eventos atípicos";"Sem Vítimas";"Pleno dia";"Crescente";"Céu Claro";"Simples";"Reta";"Não";2;0;0;0;2;0;0;1;-1,72100889;-46,62614118;"SPRF-PA";"DEL01-PA";"UOP04-DEL01-PA"
663899;2025-02-26;"quarta-feira";"17:55:00";"SP";116;144;"SAO JOSE DOS CAMPOS";"Ausência de reação do condutor";"Colisão lateral mesmo sentido";"Com Vítimas Feridas";"Pleno dia";"Crescente";"Céu Claro";"Dupla";"Reta";"Sim";2;0;1;0;0;1;1;2;-23,18096977;-45,84301829;"SPRF-SP";"DEL02-SP";"UOP01-DEL02-SP"
663901;2025-02-26;"quarta-feira";"20:00:00";"SC";101;318,5;"PESCARIA BRAVA";"Ausência de reação do condutor";"Tombamento";"Com Vítimas Feridas";"Plena Noite";"Decrescente";"Céu Claro";"Múltipla";"Reta";"Não";1;0;1;0;0;0;1;1;-28,42726012;-48,88486862;"SPRF-SC";"DEL02-SC";"UOP01-DEL02-SC"
663903;2025-02-26;"quarta-feira";"19:40:00";"MG";262;487;"BOM DESPACHO";"Transitar na contramão";"Colisão lateral sentido oposto";"Sem Vítimas";"Pleno dia";"Crescente";"Céu Claro";"Simples";"Reta";"Não";2;0;0;0;2;0;0;2;-19,78511881;-45,27809143;"SPRF-MG";"DEL08-MG";"UOP03-DEL08-MG"
663904;2025-02-26;"quarta-feira";"20:30:00";"PR";376;385;"IMBAU";"Ausência de reação do condutor";"Colisão traseira";"Com Vítimas Feridas";"Plena Noite";"Decrescente";"Céu Claro";"Dupla";"Reta";"Sim";3;0;1;0;2;0;1;2;-24,4282993;-50,76611865;"SPRF-PR";"DEL03-PR";"UOP02-DEL03-PR"
663905;2025-02-26;"quarta-feira";"19:58:00";"MG";381;830,8;"SAO SEBASTIAO DA BELA VISTA";"Pedestre andava na pista";"Atropelamento de Pedestre";"Com Vítimas Feridas";"Plena Noite";"Crescente";"Céu Claro";"Dupla";"Reta";"Não";2;0;1;0;1;0;1;2;-22,1200659;-45,76191902;"SPRF-MG";"DEL16-MG";"UOP01-DEL16-MG"
663906;2025-02-26;"quarta-feira";"18:40:00";"MS";376;116;"IVINHEMA";"Reação tardia ou ineficiente do condutor";"Tombamento";"Com Vítimas Feridas";"Plena Noite";"Crescente";"Céu Claro";"Simples";"Reta";"Não";1;0;1;0;0;0;1;1;-22,31186213;-53,83373201;"SPRF-MS";"DEL04-MS";"UOP04-DEL04-MS"
663908;2025-02-26;"quarta-feira";"19:00:00";"RO";364;343;"JI-PARANA";"Pista esburacada";"Queda de ocupante de veículo";"Com Vítimas Feridas";"Plena Noite";"Crescente";"Chuva";"Dupla";"Interseção de Vias";"Sim";1;0;1;0;0;0;1;1;-10,87823983;-61,94582641;"SPRF-RO";"DEL02-RO";"UOP01-DEL02-RO"
663909;2025-02-26;"quarta-feira";"21:50:00";"SC";282;20,4;"PALHOCA";"Velocidade Incompatível";"Colisão com objeto";"Com Vítimas Feridas";"Plena Noite";"Decrescente";"Céu Claro";"Simples";"Reta";"Não";1;0;0;1;0;0;1;1;-27,686999;-48,713451;"SPRF-SC";"DEL01-SC";"UOP02-DEL01-SC"
663911;2025-02-26;"quarta-feira";"22:00:00";"BA";116;11;"VITORIA DA CONQUISTA";"Pedestre - Ingestão de álcool/ substâncias psicoativas";"Atropelamento de Pedestre";"Com Vítimas Feridas";"Plena Noite";"Decrescente";"Céu Claro";"Simples";"Reta";"Sim";2;0;1;1;0;0;2;2;-14,8562416;-40,87901115;"SPRF-BA";"DEL08-BA";"UOP01-DEL08-BA"
663912;2025-02-26;"quarta-feira";"22:30:00";"DF";40;5;"BRASILIA";"Pedestre - Ingestão de álcool/ substâncias psicoativas";"Atropelamento de Pedestre";"Com Vítimas Feridas";"Plena Noite";"Crescente";"Céu Claro";"Dupla";"Reta";"Sim";3;0;2;1;0;0;3;2;-16,0183065;-47,98097134;"SPRF-DF";"DEL01-DF";"UOP01-DEL01-DF"
663913;2025-02-26;"quarta-feira";"19:20:00";"RO";364;499,1;"ARIQUEMES";"Condutor deixou de manter distância do veículo da frente";"Colisão traseira";"Sem Vítimas";"Plena Noite";"Decrescente";"Céu Claro";"Simples";"Aclive;Curva";"Não";7;0;0;0;7;0;0;2;-10,03526;-62,976999;"SPRF-RO";"DEL03-RO";"UOP01-DEL03-RO"
663914;2025-02-26;"quarta-feira";"22:17:00";"PE";101;69;"RECIFE";"Condutor deixou de manter distância do veículo da frente";"Colisão traseira";"Sem Vítimas";"Plena Noite";"Decrescente";"Céu Claro";"Dupla";"Curva;Aclive";"Sim";4;0;0;0;3;1;0;2;-8,06483847;-34,94375467;"SPRF-PE";"DEL01-PE";"UOP01-DEL01-PE"