"id";"data_inversa";"dia_semana";"horario";"uf";"br";"km";"municipio";"causa_acidente";"tipo_acidente";"classificacao_acidente";"fase_dia";"sentido_via";"condicao_metereologica";"tipo_pista";"tracado_via";"uso_solo";"pessoas";"mortos";"feridos_leves";"feridos_graves";"ilesos";"ignorados";"feridos";"veiculos";"latitude";"longitude";"regional";"delegacia";"uop"
664054;2025-02-27;"quinta-feira";"16:15:00";"RJ";40;59;"PETROPOLIS";"Ausência de reação do condutor";"Capotamento";"Com Vítimas Feridas";"Pleno dia";"Crescente";"Céu Claro";"Dupla";"Reta";"Não";3;0;3;0;0;0;3;1;-22,2855168;-43,1259648;"SPRF-RJ";"DEL05-RJ";"UOP02-DEL05-RJ"
664055;2025-02-27;"quinta-feira";"17:05:00";"RJ";40;123;"RIO DE JANEIRO";"Condutor deixou de manter distância do veículo da frente";"Colisão traseira";"Com Vítimas Feridas";"Pleno dia";"Decrescente";"Céu Claro";"Múltipla";"Reta";"Sim";2;0;1;0;1;0;1;2;-22,81424128;-43,28674992;"SPRF-RJ";"DEL01-RJ";"UOP02-DEL01-RJ"
664056;2025-02-27;"quinta-feira";"16:20:00";"SP";116;394;"MIRACATU";"Ausência de reação do condutor";"Colisão traseira";"Sem Vítimas";"Pleno dia";"Crescente";"Céu Claro";"Simples";"Retorno Regulamentado;Rotatória";"Sim";2;0;0;0;2;0;0;2;-24,28799211;-47,46000594;"SPRF-SP";"DEL04-SP";"UOP02-DEL04-SP"
664057;2025-02-27;"quinta-feira";"18:00:00";"RS";116;257;"ESTEIO";"Condutor deixou de manter distância do veículo da frente";"Colisão traseira";"Com Vítimas Feridas";"Pleno dia";"Crescente";"Nublado";"Simples";"Reta";"Sim";2;0;1;0;1;0;1;2;-29,86282514;-51,18127498;"SPRF-RS";"DEL01-RS";"UOP02-DEL01-RS"
664058;2025-02-27;"quinta-feira";"17:27:00";"RN";405;154;"PAU DOS FERROS";"Ausência de reação do condutor";"Colisão traseira";"Com Vítimas Feridas";"Pleno dia";"Crescente";"Céu Claro";"Simples";"Reta";"Não";2;0;0;1;1;0;1;2;-6,14791026;-38,20554972;"SPRF-RN";"DEL04-RN";"UOP02-DEL04-RN"
664061;2025-02-27;"quinta-feira";"18:30:00";"DF";20;4,4;"BRASILIA";"Velocidade Incompatível";"Colisão traseira";"Com Vítimas Feridas";"Anoitecer";"Crescente";"Céu Claro";"Dupla";"Reta;Declive";"Sim";3;0;1;0;2;0;1;2;-15,6;-47,8;"SPRF-DF";"DEL02-DF";"UOP01-DEL02-DF"
664062;2025-02-27;"quinta-feira";"17:45:00";"SP";116;155;"SAO JOSE DOS CAMPOS";"Ausência de reação do condutor";"Colisão traseira";"Com Vítimas Feridas";"Pleno dia";"Decrescente";"Céu Claro";"Dupla";"Declive";"Não";1;0;0;1;0;0;1;1;-23,24476146;-45,9269017;"SPRF-SP";"DEL02-SP";"UOP01-DEL02-SP"
664063;2025-02-27;"quinta-feira";"16:30:00";"RS";285;303;"PASSO FUNDO";"Reação tardia ou ineficiente do condutor";"Saída de leito carroçável";"Com Vítimas Feridas";"Pleno dia";"Decrescente";"Garoa/Chuvisco";"Simples";"Reta";"Sim";2;0;1;0;1;0;1;1;-28,2360312;-52,3778833;"SPRF-RS";"DEL08-RS";"UOP03-DEL08-RS"
664064;2025-02-27;"quinta-feira";"17:10:00";"RJ";101;229;"SILVA JARDIM";"Reação tardia ou ineficiente do condutor";"Capotamento";"Com Vítimas Feridas";"Pleno dia";"Decrescente";"Céu Claro";"Dupla";"Reta";"Não";3;0;3;0;0;0;3;1;-22,56151;-42,35875;"SPRF-RJ";"DEL02-RJ";"UOP03-DEL02-RJ"
664065;2025-02-27;"quinta-feira";"18:30:00";"TO";10;459;"PALMAS";"Avarias e/ou desgaste excessivo no pneu";"Tombamento";"Com Vítimas Feridas";"Anoitecer";"Decrescente";"Céu Claro";"Dupla";"Aclive;Curva";"Sim";2;0;0;1;1;0;1;1;-10,273192;-48,30508;"SPRF-TO";"DEL01-TO";"UOP03-DEL01-TO"
664069;2025-02-27;"quinta-feira";"17:30:00";"RS";392;352;"SANTA MARIA";"Acessar a via sem observar a presença dos outros veículos";"Colisão transversal";"Sem Vítimas";"Pleno dia";"Crescente";"Chuva";"Dupla";"Em Obras;Interseção de Vias";"Sim";2;0;0;0;2;0;0;2;-29,7175657;-53,8082764;"SPRF-RS";"DEL09-RS";"UOP01-DEL09-RS"
664070;2025-02-06;"quinta-feira";"07:10:00";"PR";0;0;"LONDRINA";"Semáforo com defeito";"Colisão lateral sentido oposto";"Sem Vítimas";"Pleno dia";"Não Informado";"Céu Claro";"Simples";"Interseção de Vias;Em Obras";"Sim";4;0;0;0;1;3;0;3;-23,29642;-51,198939;"SPRF-PR";"DEL07-PR";"N/A"
664072;2025-02-27;"quinta-feira";"17:50:00";"SP";153;45,7;"SAO JOSE DO RIO PRETO";"Reação tardia ou ineficiente do condutor";"Colisão frontal";"Com Vítimas Fatais";"Anoitecer";"Crescente";"Céu Claro";"Simples";"Reta";"Não";2;1;1;0;0;0;1;2;-20,66827;-49,340629;"SPRF-SP";"DEL09-SP";"UOP01-DEL09-SP"
664073;2025-02-27;"quinta-feira";"17:25:00";"RJ";40;119;"DUQUE DE CAXIAS";"Ausência de reação do condutor";"Colisão com objeto";"Com Vítimas Feridas";"Pleno dia";"Decrescente";"Céu Claro";"Múltipla";"Reta";"Não";1;0;0;1;0;0;1;1;-22,766753;-43,286478;"SPRF-RJ";"DEL01-RJ";"UOP02-DEL01-RJ"
664074;2025-02-27;"quinta-feira";"18:30:00";"RJ";116;172;"SAO JOAO DE MERITI";"Reação tardia ou ineficiente do condutor";"Colisão transversal";"Com Vítimas Feridas";"Anoitecer";"Crescente";"Céu Claro";"Múltipla";"Reta";"Sim";2;0;1;0;1;0;1;2;-22,80207509;-43,35026979;"SPRF-RJ";"DEL06-RJ";"UOP01-DEL06-RJ"
664075;2025-02-27;"quinta-feira";"18:15:00";"MS";163;457;"CAMPO GRANDE";"Acessar a via sem observar a presença dos outros veículos";"Colisão transversal";"Com Vítimas Feridas";"Anoitecer";"Crescente";"Céu Claro";"Simples";"Reta";"Não";2;0;1;0;0;1;1;2;-20,6478627;-54,56546545;"SPRF-MS";"DEL01-MS";"UOP01-DEL01-MS"
664076;2025-02-27;"quinta-feira";"11:03:00";"BA";367;23;"PORTO SEGURO";"Frear bruscamente";"Colisão traseira";"Com Vítimas Feridas";"Pleno dia";"Crescente";"Sol";"Simples";"Reta";"Sim";2;0;1;0;1;0;1;2;-16,436058;-39,07612;"SPRF-BA";"DEL09-BA";"UOP03-DEL09-BA"
664077;2025-02-27;"quinta-feira";"18:15:00";"PR";116;123;"CURITIBA";"Trafegar com motocicleta (ou similar) entre as faixas";"Tombamento";"Sem Vítimas";"Anoitecer";"Crescente";"Céu Claro";"Dupla";"Reta";"Não";1;0;0;0;0;1;0;1;-25,612498;-49,318672;"SPRF-PR";"DEL01-PR";"UOP03-DEL01-PR"
664078;2025-02-27;"quinta-feira";"19:20:00";"PE";428;187,9;"PETROLINA";"Ausência de reação do condutor";"Colisão traseira";"Com Vítimas Feridas";"Plena Noite";"Decrescente";"Céu Claro";"Dupla";"Reta";"Sim";3;0;2;0;1;0;2;2;-9,37353137;-40,4870224;"SPRF-PE";"DEL06-PE";"UOP01-DEL06-PE"
664079;2025-02-27;"quinta-feira";"17:20:00";"RS";101;4,2;"TORRES";"Velocidade Incompatível";"Saída de leito carroçável";"Sem Vítimas";"Pleno dia";"Decrescente";"Nublado";"Dupla";"Interseção de Vias;Reta";"Não";1;0;0;0;0;1;0;1;-29,29333361;-49,785193;"SPRF-RS";"DEL03-RS";"UOP02-DEL03-RS"
664080;2025-02-27;"quinta-feira";"19:00:00";"SC";470;50;"BLUMENAU";"Ingestão de álcool pelo condutor";"Colisão traseira";"Sem Vítimas";"Plena Noite";"Crescente";"Céu Claro";"Múltipla";"Reta";"Não";2;0;0;0;2;0;0;2;-26,86279;-49,08938;"SPRF-SC";"DEL04-SC";"UOP01-DEL04-SC"
664081;2025-02-27;"quinta-feira";"18:00:00";"RS";116;267;"CANOAS";"Estacionar ou parar em local proibido";"Engavetamento";"Sem Vítimas";"Pleno dia";"Decrescente";"Nublado";"Dupla";"Reta";"Sim";4;0;0;0;4;0;0;3;-29,95422808;-51,17619395;"SPRF-RS";"DEL01-RS";"UOP01-DEL01-RS"
664083;2025-02-27;"quinta-feira";"07:10:00";"BA";116;817;"VITORIA DA CONQUISTA";"Acessar a via sem observar a presença dos outros veículos";"Colisão transversal";"Com Vítimas Feridas";"Pleno dia";"Decrescente";"Sol";"Simples";"Reta";"Sim";2;0;1;0;1;0;1;2;-14,82089709;-40,81344724;"SPRF-BA";"DEL08-BA";"UOP01-DEL08-BA"
664085;2025-02-27;"quinta-feira";"17:35:00";"RJ";101;518;"ANGRA DOS REIS";"Manobra de mudança de faixa";"Tombamento";"Com Vítimas Feridas";"Pleno dia";"Crescente";"Céu Claro";"Simples";"Curva";"Não";2;0;2;0;0;0;2;1;-23,00099072;-44,44044694;"SPRF-RJ";"DEL03-RJ";"UOP03-DEL03-RJ"
664086;2025-02-27;"quinta-feira";"18:01:00";"AC";364;137;"RIO BRANCO";"Reação tardia ou ineficiente do condutor";"Colisão traseira";"Com Vítimas Feridas";"Plena Noite";"Decrescente";"Céu Claro";"Dupla";"Reta";"Sim";2;0;2;0;0;0;2;2;-9,96582121;-67,85443783;"SPRF-AC";"DEL01-AC";"UOP01-DEL01-AC"
664092;2025-02-27;"quinta-feira";"20:50:00";"PR";376;180,4;"MARINGA";"Ausência de reação do condutor";"Colisão com objeto";"Com Vítimas Feridas";"Plena Noite";"Decrescente";"Céu Claro";"Múltipla";"Declive";"Sim";1;0;1;0;0;0;1;1;-23,42391292;-51,90123796;"SPRF-PR";"DEL09-PR";"UOP01-DEL09-PR"
664093;2025-02-27;"quinta-feira";"21:00:00";"MG";40;445;"PARAOPEBA";"Pedestre andava na pista";"Atropelamento de Pedestre";"Com Vítimas Feridas";"Plena Noite";"Crescente";"Céu Claro";"Dupla";"Aclive;Curva";"Sim";2;0;1;0;1;0;1;2;-19,287983;-44,39287;"SPRF-MG";"DEL02-MG";"UOP01-DEL02-MG"
664094;2025-02-27;"quinta-feira";"19:35:00";"PR";153;12,2;"JACAREZINHO";"Afundamento ou ondulação no pavimento";"Queda de ocupante de veículo";"Com Vítimas Feridas";"Plena Noite";"Crescente";"Céu Claro";"Simples";"Reta";"Não";1;0;1;0;0;0;1;1;-23,123094;-49,94431973;"SPRF-PR";"DEL07-PR";"UOP04-DEL07-PR"
664096;2025-02-27;"quinta-feira";"18:05:00";"PR";153;337,6;"IRATI";"Acessar a via sem observar a presença dos outros veículos";"Colisão transversal";"Com Vítimas Feridas";"Pleno dia";"Crescente";"Céu Claro";"Simples";"Reta";"Sim";3;0;0;1;2;0;1;3;-25,5111368;-50,65305816;"SPRF-PR";"DEL08-PR";"UOP02-DEL08-PR"
664097;2025-02-27;"quinta-feira";"19:00:00";"MS";163;80;"ITAQUIRAI";"Demais falhas mecânicas ou elétricas";"Tombamento";"Com Vítimas Feridas";"Plena Noite";"Crescente";"Céu Claro";"Simples";"Reta";"Não";2;0;2;0;0;0;2;1;-23,34460521;-54,21632767;"SPRF-MS";"DEL09-MS";"UOP01-DEL09-MS"
664099;2025-02-27;"quinta-feira";"21:15:00";"BA";116;827,8;"VITORIA DA CONQUISTA";"Ausência de reação do condutor";"Queda de ocupante de veículo";"Com Vítimas Fatais";"Plena Noite";"Decrescente";"Nublado";"Simples";"Reta";"Sim";1;1;0;0;0;0;0;1;-14,892246;-40,862901;"SPRF-BA";"DEL08-BA";"UOP01-DEL08-BA"
664100;2025-02-27;"quinta-feira";"17:40:00";"SC";282;419;"VARGEM BONITA";"Condutor deixou de manter distância do veículo da frente";"Colisão traseira";"Sem Vítimas";"Pleno dia";"Decrescente";"Chuva";"Simples";"Curva;Aclive";"Não";2;0;0;0;2;0;0;2;-27,02452385;-51,73204422;"SPRF-SC";"DEL07-SC";"UOP05-DEL07-SC"
664101;2025-02-27;"quinta-feira";"20:00:00";"PR";376;476;"PONTA GROSSA";"Demais falhas mecânicas ou elétricas";"Incêndio";"Sem Vítimas";"Plena Noite";"Crescente";"Ignorado";"Dupla";"Reta";"Não";1;0;0;0;1;0;0;1;-25,04029601;-50,29160367;"SPRF-PR";"DEL03-PR";"UOP01-DEL03-PR"
664103;2025-02-27;"quinta-feira";"19:12:00";"RJ";40;115;"DUQUE DE CAXIAS";"Manobra de mudança de faixa";"Colisão lateral mesmo sentido";"Sem Vítimas";"Plena Noite";"Decrescente";"Céu Claro";"Dupla";"Reta";"Não";2;0;0;0;2;0;0;2;-22,6744855;-43,2853586;"SPRF-RJ";"DEL01-RJ";"UOP02-DEL01-RJ"
664104;2025-02-27;"quinta-feira";"20:10:00";"RS";470;160;"NOVA PRATA";"Pedestre andava na pista";"Atropelamento de Pedestre";"Com Vítimas Fatais";"Plena Noite";"Decrescente";"Nublado";"Simples";"Reta";"Sim";4;1;0;0;3;0;0;3;-28,811844;-51,600185;"SPRF-RS";"DEL06-RS";"UOP02-DEL06-RS"
664105;2025-02-27;"quinta-feira";"20:00:00";"RJ";101;484;"ANGRA DOS REIS";"Acessar a via sem observar a presença dos outros veículos";"Colisão lateral mesmo sentido";"Com Vítimas Feridas";"Plena Noite";"Crescente";"Céu Claro";"Simples";"Reta";"Não";3;0;1;0;2;0;1;2;-22,986752;-44,2433536;"SPRF-RJ";"DEL03-RJ";"UOP03-DEL03-RJ"
664106;2025-02-27;"quinta-feira";"09:30:00";"MG";262;30;"REDUTO";"Reação tardia ou ineficiente do condutor";"Colisão traseira";"Com Vítimas Feridas";"Pleno dia";"Crescente";"Céu Claro";"Simples";"Aclive";"Não";3;0;2;0;1;0;2;2;-20,25382289;-41,98940277;"SPRF-MG";"DEL06-MG";"UOP03-DEL06-MG"
664108;2025-02-27;"quinta-feira";"22:00:00";"MG";381;451;"SANTA LUZIA";"Acessar a via sem observar a presença dos outros veículos";"Atropelamento de Pedestre";"Com Vítimas Feridas";"Plena Noite";"Decrescente";"Céu Claro";"Simples";"Reta";"Não";3;0;1;0;1;1;1;2;-19,82291187;-43,84368896;"SPRF-MG";"DEL01-MG";"UOP01-DEL01-MG"
664111;2025-02-27;"quinta-feira";"20:18:00";"RS";116;429;"ELDORADO DO SUL";"Acessar a via sem observar a presença dos outros veículos";"Colisão transversal";"Com Vítimas Feridas";"Plena Noite";"Crescente";"Nublado";"Simples";"Reta";"Não";3;0;2;0;1;0;2;2;-30,0362771;-51,3276683;"SPRF-RS";"DEL02-RS";"UOP02-DEL02-RS"
664112;2025-02-27;"quinta-feira";"21:56:00";"SC";101;38,7;"JOINVILLE";"Desrespeitar a preferência no cruzamento";"Colisão transversal";"Com Vítimas Feridas";"Plena Noite";"Decrescente";"Nublado";"Simples";"Interseção de Vias";"Sim";2;0;1;0;1;0;1;2;-26,2963071;-48,8842591;"SPRF-SC";"DEL03-SC";"UOP01-DEL03-SC"
664114;2025-02-27;"quinta-feira";"22:15:00";"BA";101;926;"NOVA VICOSA";"Acessar a via sem observar a presença dos outros veículos";"Colisão transversal";"Com Vítimas Feridas";"Plena Noite";"Crescente";"Céu Claro";"Simples";"Aclive;Reta";"Não";2;0;1;0;1;0;1;2;-17,931545;-39,840219;"SPRF-BA";"DEL09-BA";"UOP02-DEL09-BA"
664115;2025-02-27;"quinta-feira";"22:20:00";"SC";101;215,5;"PALHOCA";"Reação tardia ou ineficiente do condutor";"Tombamento";"Com Vítimas Feridas";"Plena Noite";"Crescente";"Nublado";"Múltipla";"Reta";"Sim";1;0;1;0;0;0;1;1;-27,65493449;-48,67846111;"SPRF-SC";"DEL01-SC";"UOP02-DEL01-SC"
664118;2025-02-27;"quinta-feira";"21:10:00";"SP";116;457,5;"REGISTRO";"Condutor Dormindo";"Saída de leito carroçável";"Com Vítimas Feridas";"Plena Noite";"Crescente";"Céu Claro";"Dupla";"Reta;Ponte";"Não";2;0;2;0;0;0;2;1;-24,59338283;-47,87875056;"SPRF-SP";"DEL05-SP";"UOP01-DEL05-SP"
664119;2025-02-27;"quinta-feira";"18:00:00";"PR";163;77;"PLANALTO";"Acessar a via sem observar a presença dos outros veículos";"Colisão transversal";"Com Vítimas Feridas";"Pleno dia";"Decrescente";"Céu Claro";"Simples";"Interseção de Vias;Reta";"Não";4;0;1;1;2;0;2;2;-25,738944;-53,80168;"SPRF-PR";"DEL02-PR";"UOP02-DEL02-PR"
664120;2025-02-27;"quinta-feira";"21:15:00";"SC";101;65;"ARAQUARI";"Ausência de reação do condutor";"Colisão traseira";"Com Vítimas Feridas";"Plena Noite";"Decrescente";"Céu Claro";"Dupla";"Reta";"Sim";4;0;1;1;2;0;2;3;-26,47556703;-48,74086618;"SPRF-SC";"DEL03-SC";"UOP02-DEL03-SC"
664121;2025-02-27;"quinta-feira";"18:45:00";"SC";101;139;"BALNEARIO CAMBORIU";"Pista Escorregadia";"Tombamento";"Com Vítimas Feridas";"Anoitecer";"Crescente";"Céu Claro";"Múltipla";"Aclive";"Não";1;0;1;0;0;0;1;1;-27,03474023;-48,60085487;"SPRF-SC";"DEL04-SC";"UOP03-DEL04-SC"
664122;2025-02-27;"quinta-feira";"22:18:00";"GO";70;7;"AGUAS LINDAS DE GOIAS";"Ausência de sinalização";"Colisão traseira";"Com Vítimas Feridas";"Plena Noite";"Crescente";"Céu Claro";"Dupla";"Reta";"Sim";3;0;2;0;1;0;2;3;-15,73864961;-48,27281183;"SPRF-DF";"DEL03-DF";"UOP02-DEL03-DF"
664123;2025-02-27;"quinta-feira";"23:00:00";"SC";470;1,9;"NAVEGANTES";"Ingestão de álcool pelo condutor";"Tombamento";"Com Vítimas Feridas";"Plena Noite";"Decrescente";"Céu Claro";"Múltipla";"Em Obras;Reta";"Sim";1;0;1;0;0;0;1;1;-26,87122253;-48,67250204;"SPRF-SC";"DEL04-SC";"UOP04-DEL04-SC"
664126;2025-02-28;"sexta-feira";"00:30:00";"MG";365;676;"MONTE ALEGRE DE MINAS";"Ingestão de álcool pelo condutor";"Colisão lateral mesmo sentido";"Sem Vítimas";"Plena Noite";"Crescente";"Céu Claro";"Dupla";"Reta";"Não";1;0;0;0;1;0;0;1;-18,85216;-48,78532;"SPRF-MG";"DEL15-MG";"UOP01-DEL15-MG"
664127;2025-02-28;"sexta-feira";"01:14:00";"PE";101;149,2;"GAMELEIRA";"Ausência de reação do condutor";"Capotamento";"Com Vítimas Feridas";"Plena Noite";"Decrescente";"Céu Claro";"Dupla";"Reta";"Não";1;0;0;1;0;0;1;1;-8,59135929;-35,44916332;"SPRF-PE";"DEL01-PE";"UOP03-DEL01-PE"
664128;2025-02-27;"quinta-feira";"21:15:00";"RS";290;412;"SAO GABRIEL";"Ingestão de álcool pelo condutor";"Colisão frontal";"Com Vítimas Feridas";"Plena Noite";"Decrescente";"Céu Claro";"Simples";"Reta";"Não";5;0;4;0;0;1;4;3;-30,35776768;-54,27452087;"SPRF-RS";"DEL11-RS";"UOP02-DEL11-RS"
664129;2025-02-27;"quinta-feira";"22:50:00";"PI";135;502;"MONTE ALEGRE DO PIAUI";"Transitar na contramão";"Colisão frontal";"Com Vítimas Fatais";"Plena Noite";"Crescente";"Céu Claro";"Simples";"Reta";"Não";3;1;0;0;2;0;0;2;-9,745863;-45,291208;"SPRF-PI";"DEL03-PI";"UOP02-DEL03-PI"
664130;2025-02-28;"sexta-feira";"02:05:00";"TO";153;414,7;"MIRANORTE";"Reação tardia ou ineficiente do condutor";"Colisão com objeto";"Com Vítimas Feridas";"Plena Noite";"Crescente";"Ignorado";"Dupla";"Curva";"Sim";1;0;0;1;0;0;1;1;-9,535832;-48,594057;"SPRF-TO";"DEL01-TO";"UOP01-DEL01-TO"
664131;2025-02-27;"quinta-feira";"20:00:00";"RO";364;713;"PORTO VELHO";"Reação tardia ou ineficiente do condutor";"Queda de ocupante de veículo";"Com Vítimas Feridas";"Plena Noite";"Crescente";"Céu Claro";"Dupla";"Reta";"Sim";2;0;1;0;1;0;1;2;-8,7716062;-63,88352931;"SPRF-RO";"DEL01-RO";"UOP01-DEL01-RO"
664132;2025-02-27;"quinta-feira";"23:15:00";"PR";277;679;"MEDIANEIRA";"Ausência de reação do condutor";"Saída de leito carroçável";"Com Vítimas Feridas";"Plena Noite";"Crescente";"Ignorado";"Dupla";"Reta";"Não";2;0;0;2;0;0;2;1;-25,3204897;-54,1615831;"SPRF-PR";"DEL05-PR";"UOP01-DEL05-PR"
664134;2025-02-28;"sexta-feira";"03:20:00";"PB";230;87;"GURINHEM";"Ausência de reação do condutor";"Tombamento";"Sem Vítimas";"Plena Noite";"Decrescente";"Chuva";"Dupla";"Reta";"Não";1;0;0;0;0;1;0;1;-7,17114068;-35,38394272;"SPRF-PB";"DEL01-PB";"UOP03-DEL01-PB"
664135;2025-02-28;"sexta-feira";"04:35:00";"RS";290;156;"RIO PARDO";"Ausência de reação do condutor";"Colisão transversal";"Sem Vítimas";"Plena Noite";"Crescente";"Céu Claro";"Dupla";"Retorno Regulamentado;Rotatória;Interseção de Vias";"Sim";2;0;0;0;2;0;0;2;-29,98669925;-52,36869764;"SPRF-RS";"DEL02-RS";"UOP01-DEL02-RS"
664137;2025-02-27;"quinta-feira";"22:00:00";"BA";324;571;"SAO SEBASTIAO DO PASSE";"Reação tardia ou ineficiente do condutor";"Capotamento";"Com Vítimas Feridas";"Plena Noite";"Decrescente";"Chuva";"Dupla";"Reta";"Não";4;0;2;0;2;0;2;1;-12,5608026;-38,5610996;"SPRF-BA";"DEL01-BA";"UOP01-DEL01-BA"
664138;2025-02-27;"quinta-feira";"12:30:00";"BA";101;448;"AURELINO LEAL";"Ultrapassagem Indevida";"Saída de leito carroçável";"Sem Vítimas";"Pleno dia";"Crescente";"Chuva";"Simples";"Declive;Curva";"Não";2;0;0;0;1;1;0;2;-14,33658427;-39,31566239;"SPRF-BA";"DEL05-BA";"UOP01-DEL05-BA"
664139;2025-02-28;"sexta-feira";"05:19:00";"SC";282;206;"SAO JOSE";"Ingestão de álcool pelo condutor";"Colisão com objeto";"Sem Vítimas";"Amanhecer";"Decrescente";"Céu Claro";"Múltipla";"Reta";"Não";1;0;0;0;0;1;0;1;-27,58923034;-48,61719489;"SPRF-SC";"DEL05-SC";"UOP01-DEL05-SC"
664141;2025-02-28;"sexta-feira";"05:40:00";"SP";116;281;"EMBU DAS ARTES";"Trafegar com motocicleta (ou similar) entre as faixas";"Colisão traseira";"Com Vítimas Feridas";"Amanhecer";"Decrescente";"Céu Claro";"Dupla";"Reta";"Sim";2;0;1;0;1;0;1;2;-23,67061435;-46,85601036;"SPRF-SP";"DEL04-SP";"UOP01-DEL04-SP"
664143;2025-02-28;"sexta-feira";"05:45:00";"SC";101;374;"ICARA";"Ingestão de álcool pelo condutor";"Saída de leito carroçável";"Sem Vítimas";"Amanhecer";"Decrescente";"Céu Claro";"Dupla";"Reta";"Não";1;0;0;0;1;0;0;1;-28,74733188;-49,2611289;"SPRF-SC";"DEL02-SC";"UOP01-DEL02-SC"
664146;2025-02-28;"sexta-feira";"06:30:00";"CE";116;17;"EUSEBIO";"Ausência de reação do condutor";"Colisão traseira";"Sem Vítimas";"Pleno dia";"Decrescente";"Chuva";"Dupla";"Reta";"Não";2;0;0;0;2;0;0;2;-3,901425;-38,504112;"SPRF-CE";"DEL01-CE";"UOP02-DEL01-CE"
664148;2025-02-28;"sexta-feira";"06:50:00";"DF";70;6;"BRASILIA";"Trafegar com motocicleta (ou similar) entre as faixas";"Queda de ocupante de veículo";"Com Vítimas Feridas";"Pleno dia";"Decrescente";"Céu Claro";"Dupla";"Reta";"Sim";1;0;1;0;0;0;1;1;-15,7952609;-48,1991689;"SPRF-DF";"DEL03-DF";"UOP02-DEL03-DF"
664149;2025-02-28;"sexta-feira";"06:50:00";"PR";116;17;"COLOMBO";"Reação tardia ou ineficiente do condutor";"Queda de ocupante de veículo";"Com Vítimas Feridas";"Amanhecer";"Decrescente";"Céu Claro";"Dupla";"Reta";"Sim";2;0;2;0;0;0;2;1;-25,38900285;-49,18750226;"SPRF-PR";"DEL01-PR";"UOP02-DEL01-PR"
664152;2025-02-28;"sexta-feira";"07:00:00";"ES";101;445;"MIMOSO DO SUL";"Acessar a via sem observar a presença dos outros veículos";"Colisão transversal";"Com Vítimas Feridas";"Pleno dia";"Crescente";"Céu Claro";"Simples";"Reta";"Não";2;0;1;1;0;0;2;2;-21,115537;-41,266551;"SPRF-ES";"DEL03-ES";"UOP02-DEL03-ES"
664154;2025-02-28;"sexta-feira";"07:30:00";"RJ";116;82;"TERESOPOLIS";"Acessar a via sem observar a presença dos outros veículos";"Colisão transversal";"Com Vítimas Feridas";"Pleno dia";"Crescente";"Céu Claro";"Simples";"Retorno Regulamentado";"Sim";2;0;1;0;1;0;1;2;-22,399012;-42,955102;"SPRF-RJ";"DEL04-RJ";"UOP01-DEL04-RJ"
664156;2025-02-28;"sexta-feira";"07:50:00";"DF";40;4,2;"BRASILIA";"Trafegar com motocicleta (ou similar) entre as faixas";"Colisão lateral mesmo sentido";"Com Vítimas Feridas";"Pleno dia";"Decrescente";"Céu Claro";"Dupla";"Reta;Declive";"Sim";3;0;0;1;2;0;1;2;-16,012673;-47,98237;"SPRF-DF";"DEL01-DF";"UOP01-DEL01-DF"
664158;2025-02-28;"sexta-feira";"07:26:00";"DF";20;4;"BRASILIA";"Trafegar com motocicleta (ou similar) entre as faixas";"Colisão lateral mesmo sentido";"Com Vítimas Feridas";"Pleno dia";"Decrescente";"Céu Claro";"Múltipla";"Aclive;Reta";"Sim";3;0;1;0;2;0;1;3;-15,6742588;-47,8229147;"SPRF-DF";"DEL02-DF";"UOP01-DEL02-DF"
664159;2025-02-28;"sexta-feira";"07:30:00";"RJ";116;181;"NOVA IGUACU";"Ausência de reação do condutor";"Tombamento";"Com Vítimas Feridas";"Pleno dia";"Decrescente";"Sol";"Múltipla";"Reta";"Não";1;0;1;0;0;0;1;1;-22,7625673;-43,4214164;"SPRF-RJ";"DEL06-RJ";"UOP01-DEL06-RJ"
664160;2025-02-28;"sexta-feira";"07:23:00";"RN";101;101;"PARNAMIRIM";"Avarias e/ou desgaste excessivo no pneu";"Tombamento";"Com Vítimas Feridas";"Pleno dia";"Decrescente";"Céu Claro";"Dupla";"Reta";"Sim";1;0;1;0;0;0;1;1;-5,887317;-35,233346;"SPRF-RN";"DEL01-RN";"UOP01-DEL01-RN"
664161;2025-02-28;"sexta-feira";"06:49:00";"PE";101;56;"RECIFE";"Ausência de reação do condutor";"Saída de leito carroçável";"Com Vítimas Fatais";"Pleno dia";"Crescente";"Céu Claro";"Múltipla";"Reta";"Sim";1;1;0;0;0;0;0;1;-7,96221;-34,913332;"SPRF-PE";"DEL01-PE";"UOP02-DEL01-PE"
664162;2025-02-28;"sexta-feira";"08:00:00";"SC";101;199;"SAO JOSE";"Acessar a via sem observar a presença dos outros veículos";"Colisão transversal";"Com Vítimas Feridas";"Pleno dia";"Crescente";"Céu Claro";"Múltipla";"Reta";"Não";3;0;1;1;1;0;2;2;-27,53345617;-48,63103509;"SPRF-SC";"DEL01-SC";"UOP01-DEL01-SC"
664163;2025-02-28;"sexta-feira";"07:44:00";"SC";470;167,9;"POUSO REDONDO";"Velocidade Incompatível";"Tombamento";"Com Vítimas Feridas";"Pleno dia";"Decrescente";"Céu Claro";"Simples";"Reta";"Não";1;0;1;0;0;0;1;1;-27,252385;-49,95424;"SPRF-SC";"DEL04-SC";"UOP02-DEL04-SC"
664165;2025-02-28;"sexta-feira";"07:40:00";"TO";10;465;"PALMAS";"Avarias e/ou desgaste excessivo no pneu";"Tombamento";"Com Vítimas Feridas";"Pleno dia";"Decrescente";"Céu Claro";"Dupla";"Reta";"Sim";2;0;2;0;0;0;2;1;-10,23647;-48,303543;"SPRF-TO";"DEL01-TO";"UOP03-DEL01-TO"