"id";"data_inversa";"dia_semana";"horario";"uf";"br";"km";"municipio";"causa_acidente";"tipo_acidente";"classificacao_acidente";"fase_dia";"sentido_via";"condicao_metereologica";"tipo_pista";"tracado_via";"uso_solo";"pessoas";"mortos";"feridos_leves";"feridos_graves";"ilesos";"ignorados";"feridos";"veiculos";"latitude";"longitude";"regional";"delegacia";"uop"
664777;2025-02-27;"quinta-feira";"07:09:00";"AC";364;121;"RIO BRANCO";"Desrespeitar a preferência no cruzamento";"Colisão transversal";"Com Vítimas Feridas";"Pleno dia";"Crescente";"Céu Claro";"Dupla";"Rotatória";"Não";2;0;1;0;0;1;1;2;-10,0132745;-67,71379;"SPRF-AC";"DEL01-AC";"UOP01-DEL01-AC"
664784;2025-02-22;"sábado";"22:33:00";"RJ";116;178;"RIO DE JANEIRO";"Acessar a via sem observar a presença dos outros veículos";"Colisão lateral mesmo sentido";"Com Vítimas Feridas";"Plena Noite";"Crescente";"Céu Claro";"Simples";"Reta";"Não";2;0;1;0;1;0;1;2;-22,8044669;-43,3451884;"SPRF-RJ";"DEL06-RJ";"UOP01-DEL06-RJ"
664828;2025-01-05;"domingo";"20:30:00";"ES";101;258,8;"SERRA";"Pista Escorregadia";"Capotamento";"Com Vítimas Feridas";"Pleno dia";"Crescente";"Chuva";"Dupla";"Reta";"Sim";1;0;1;0;0;0;1;1;-20,13847031;-40,29231548;"SPRF-ES";"DEL02-ES";"UOP01-DEL02-ES"
664835;2025-01-06;"segunda-feira";"05:50:00";"ES";101;281;"SERRA";"Ausência de reação do condutor";"Colisão lateral mesmo sentido";"Com Vítimas Feridas";"Amanhecer";"Decrescente";"Céu Claro";"Dupla";"Viaduto";"Não";2;0;0;1;0;1;1;2;-20,22112792;-40,35720552;"SPRF-ES";"DEL02-ES";"UOP01-DEL02-ES"
664897;2025-02-28;"sexta-feira";"08:30:00";"RJ";40;121;"DUQUE DE CAXIAS";"Manobra de mudança de faixa";"Colisão transversal";"Sem Vítimas";"Pleno dia";"Decrescente";"Céu Claro";"Múltipla";"Reta";"Sim";2;0;0;0;2;0;0;2;-22,7822989;-43,28536262;"SPRF-RJ";"DEL01-RJ";"UOP02-DEL01-RJ"
664905;2025-01-22;"quarta-feira";"09:45:00";"PR";277;721;"FOZ DO IGUACU";"Manobra de mudança de faixa";"Colisão lateral mesmo sentido";"Com Vítimas Feridas";"Pleno dia";"Crescente";"Céu Claro";"Dupla";"Retorno Regulamentado";"Sim";4;0;1;0;3;0;1;2;-25,49149022;-54,5126313;"SPRF-PR";"DEL05-PR";"UOP03-DEL05-PR"
664938;2025-01-29;"quarta-feira";"00:30:00";"PA";316;29;"SANTA IZABEL DO PARA";"Condutor Dormindo";"Colisão traseira";"Com Vítimas Feridas";"Plena Noite";"Decrescente";"Céu Claro";"Dupla";"Reta";"Não";2;0;1;0;1;0;1;2;-1,3025866;-48,1965672;"SPRF-PA";"DEL01-PA";"UOP01-DEL01-PA"
664952;2025-01-15;"quarta-feira";"12:10:00";"ES";101;259;"SERRA";"Ausência de reação do condutor";"Colisão com objeto";"Com Vítimas Fatais";"Pleno dia";"Crescente";"Nublado";"Simples";"Declive;Reta";"Não";1;1;0;0;0;0;0;1;-20,138397;-40,292213;"SPRF-ES";"DEL02-ES";"UOP01-DEL02-ES"
664953;2025-02-16;"domingo";"17:40:00";"MG";381;420,3;"CAETE";"Pista esburacada";"Colisão com objeto";"Com Vítimas Feridas";"Pleno dia";"Crescente";"Ignorado";"Dupla";"Reta;Declive";"Não";1;0;1;0;0;0;1;1;-19,7571453;-43,6355006;"SPRF-MG";"DEL01-MG";"UOP01-DEL01-MG"
664971;2025-02-08;"sábado";"00:30:00";"BA";407;22;"JUAZEIRO";"Ausência de reação do condutor";"Colisão traseira";"Com Vítimas Fatais";"Plena Noite";"Decrescente";"Céu Claro";"Simples";"Reta";"Não";1;1;0;0;0;0;0;1;-9,58537093;-40,42466184;"SPRF-BA";"DEL04-BA";"UOP01-DEL04-BA"
665107;2025-02-23;"domingo";"01:50:00";"MS";463;45;"PONTA PORA";"Animais na Pista";"Atropelamento de Animal";"Com Vítimas Feridas";"Plena Noite";"Crescente";"Céu Claro";"Simples";"Reta";"Não";2;0;2;0;0;0;2;1;-22,341977;-55,200605;"SPRF-MS";"DEL04-MS";"UOP03-DEL04-MS"
665160;2025-02-09;"domingo";"05:38:00";"MT";163;746;"SORRISO";"Demais falhas na via";"Tombamento";"Com Vítimas Feridas";"Pleno dia";"Decrescente";"Nublado";"Dupla";"Em Obras;Reta;Desvio Temporário";"Sim";1;0;1;0;0;0;1;1;-12,60122014;-55,74980952;"SPRF-MT";"DEL06-MT";"UOP01-DEL06-MT"
665293;2025-02-27;"quinta-feira";"16:00:00";"RS";290;365;"VILA NOVA DO SUL";"Transitar no Acostamento";"Colisão transversal";"Sem Vítimas";"Pleno dia";"Decrescente";"Céu Claro";"Simples";"Reta";"Não";3;0;0;0;3;0;0;2;-30,368086;-53,810441;"SPRF-RS";"DEL09-RS";"UOP02-DEL09-RS"
665339;2025-02-17;"segunda-feira";"08:20:00";"SC";101;218,4;"PALHOCA";"Transitar na contramão";"Colisão frontal";"Com Vítimas Feridas";"Pleno dia";"Decrescente";"Nublado";"Múltipla";"Reta";"Sim";2;0;1;0;1;0;1;2;-27,6758601;-48,67052525;"SPRF-SC";"DEL01-SC";"UOP02-DEL01-SC"
665344;2025-02-09;"domingo";"21:28:00";"PB";101;38;"MAMANGUAPE";"Animais na Pista";"Atropelamento de Animal";"Com Vítimas Feridas";"Plena Noite";"Crescente";"Céu Claro";"Dupla";"Reta";"Sim";1;0;0;1;0;0;1;1;-6,82073498;-35,13858694;"SPRF-PB";"DEL01-PB";"UOP04-DEL01-PB"
665361;2025-02-03;"segunda-feira";"17:15:00";"BA";235;350;"JUAZEIRO";"Ausência de reação do condutor";"Colisão lateral mesmo sentido";"Com Vítimas Feridas";"Pleno dia";"Crescente";"Céu Claro";"Dupla";"Reta";"Sim";3;0;2;0;1;0;2;2;-9,42503135;-40,50388907;"SPRF-PE";"DEL06-PE";"UOP01-DEL06-PE"
665363;2025-01-18;"sábado";"00:30:00";"BA";101;44;"ESPLANADA";"Condutor Dormindo";"Colisão frontal";"Com Vítimas Feridas";"Plena Noite";"Crescente";"Céu Claro";"Simples";"Curva";"Não";6;0;5;0;1;0;5;2;-11,88149901;-38,009833;"SPRF-SE";"DEL02-SE";"UOP03-DEL02-SE"
665473;2025-02-20;"quinta-feira";"20:30:00";"RJ";101;249;"SILVA JARDIM";"Demais falhas mecânicas ou elétricas";"Incêndio";"Sem Vítimas";"Plena Noite";"Crescente";"Céu Claro";"Dupla";"Reta";"Não";1;0;0;0;1;0;0;1;-22,66899692;-42,50868109;"SPRF-RJ";"DEL02-RJ";"UOP03-DEL02-RJ"
665477;2025-02-28;"sexta-feira";"00:20:00";"RS";285;479,8;"CORONEL BARROS";"Ausência de reação do condutor";"Tombamento";"Com Vítimas Feridas";"Plena Noite";"Decrescente";"Céu Claro";"Simples";"Reta";"Não";1;0;1;0;0;0;1;1;-28,373276;-54,102421;"SPRF-RS";"DEL10-RS";"UOP01-DEL10-RS"
665478;2025-02-14;"sexta-feira";"21:30:00";"RJ";40;111;"DUQUE DE CAXIAS";"Reação tardia ou ineficiente do condutor";"Engavetamento";"Com Vítimas Feridas";"Plena Noite";"Decrescente";"Céu Claro";"Múltipla";"Declive;Reta";"Sim";8;0;2;0;5;1;2;4;-22,698933;-43,289545;"SPRF-RJ";"DEL01-RJ";"UOP02-DEL01-RJ"
665487;2025-02-26;"quarta-feira";"18:00:00";"RS";448;15;"CANOAS";"Demais falhas mecânicas ou elétricas";"Incêndio";"Sem Vítimas";"Anoitecer";"Decrescente";"Nublado";"Múltipla";"Reta";"Não";1;0;0;0;1;0;0;1;-29,93509563;-51,20948553;"SPRF-RS";"DEL01-RS";"UOP01-DEL01-RS"
665498;2025-01-22;"quarta-feira";"05:45:00";"PR";369;458,7;"CORBELIA";"Manobra de mudança de faixa";"Colisão frontal";"Com Vítimas Feridas";"Amanhecer";"Decrescente";"Céu Claro";"Simples";"Curva";"Não";8;0;0;3;5;0;3;4;-24,61612098;-53,20386887;"SPRF-PR";"DEL04-PR";"UOP03-DEL04-PR"
665516;2025-02-22;"sábado";"13:50:00";"MG";267;137,9;"JUIZ DE FORA";"Demais falhas mecânicas ou elétricas";"Incêndio";"Sem Vítimas";"Pleno dia";"Crescente";"Céu Claro";"Simples";"Reta";"Não";1;0;0;0;1;0;0;1;-21,75366048;-43,58949065;"SPRF-MG";"DEL05-MG";"UOP01-DEL05-MG"
665523;2025-01-10;"sexta-feira";"22:40:00";"PB";230;28;"JOAO PESSOA";"Ausência de reação do condutor";"Tombamento";"Com Vítimas Feridas";"Plena Noite";"Decrescente";"Céu Claro";"Múltipla";"Viaduto";"Sim";2;0;1;0;1;0;1;1;-7,1651;-34,8941;"SPRF-PB";"DEL01-PB";"UOP01-DEL01-PB"
665549;2025-02-26;"quarta-feira";"10:00:00";"RJ";393;167;"TRES RIOS";"Acessar a via sem observar a presença dos outros veículos";"Tombamento";"Com Vítimas Feridas";"Pleno dia";"Decrescente";"Sol";"Simples";"Reta";"Sim";2;0;2;0;0;0;2;2;-22,12232973;-43,16712733;"SPRF-RJ";"DEL05-RJ";"UOP01-DEL05-RJ"
665555;2025-02-06;"quinta-feira";"17:00:00";"SP";116;295,1;"ITAPECERICA DA SERRA";"Reação tardia ou ineficiente do condutor";"Colisão lateral mesmo sentido";"Com Vítimas Feridas";"Pleno dia";"Crescente";"Céu Claro";"Dupla";"Reta";"Sim";2;0;1;0;1;0;1;2;-23,76855719;-46,90957373;"SPRF-SP";"DEL04-SP";"UOP01-DEL04-SP"
665556;2025-02-09;"domingo";"19:00:00";"PR";163;2;"BARRACAO";"Ausência de reação do condutor";"Capotamento";"Com Vítimas Feridas";"Pleno dia";"Crescente";"Céu Claro";"Simples";"Reta";"Não";2;0;2;0;0;0;2;1;-26,25066;-53,635523;"SPRF-PR";"DEL02-PR";"UOP02-DEL02-PR"
665684;2025-02-20;"quinta-feira";"07:15:00";"GO";40;23;"LUZIANIA";"Acessar a via sem observar a presença dos outros veículos";"Colisão transversal";"Com Vítimas Feridas";"Pleno dia";"Crescente";"Céu Claro";"Dupla";"Reta";"Sim";4;0;2;1;1;0;3;2;-16,236391;-47,912182;"SPRF-DF";"DEL01-DF";"UOP01-DEL01-DF"
665695;2025-02-19;"quarta-feira";"18:50:00";"MG";381;485;"BETIM";"Ausência de reação do condutor";"Colisão lateral mesmo sentido";"Com Vítimas Feridas";"Anoitecer";"Crescente";"Céu Claro";"Múltipla";"Reta";"Não";2;0;0;1;1;0;1;2;-19,95692326;-44,09399612;"SPRF-MG";"DEL01-MG";"UOP03-DEL01-MG"
665700;2025-02-20;"quinta-feira";"08:35:00";"CE";116;7;"FORTALEZA";"Demais falhas mecânicas ou elétricas";"Colisão traseira";"Com Vítimas Feridas";"Pleno dia";"Decrescente";"Chuva";"Dupla";"Reta";"Não";5;0;2;0;3;0;2;4;-3,81073099;-38,50074867;"SPRF-CE";"DEL01-CE";"UOP02-DEL01-CE"
665703;2025-02-19;"quarta-feira";"17:45:00";"DF";70;15;"BRASILIA";"Manobra de mudança de faixa";"Tombamento";"Sem Vítimas";"Pleno dia";"Crescente";"Céu Claro";"Dupla";"Reta";"Sim";2;0;0;0;2;0;0;2;-15,79833446;-48,17950007;"SPRF-DF";"DEL03-DF";"UOP02-DEL03-DF"
665713;2025-02-20;"quinta-feira";"21:00:00";"SC";101;326,7;"CAPIVARI DE BAIXO";"Reação tardia ou ineficiente do condutor";"Tombamento";"Com Vítimas Feridas";"Plena Noite";"Decrescente";"Ignorado";"Múltipla";"Reta;Aclive";"Não";1;0;1;0;0;0;1;1;-28,43659773;-48,95983988;"SPRF-SC";"DEL02-SC";"UOP01-DEL02-SC"
665744;2025-02-28;"sexta-feira";"15:15:00";"RJ";116;268,5;"BARRA MANSA";"Ausência de reação do condutor";"Colisão com objeto";"Com Vítimas Feridas";"Pleno dia";"Decrescente";"Céu Claro";"Dupla";"Curva";"Não";2;0;1;0;1;0;1;1;-22,575775;-44,11477;"SPRF-RJ";"DEL07-RJ";"UOP02-DEL07-RJ"
665754;2025-02-22;"sábado";"02:20:00";"RO";364;318,1;"PRESIDENTE MEDICI";"Ausência de reação do condutor";"Colisão traseira";"Sem Vítimas";"Plena Noite";"Crescente";"Céu Claro";"Simples";"Reta";"Não";6;0;0;0;6;0;0;2;-11,081517;-61,916725;"SPRF-RO";"DEL02-RO";"UOP01-DEL02-RO"
665939;2025-02-24;"segunda-feira";"19:00:00";"MA";222;606;"BOM JESUS DAS SELVAS";"Área urbana sem a presença de local apropriado para a travessia de pedestres";"Atropelamento de Pedestre";"Com Vítimas Feridas";"Plena Noite";"Decrescente";"Ignorado";"Simples";"Reta";"Sim";3;0;0;1;2;0;1;2;-4,50318827;-46,86125994;"SPRF-MA";"DEL04-MA";"UOP03-DEL04-MA"
666089;2025-02-01;"sábado";"16:25:00";"PR";277;722;"FOZ DO IGUACU";"Reação tardia ou ineficiente do condutor";"Colisão traseira";"Com Vítimas Feridas";"Pleno dia";"Decrescente";"Céu Claro";"Dupla";"Reta";"Sim";2;0;1;0;0;1;1;2;-25,49184083;-54,51316053;"SPRF-PR";"DEL05-PR";"UOP03-DEL05-PR"
666112;2025-01-15;"quarta-feira";"17:30:00";"BA";110;47;"JEREMOABO";"Acumulo de água sobre o pavimento";"Saída de leito carroçável";"Com Vítimas Feridas";"Anoitecer";"Crescente";"Chuva";"Simples";"Declive;Reta";"Não";1;0;1;0;0;0;1;1;-9,86821804;-38,26834278;"SPRF-BA";"DEL07-BA";"UOP01-DEL07-BA"
666134;2025-02-17;"segunda-feira";"19:00:00";"SP";381;90;"GUARULHOS";"Acessar a via sem observar a presença dos outros veículos";"Colisão lateral mesmo sentido";"Com Vítimas Feridas";"Plena Noite";"Decrescente";"Céu Claro";"Simples";"Reta;Interseção de Vias";"Sim";1;0;1;0;0;0;1;1;-23,49876727;-46,55932015;"SPRF-SP";"DEL03-SP";"UOP01-DEL03-SP"
666200;2025-01-07;"terça-feira";"19:00:00";"RR";174;175;"BOA VISTA";"Ausência de reação do condutor";"Colisão traseira";"Com Vítimas Feridas";"Plena Noite";"Crescente";"Céu Claro";"Simples";"Reta";"Não";3;0;1;2;0;0;3;2;2,67008405;-60,87112427;"SPRF-RR";"DEL01-RR";"UOP01-DEL01-RR"
666238;2025-01-01;"quarta-feira";"12:30:00";"BA";110;60,2;"JEREMOABO";"Velocidade Incompatível";"Colisão traseira";"Com Vítimas Feridas";"Pleno dia";"Crescente";"Sol";"Simples";"Reta";"Não";6;0;1;1;4;0;2;2;-9,949353;-38,294997;"SPRF-BA";"DEL07-BA";"UOP01-DEL07-BA"
666241;2025-02-03;"segunda-feira";"15:00:00";"MT";364;203;"RONDONOPOLIS";"Manobra de mudança de faixa";"Colisão lateral mesmo sentido";"Com Vítimas Feridas";"Pleno dia";"Decrescente";"Nublado";"Dupla";"Reta";"Sim";3;0;1;0;2;0;1;2;-16,47555256;-54,65344724;"SPRF-MT";"DEL02-MT";"UOP01-DEL02-MT"
666269;2025-01-23;"quinta-feira";"06:40:00";"MT";70;282,8;"PRIMAVERA DO LESTE";"Acessar a via sem observar a presença dos outros veículos";"Colisão transversal";"Com Vítimas Feridas";"Amanhecer";"Decrescente";"Ignorado";"Simples";"Reta";"Não";3;0;2;0;1;0;2;3;-15,57387718;-54,32311627;"SPRF-MT";"DEL05-MT";"UOP01-DEL05-MT"
666325;2025-02-18;"terça-feira";"18:50:00";"RJ";495;26;"PETROPOLIS";"Reação tardia ou ineficiente do condutor";"Queda de ocupante de veículo";"Com Vítimas Feridas";"Plena Noite";"Decrescente";"Céu Claro";"Simples";"Reta";"Sim";1;0;1;0;0;0;1;1;-22,401716;-43,103745;"SPRF-RJ";"DEL05-RJ";"UOP02-DEL05-RJ"
666326;2025-01-26;"domingo";"22:45:00";"SC";116;135;"SANTA CECILIA";"Ausência de reação do condutor";"Tombamento";"Com Vítimas Feridas";"Plena Noite";"Crescente";"Garoa/Chuvisco";"Simples";"Curva";"Não";2;0;2;0;0;0;2;1;-26,92904296;-50,4345818;"SPRF-SC";"DEL06-SC";"UOP02-DEL06-SC"
666340;2025-01-23;"quinta-feira";"12:50:00";"RS";470;218;"BENTO GONCALVES";"Acessar a via sem observar a presença dos outros veículos";"Colisão transversal";"Com Vítimas Feridas";"Pleno dia";"Crescente";"Céu Claro";"Dupla";"Reta";"Sim";2;0;0;1;1;0;1;2;-29,17292214;-51,52424936;"SPRF-RS";"DEL06-RS";"UOP01-DEL06-RS"
666357;2025-02-20;"quinta-feira";"08:00:00";"MT";163;838;"SINOP";"Reação tardia ou ineficiente do condutor";"Queda de ocupante de veículo";"Com Vítimas Feridas";"Pleno dia";"Crescente";"Céu Claro";"Dupla";"Reta";"Sim";2;0;1;0;0;1;1;2;-11,82823739;-55,4865253;"SPRF-MT";"DEL06-MT";"UOP02-DEL06-MT"
666363;2025-02-19;"quarta-feira";"09:00:00";"RS";392;6;"CAPAO DO LEAO";"Conversão proibida";"Colisão transversal";"Com Vítimas Feridas";"Pleno dia";"Crescente";"Céu Claro";"Simples";"Reta";"Sim";2;0;1;0;1;0;1;2;-31,7602;-52,4381;"SPRF-RS";"DEL07-RS";"UOP01-DEL07-RS"
666367;2025-02-23;"domingo";"11:30:00";"GO";364;63;"CACHOEIRA ALTA";"Ausência de reação do condutor";"Queda de ocupante de veículo";"Com Vítimas Feridas";"Pleno dia";"Crescente";"Céu Claro";"Simples";"Curva";"Não";1;0;1;0;0;0;1;1;-18,71335589;-50,95995426;"SPRF-GO";"DEL05-GO";"UOP02-DEL05-GO"
666381;2025-02-24;"segunda-feira";"16:05:00";"MS";359;170;"ALCINOPOLIS";"Animais na Pista";"Atropelamento de Animal";"Com Vítimas Feridas";"Pleno dia";"Crescente";"Céu Claro";"Simples";"Curva";"Não";4;0;2;0;0;2;2;2;-18,25804507;-53,96072388;"SPRF-MS";"DEL06-MS";"UOP01-DEL06-MS"
666385;2025-01-19;"domingo";"20:00:00";"AM";319;396;"MANICORE";"Pista Escorregadia";"Tombamento";"Com Vítimas Feridas";"Plena Noite";"Decrescente";"Chuva";"Simples";"Reta";"Não";2;0;0;1;1;0;1;1;-5,45853828;-62,10194349;"SPRF-AM";"DEL01-AM";"UOP04-DEL01-AM"
666437;2025-02-18;"terça-feira";"15:00:00";"MG";50;70;"UBERLANDIA";"Reação tardia ou ineficiente do condutor";"Colisão traseira";"Com Vítimas Feridas";"Pleno dia";"Decrescente";"Céu Claro";"Dupla";"Reta";"Sim";2;0;1;0;0;1;1;2;-18,8911;-48,2554;"SPRF-MG";"DEL15-MG";"UOP01-DEL15-MG"
666457;2025-02-22;"sábado";"22:50:00";"MS";163;260;"DOURADOS";"Acessar a via sem observar a presença dos outros veículos";"Colisão traseira";"Com Vítimas Feridas";"Plena Noite";"Crescente";"Nublado";"Dupla";"Reta";"Sim";3;0;1;1;0;1;2;3;-22,2404194;-54,76840675;"SPRF-MS";"DEL04-MS";"UOP01-DEL04-MS"
666499;2025-02-13;"quinta-feira";"17:10:00";"RJ";116;186;"NOVA IGUACU";"Manobra de mudança de faixa";"Queda de ocupante de veículo";"Com Vítimas Feridas";"Pleno dia";"Decrescente";"Céu Claro";"Dupla";"Reta";"Sim";2;0;1;0;0;1;1;1;-22,73962339;-43,46276495;"SPRF-RJ";"DEL06-RJ";"UOP01-DEL06-RJ"
666517;2025-02-15;"sábado";"23:20:00";"RJ";0;0;"DUQUE DE CAXIAS";"Ausência de reação do condutor";"Colisão transversal";"Com Vítimas Feridas";"Plena Noite";"Não Informado";"Céu Claro";"Simples";"Interseção de Vias";"Sim";3;0;1;0;2;0;1;2;-22,68441001;-43,28256011;"SPRF-RJ";"DEL01-RJ";"UOP02-DEL01-RJ"
666551;2025-01-28;"terça-feira";"13:00:00";"MS";376;13;"DOURADOS";"Chuva";"Colisão com objeto";"Sem Vítimas";"Pleno dia";"Crescente";"Chuva";"Simples";"Reta";"Não";1;0;0;0;0;1;0;1;-22,22928219;-54,66230392;"SPRF-MS";"DEL04-MS";"UOP01-DEL04-MS"
666564;2025-02-23;"domingo";"17:00:00";"RJ";356;86;"CARDOSO MOREIRA";"Conversão proibida";"Colisão lateral sentido oposto";"Com Vítimas Feridas";"Pleno dia";"Decrescente";"Céu Claro";"Simples";"Curva";"Não";2;0;1;0;1;0;1;2;-21,489969;-41,635899;"SPRF-RJ";"DEL08-RJ";"UOP03-DEL08-RJ"
666720;2025-02-12;"quarta-feira";"17:20:00";"ES";101;142;"LINHARES";"Manobra de mudança de faixa";"Colisão lateral mesmo sentido";"Com Vítimas Feridas";"Pleno dia";"Crescente";"Céu Claro";"Múltipla";"Reta";"Sim";2;0;0;1;1;0;1;2;-19,33458987;-40,06755477;"SPRF-ES";"DEL04-ES";"UOP01-DEL04-ES"
666724;2025-02-21;"sexta-feira";"18:00:00";"DF";20;24;"BRASILIA";"Manobra de mudança de faixa";"Colisão lateral mesmo sentido";"Com Vítimas Feridas";"Anoitecer";"Crescente";"Céu Claro";"Dupla";"Curva;Aclive";"Não";1;0;0;1;0;0;1;1;-15,594957;-47,656666;"SPRF-DF";"DEL02-DF";"UOP01-DEL02-DF"
666735;2025-02-20;"quinta-feira";"15:56:00";"PR";116;211,2;"RIO NEGRO";"Condutor deixou de manter distância do veículo da frente";"Colisão traseira";"Sem Vítimas";"Pleno dia";"Decrescente";"Sol";"Simples";"Interseção de Vias";"Sim";3;0;0;0;3;0;0;2;-26,099529;-49,780484;"SPRF-SC";"DEL06-SC";"UOP01-DEL06-SC"
666759;2025-02-12;"quarta-feira";"06:30:00";"MG";40;521,5;"CONTAGEM";"Trafegar com motocicleta (ou similar) entre as faixas";"Tombamento";"Com Vítimas Feridas";"Pleno dia";"Crescente";"Céu Claro";"Dupla";"Curva";"Não";1;0;1;0;0;0;1;1;-19,86053;-44,0712;"SPRF-MG";"DEL01-MG";"UOP02-DEL01-MG"
666766;2025-02-21;"sexta-feira";"21:15:00";"RJ";0;0;"RIO DE JANEIRO";"Reação tardia ou ineficiente do condutor";"Colisão traseira";"Sem Vítimas";"Plena Noite";"Não Informado";"Céu Claro";"Simples";"Declive";"Sim";7;0;0;0;7;0;0;2;-22,806135;-43,355273;"SPRF-RJ";"N/A";"N/A"
666780;2025-02-26;"quarta-feira";"11:00:00";"MS";267;590;"CARACOL";"Ausência de reação do condutor";"Saída de leito carroçável";"Sem Vítimas";"Pleno dia";"Crescente";"Chuva";"Simples";"Curva;Declive";"Não";1;0;0;0;0;1;0;1;-21,732919;-57,024824;"SPRF-MS";"DEL05-MS";"UOP01-DEL05-MS"
666787;2025-02-24;"segunda-feira";"13:19:00";"MG";116;701,8;"MURIAE";"Acessar a via sem observar a presença dos outros veículos";"Colisão transversal";"Com Vítimas Feridas";"Pleno dia";"Decrescente";"Nublado";"Simples";"Interseção de Vias";"Sim";3;0;2;0;1;0;2;2;-21,11981764;-42,38004154;"SPRF-MG";"DEL07-MG";"UOP02-DEL07-MG"
666796;2025-02-22;"sábado";"05:30:00";"RS";116;265;"CANOAS";"Demais falhas mecânicas ou elétricas";"Eventos atípicos";"Sem Vítimas";"Plena Noite";"Decrescente";"Céu Claro";"Dupla";"Reta";"Sim";2;0;0;0;2;0;0;1;-29,92197876;-51,17779684;"SPRF-RS";"DEL01-RS";"UOP01-DEL01-RS"
666817;2025-01-24;"sexta-feira";"11:30:00";"MT";163;818;"SINOP";"Acumulo de areia ou detritos sobre o pavimento";"Colisão com objeto";"Sem Vítimas";"Pleno dia";"Crescente";"Céu Claro";"Simples";"Reta";"Não";1;0;0;0;1;0;0;1;-12,0055793;-55,5172044;"SPRF-MT";"DEL06-MT";"UOP02-DEL06-MT"
666820;2025-02-22;"sábado";"02:15:00";"SC";116;249,9;"LAGES";"Reação tardia ou ineficiente do condutor";"Colisão traseira";"Sem Vítimas";"Plena Noite";"Crescente";"Céu Claro";"Simples";"Reta";"Não";3;0;0;0;3;0;0;2;-27,835384;-50,38069;"SPRF-SC";"DEL05-SC";"UOP02-DEL05-SC"
666977;2025-02-08;"sábado";"16:50:00";"MG";251;376;"GRAO MOGOL";"Ultrapassagem Indevida";"Saída de leito carroçável";"Com Vítimas Feridas";"Pleno dia";"Crescente";"Ignorado";"Simples";"Reta";"Não";1;0;1;0;0;0;1;1;-16,29689;-42,70542;"SPRF-MG";"DEL12-MG";"UOP01-DEL12-MG"
667132;2025-02-06;"quinta-feira";"14:41:00";"SC";470;66;"INDAIAL";"Retorno proibido";"Colisão transversal";"Com Vítimas Feridas";"Pleno dia";"Decrescente";"Céu Claro";"Simples";"Reta";"Não";3;0;1;0;2;0;1;2;-26,870407;-49,221844;"SPRF-SC";"DEL04-SC";"UOP01-DEL04-SC"
667138;2025-02-02;"domingo";"21:10:00";"BA";324;523;"FEIRA DE SANTANA";"Ausência de reação do condutor";"Queda de ocupante de veículo";"Com Vítimas Feridas";"Plena Noite";"Crescente";"Ignorado";"Dupla";"Reta";"Sim";2;0;1;0;0;1;1;2;-12,3059624;-38,8899643;"SPRF-BA";"DEL01-BA";"UOP03-DEL01-BA"
667140;2025-02-18;"terça-feira";"13:08:00";"MS";163;607,1;"SAO GABRIEL DO OESTE";"Acumulo de água sobre o pavimento";"Saída de leito carroçável";"Com Vítimas Feridas";"Pleno dia";"Crescente";"Chuva";"Dupla";"Reta";"Não";3;0;3;0;0;0;3;1;-19,45404567;-54,5177677;"SPRF-MS";"DEL06-MS";"UOP02-DEL06-MS"
667185;2025-02-28;"sexta-feira";"01:15:00";"BA";20;251;"CORRENTINA";"Ingestão de álcool pelo condutor";"Colisão lateral sentido oposto";"Sem Vítimas";"Plena Noite";"Crescente";"Céu Claro";"Simples";"Curva;Declive";"Não";4;0;0;0;4;0;0;2;-13,96674776;-46,19278908;"SPRF-BA";"DEL10-BA";"UOP01-DEL10-BA"
667187;2025-01-30;"quinta-feira";"13:50:00";"MT";163;729;"SORRISO";"Acostamento em desnível";"Saída de leito carroçável";"Sem Vítimas";"Pleno dia";"Crescente";"Nublado";"Simples";"Reta";"Não";6;0;0;0;6;0;0;1;-12,69049987;-55,80368042;"SPRF-MT";"DEL06-MT";"UOP01-DEL06-MT"
667224;2025-02-26;"quarta-feira";"12:15:00";"SC";0;0;"SAO JOSE";"Demais falhas mecânicas ou elétricas";"Colisão com objeto";"Sem Vítimas";"Pleno dia";"Não Informado";"Céu Claro";"Simples";"Reta";"Sim";2;0;0;0;2;0;0;1;-27,57443116;-48,61287653;"SPRF-SC";"DEL01-SC";"UOP01-DEL01-SC"
667364;2025-02-27;"quinta-feira";"22:06:00";"SC";101;46,1;"JOINVILLE";"Ausência de reação do condutor";"Tombamento";"Com Vítimas Feridas";"Plena Noite";"Decrescente";"Nublado";"Simples";"Reta";"Sim";1;0;1;0;0;0;1;1;-26,363135;-48,859033;"SPRF-SC";"DEL03-SC";"UOP01-DEL03-SC"
667404;2025-02-25;"terça-feira";"17:40:00";"RS";153;46,2;"ERECHIM";"Conversão proibida";"Colisão transversal";"Com Vítimas Feridas";"Pleno dia";"Crescente";"Céu Claro";"Simples";"Declive;Reta";"Sim";3;0;1;0;2;0;1;2;-27,63702188;-52,23968983;"SPRF-RS";"DEL08-RS";"UOP04-DEL08-RS"
667415;2025-02-19;"quarta-feira";"12:55:00";"RJ";40;110;"DUQUE DE CAXIAS";"Demais falhas mecânicas ou elétricas";"Colisão com objeto";"Com Vítimas Feridas";"Pleno dia";"Decrescente";"Céu Claro";"Dupla";"Reta";"Sim";1;0;0;1;0;0;1;1;-22,68347951;-43,28518867;"SPRF-RJ";"DEL01-RJ";"UOP02-DEL01-RJ"